hei_score,risk_class,risk_code,pop_raw,ndvi_raw,lulc_class,urban_class,lst_norm,pop_norm,ndvi_inv_norm,lulc_weight,color_hex
0.3125,Moderate Risk,3,1.198233962059021,,Bare Land,Peri-Urban / Sparse,0.3541,0.002731,0.5000,0.70,#FFAA00
0.3124,Moderate Risk,3,1.149062156677246,,Bare Land,Peri-Urban / Sparse,0.3541,0.002619,0.5000,0.70,#FFAA00
0.3651,Moderate Risk,3,1.1457048654556274,0.112891,Bare Land,Peri-Urban / Sparse,0.3541,0.002611,0.7634,0.70,#FFAA00
0.3124,Moderate Risk,3,1.1516945362091064,,Bare Land,Peri-Urban / Sparse,0.3541,0.002625,0.5000,0.70,#FFAA00
0.3640,Moderate Risk,3,1.1411731243133545,0.113839,Bare Land,Peri-Urban / Sparse,0.3541,0.002601,0.7579,0.70,#FFAA00
0.3649,Moderate Risk,3,1.1511070728302002,0.113050,Bare Land,Peri-Urban / Sparse,0.3541,0.002624,0.7625,0.70,#FFAA00
0.3615,Moderate Risk,3,1.0171891450881958,0.115905,Bare Land,Peri-Urban / Sparse,0.3541,0.002318,0.7458,0.70,#FFAA00
0.3616,Moderate Risk,3,1.053503155708313,0.115863,Bare Land,Peri-Urban / Sparse,0.3541,0.002401,0.7461,0.70,#FFAA00
0.3592,Moderate Risk,3,0.9287358522415161,0.117812,Bare Land,Rural / Scattered,0.3541,0.002117,0.7347,0.70,#FFAA00
0.3587,Moderate Risk,3,0.9382503032684326,0.118258,Bare Land,Rural / Scattered,0.3541,0.002139,0.7321,0.70,#FFAA00
0.3123,Moderate Risk,3,0.9429019689559937,,Bare Land,Rural / Scattered,0.3541,0.002149,0.5000,0.70,#FFAA00
0.3580,Moderate Risk,3,0.8702827095985413,0.118866,Bare Land,Rural / Scattered,0.3541,0.001984,0.7286,0.70,#FFAA00
0.3574,Moderate Risk,3,0.8887169361114502,0.119345,Bare Land,Rural / Scattered,0.3541,0.002026,0.7258,0.70,#FFAA00
0.3123,Moderate Risk,3,0.9005531668663025,,Bare Land,Rural / Scattered,0.3541,0.002053,0.5000,0.70,#FFAA00
0.3558,Moderate Risk,3,0.8158497214317322,0.120718,Bare Land,Rural / Scattered,0.3541,0.001860,0.7178,0.70,#FFAA00
0.3549,Moderate Risk,3,0.8364014029502869,0.121469,Bare Land,Rural / Scattered,0.3541,0.001906,0.7134,0.70,#FFAA00
0.3559,Moderate Risk,3,0.883262038230896,0.120601,Bare Land,Rural / Scattered,0.3541,0.002013,0.7185,0.70,#FFAA00
0.3537,Moderate Risk,3,0.8227210640907288,0.122511,Bare Land,Rural / Scattered,0.3541,0.001875,0.7073,0.70,#FFAA00
0.3520,Moderate Risk,3,0.8653915524482727,0.123983,Bare Land,Rural / Scattered,0.3541,0.001972,0.6987,0.70,#FFAA00
0.3529,Moderate Risk,3,0.893425464630127,0.123238,Bare Land,Rural / Scattered,0.3541,0.002036,0.7031,0.70,#FFAA00
0.3123,Moderate Risk,3,0.9037814736366272,,Bare Land,Rural / Scattered,0.3541,0.002060,0.5000,0.70,#FFAA00
0.3491,Moderate Risk,3,0.8178156018257141,0.126391,Bare Land,Rural / Scattered,0.3541,0.001864,0.6847,0.70,#FFAA00
0.3481,Moderate Risk,3,0.8275047540664673,0.127246,Bare Land,Rural / Scattered,0.3541,0.001886,0.6797,0.70,#FFAA00
0.3489,Moderate Risk,3,0.8343743681907654,0.126624,Bare Land,Rural / Scattered,0.3541,0.001902,0.6833,0.70,#FFAA00
0.3479,Moderate Risk,3,0.8093129992485046,0.127497,Bare Land,Rural / Scattered,0.3541,0.001845,0.6783,0.70,#FFAA00
0.3445,Moderate Risk,3,0.36356407403945923,0.130071,Bare Land,Rural / Scattered,0.3541,0.000829,0.6633,0.70,#FFAA00
0.3457,Moderate Risk,3,0.36372509598731995,0.129104,Bare Land,Rural / Scattered,0.3541,0.000829,0.6689,0.70,#FFAA00
0.3441,Moderate Risk,3,0.3401770293712616,0.130414,Bare Land,Rural / Scattered,0.3541,0.000775,0.6613,0.70,#FFAA00
0.3438,Moderate Risk,3,0.29729652404785156,0.130667,Bare Land,Rural / Scattered,0.3541,0.000678,0.6598,0.70,#FFAA00
0.3416,Moderate Risk,3,0.30237510800361633,0.132559,Bare Land,Rural / Scattered,0.3541,0.000689,0.6487,0.70,#FFAA00
0.3417,Moderate Risk,3,0.30670738220214844,0.132484,Bare Land,Rural / Scattered,0.3541,0.000699,0.6492,0.70,#FFAA00
0.3119,Moderate Risk,3,0.3124198615550995,,Bare Land,Rural / Scattered,0.3541,0.000712,0.5000,0.70,#FFAA00
0.3767,Moderate Risk,3,1.0927436351776123,0.102887,Bare Land,Peri-Urban / Sparse,0.3541,0.002491,0.8217,0.70,#FFAA00
0.3767,Moderate Risk,3,1.0927436351776123,0.102887,Bare Land,Peri-Urban / Sparse,0.3541,0.002491,0.8217,0.70,#FFAA00
0.3753,Moderate Risk,3,1.0881075859069824,0.104140,Bare Land,Peri-Urban / Sparse,0.3541,0.002480,0.8144,0.70,#FFAA00
0.3753,Moderate Risk,3,1.0881075859069824,0.104140,Bare Land,Peri-Urban / Sparse,0.3541,0.002480,0.8144,0.70,#FFAA00
0.3747,Moderate Risk,3,1.080935001373291,0.104593,Bare Land,Peri-Urban / Sparse,0.3541,0.002464,0.8118,0.70,#FFAA00
0.3750,Moderate Risk,3,1.074749231338501,0.104357,Bare Land,Peri-Urban / Sparse,0.3541,0.002450,0.8132,0.70,#FFAA00
0.3750,Moderate Risk,3,1.06398606300354,0.104327,Bare Land,Peri-Urban / Sparse,0.3541,0.002425,0.8133,0.70,#FFAA00
0.3750,Moderate Risk,3,1.0568479299545288,0.104325,Bare Land,Peri-Urban / Sparse,0.3541,0.002409,0.8133,0.70,#FFAA00
0.3750,Moderate Risk,3,1.0565763711929321,0.104328,Bare Land,Peri-Urban / Sparse,0.3541,0.002408,0.8133,0.70,#FFAA00
0.3749,Moderate Risk,3,1.0615907907485962,0.104465,Bare Land,Peri-Urban / Sparse,0.3541,0.002420,0.8125,0.70,#FFAA00
0.3758,Moderate Risk,3,1.0735172033309937,0.103699,Bare Land,Peri-Urban / Sparse,0.3541,0.002447,0.8170,0.70,#FFAA00
0.3751,Moderate Risk,3,1.0965782403945923,0.104321,Bare Land,Peri-Urban / Sparse,0.3541,0.002499,0.8134,0.70,#FFAA00
0.3740,Moderate Risk,3,1.1176764965057373,0.105268,Bare Land,Peri-Urban / Sparse,0.3541,0.002547,0.8078,0.70,#FFAA00
0.3751,Moderate Risk,3,1.1312166452407837,0.104333,Bare Land,Peri-Urban / Sparse,0.3541,0.002578,0.8133,0.70,#FFAA00
0.3749,Moderate Risk,3,1.1408389806747437,0.104467,Bare Land,Peri-Urban / Sparse,0.3541,0.002600,0.8125,0.70,#FFAA00
0.3750,Moderate Risk,3,1.1443504095077515,0.104412,Bare Land,Peri-Urban / Sparse,0.3541,0.002608,0.8128,0.70,#FFAA00
0.3753,Moderate Risk,3,1.1452605724334717,0.104181,Bare Land,Peri-Urban / Sparse,0.3541,0.002610,0.8142,0.70,#FFAA00
0.3772,Moderate Risk,3,1.1454676389694214,0.102507,Bare Land,Peri-Urban / Sparse,0.3541,0.002611,0.8239,0.70,#FFAA00
0.3763,Moderate Risk,3,1.1465142965316772,0.103311,Bare Land,Peri-Urban / Sparse,0.3541,0.002613,0.8192,0.70,#FFAA00
0.3770,Moderate Risk,3,1.146092414855957,0.102681,Bare Land,Peri-Urban / Sparse,0.3541,0.002612,0.8229,0.70,#FFAA00
0.3764,Moderate Risk,3,1.1462987661361694,0.103216,Bare Land,Peri-Urban / Sparse,0.3541,0.002613,0.8198,0.70,#FFAA00
0.3764,Moderate Risk,3,1.1460375785827637,0.103202,Bare Land,Peri-Urban / Sparse,0.3541,0.002612,0.8199,0.70,#FFAA00
0.3752,Moderate Risk,3,1.1451040506362915,0.104265,Bare Land,Peri-Urban / Sparse,0.3541,0.002610,0.8137,0.70,#FFAA00
0.3749,Moderate Risk,3,1.1444611549377441,0.104502,Bare Land,Peri-Urban / Sparse,0.3541,0.002609,0.8123,0.70,#FFAA00
0.3758,Moderate Risk,3,1.1439545154571533,0.103741,Bare Land,Peri-Urban / Sparse,0.3541,0.002607,0.8167,0.70,#FFAA00
0.3760,Moderate Risk,3,1.1432679891586304,0.103504,Bare Land,Peri-Urban / Sparse,0.3541,0.002606,0.8181,0.70,#FFAA00
0.3765,Moderate Risk,3,1.1425153017044067,0.103132,Bare Land,Peri-Urban / Sparse,0.3541,0.002604,0.8203,0.70,#FFAA00
0.3756,Moderate Risk,3,1.1428558826446533,0.103879,Bare Land,Peri-Urban / Sparse,0.3541,0.002605,0.8159,0.70,#FFAA00
0.3753,Moderate Risk,3,1.1419824361801147,0.104109,Bare Land,Peri-Urban / Sparse,0.3541,0.002603,0.8146,0.70,#FFAA00
0.3747,Moderate Risk,3,1.1409194469451904,0.104668,Bare Land,Peri-Urban / Sparse,0.3541,0.002600,0.8113,0.70,#FFAA00
0.3743,Moderate Risk,3,1.1396640539169312,0.104963,Bare Land,Peri-Urban / Sparse,0.3541,0.002598,0.8096,0.70,#FFAA00
0.3742,Moderate Risk,3,1.1392802000045776,0.105116,Bare Land,Peri-Urban / Sparse,0.3541,0.002597,0.8087,0.70,#FFAA00
0.3732,Moderate Risk,3,1.1380407810211182,0.105909,Bare Land,Peri-Urban / Sparse,0.3541,0.002594,0.8041,0.70,#FFAA00
0.3735,Moderate Risk,3,1.135603904724121,0.105706,Bare Land,Peri-Urban / Sparse,0.3541,0.002588,0.8053,0.70,#FFAA00
0.3738,Moderate Risk,3,1.1360466480255127,0.105452,Bare Land,Peri-Urban / Sparse,0.3541,0.002589,0.8068,0.70,#FFAA00
0.3734,Moderate Risk,3,1.1392773389816284,0.105735,Bare Land,Peri-Urban / Sparse,0.3541,0.002597,0.8051,0.70,#FFAA00
0.3722,Moderate Risk,3,1.1399458646774292,0.106837,Bare Land,Peri-Urban / Sparse,0.3541,0.002598,0.7987,0.70,#FFAA00
0.3706,Moderate Risk,3,1.1388075351715088,0.108191,Bare Land,Peri-Urban / Sparse,0.3541,0.002596,0.7908,0.70,#FFAA00
0.3703,Moderate Risk,3,1.138631820678711,0.108443,Bare Land,Peri-Urban / Sparse,0.3541,0.002595,0.7893,0.70,#FFAA00
0.3704,Moderate Risk,3,1.1394060850143433,0.108317,Bare Land,Peri-Urban / Sparse,0.3541,0.002597,0.7901,0.70,#FFAA00
0.3701,Moderate Risk,3,1.1394600868225098,0.108607,Bare Land,Peri-Urban / Sparse,0.3541,0.002597,0.7884,0.70,#FFAA00
0.3698,Moderate Risk,3,1.1394355297088623,0.108900,Bare Land,Peri-Urban / Sparse,0.3541,0.002597,0.7867,0.70,#FFAA00
0.3689,Moderate Risk,3,1.1419990062713623,0.109602,Bare Land,Peri-Urban / Sparse,0.3541,0.002603,0.7826,0.70,#FFAA00
0.3681,Moderate Risk,3,1.1421711444854736,0.110295,Bare Land,Peri-Urban / Sparse,0.3541,0.002603,0.7785,0.70,#FFAA00
0.3682,Moderate Risk,3,1.1435034275054932,0.110274,Bare Land,Peri-Urban / Sparse,0.3541,0.002606,0.7787,0.70,#FFAA00
0.3667,Moderate Risk,3,1.1452996730804443,0.111515,Bare Land,Peri-Urban / Sparse,0.3541,0.002610,0.7714,0.70,#FFAA00
0.3667,Moderate Risk,3,1.1473480463027954,0.111532,Bare Land,Peri-Urban / Sparse,0.3541,0.002615,0.7713,0.70,#FFAA00
0.3767,Moderate Risk,3,1.1059951782226562,0.102966,Bare Land,Peri-Urban / Sparse,0.3541,0.002521,0.8213,0.70,#FFAA00
0.3759,Moderate Risk,3,1.1020786762237549,0.103598,Bare Land,Peri-Urban / Sparse,0.3541,0.002512,0.8176,0.70,#FFAA00
0.3759,Moderate Risk,3,1.098973035812378,0.103629,Bare Land,Peri-Urban / Sparse,0.3541,0.002505,0.8174,0.70,#FFAA00
0.3744,Moderate Risk,3,1.0925002098083496,0.104855,Bare Land,Peri-Urban / Sparse,0.3541,0.002490,0.8102,0.70,#FFAA00
0.3741,Moderate Risk,3,1.0872143507003784,0.105134,Bare Land,Peri-Urban / Sparse,0.3541,0.002478,0.8086,0.70,#FFAA00
0.3742,Moderate Risk,3,1.0790926218032837,0.105085,Bare Land,Peri-Urban / Sparse,0.3541,0.002460,0.8089,0.70,#FFAA00
0.3754,Moderate Risk,3,1.0693145990371704,0.104046,Bare Land,Peri-Urban / Sparse,0.3541,0.002437,0.8150,0.70,#FFAA00
0.3753,Moderate Risk,3,1.0571683645248413,0.104061,Bare Land,Peri-Urban / Sparse,0.3541,0.002410,0.8149,0.70,#FFAA00
0.3755,Moderate Risk,3,1.0490472316741943,0.103960,Bare Land,Peri-Urban / Sparse,0.3541,0.002391,0.8155,0.70,#FFAA00
0.3746,Moderate Risk,3,1.0501868724822998,0.104694,Bare Land,Peri-Urban / Sparse,0.3541,0.002394,0.8112,0.70,#FFAA00
0.3752,Moderate Risk,3,1.0522639751434326,0.104138,Bare Land,Peri-Urban / Sparse,0.3541,0.002398,0.8144,0.70,#FFAA00
0.3752,Moderate Risk,3,1.0547199249267578,0.104212,Bare Land,Peri-Urban / Sparse,0.3541,0.002404,0.8140,0.70,#FFAA00
0.3752,Moderate Risk,3,1.059471845626831,0.104204,Bare Land,Peri-Urban / Sparse,0.3541,0.002415,0.8140,0.70,#FFAA00
0.3747,Moderate Risk,3,1.0667438507080078,0.104581,Bare Land,Peri-Urban / Sparse,0.3541,0.002431,0.8118,0.70,#FFAA00
0.3752,Moderate Risk,3,1.0768667459487915,0.104187,Bare Land,Peri-Urban / Sparse,0.3541,0.002454,0.8141,0.70,#FFAA00
0.3747,Moderate Risk,3,1.087883710861206,0.104632,Bare Land,Peri-Urban / Sparse,0.3541,0.002480,0.8115,0.70,#FFAA00
0.3757,Moderate Risk,3,1.1009505987167358,0.103818,Bare Land,Peri-Urban / Sparse,0.3541,0.002509,0.8163,0.70,#FFAA00
0.3763,Moderate Risk,3,1.1087483167648315,0.103255,Bare Land,Peri-Urban / Sparse,0.3541,0.002527,0.8196,0.70,#FFAA00
0.3765,Moderate Risk,3,1.1171303987503052,0.103107,Bare Land,Peri-Urban / Sparse,0.3541,0.002546,0.8204,0.70,#FFAA00
0.3761,Moderate Risk,3,1.1265075206756592,0.103494,Bare Land,Peri-Urban / Sparse,0.3541,0.002568,0.8182,0.70,#FFAA00
0.3755,Moderate Risk,3,1.1341882944107056,0.103985,Bare Land,Peri-Urban / Sparse,0.3541,0.002585,0.8153,0.70,#FFAA00
0.3768,Moderate Risk,3,1.1395537853240967,0.102823,Bare Land,Peri-Urban / Sparse,0.3541,0.002597,0.8221,0.70,#FFAA00
0.3750,Moderate Risk,3,1.1421951055526733,0.104406,Bare Land,Peri-Urban / Sparse,0.3541,0.002603,0.8129,0.70,#FFAA00
0.3752,Moderate Risk,3,1.1410279273986816,0.104210,Bare Land,Peri-Urban / Sparse,0.3541,0.002601,0.8140,0.70,#FFAA00
0.3744,Moderate Risk,3,1.1343300342559814,0.104909,Bare Land,Peri-Urban / Sparse,0.3541,0.002585,0.8099,0.70,#FFAA00
0.3757,Moderate Risk,3,1.1264235973358154,0.103792,Bare Land,Peri-Urban / Sparse,0.3541,0.002567,0.8164,0.70,#FFAA00
0.3755,Moderate Risk,3,1.1178128719329834,0.103960,Bare Land,Peri-Urban / Sparse,0.3541,0.002548,0.8155,0.70,#FFAA00
0.3755,Moderate Risk,3,1.1079139709472656,0.103961,Bare Land,Peri-Urban / Sparse,0.3541,0.002525,0.8155,0.70,#FFAA00
0.3743,Moderate Risk,3,1.0944994688034058,0.104967,Bare Land,Peri-Urban / Sparse,0.3541,0.002495,0.8096,0.70,#FFAA00
0.3739,Moderate Risk,3,1.0851061344146729,0.105293,Bare Land,Peri-Urban / Sparse,0.3541,0.002473,0.8077,0.70,#FFAA00
0.3738,Moderate Risk,3,1.0784574747085571,0.105373,Bare Land,Peri-Urban / Sparse,0.3541,0.002458,0.8072,0.70,#FFAA00
0.3732,Moderate Risk,3,1.0743021965026855,0.105950,Bare Land,Peri-Urban / Sparse,0.3541,0.002449,0.8039,0.70,#FFAA00
0.3723,Moderate Risk,3,1.0700575113296509,0.106660,Bare Land,Peri-Urban / Sparse,0.3541,0.002439,0.7997,0.70,#FFAA00
0.3727,Moderate Risk,3,1.065708041191101,0.106289,Bare Land,Peri-Urban / Sparse,0.3541,0.002429,0.8019,0.70,#FFAA00
0.3720,Moderate Risk,3,1.0643607378005981,0.106884,Bare Land,Peri-Urban / Sparse,0.3541,0.002426,0.7984,0.70,#FFAA00
0.3711,Moderate Risk,3,1.067874550819397,0.107746,Bare Land,Peri-Urban / Sparse,0.3541,0.002434,0.7934,0.70,#FFAA00
0.3704,Moderate Risk,3,1.0734106302261353,0.108310,Bare Land,Peri-Urban / Sparse,0.3541,0.002447,0.7901,0.70,#FFAA00
0.3698,Moderate Risk,3,1.0769693851470947,0.108787,Bare Land,Peri-Urban / Sparse,0.3541,0.002455,0.7873,0.70,#FFAA00
0.3693,Moderate Risk,3,1.0799106359481812,0.109218,Bare Land,Peri-Urban / Sparse,0.3541,0.002461,0.7848,0.70,#FFAA00
0.3699,Moderate Risk,3,1.0863991975784302,0.108746,Bare Land,Peri-Urban / Sparse,0.3541,0.002476,0.7876,0.70,#FFAA00
0.3699,Moderate Risk,3,1.0964463949203491,0.108767,Bare Land,Peri-Urban / Sparse,0.3541,0.002499,0.7874,0.70,#FFAA00
0.3691,Moderate Risk,3,1.108188509941101,0.109405,Bare Land,Peri-Urban / Sparse,0.3541,0.002526,0.7837,0.70,#FFAA00
0.3682,Moderate Risk,3,1.122367024421692,0.110186,Bare Land,Peri-Urban / Sparse,0.3541,0.002558,0.7792,0.70,#FFAA00
0.3680,Moderate Risk,3,1.134216547012329,0.110402,Bare Land,Peri-Urban / Sparse,0.3541,0.002585,0.7779,0.70,#FFAA00
0.3672,Moderate Risk,3,1.14263916015625,0.111101,Bare Land,Peri-Urban / Sparse,0.3541,0.002604,0.7738,0.70,#FFAA00
0.3652,Moderate Risk,3,1.1439917087554932,0.112791,Bare Land,Peri-Urban / Sparse,0.3541,0.002607,0.7640,0.70,#FFAA00
0.3656,Moderate Risk,3,1.1434991359710693,0.112474,Bare Land,Peri-Urban / Sparse,0.3541,0.002606,0.7658,0.70,#FFAA00
0.3758,Moderate Risk,3,1.103804111480713,0.103693,Bare Land,Peri-Urban / Sparse,0.3541,0.002516,0.8170,0.70,#FFAA00
0.3761,Moderate Risk,3,1.1024370193481445,0.103453,Bare Land,Peri-Urban / Sparse,0.3541,0.002513,0.8184,0.70,#FFAA00
0.3753,Moderate Risk,3,1.0990267992019653,0.104098,Bare Land,Peri-Urban / Sparse,0.3541,0.002505,0.8147,0.70,#FFAA00
0.3752,Moderate Risk,3,1.0919561386108398,0.104220,Bare Land,Peri-Urban / Sparse,0.3541,0.002489,0.8140,0.70,#FFAA00
0.3737,Moderate Risk,3,1.0895832777023315,0.105491,Bare Land,Peri-Urban / Sparse,0.3541,0.002483,0.8065,0.70,#FFAA00
0.3745,Moderate Risk,3,1.0826799869537354,0.104806,Bare Land,Peri-Urban / Sparse,0.3541,0.002468,0.8105,0.70,#FFAA00
0.3748,Moderate Risk,3,1.0603314638137817,0.104513,Bare Land,Peri-Urban / Sparse,0.3541,0.002417,0.8122,0.70,#FFAA00
0.3745,Moderate Risk,3,1.055092692375183,0.104763,Bare Land,Peri-Urban / Sparse,0.3541,0.002405,0.8108,0.70,#FFAA00
0.3744,Moderate Risk,3,1.0549092292785645,0.104871,Bare Land,Peri-Urban / Sparse,0.3541,0.002404,0.8102,0.70,#FFAA00
0.3748,Moderate Risk,3,1.0550482273101807,0.104554,Bare Land,Peri-Urban / Sparse,0.3541,0.002405,0.8120,0.70,#FFAA00
0.3755,Moderate Risk,3,1.0547796487808228,0.103936,Bare Land,Peri-Urban / Sparse,0.3541,0.002404,0.8156,0.70,#FFAA00
0.3743,Moderate Risk,3,1.0531694889068604,0.104949,Bare Land,Peri-Urban / Sparse,0.3541,0.002400,0.8097,0.70,#FFAA00
0.3746,Moderate Risk,3,1.0515605211257935,0.104656,Bare Land,Peri-Urban / Sparse,0.3541,0.002397,0.8114,0.70,#FFAA00
0.3748,Moderate Risk,3,1.0522433519363403,0.104505,Bare Land,Peri-Urban / Sparse,0.3541,0.002398,0.8123,0.70,#FFAA00
0.3753,Moderate Risk,3,1.0536731481552124,0.104120,Bare Land,Peri-Urban / Sparse,0.3541,0.002402,0.8145,0.70,#FFAA00
0.3751,Moderate Risk,3,1.055654525756836,0.104288,Bare Land,Peri-Urban / Sparse,0.3541,0.002406,0.8136,0.70,#FFAA00
0.3751,Moderate Risk,3,1.0575944185256958,0.104257,Bare Land,Peri-Urban / Sparse,0.3541,0.002411,0.8137,0.70,#FFAA00
0.3765,Moderate Risk,3,1.059587001800537,0.103102,Bare Land,Peri-Urban / Sparse,0.3541,0.002415,0.8205,0.70,#FFAA00
0.3765,Moderate Risk,3,1.059983730316162,0.103022,Bare Land,Peri-Urban / Sparse,0.3541,0.002416,0.8209,0.70,#FFAA00
0.3749,Moderate Risk,3,1.0605024099349976,0.104437,Bare Land,Peri-Urban / Sparse,0.3541,0.002417,0.8127,0.70,#FFAA00
0.3757,Moderate Risk,3,1.057482123374939,0.103723,Bare Land,Peri-Urban / Sparse,0.3541,0.002410,0.8168,0.70,#FFAA00
0.3750,Moderate Risk,3,1.0507031679153442,0.104332,Bare Land,Peri-Urban / Sparse,0.3541,0.002395,0.8133,0.70,#FFAA00
0.3745,Moderate Risk,3,1.0447999238967896,0.104760,Bare Land,Peri-Urban / Sparse,0.3541,0.002381,0.8108,0.70,#FFAA00
0.3744,Moderate Risk,3,1.0391062498092651,0.104857,Bare Land,Peri-Urban / Sparse,0.3541,0.002368,0.8102,0.70,#FFAA00
0.3748,Moderate Risk,3,1.0328534841537476,0.104493,Bare Land,Peri-Urban / Sparse,0.3541,0.002354,0.8124,0.70,#FFAA00
0.3753,Moderate Risk,3,1.02187180519104,0.104055,Bare Land,Peri-Urban / Sparse,0.3541,0.002329,0.8149,0.70,#FFAA00
0.3748,Moderate Risk,3,1.0164035558700562,0.104538,Bare Land,Peri-Urban / Sparse,0.3541,0.002317,0.8121,0.70,#FFAA00
0.3743,Moderate Risk,3,1.0153038501739502,0.104948,Bare Land,Peri-Urban / Sparse,0.3541,0.002314,0.8097,0.70,#FFAA00
0.3731,Moderate Risk,3,1.0145307779312134,0.105975,Bare Land,Peri-Urban / Sparse,0.3541,0.002312,0.8037,0.70,#FFAA00
0.3726,Moderate Risk,3,1.014791488647461,0.106387,Bare Land,Peri-Urban / Sparse,0.3541,0.002313,0.8013,0.70,#FFAA00
0.3725,Moderate Risk,3,1.0128278732299805,0.106472,Bare Land,Peri-Urban / Sparse,0.3541,0.002309,0.8008,0.70,#FFAA00
0.3711,Moderate Risk,3,1.0133246183395386,0.107696,Bare Land,Peri-Urban / Sparse,0.3541,0.002310,0.7937,0.70,#FFAA00
0.3701,Moderate Risk,3,1.0135186910629272,0.108571,Bare Land,Peri-Urban / Sparse,0.3541,0.002310,0.7886,0.70,#FFAA00
0.3713,Moderate Risk,3,1.0156086683273315,0.107536,Bare Land,Peri-Urban / Sparse,0.3541,0.002315,0.7946,0.70,#FFAA00
0.3699,Moderate Risk,3,1.017939567565918,0.108740,Bare Land,Peri-Urban / Sparse,0.3541,0.002320,0.7876,0.70,#FFAA00
0.3695,Moderate Risk,3,1.0197219848632812,0.109084,Bare Land,Peri-Urban / Sparse,0.3541,0.002324,0.7856,0.70,#FFAA00
0.3693,Moderate Risk,3,1.0217275619506836,0.109225,Bare Land,Peri-Urban / Sparse,0.3541,0.002329,0.7848,0.70,#FFAA00
0.3686,Moderate Risk,3,1.0228511095046997,0.109858,Bare Land,Peri-Urban / Sparse,0.3541,0.002331,0.7811,0.70,#FFAA00
0.3686,Moderate Risk,3,1.0261337757110596,0.109856,Bare Land,Peri-Urban / Sparse,0.3541,0.002339,0.7811,0.70,#FFAA00
0.3696,Moderate Risk,3,1.0305012464523315,0.108988,Bare Land,Peri-Urban / Sparse,0.3541,0.002349,0.7862,0.70,#FFAA00
0.3692,Moderate Risk,3,1.038436770439148,0.109354,Bare Land,Peri-Urban / Sparse,0.3541,0.002367,0.7840,0.70,#FFAA00
0.3683,Moderate Risk,3,1.0511749982833862,0.110097,Bare Land,Peri-Urban / Sparse,0.3541,0.002396,0.7797,0.70,#FFAA00
0.3673,Moderate Risk,3,1.0641521215438843,0.110958,Bare Land,Peri-Urban / Sparse,0.3541,0.002425,0.7747,0.70,#FFAA00
0.3662,Moderate Risk,3,1.0779465436935425,0.111877,Bare Land,Peri-Urban / Sparse,0.3541,0.002457,0.7693,0.70,#FFAA00
0.3653,Moderate Risk,3,1.0964889526367188,0.112657,Bare Land,Peri-Urban / Sparse,0.3541,0.002499,0.7648,0.70,#FFAA00
0.3641,Moderate Risk,3,1.1166106462478638,0.113773,Bare Land,Peri-Urban / Sparse,0.3541,0.002545,0.7583,0.70,#FFAA00
0.3643,Moderate Risk,3,1.130211353302002,0.113566,Bare Land,Peri-Urban / Sparse,0.3541,0.002576,0.7595,0.70,#FFAA00
0.3756,Moderate Risk,3,1.1045855283737183,0.103910,Bare Land,Peri-Urban / Sparse,0.3541,0.002518,0.8158,0.70,#FFAA00
0.3746,Moderate Risk,3,1.0983787775039673,0.104751,Bare Land,Peri-Urban / Sparse,0.3541,0.002503,0.8109,0.70,#FFAA00
0.3738,Moderate Risk,3,1.0932331085205078,0.105356,Bare Land,Peri-Urban / Sparse,0.3541,0.002492,0.8073,0.70,#FFAA00
0.3734,Moderate Risk,3,1.089617133140564,0.105723,Bare Land,Peri-Urban / Sparse,0.3541,0.002484,0.8052,0.70,#FFAA00
0.3747,Moderate Risk,3,1.0739367008209229,0.104653,Bare Land,Peri-Urban / Sparse,0.3541,0.002448,0.8114,0.70,#FFAA00
0.3746,Moderate Risk,3,1.0575909614562988,0.104659,Bare Land,Peri-Urban / Sparse,0.3541,0.002411,0.8114,0.70,#FFAA00
0.3746,Moderate Risk,3,1.0527178049087524,0.104684,Bare Land,Peri-Urban / Sparse,0.3541,0.002399,0.8112,0.70,#FFAA00
0.3745,Moderate Risk,3,1.048357605934143,0.104782,Bare Land,Peri-Urban / Sparse,0.3541,0.002389,0.8107,0.70,#FFAA00
0.3757,Moderate Risk,3,1.048263430595398,0.103737,Bare Land,Peri-Urban / Sparse,0.3541,0.002389,0.8168,0.70,#FFAA00
0.3752,Moderate Risk,3,1.0494942665100098,0.104181,Bare Land,Peri-Urban / Sparse,0.3541,0.002392,0.8142,0.70,#FFAA00
0.3750,Moderate Risk,3,1.0519441366195679,0.104384,Bare Land,Peri-Urban / Sparse,0.3541,0.002398,0.8130,0.70,#FFAA00
0.3743,Moderate Risk,3,1.0532124042510986,0.104924,Bare Land,Peri-Urban / Sparse,0.3541,0.002401,0.8098,0.70,#FFAA00
0.3742,Moderate Risk,3,1.0570831298828125,0.105076,Bare Land,Peri-Urban / Sparse,0.3541,0.002409,0.8090,0.70,#FFAA00
0.3743,Moderate Risk,3,1.059861660003662,0.104957,Bare Land,Peri-Urban / Sparse,0.3541,0.002416,0.8097,0.70,#FFAA00
0.3736,Moderate Risk,3,1.0609408617019653,0.105562,Bare Land,Peri-Urban / Sparse,0.3541,0.002418,0.8061,0.70,#FFAA00
0.3758,Moderate Risk,3,1.0604634284973145,0.103653,Bare Land,Peri-Urban / Sparse,0.3541,0.002417,0.8173,0.70,#FFAA00
0.3752,Moderate Risk,3,1.0527055263519287,0.104157,Bare Land,Peri-Urban / Sparse,0.3541,0.002399,0.8143,0.70,#FFAA00
0.3757,Moderate Risk,3,1.0363695621490479,0.103770,Bare Land,Peri-Urban / Sparse,0.3541,0.002362,0.8166,0.70,#FFAA00
0.3750,Moderate Risk,3,1.0187808275222778,0.104290,Bare Land,Peri-Urban / Sparse,0.3541,0.002322,0.8135,0.70,#FFAA00
0.3741,Moderate Risk,3,1.0023493766784668,0.105082,Bare Land,Peri-Urban / Sparse,0.3541,0.002285,0.8089,0.70,#FFAA00
0.3750,Moderate Risk,3,0.9866266250610352,0.104326,Bare Land,Rural / Scattered,0.3541,0.002249,0.8133,0.70,#FFAA00
0.3734,Moderate Risk,3,0.9730772376060486,0.105679,Bare Land,Rural / Scattered,0.3541,0.002218,0.8054,0.70,#FFAA00
0.3735,Moderate Risk,3,0.9647623896598816,0.105587,Bare Land,Rural / Scattered,0.3541,0.002199,0.8060,0.70,#FFAA00
0.3737,Moderate Risk,3,0.9595606923103333,0.105444,Bare Land,Rural / Scattered,0.3541,0.002187,0.8068,0.70,#FFAA00
0.3733,Moderate Risk,3,0.9550542235374451,0.105762,Bare Land,Rural / Scattered,0.3541,0.002177,0.8050,0.70,#FFAA00
0.3724,Moderate Risk,3,0.949755847454071,0.106550,Bare Land,Rural / Scattered,0.3541,0.002165,0.8004,0.70,#FFAA00
0.3716,Moderate Risk,3,0.9421573281288147,0.107223,Bare Land,Rural / Scattered,0.3541,0.002147,0.7964,0.70,#FFAA00
0.3711,Moderate Risk,3,0.931972324848175,0.107654,Bare Land,Rural / Scattered,0.3541,0.002124,0.7939,0.70,#FFAA00
0.3710,Moderate Risk,3,0.9272199869155884,0.107739,Bare Land,Rural / Scattered,0.3541,0.002113,0.7934,0.70,#FFAA00
0.3704,Moderate Risk,3,0.9240392446517944,0.108255,Bare Land,Rural / Scattered,0.3541,0.002106,0.7904,0.70,#FFAA00
0.3690,Moderate Risk,3,0.9211279153823853,0.109384,Bare Land,Rural / Scattered,0.3541,0.002099,0.7838,0.70,#FFAA00
0.3685,Moderate Risk,3,0.9183827042579651,0.109802,Bare Land,Rural / Scattered,0.3541,0.002093,0.7814,0.70,#FFAA00
0.3685,Moderate Risk,3,0.9137515425682068,0.109815,Bare Land,Rural / Scattered,0.3541,0.002083,0.7813,0.70,#FFAA00
0.3684,Moderate Risk,3,0.9167703986167908,0.109961,Bare Land,Rural / Scattered,0.3541,0.002090,0.7805,0.70,#FFAA00
0.3687,Moderate Risk,3,0.9211620688438416,0.109700,Bare Land,Rural / Scattered,0.3541,0.002100,0.7820,0.70,#FFAA00
0.3680,Moderate Risk,3,0.9266173839569092,0.110275,Bare Land,Rural / Scattered,0.3541,0.002112,0.7787,0.70,#FFAA00
0.3678,Moderate Risk,3,0.9311767816543579,0.110485,Bare Land,Rural / Scattered,0.3541,0.002122,0.7774,0.70,#FFAA00
0.3681,Moderate Risk,3,0.936383068561554,0.110213,Bare Land,Rural / Scattered,0.3541,0.002134,0.7790,0.70,#FFAA00
0.3692,Moderate Risk,3,0.9471777081489563,0.109226,Bare Land,Rural / Scattered,0.3541,0.002159,0.7848,0.70,#FFAA00
0.3691,Moderate Risk,3,0.959821879863739,0.109318,Bare Land,Rural / Scattered,0.3541,0.002188,0.7842,0.70,#FFAA00
0.3676,Moderate Risk,3,0.9720242619514465,0.110628,Bare Land,Rural / Scattered,0.3541,0.002215,0.7766,0.70,#FFAA00
0.3660,Moderate Risk,3,0.9783137440681458,0.112017,Bare Land,Rural / Scattered,0.3541,0.002230,0.7685,0.70,#FFAA00
0.3658,Moderate Risk,3,0.982589066028595,0.112204,Bare Land,Rural / Scattered,0.3541,0.002240,0.7674,0.70,#FFAA00
0.3641,Moderate Risk,3,0.9828481674194336,0.113637,Bare Land,Rural / Scattered,0.3541,0.002240,0.7591,0.70,#FFAA00
0.3631,Moderate Risk,3,0.9854495525360107,0.114560,Bare Land,Rural / Scattered,0.3541,0.002246,0.7537,0.70,#FFAA00
0.3629,Moderate Risk,3,0.9905664324760437,0.114709,Bare Land,Rural / Scattered,0.3541,0.002258,0.7528,0.70,#FFAA00
0.3753,Moderate Risk,3,1.1040412187576294,0.104100,Bare Land,Peri-Urban / Sparse,0.3541,0.002516,0.8146,0.70,#FFAA00
0.3735,Moderate Risk,3,1.0960853099822998,0.105667,Bare Land,Peri-Urban / Sparse,0.3541,0.002498,0.8055,0.70,#FFAA00
0.3731,Moderate Risk,3,1.0857446193695068,0.106034,Bare Land,Peri-Urban / Sparse,0.3541,0.002475,0.8034,0.70,#FFAA00
0.3732,Moderate Risk,3,1.0600614547729492,0.105896,Bare Land,Peri-Urban / Sparse,0.3541,0.002416,0.8042,0.70,#FFAA00
0.3746,Moderate Risk,3,1.0216529369354248,0.104676,Bare Land,Peri-Urban / Sparse,0.3541,0.002329,0.8113,0.70,#FFAA00
0.3748,Moderate Risk,3,0.9892690777778625,0.104477,Bare Land,Rural / Scattered,0.3541,0.002255,0.8125,0.70,#FFAA00
0.3752,Moderate Risk,3,0.9540151357650757,0.104135,Bare Land,Rural / Scattered,0.3541,0.002174,0.8144,0.70,#FFAA00
0.3745,Moderate Risk,3,0.9380727410316467,0.104728,Bare Land,Rural / Scattered,0.3541,0.002138,0.8110,0.70,#FFAA00
0.3752,Moderate Risk,3,0.9350609183311462,0.104146,Bare Land,Rural / Scattered,0.3541,0.002131,0.8144,0.70,#FFAA00
0.3750,Moderate Risk,3,0.9364831447601318,0.104295,Bare Land,Rural / Scattered,0.3541,0.002134,0.8135,0.70,#FFAA00
0.3738,Moderate Risk,3,0.9395526647567749,0.105327,Bare Land,Rural / Scattered,0.3541,0.002141,0.8075,0.70,#FFAA00
0.3742,Moderate Risk,3,0.9388872385025024,0.104934,Bare Land,Rural / Scattered,0.3541,0.002140,0.8098,0.70,#FFAA00
0.3742,Moderate Risk,3,0.9452658891677856,0.104993,Bare Land,Rural / Scattered,0.3541,0.002155,0.8094,0.70,#FFAA00
0.3736,Moderate Risk,3,0.953380286693573,0.105485,Bare Land,Rural / Scattered,0.3541,0.002173,0.8066,0.70,#FFAA00
0.3736,Moderate Risk,3,0.96586674451828,0.105514,Bare Land,Rural / Scattered,0.3541,0.002201,0.8064,0.70,#FFAA00
0.3750,Moderate Risk,3,0.9786955118179321,0.104333,Bare Land,Rural / Scattered,0.3541,0.002231,0.8133,0.70,#FFAA00
0.3744,Moderate Risk,3,0.9851699471473694,0.104857,Bare Land,Rural / Scattered,0.3541,0.002245,0.8102,0.70,#FFAA00
0.3744,Moderate Risk,3,0.9841437339782715,0.104858,Bare Land,Rural / Scattered,0.3541,0.002243,0.8102,0.70,#FFAA00
0.3733,Moderate Risk,3,0.9736550450325012,0.105774,Bare Land,Rural / Scattered,0.3541,0.002219,0.8049,0.70,#FFAA00
0.3735,Moderate Risk,3,0.9641507863998413,0.105570,Bare Land,Rural / Scattered,0.3541,0.002198,0.8061,0.70,#FFAA00
0.3727,Moderate Risk,3,0.9591715931892395,0.106278,Bare Land,Rural / Scattered,0.3541,0.002186,0.8020,0.70,#FFAA00
0.3724,Moderate Risk,3,0.9521958231925964,0.106531,Bare Land,Rural / Scattered,0.3541,0.002170,0.8005,0.70,#FFAA00
0.3715,Moderate Risk,3,0.9405962228775024,0.107273,Bare Land,Rural / Scattered,0.3541,0.002144,0.7962,0.70,#FFAA00
0.3723,Moderate Risk,3,0.9243252873420715,0.106565,Bare Land,Rural / Scattered,0.3541,0.002107,0.8003,0.70,#FFAA00
0.3713,Moderate Risk,3,0.9078319668769836,0.107437,Bare Land,Rural / Scattered,0.3541,0.002069,0.7952,0.70,#FFAA00
0.3712,Moderate Risk,3,0.8987686038017273,0.107499,Bare Land,Rural / Scattered,0.3541,0.002049,0.7948,0.70,#FFAA00
0.3707,Moderate Risk,3,0.8931037783622742,0.107957,Bare Land,Rural / Scattered,0.3541,0.002036,0.7922,0.70,#FFAA00
0.3705,Moderate Risk,3,0.8890701532363892,0.108143,Bare Land,Rural / Scattered,0.3541,0.002026,0.7911,0.70,#FFAA00
0.3695,Moderate Risk,3,0.888137936592102,0.108998,Bare Land,Rural / Scattered,0.3541,0.002024,0.7861,0.70,#FFAA00
0.3694,Moderate Risk,3,0.8880811929702759,0.109030,Bare Land,Rural / Scattered,0.3541,0.002024,0.7859,0.70,#FFAA00
0.3691,Moderate Risk,3,0.8867203593254089,0.109304,Bare Land,Rural / Scattered,0.3541,0.002021,0.7843,0.70,#FFAA00
0.3687,Moderate Risk,3,0.885133683681488,0.109607,Bare Land,Rural / Scattered,0.3541,0.002017,0.7825,0.70,#FFAA00
0.3682,Moderate Risk,3,0.884753942489624,0.110036,Bare Land,Rural / Scattered,0.3541,0.002017,0.7800,0.70,#FFAA00
0.3680,Moderate Risk,3,0.8855916261672974,0.110281,Bare Land,Rural / Scattered,0.3541,0.002018,0.7786,0.70,#FFAA00
0.3673,Moderate Risk,3,0.8872314691543579,0.110860,Bare Land,Rural / Scattered,0.3541,0.002022,0.7752,0.70,#FFAA00
0.3671,Moderate Risk,3,0.892564058303833,0.111037,Bare Land,Rural / Scattered,0.3541,0.002034,0.7742,0.70,#FFAA00
0.3678,Moderate Risk,3,0.8947503566741943,0.110460,Bare Land,Rural / Scattered,0.3541,0.002039,0.7776,0.70,#FFAA00
0.3683,Moderate Risk,3,0.8920574188232422,0.110029,Bare Land,Rural / Scattered,0.3541,0.002033,0.7801,0.70,#FFAA00
0.3677,Moderate Risk,3,0.8839274048805237,0.110507,Bare Land,Rural / Scattered,0.3541,0.002015,0.7773,0.70,#FFAA00
0.3682,Moderate Risk,3,0.8749265074729919,0.110079,Bare Land,Rural / Scattered,0.3541,0.001994,0.7798,0.70,#FFAA00
0.3675,Moderate Risk,3,0.867548406124115,0.110651,Bare Land,Rural / Scattered,0.3541,0.001977,0.7765,0.70,#FFAA00
0.3654,Moderate Risk,3,0.8687752485275269,0.112499,Bare Land,Rural / Scattered,0.3541,0.001980,0.7657,0.70,#FFAA00
0.3641,Moderate Risk,3,0.8766423463821411,0.113595,Bare Land,Rural / Scattered,0.3541,0.001998,0.7593,0.70,#FFAA00
0.3619,Moderate Risk,3,0.8851281404495239,0.115500,Bare Land,Rural / Scattered,0.3541,0.002017,0.7482,0.70,#FFAA00
0.3607,Moderate Risk,3,0.8935559988021851,0.116511,Bare Land,Rural / Scattered,0.3541,0.002037,0.7423,0.70,#FFAA00
0.3596,Moderate Risk,3,0.9067118167877197,0.117465,Bare Land,Rural / Scattered,0.3541,0.002067,0.7367,0.70,#FFAA00
0.3742,Moderate Risk,3,1.0510762929916382,0.105063,Bare Land,Peri-Urban / Sparse,0.3541,0.002396,0.8090,0.70,#FFAA00
0.3728,Moderate Risk,3,1.0167590379714966,0.106197,Bare Land,Peri-Urban / Sparse,0.3541,0.002317,0.8024,0.70,#FFAA00
0.3731,Moderate Risk,3,0.9769296646118164,0.105911,Bare Land,Rural / Scattered,0.3541,0.002227,0.8041,0.70,#FFAA00
0.3742,Moderate Risk,3,0.9454047083854675,0.104993,Bare Land,Rural / Scattered,0.3541,0.002155,0.8094,0.70,#FFAA00
0.3741,Moderate Risk,3,0.9233049154281616,0.105049,Bare Land,Rural / Scattered,0.3541,0.002104,0.8091,0.70,#FFAA00
0.3746,Moderate Risk,3,0.9087151885032654,0.104606,Bare Land,Rural / Scattered,0.3541,0.002071,0.8117,0.70,#FFAA00
0.3747,Moderate Risk,3,0.9058407545089722,0.104536,Bare Land,Rural / Scattered,0.3541,0.002065,0.8121,0.70,#FFAA00
0.3739,Moderate Risk,3,0.9085108637809753,0.105170,Bare Land,Rural / Scattered,0.3541,0.002071,0.8084,0.70,#FFAA00
0.3747,Moderate Risk,3,0.9099037647247314,0.104529,Bare Land,Rural / Scattered,0.3541,0.002074,0.8121,0.70,#FFAA00
0.3741,Moderate Risk,3,0.9068845510482788,0.105010,Bare Land,Rural / Scattered,0.3541,0.002067,0.8093,0.70,#FFAA00
0.3734,Moderate Risk,3,0.8985874056816101,0.105640,Bare Land,Rural / Scattered,0.3541,0.002048,0.8057,0.70,#FFAA00
0.3729,Moderate Risk,3,0.8880994319915771,0.106073,Bare Land,Rural / Scattered,0.3541,0.002024,0.8031,0.70,#FFAA00
0.3735,Moderate Risk,3,0.8771514296531677,0.105573,Bare Land,Rural / Scattered,0.3541,0.001999,0.8061,0.70,#FFAA00
0.3734,Moderate Risk,3,0.8641570210456848,0.105617,Bare Land,Rural / Scattered,0.3541,0.001970,0.8058,0.70,#FFAA00
0.3733,Moderate Risk,3,0.8508597612380981,0.105686,Bare Land,Rural / Scattered,0.3541,0.001939,0.8054,0.70,#FFAA00
0.3742,Moderate Risk,3,0.840108335018158,0.104897,Bare Land,Rural / Scattered,0.3541,0.001915,0.8100,0.70,#FFAA00
0.3738,Moderate Risk,3,0.837944507598877,0.105231,Bare Land,Rural / Scattered,0.3541,0.001910,0.8081,0.70,#FFAA00
0.3732,Moderate Risk,3,0.8481826782226562,0.105764,Bare Land,Rural / Scattered,0.3541,0.001933,0.8049,0.70,#FFAA00
0.3734,Moderate Risk,3,0.8700884580612183,0.105626,Bare Land,Rural / Scattered,0.3541,0.001983,0.8058,0.70,#FFAA00
0.3728,Moderate Risk,3,0.889690101146698,0.106098,Bare Land,Rural / Scattered,0.3541,0.002028,0.8030,0.70,#FFAA00
0.3720,Moderate Risk,3,0.8888441920280457,0.106819,Bare Land,Rural / Scattered,0.3541,0.002026,0.7988,0.70,#FFAA00
0.3714,Moderate Risk,3,0.8804446458816528,0.107299,Bare Land,Rural / Scattered,0.3541,0.002007,0.7960,0.70,#FFAA00
0.3719,Moderate Risk,3,0.8739550113677979,0.106947,Bare Land,Rural / Scattered,0.3541,0.001992,0.7981,0.70,#FFAA00
0.3719,Moderate Risk,3,0.8727309703826904,0.106897,Bare Land,Rural / Scattered,0.3541,0.001989,0.7983,0.70,#FFAA00
0.3713,Moderate Risk,3,0.8735114932060242,0.107440,Bare Land,Rural / Scattered,0.3541,0.001991,0.7952,0.70,#FFAA00
0.3704,Moderate Risk,3,0.8716897368431091,0.108176,Bare Land,Rural / Scattered,0.3541,0.001987,0.7909,0.70,#FFAA00
0.3700,Moderate Risk,3,0.8697226643562317,0.108513,Bare Land,Rural / Scattered,0.3541,0.001982,0.7889,0.70,#FFAA00
0.3703,Moderate Risk,3,0.8682036995887756,0.108292,Bare Land,Rural / Scattered,0.3541,0.001979,0.7902,0.70,#FFAA00
0.3691,Moderate Risk,3,0.8676958084106445,0.109268,Bare Land,Rural / Scattered,0.3541,0.001978,0.7845,0.70,#FFAA00
0.3692,Moderate Risk,3,0.8686875104904175,0.109218,Bare Land,Rural / Scattered,0.3541,0.001980,0.7848,0.70,#FFAA00
0.3682,Moderate Risk,3,0.8702526092529297,0.110072,Bare Land,Rural / Scattered,0.3541,0.001984,0.7798,0.70,#FFAA00
0.3670,Moderate Risk,3,0.8711575865745544,0.111105,Bare Land,Rural / Scattered,0.3541,0.001986,0.7738,0.70,#FFAA00
0.3688,Moderate Risk,3,0.8702251315116882,0.109524,Bare Land,Rural / Scattered,0.3541,0.001983,0.7830,0.70,#FFAA00
0.3670,Moderate Risk,3,0.8680605888366699,0.111150,Bare Land,Rural / Scattered,0.3541,0.001979,0.7736,0.70,#FFAA00
0.3657,Moderate Risk,3,0.8641166687011719,0.112236,Bare Land,Rural / Scattered,0.3541,0.001970,0.7672,0.70,#FFAA00
0.3667,Moderate Risk,3,0.8493409156799316,0.111337,Bare Land,Rural / Scattered,0.3541,0.001936,0.7725,0.70,#FFAA00
0.3679,Moderate Risk,3,0.8230765461921692,0.110325,Bare Land,Rural / Scattered,0.3541,0.001876,0.7784,0.70,#FFAA00
0.3675,Moderate Risk,3,0.801937997341156,0.110655,Bare Land,Rural / Scattered,0.3541,0.001828,0.7764,0.70,#FFAA00
0.3666,Moderate Risk,3,0.7963656187057495,0.111440,Bare Land,Rural / Scattered,0.3541,0.001815,0.7719,0.70,#FFAA00
0.3669,Moderate Risk,3,0.7979937791824341,0.111167,Bare Land,Rural / Scattered,0.3541,0.001819,0.7735,0.70,#FFAA00
0.3659,Moderate Risk,3,0.802533745765686,0.112020,Bare Land,Rural / Scattered,0.3541,0.001829,0.7685,0.70,#FFAA00
0.3657,Moderate Risk,3,0.8066673278808594,0.112173,Bare Land,Rural / Scattered,0.3541,0.001839,0.7676,0.70,#FFAA00
0.3627,Moderate Risk,3,0.8089910745620728,0.114738,Bare Land,Rural / Scattered,0.3541,0.001844,0.7526,0.70,#FFAA00
0.3606,Moderate Risk,3,0.8112584948539734,0.116557,Bare Land,Rural / Scattered,0.3541,0.001849,0.7420,0.70,#FFAA00
0.3607,Moderate Risk,3,0.8245507478713989,0.116454,Bare Land,Rural / Scattered,0.3541,0.001879,0.7426,0.70,#FFAA00
0.3580,Moderate Risk,3,0.8444657325744629,0.118818,Bare Land,Rural / Scattered,0.3541,0.001925,0.7289,0.70,#FFAA00
0.3737,Moderate Risk,3,0.9940553903579712,0.105460,Bare Land,Rural / Scattered,0.3541,0.002266,0.8067,0.70,#FFAA00
0.3738,Moderate Risk,3,0.970601499080658,0.105368,Bare Land,Rural / Scattered,0.3541,0.002212,0.8073,0.70,#FFAA00
0.3738,Moderate Risk,3,0.9420894980430603,0.105275,Bare Land,Rural / Scattered,0.3541,0.002147,0.8078,0.70,#FFAA00
0.3741,Moderate Risk,3,0.9224209189414978,0.105042,Bare Land,Rural / Scattered,0.3541,0.002102,0.8092,0.70,#FFAA00
0.3747,Moderate Risk,3,0.9136545658111572,0.104526,Bare Land,Rural / Scattered,0.3541,0.002082,0.8122,0.70,#FFAA00
0.3751,Moderate Risk,3,0.9098647236824036,0.104153,Bare Land,Rural / Scattered,0.3541,0.002074,0.8143,0.70,#FFAA00
0.3749,Moderate Risk,3,0.9063946604728699,0.104368,Bare Land,Rural / Scattered,0.3541,0.002066,0.8131,0.70,#FFAA00
0.3744,Moderate Risk,3,0.9015532732009888,0.104778,Bare Land,Rural / Scattered,0.3541,0.002055,0.8107,0.70,#FFAA00
0.3748,Moderate Risk,3,0.8904680609703064,0.104405,Bare Land,Rural / Scattered,0.3541,0.002030,0.8129,0.70,#FFAA00
0.3744,Moderate Risk,3,0.8748669028282166,0.104793,Bare Land,Rural / Scattered,0.3541,0.001994,0.8106,0.70,#FFAA00
0.3736,Moderate Risk,3,0.858498215675354,0.105422,Bare Land,Rural / Scattered,0.3541,0.001957,0.8069,0.70,#FFAA00
0.3735,Moderate Risk,3,0.8441928029060364,0.105480,Bare Land,Rural / Scattered,0.3541,0.001924,0.8066,0.70,#FFAA00
0.3738,Moderate Risk,3,0.8334431648254395,0.105231,Bare Land,Rural / Scattered,0.3541,0.001900,0.8081,0.70,#FFAA00
0.3727,Moderate Risk,3,0.8291677236557007,0.106210,Bare Land,Rural / Scattered,0.3541,0.001890,0.8023,0.70,#FFAA00
0.3741,Moderate Risk,3,0.8273658156394958,0.104967,Bare Land,Rural / Scattered,0.3541,0.001886,0.8096,0.70,#FFAA00
0.3742,Moderate Risk,3,0.8240978121757507,0.104933,Bare Land,Rural / Scattered,0.3541,0.001878,0.8098,0.70,#FFAA00
0.3736,Moderate Risk,3,0.8142505288124084,0.105382,Bare Land,Rural / Scattered,0.3541,0.001856,0.8072,0.70,#FFAA00
0.3733,Moderate Risk,3,0.7958424091339111,0.105685,Bare Land,Rural / Scattered,0.3541,0.001814,0.8054,0.70,#FFAA00
0.3725,Moderate Risk,3,0.7795305252075195,0.106342,Bare Land,Rural / Scattered,0.3541,0.001777,0.8016,0.70,#FFAA00
0.3719,Moderate Risk,3,0.7693329453468323,0.106856,Bare Land,Rural / Scattered,0.3541,0.001754,0.7986,0.70,#FFAA00
0.3709,Moderate Risk,3,0.7802514433860779,0.107701,Bare Land,Rural / Scattered,0.3541,0.001778,0.7937,0.70,#FFAA00
0.3699,Moderate Risk,3,0.814359188079834,0.108563,Bare Land,Rural / Scattered,0.3541,0.001856,0.7886,0.70,#FFAA00
0.3718,Moderate Risk,3,0.8388909697532654,0.106937,Bare Land,Rural / Scattered,0.3541,0.001912,0.7981,0.70,#FFAA00
0.3711,Moderate Risk,3,0.8318731188774109,0.107555,Bare Land,Rural / Scattered,0.3541,0.001896,0.7945,0.70,#FFAA00
0.3710,Moderate Risk,3,0.8252160549163818,0.107627,Bare Land,Rural / Scattered,0.3541,0.001881,0.7941,0.70,#FFAA00
0.3699,Moderate Risk,3,0.8218663930892944,0.108608,Bare Land,Rural / Scattered,0.3541,0.001873,0.7884,0.70,#FFAA00
0.3688,Moderate Risk,3,0.8177228569984436,0.109535,Bare Land,Rural / Scattered,0.3541,0.001864,0.7830,0.70,#FFAA00
0.3691,Moderate Risk,3,0.809492826461792,0.109247,Bare Land,Rural / Scattered,0.3541,0.001845,0.7846,0.70,#FFAA00
0.3679,Moderate Risk,3,0.8026790618896484,0.110288,Bare Land,Rural / Scattered,0.3541,0.001830,0.7786,0.70,#FFAA00
0.3681,Moderate Risk,3,0.7975499033927917,0.110084,Bare Land,Rural / Scattered,0.3541,0.001818,0.7798,0.70,#FFAA00
0.3670,Moderate Risk,3,0.7947053909301758,0.111075,Bare Land,Rural / Scattered,0.3541,0.001811,0.7740,0.70,#FFAA00
0.3671,Moderate Risk,3,0.787013053894043,0.110991,Bare Land,Rural / Scattered,0.3541,0.001794,0.7745,0.70,#FFAA00
0.3677,Moderate Risk,3,0.7789976000785828,0.110472,Bare Land,Rural / Scattered,0.3541,0.001776,0.7775,0.70,#FFAA00
0.3658,Moderate Risk,3,0.7725855708122253,0.112098,Bare Land,Rural / Scattered,0.3541,0.001761,0.7680,0.70,#FFAA00
0.3657,Moderate Risk,3,0.7688047885894775,0.112166,Bare Land,Rural / Scattered,0.3541,0.001752,0.7676,0.70,#FFAA00
0.3660,Moderate Risk,3,0.7634400129318237,0.111915,Bare Land,Rural / Scattered,0.3541,0.001740,0.7691,0.70,#FFAA00
0.3663,Moderate Risk,3,0.7669392228126526,0.111616,Bare Land,Rural / Scattered,0.3541,0.001748,0.7708,0.70,#FFAA00
0.3660,Moderate Risk,3,0.7704669237136841,0.111855,Bare Land,Rural / Scattered,0.3541,0.001756,0.7694,0.70,#FFAA00
0.3662,Moderate Risk,3,0.7732054591178894,0.111691,Bare Land,Rural / Scattered,0.3541,0.001762,0.7704,0.70,#FFAA00
0.3652,Moderate Risk,3,0.7765392661094666,0.112584,Bare Land,Rural / Scattered,0.3541,0.001770,0.7652,0.70,#FFAA00
0.3656,Moderate Risk,3,0.7761783599853516,0.112218,Bare Land,Rural / Scattered,0.3541,0.001769,0.7673,0.70,#FFAA00
0.3632,Moderate Risk,3,0.7762255072593689,0.114296,Bare Land,Rural / Scattered,0.3541,0.001769,0.7552,0.70,#FFAA00
0.3609,Moderate Risk,3,0.777281641960144,0.116298,Bare Land,Rural / Scattered,0.3541,0.001772,0.7435,0.70,#FFAA00
0.3573,Moderate Risk,3,0.7873969078063965,0.119367,Bare Land,Rural / Scattered,0.3541,0.001795,0.7256,0.70,#FFAA00
0.3588,Moderate Risk,3,0.8017505407333374,0.118102,Bare Land,Rural / Scattered,0.3541,0.001827,0.7330,0.70,#FFAA00
0.3578,Moderate Risk,3,0.8073991537094116,0.118962,Bare Land,Rural / Scattered,0.3541,0.001840,0.7280,0.70,#FFAA00
0.3733,Moderate Risk,3,1.006173014640808,0.105737,Bare Land,Peri-Urban / Sparse,0.3541,0.002293,0.8051,0.70,#FFAA00
0.3732,Moderate Risk,3,0.9725884199142456,0.105817,Bare Land,Rural / Scattered,0.3541,0.002217,0.8046,0.70,#FFAA00
0.3729,Moderate Risk,3,0.9399440884590149,0.106053,Bare Land,Rural / Scattered,0.3541,0.002142,0.8033,0.70,#FFAA00
0.3745,Moderate Risk,3,0.9230313301086426,0.104681,Bare Land,Rural / Scattered,0.3541,0.002104,0.8113,0.70,#FFAA00
0.3743,Moderate Risk,3,0.9098600745201111,0.104867,Bare Land,Rural / Scattered,0.3541,0.002074,0.8102,0.70,#FFAA00
0.3739,Moderate Risk,3,0.8998993635177612,0.105228,Bare Land,Rural / Scattered,0.3541,0.002051,0.8081,0.70,#FFAA00
0.3737,Moderate Risk,3,0.8844615817070007,0.105337,Bare Land,Rural / Scattered,0.3541,0.002016,0.8074,0.70,#FFAA00
0.3741,Moderate Risk,3,0.868809700012207,0.104987,Bare Land,Rural / Scattered,0.3541,0.001980,0.8095,0.70,#FFAA00
0.3742,Moderate Risk,3,0.8553371429443359,0.104941,Bare Land,Rural / Scattered,0.3541,0.001950,0.8097,0.70,#FFAA00
0.3737,Moderate Risk,3,0.8394374847412109,0.105380,Bare Land,Rural / Scattered,0.3541,0.001913,0.8072,0.70,#FFAA00
0.3728,Moderate Risk,3,0.8244311809539795,0.106068,Bare Land,Rural / Scattered,0.3541,0.001879,0.8032,0.70,#FFAA00
0.3731,Moderate Risk,3,0.8144847750663757,0.105829,Bare Land,Rural / Scattered,0.3541,0.001856,0.8046,0.70,#FFAA00
0.3723,Moderate Risk,3,0.8085766434669495,0.106524,Bare Land,Rural / Scattered,0.3541,0.001843,0.8005,0.70,#FFAA00
0.3730,Moderate Risk,3,0.7969305515289307,0.105897,Bare Land,Rural / Scattered,0.3541,0.001816,0.8042,0.70,#FFAA00
0.3732,Moderate Risk,3,0.7773571610450745,0.105746,Bare Land,Rural / Scattered,0.3541,0.001772,0.8051,0.70,#FFAA00
0.3732,Moderate Risk,3,0.7624450922012329,0.105716,Bare Land,Rural / Scattered,0.3541,0.001738,0.8052,0.70,#FFAA00
0.3725,Moderate Risk,3,0.75682532787323,0.106284,Bare Land,Rural / Scattered,0.3541,0.001725,0.8019,0.70,#FFAA00
0.3721,Moderate Risk,3,0.7579219937324524,0.106640,Bare Land,Rural / Scattered,0.3541,0.001728,0.7998,0.70,#FFAA00
0.3721,Moderate Risk,3,0.7612088322639465,0.106691,Bare Land,Rural / Scattered,0.3541,0.001735,0.7995,0.70,#FFAA00
0.3717,Moderate Risk,3,0.7601202726364136,0.106998,Bare Land,Rural / Scattered,0.3541,0.001733,0.7978,0.70,#FFAA00
0.3709,Moderate Risk,3,0.7558026909828186,0.107681,Bare Land,Rural / Scattered,0.3541,0.001723,0.7938,0.70,#FFAA00
0.3702,Moderate Risk,3,0.7511823177337646,0.108262,Bare Land,Rural / Scattered,0.3541,0.001712,0.7904,0.70,#FFAA00
0.3712,Moderate Risk,3,0.7586520910263062,0.107466,Bare Land,Rural / Scattered,0.3541,0.001729,0.7950,0.70,#FFAA00
0.3712,Moderate Risk,3,0.780376672744751,0.107465,Bare Land,Rural / Scattered,0.3541,0.001779,0.7950,0.70,#FFAA00
0.3705,Moderate Risk,3,0.7880955338478088,0.108086,Bare Land,Rural / Scattered,0.3541,0.001796,0.7914,0.70,#FFAA00
0.3698,Moderate Risk,3,0.7760113477706909,0.108616,Bare Land,Rural / Scattered,0.3541,0.001769,0.7883,0.70,#FFAA00
0.3697,Moderate Risk,3,0.7660040259361267,0.108713,Bare Land,Rural / Scattered,0.3541,0.001746,0.7878,0.70,#FFAA00
0.3682,Moderate Risk,3,0.7601738572120667,0.110003,Bare Land,Rural / Scattered,0.3541,0.001733,0.7802,0.70,#FFAA00
0.3677,Moderate Risk,3,0.7561253905296326,0.110412,Bare Land,Rural / Scattered,0.3541,0.001723,0.7779,0.70,#FFAA00
0.3670,Moderate Risk,3,0.7537875771522522,0.111065,Bare Land,Rural / Scattered,0.3541,0.001718,0.7740,0.70,#FFAA00
0.3669,Moderate Risk,3,0.754938542842865,0.111163,Bare Land,Rural / Scattered,0.3541,0.001721,0.7735,0.70,#FFAA00
0.3669,Moderate Risk,3,0.754502534866333,0.111116,Bare Land,Rural / Scattered,0.3541,0.001720,0.7737,0.70,#FFAA00
0.3671,Moderate Risk,3,0.754258930683136,0.110913,Bare Land,Rural / Scattered,0.3541,0.001719,0.7749,0.70,#FFAA00
0.3655,Moderate Risk,3,0.7552168965339661,0.112297,Bare Land,Rural / Scattered,0.3541,0.001721,0.7669,0.70,#FFAA00
0.3655,Moderate Risk,3,0.7567011713981628,0.112328,Bare Land,Rural / Scattered,0.3541,0.001725,0.7667,0.70,#FFAA00
0.3660,Moderate Risk,3,0.7571617960929871,0.111876,Bare Land,Rural / Scattered,0.3541,0.001726,0.7693,0.70,#FFAA00
0.3662,Moderate Risk,3,0.7546012997627258,0.111737,Bare Land,Rural / Scattered,0.3541,0.001720,0.7701,0.70,#FFAA00
0.3667,Moderate Risk,3,0.7529435753822327,0.111294,Bare Land,Rural / Scattered,0.3541,0.001716,0.7727,0.70,#FFAA00
0.3647,Moderate Risk,3,0.7532788515090942,0.112972,Bare Land,Rural / Scattered,0.3541,0.001717,0.7629,0.70,#FFAA00
0.3628,Moderate Risk,3,0.7566308379173279,0.114676,Bare Land,Rural / Scattered,0.3541,0.001725,0.7530,0.70,#FFAA00
0.3621,Moderate Risk,3,0.7608625888824463,0.115244,Bare Land,Rural / Scattered,0.3541,0.001734,0.7497,0.70,#FFAA00
0.3591,Moderate Risk,3,0.7653694748878479,0.117834,Bare Land,Rural / Scattered,0.3541,0.001744,0.7346,0.70,#FFAA00
0.3562,Moderate Risk,3,0.779538094997406,0.120357,Bare Land,Rural / Scattered,0.3541,0.001777,0.7199,0.70,#FFAA00
0.3541,Moderate Risk,3,0.789854884147644,0.122148,Bare Land,Rural / Scattered,0.3541,0.001800,0.7094,0.70,#FFAA00
0.3544,Moderate Risk,3,0.7915396094322205,0.121843,Bare Land,Rural / Scattered,0.3541,0.001804,0.7112,0.70,#FFAA00
0.3532,Moderate Risk,3,0.7952052354812622,0.122907,Bare Land,Rural / Scattered,0.3541,0.001812,0.7050,0.70,#FFAA00
0.3733,Moderate Risk,3,0.9660149812698364,0.105788,Bare Land,Rural / Scattered,0.3541,0.002202,0.8048,0.70,#FFAA00
0.3730,Moderate Risk,3,0.945070743560791,0.106020,Bare Land,Rural / Scattered,0.3541,0.002154,0.8035,0.70,#FFAA00
0.3735,Moderate Risk,3,0.939149022102356,0.105585,Bare Land,Rural / Scattered,0.3541,0.002141,0.8060,0.70,#FFAA00
0.3739,Moderate Risk,3,0.9365368485450745,0.105200,Bare Land,Rural / Scattered,0.3541,0.002135,0.8082,0.70,#FFAA00
0.3741,Moderate Risk,3,0.920749843120575,0.105020,Bare Land,Rural / Scattered,0.3541,0.002099,0.8093,0.70,#FFAA00
0.3732,Moderate Risk,3,0.8927180171012878,0.105821,Bare Land,Rural / Scattered,0.3541,0.002035,0.8046,0.70,#FFAA00
0.3731,Moderate Risk,3,0.8664265871047974,0.105875,Bare Land,Rural / Scattered,0.3541,0.001975,0.8043,0.70,#FFAA00
0.3722,Moderate Risk,3,0.8421812653541565,0.106637,Bare Land,Rural / Scattered,0.3541,0.001920,0.7999,0.70,#FFAA00
0.3727,Moderate Risk,3,0.8199754357337952,0.106153,Bare Land,Rural / Scattered,0.3541,0.001869,0.8027,0.70,#FFAA00
0.3719,Moderate Risk,3,0.8056618571281433,0.106908,Bare Land,Rural / Scattered,0.3541,0.001836,0.7983,0.70,#FFAA00
0.3725,Moderate Risk,3,0.7974101901054382,0.106350,Bare Land,Rural / Scattered,0.3541,0.001818,0.8015,0.70,#FFAA00
0.3715,Moderate Risk,3,0.7886389493942261,0.107157,Bare Land,Rural / Scattered,0.3541,0.001798,0.7968,0.70,#FFAA00
0.3715,Moderate Risk,3,0.7707701325416565,0.107212,Bare Land,Rural / Scattered,0.3541,0.001757,0.7965,0.70,#FFAA00
0.3717,Moderate Risk,3,0.7526326775550842,0.106970,Bare Land,Rural / Scattered,0.3541,0.001715,0.7979,0.70,#FFAA00
0.3732,Moderate Risk,3,0.7487670183181763,0.105730,Bare Land,Rural / Scattered,0.3541,0.001707,0.8051,0.70,#FFAA00
0.3731,Moderate Risk,3,0.7498958110809326,0.105776,Bare Land,Rural / Scattered,0.3541,0.001709,0.8049,0.70,#FFAA00
0.3715,Moderate Risk,3,0.7474345564842224,0.107188,Bare Land,Rural / Scattered,0.3541,0.001704,0.7966,0.70,#FFAA00
0.3713,Moderate Risk,3,0.743414580821991,0.107375,Bare Land,Rural / Scattered,0.3541,0.001694,0.7956,0.70,#FFAA00
0.3715,Moderate Risk,3,0.7425306439399719,0.107169,Bare Land,Rural / Scattered,0.3541,0.001692,0.7968,0.70,#FFAA00
0.3697,Moderate Risk,3,0.744929313659668,0.108729,Bare Land,Rural / Scattered,0.3541,0.001698,0.7877,0.70,#FFAA00
0.3700,Moderate Risk,3,0.7505713701248169,0.108476,Bare Land,Rural / Scattered,0.3541,0.001711,0.7891,0.70,#FFAA00
0.3707,Moderate Risk,3,0.7525429725646973,0.107869,Bare Land,Rural / Scattered,0.3541,0.001715,0.7927,0.70,#FFAA00
0.3715,Moderate Risk,3,0.750340461730957,0.107148,Bare Land,Rural / Scattered,0.3541,0.001710,0.7969,0.70,#FFAA00
0.3715,Moderate Risk,3,0.7475589513778687,0.107170,Bare Land,Rural / Scattered,0.3541,0.001704,0.7968,0.70,#FFAA00
0.3915,Moderate Risk,3,0.7447659373283386,0.107200,Minepits/Industry,Rural / Scattered,0.3541,0.001698,0.7966,0.90,#FFAA00
0.3703,Moderate Risk,3,0.7415539026260376,0.108214,Bare Land,Rural / Scattered,0.3541,0.001690,0.7907,0.70,#FFAA00
0.3693,Moderate Risk,3,0.7405003309249878,0.109043,Bare Land,Rural / Scattered,0.3541,0.001688,0.7858,0.70,#FFAA00
0.3688,Moderate Risk,3,0.7407317161560059,0.109448,Bare Land,Rural / Scattered,0.3541,0.001688,0.7835,0.70,#FFAA00
0.3667,Moderate Risk,3,0.7437301278114319,0.111253,Bare Land,Rural / Scattered,0.3541,0.001695,0.7730,0.70,#FFAA00
0.3662,Moderate Risk,3,0.7459617257118225,0.111713,Bare Land,Rural / Scattered,0.3541,0.001700,0.7703,0.70,#FFAA00
0.3661,Moderate Risk,3,0.7474414110183716,0.111800,Bare Land,Rural / Scattered,0.3541,0.001704,0.7698,0.70,#FFAA00
0.3661,Moderate Risk,3,0.7488861083984375,0.111782,Bare Land,Rural / Scattered,0.3541,0.001707,0.7699,0.70,#FFAA00
0.3663,Moderate Risk,3,0.7480455636978149,0.111665,Bare Land,Rural / Scattered,0.3541,0.001705,0.7705,0.70,#FFAA00
0.3649,Moderate Risk,3,0.7439400553703308,0.112862,Bare Land,Rural / Scattered,0.3541,0.001696,0.7636,0.70,#FFAA00
0.3655,Moderate Risk,3,0.7406730055809021,0.112329,Bare Land,Rural / Scattered,0.3541,0.001688,0.7667,0.70,#FFAA00
0.3650,Moderate Risk,3,0.7393253445625305,0.112774,Bare Land,Rural / Scattered,0.3541,0.001685,0.7641,0.70,#FFAA00
0.3626,Moderate Risk,3,0.7394827604293823,0.114824,Bare Land,Rural / Scattered,0.3541,0.001685,0.7521,0.70,#FFAA00
0.3611,Moderate Risk,3,0.7411414384841919,0.116111,Bare Land,Rural / Scattered,0.3541,0.001689,0.7446,0.70,#FFAA00
0.3601,Moderate Risk,3,0.7448171377182007,0.116966,Bare Land,Rural / Scattered,0.3541,0.001698,0.7396,0.70,#FFAA00
0.3601,Moderate Risk,3,0.7439106106758118,0.116963,Bare Land,Rural / Scattered,0.3541,0.001696,0.7397,0.70,#FFAA00
0.3563,Moderate Risk,3,0.7409440875053406,0.120170,Bare Land,Rural / Scattered,0.3541,0.001689,0.7210,0.70,#FFAA00
0.3541,Moderate Risk,3,0.7483763098716736,0.122091,Bare Land,Rural / Scattered,0.3541,0.001706,0.7098,0.70,#FFAA00
0.3545,Moderate Risk,3,0.7609915733337402,0.121779,Bare Land,Rural / Scattered,0.3541,0.001735,0.7116,0.70,#FFAA00
0.3526,Moderate Risk,3,0.7616105079650879,0.123383,Bare Land,Rural / Scattered,0.3541,0.001736,0.7022,0.70,#FFAA00
0.3538,Moderate Risk,3,0.748908519744873,0.122318,Bare Land,Rural / Scattered,0.3541,0.001707,0.7084,0.70,#FFAA00
0.3498,Moderate Risk,3,0.7657532691955566,0.125790,Bare Land,Rural / Scattered,0.3541,0.001745,0.6882,0.70,#FFAA00
0.3737,Moderate Risk,3,0.9323478937149048,0.105393,Bare Land,Rural / Scattered,0.3541,0.002125,0.8071,0.70,#FFAA00
0.3729,Moderate Risk,3,0.9326899647712708,0.106061,Bare Land,Rural / Scattered,0.3541,0.002126,0.8032,0.70,#FFAA00
0.3740,Moderate Risk,3,0.9290261268615723,0.105151,Bare Land,Rural / Scattered,0.3541,0.002117,0.8085,0.70,#FFAA00
0.3734,Moderate Risk,3,0.9077024459838867,0.105632,Bare Land,Rural / Scattered,0.3541,0.002069,0.8057,0.70,#FFAA00
0.3721,Moderate Risk,3,0.8842487931251526,0.106700,Bare Land,Rural / Scattered,0.3541,0.002015,0.7995,0.70,#FFAA00
0.3719,Moderate Risk,3,0.8648887872695923,0.106940,Bare Land,Rural / Scattered,0.3541,0.001971,0.7981,0.70,#FFAA00
0.3715,Moderate Risk,3,0.840402364730835,0.107229,Bare Land,Rural / Scattered,0.3541,0.001915,0.7964,0.70,#FFAA00
0.3715,Moderate Risk,3,0.8043326735496521,0.107196,Bare Land,Rural / Scattered,0.3541,0.001833,0.7966,0.70,#FFAA00
0.3718,Moderate Risk,3,0.783898651599884,0.106916,Bare Land,Rural / Scattered,0.3541,0.001787,0.7982,0.70,#FFAA00
0.3707,Moderate Risk,3,0.7695285081863403,0.107858,Bare Land,Rural / Scattered,0.3541,0.001754,0.7927,0.70,#FFAA00
0.3713,Moderate Risk,3,0.7503382563591003,0.107376,Bare Land,Rural / Scattered,0.3541,0.001710,0.7956,0.70,#FFAA00
0.3705,Moderate Risk,3,0.7275834083557129,0.107984,Bare Land,Rural / Scattered,0.3541,0.001658,0.7920,0.70,#FFAA00
0.3712,Moderate Risk,3,0.7190459966659546,0.107416,Bare Land,Rural / Scattered,0.3541,0.001639,0.7953,0.70,#FFAA00
0.3723,Moderate Risk,3,0.7074456810951233,0.106475,Bare Land,Rural / Scattered,0.3541,0.001612,0.8008,0.70,#FFAA00
0.3724,Moderate Risk,3,0.7008129358291626,0.106375,Bare Land,Rural / Scattered,0.3541,0.001597,0.8014,0.70,#FFAA00
0.3717,Moderate Risk,3,0.7031170725822449,0.106983,Bare Land,Rural / Scattered,0.3541,0.001603,0.7978,0.70,#FFAA00
0.3713,Moderate Risk,3,0.7073696255683899,0.107285,Bare Land,Rural / Scattered,0.3541,0.001612,0.7961,0.70,#FFAA00
0.3715,Moderate Risk,3,0.7098660469055176,0.107146,Bare Land,Rural / Scattered,0.3541,0.001618,0.7969,0.70,#FFAA00
0.3707,Moderate Risk,3,0.7057228684425354,0.107864,Bare Land,Rural / Scattered,0.3541,0.001609,0.7927,0.70,#FFAA00
0.3709,Moderate Risk,3,0.6798129081726074,0.107665,Bare Land,Rural / Scattered,0.3541,0.001549,0.7939,0.70,#FFAA00
0.3711,Moderate Risk,3,0.661834180355072,0.107461,Bare Land,Rural / Scattered,0.3541,0.001508,0.7951,0.70,#FFAA00
0.3708,Moderate Risk,3,0.6603192687034607,0.107699,Bare Land,Rural / Scattered,0.3541,0.001505,0.7937,0.70,#FFAA00
0.3708,Moderate Risk,3,0.6572123765945435,0.107672,Bare Land,Rural / Scattered,0.3541,0.001498,0.7938,0.70,#FFAA00
0.3717,Moderate Risk,3,0.6491102576255798,0.106904,Bare Land,Rural / Scattered,0.3541,0.001479,0.7983,0.70,#FFAA00
0.3725,Moderate Risk,3,0.6337581872940063,0.106217,Bare Land,Rural / Scattered,0.3541,0.001445,0.8023,0.70,#FFAA00
0.3710,Moderate Risk,3,0.5935344099998474,0.107463,Bare Land,Rural / Scattered,0.3541,0.001353,0.7950,0.70,#FFAA00
0.3696,Moderate Risk,3,0.5811507105827332,0.108684,Bare Land,Rural / Scattered,0.3541,0.001325,0.7879,0.70,#FFAA00
0.3680,Moderate Risk,3,0.5734912157058716,0.110058,Bare Land,Rural / Scattered,0.3541,0.001307,0.7799,0.70,#FFAA00
0.3653,Moderate Risk,3,0.5634453892707825,0.112389,Bare Land,Rural / Scattered,0.3541,0.001284,0.7663,0.70,#FFAA00
0.3647,Moderate Risk,3,0.544842004776001,0.112909,Bare Land,Rural / Scattered,0.3541,0.001242,0.7633,0.70,#FFAA00
0.3653,Moderate Risk,3,0.5006669163703918,0.112303,Bare Land,Rural / Scattered,0.3541,0.001141,0.7668,0.70,#FFAA00
0.3658,Moderate Risk,3,0.49328067898750305,0.111877,Bare Land,Rural / Scattered,0.3541,0.001124,0.7693,0.70,#FFAA00
0.3654,Moderate Risk,3,0.48752665519714355,0.112234,Bare Land,Rural / Scattered,0.3541,0.001111,0.7672,0.70,#FFAA00
0.3625,Moderate Risk,3,0.48225149512290955,0.114699,Bare Land,Rural / Scattered,0.3541,0.001099,0.7529,0.70,#FFAA00
0.3611,Moderate Risk,3,0.4693341553211212,0.115937,Bare Land,Rural / Scattered,0.3541,0.001070,0.7456,0.70,#FFAA00
0.3621,Moderate Risk,3,0.4251185655593872,0.115085,Bare Land,Rural / Scattered,0.3541,0.000969,0.7506,0.70,#FFAA00
0.3581,Moderate Risk,3,0.4156777858734131,0.118494,Bare Land,Rural / Scattered,0.3541,0.000947,0.7307,0.70,#FFAA00
0.3570,Moderate Risk,3,0.41070863604545593,0.119374,Bare Land,Rural / Scattered,0.3541,0.000936,0.7256,0.70,#FFAA00
0.3559,Moderate Risk,3,0.4061557948589325,0.120346,Bare Land,Rural / Scattered,0.3541,0.000926,0.7199,0.70,#FFAA00
0.3565,Moderate Risk,3,0.38319891691207886,0.119800,Bare Land,Rural / Scattered,0.3541,0.000873,0.7231,0.70,#FFAA00
0.3549,Moderate Risk,3,0.35530000925064087,0.121140,Bare Land,Rural / Scattered,0.3541,0.000810,0.7153,0.70,#FFAA00
0.3519,Moderate Risk,3,0.3590865731239319,0.123779,Bare Land,Rural / Scattered,0.3541,0.000818,0.6999,0.70,#FFAA00
0.3508,Moderate Risk,3,0.35872185230255127,0.124708,Bare Land,Rural / Scattered,0.3541,0.000818,0.6945,0.70,#FFAA00
0.3496,Moderate Risk,3,0.35926079750061035,0.125756,Bare Land,Rural / Scattered,0.3541,0.000819,0.6884,0.70,#FFAA00
0.3478,Moderate Risk,3,0.3469425439834595,0.127284,Bare Land,Rural / Scattered,0.3541,0.000791,0.6795,0.70,#FFAA00
0.3448,Moderate Risk,3,0.35002651810646057,0.129822,Bare Land,Rural / Scattered,0.3541,0.000798,0.6647,0.70,#FFAA00
0.3448,Moderate Risk,3,0.35220059752464294,0.129836,Bare Land,Rural / Scattered,0.3541,0.000803,0.6646,0.70,#FFAA00
0.3725,Moderate Risk,3,0.88567054271698,0.106400,Bare Land,Rural / Scattered,0.3541,0.002019,0.8012,0.70,#FFAA00
0.3720,Moderate Risk,3,0.8705736994743347,0.106801,Bare Land,Rural / Scattered,0.3541,0.001984,0.7989,0.70,#FFAA00
0.3722,Moderate Risk,3,0.8409066796302795,0.106649,Bare Land,Rural / Scattered,0.3541,0.001917,0.7998,0.70,#FFAA00
0.3726,Moderate Risk,3,0.8235366940498352,0.106278,Bare Land,Rural / Scattered,0.3541,0.001877,0.8020,0.70,#FFAA00
0.3718,Moderate Risk,3,0.8062803745269775,0.106941,Bare Land,Rural / Scattered,0.3541,0.001838,0.7981,0.70,#FFAA00
0.3718,Moderate Risk,3,0.7864022850990295,0.106916,Bare Land,Rural / Scattered,0.3541,0.001792,0.7982,0.70,#FFAA00
0.3710,Moderate Risk,3,0.7431958913803101,0.107604,Bare Land,Rural / Scattered,0.3541,0.001694,0.7942,0.70,#FFAA00
0.3710,Moderate Risk,3,0.5413203835487366,0.107498,Bare Land,Rural / Scattered,0.3541,0.001234,0.7948,0.70,#FFAA00
0.3700,Moderate Risk,3,0.3930644690990448,0.108234,Bare Land,Rural / Scattered,0.3541,0.000896,0.7906,0.70,#FFAA00
0.3693,Moderate Risk,3,0.3602173328399658,0.108812,Bare Land,Rural / Scattered,0.3541,0.000821,0.7872,0.70,#FFAA00
0.3691,Moderate Risk,3,0.3500404953956604,0.108980,Bare Land,Rural / Scattered,0.3541,0.000798,0.7862,0.70,#FFAA00
0.3695,Moderate Risk,3,0.34859228134155273,0.108649,Bare Land,Rural / Scattered,0.3541,0.000795,0.7881,0.70,#FFAA00
0.3695,Moderate Risk,3,0.34765321016311646,0.108629,Bare Land,Rural / Scattered,0.3541,0.000792,0.7882,0.70,#FFAA00
0.3713,Moderate Risk,3,0.3264687955379486,0.107101,Bare Land,Rural / Scattered,0.3541,0.000744,0.7972,0.70,#FFAA00
0.3713,Moderate Risk,3,0.31512418389320374,0.107079,Bare Land,Rural / Scattered,0.3541,0.000718,0.7973,0.70,#FFAA00
0.3712,Moderate Risk,3,0.3181392550468445,0.107157,Bare Land,Rural / Scattered,0.3541,0.000725,0.7968,0.70,#FFAA00
0.3712,Moderate Risk,3,0.3176136910915375,0.107168,Bare Land,Rural / Scattered,0.3541,0.000724,0.7968,0.70,#FFAA00
0.3716,Moderate Risk,3,0.31324541568756104,0.106862,Bare Land,Rural / Scattered,0.3541,0.000714,0.7985,0.70,#FFAA00
0.3710,Moderate Risk,3,0.30883511900901794,0.107380,Bare Land,Rural / Scattered,0.3541,0.000704,0.7955,0.70,#FFAA00
0.3714,Moderate Risk,3,0.28770092129707336,0.107012,Bare Land,Rural / Scattered,0.3541,0.000656,0.7977,0.70,#FFAA00
0.3717,Moderate Risk,3,0.2718771994113922,0.106681,Bare Land,Rural / Scattered,0.3541,0.000620,0.7996,0.70,#FFAA00
0.3720,Moderate Risk,3,0.26722508668899536,0.106432,Bare Land,Rural / Scattered,0.3541,0.000609,0.8011,0.70,#FFAA00
0.3711,Moderate Risk,3,0.26492947340011597,0.107192,Bare Land,Rural / Scattered,0.3541,0.000604,0.7966,0.70,#FFAA00
0.3731,Moderate Risk,3,0.26176443696022034,0.105558,Bare Land,Rural / Scattered,0.3541,0.000597,0.8062,0.70,#FFAA00
0.3712,Moderate Risk,3,0.25437334179878235,0.107137,Bare Land,Rural / Scattered,0.3541,0.000580,0.7969,0.70,#FFAA00
0.3703,Moderate Risk,3,0.24360498785972595,0.107912,Bare Land,Rural / Scattered,0.3541,0.000555,0.7924,0.70,#FFAA00
0.3681,Moderate Risk,3,0.2428445816040039,0.109815,Bare Land,Rural / Scattered,0.3541,0.000554,0.7813,0.70,#FFAA00
0.3660,Moderate Risk,3,0.24318525195121765,0.111600,Bare Land,Rural / Scattered,0.3541,0.000554,0.7709,0.70,#FFAA00
0.3639,Moderate Risk,3,0.24440598487854004,0.113405,Bare Land,Rural / Scattered,0.3541,0.000557,0.7604,0.70,#FFAA00
0.3641,Moderate Risk,3,0.24639089405536652,0.113215,Bare Land,Rural / Scattered,0.3541,0.000562,0.7615,0.70,#FFAA00
0.3644,Moderate Risk,3,0.2478296160697937,0.112966,Bare Land,Rural / Scattered,0.3541,0.000565,0.7630,0.70,#FFAA00
0.3650,Moderate Risk,3,0.24949359893798828,0.112464,Bare Land,Rural / Scattered,0.3541,0.000569,0.7659,0.70,#FFAA00
0.3628,Moderate Risk,3,0.25087642669677734,0.114363,Bare Land,Rural / Scattered,0.3541,0.000572,0.7548,0.70,#FFAA00
0.3584,Moderate Risk,3,0.25004076957702637,0.118153,Bare Land,Rural / Scattered,0.3541,0.000570,0.7327,0.70,#FFAA00
0.3546,Moderate Risk,3,0.2480722814798355,0.121334,Bare Land,Rural / Scattered,0.3541,0.000565,0.7142,0.70,#FFAA00
0.3537,Moderate Risk,3,0.2459777146577835,0.122138,Bare Land,Rural / Scattered,0.3541,0.000561,0.7095,0.70,#FFAA00
0.3544,Moderate Risk,3,0.24397361278533936,0.121537,Bare Land,Rural / Scattered,0.3541,0.000556,0.7130,0.70,#FFAA00
0.3544,Moderate Risk,3,0.2421119064092636,0.121576,Bare Land,Rural / Scattered,0.3541,0.000552,0.7128,0.70,#FFAA00
0.3538,Moderate Risk,3,0.2413330078125,0.122037,Bare Land,Rural / Scattered,0.3541,0.000550,0.7101,0.70,#FFAA00
0.3543,Moderate Risk,3,0.24243631958961487,0.121603,Bare Land,Rural / Scattered,0.3541,0.000553,0.7126,0.70,#FFAA00
0.3508,Moderate Risk,3,0.24833229184150696,0.124615,Bare Land,Rural / Scattered,0.3541,0.000566,0.6951,0.70,#FFAA00
0.3490,Moderate Risk,3,0.25260311365127563,0.126194,Bare Land,Rural / Scattered,0.3541,0.000576,0.6859,0.70,#FFAA00
0.3472,Moderate Risk,3,0.260315477848053,0.127695,Bare Land,Rural / Scattered,0.3541,0.000593,0.6771,0.70,#FFAA00
0.3459,Moderate Risk,3,0.2735567092895508,0.128857,Bare Land,Rural / Scattered,0.3541,0.000624,0.6703,0.70,#FFAA00
0.3447,Moderate Risk,3,0.2817458510398865,0.129911,Bare Land,Rural / Scattered,0.3541,0.000642,0.6642,0.70,#FFAA00
0.3447,Moderate Risk,3,0.2854110598564148,0.129884,Bare Land,Rural / Scattered,0.3541,0.000651,0.6643,0.70,#FFAA00
0.3445,Moderate Risk,3,0.2892155647277832,0.130085,Bare Land,Rural / Scattered,0.3541,0.000659,0.6632,0.70,#FFAA00
0.3716,Moderate Risk,3,0.8321439027786255,0.107130,Bare Land,Rural / Scattered,0.3541,0.001897,0.7970,0.70,#FFAA00
0.3721,Moderate Risk,3,0.80678790807724,0.106692,Bare Land,Rural / Scattered,0.3541,0.001839,0.7995,0.70,#FFAA00
0.3725,Moderate Risk,3,0.7916718125343323,0.106348,Bare Land,Rural / Scattered,0.3541,0.001804,0.8015,0.70,#FFAA00
0.3729,Moderate Risk,3,0.7771468758583069,0.106002,Bare Land,Rural / Scattered,0.3541,0.001771,0.8036,0.70,#FFAA00
0.3712,Moderate Risk,3,0.7592473030090332,0.107472,Bare Land,Rural / Scattered,0.3541,0.001731,0.7950,0.70,#FFAA00
0.3714,Moderate Risk,3,0.7443115711212158,0.107224,Bare Land,Rural / Scattered,0.3541,0.001696,0.7964,0.70,#FFAA00
0.3702,Moderate Risk,3,0.7404946088790894,0.108260,Bare Land,Rural / Scattered,0.3541,0.001688,0.7904,0.70,#FFAA00
0.3695,Moderate Risk,3,0.7194291949272156,0.108902,Bare Land,Rural / Scattered,0.3541,0.001640,0.7867,0.70,#FFAA00
0.3694,Moderate Risk,3,0.5834257006645203,0.108880,Bare Land,Rural / Scattered,0.3541,0.001330,0.7868,0.70,#FFAA00
0.3686,Moderate Risk,3,0.39310693740844727,0.109454,Bare Land,Rural / Scattered,0.3541,0.000896,0.7834,0.70,#FFAA00
0.3681,Moderate Risk,3,0.2694246172904968,0.109816,Bare Land,Rural / Scattered,0.3541,0.000614,0.7813,0.70,#FFAA00
0.3682,Moderate Risk,3,0.24620625376701355,0.109676,Bare Land,Rural / Scattered,0.3541,0.000561,0.7821,0.70,#FFAA00
0.3685,Moderate Risk,3,0.24396875500679016,0.109438,Bare Land,Rural / Scattered,0.3541,0.000556,0.7835,0.70,#FFAA00
0.3704,Moderate Risk,3,0.24100638926029205,0.107802,Bare Land,Rural / Scattered,0.3541,0.000549,0.7931,0.70,#FFAA00
0.3698,Moderate Risk,3,0.23819729685783386,0.108321,Bare Land,Rural / Scattered,0.3541,0.000543,0.7900,0.70,#FFAA00
0.3709,Moderate Risk,3,0.23658700287342072,0.107359,Bare Land,Rural / Scattered,0.3541,0.000539,0.7957,0.70,#FFAA00
0.3723,Moderate Risk,3,0.2351032793521881,0.106194,Bare Land,Rural / Scattered,0.3541,0.000536,0.8024,0.70,#FFAA00
0.3729,Moderate Risk,3,0.23336009681224823,0.105691,Bare Land,Rural / Scattered,0.3541,0.000532,0.8054,0.70,#FFAA00
0.3711,Moderate Risk,3,0.2326301783323288,0.107177,Bare Land,Rural / Scattered,0.3541,0.000530,0.7967,0.70,#FFAA00
0.3716,Moderate Risk,3,0.2337917685508728,0.106786,Bare Land,Rural / Scattered,0.3541,0.000533,0.7990,0.70,#FFAA00
0.3717,Moderate Risk,3,0.23487839102745056,0.106691,Bare Land,Rural / Scattered,0.3541,0.000535,0.7995,0.70,#FFAA00
0.3720,Moderate Risk,3,0.23370063304901123,0.106403,Bare Land,Rural / Scattered,0.3541,0.000533,0.8012,0.70,#FFAA00
0.3727,Moderate Risk,3,0.23286741971969604,0.105831,Bare Land,Rural / Scattered,0.3541,0.000531,0.8046,0.70,#FFAA00
0.3713,Moderate Risk,3,0.23350627720355988,0.107032,Bare Land,Rural / Scattered,0.3541,0.000532,0.7976,0.70,#FFAA00
0.3695,Moderate Risk,3,0.2361079454421997,0.108582,Bare Land,Rural / Scattered,0.3541,0.000538,0.7885,0.70,#FFAA00
0.3681,Moderate Risk,3,0.23822015523910522,0.109785,Bare Land,Rural / Scattered,0.3541,0.000543,0.7815,0.70,#FFAA00
0.3664,Moderate Risk,3,0.2402213215827942,0.111236,Bare Land,Rural / Scattered,0.3541,0.000548,0.7731,0.70,#FFAA00
0.3647,Moderate Risk,3,0.2444894015789032,0.112687,Bare Land,Rural / Scattered,0.3541,0.000557,0.7646,0.70,#FFAA00
0.3625,Moderate Risk,3,0.24888300895690918,0.114615,Bare Land,Rural / Scattered,0.3541,0.000567,0.7534,0.70,#FFAA00
0.3617,Moderate Risk,3,0.25043991208076477,0.115273,Bare Land,Rural / Scattered,0.3541,0.000571,0.7495,0.70,#FFAA00
0.3607,Moderate Risk,3,0.2513720691204071,0.116192,Bare Land,Rural / Scattered,0.3541,0.000573,0.7442,0.70,#FFAA00
0.3607,Moderate Risk,3,0.2520489990711212,0.116111,Bare Land,Rural / Scattered,0.3541,0.000574,0.7446,0.70,#FFAA00
0.3530,Moderate Risk,3,0.2521911561489105,0.122737,Bare Land,Rural / Scattered,0.3541,0.000575,0.7060,0.70,#FFAA00
0.3523,Moderate Risk,3,0.2522214651107788,0.123374,Bare Land,Rural / Scattered,0.3541,0.000575,0.7023,0.70,#FFAA00
0.3490,Moderate Risk,3,0.2519020140171051,0.126227,Bare Land,Rural / Scattered,0.3541,0.000574,0.6857,0.70,#FFAA00
0.3538,Moderate Risk,3,0.2515574097633362,0.122036,Bare Land,Rural / Scattered,0.3541,0.000573,0.7101,0.70,#FFAA00
0.3574,Moderate Risk,3,0.250360369682312,0.119001,Bare Land,Rural / Scattered,0.3541,0.000571,0.7278,0.70,#FFAA00
0.3481,Moderate Risk,3,0.24878329038619995,0.126986,Bare Land,Rural / Scattered,0.3541,0.000567,0.6812,0.70,#FFAA00
0.3118,Moderate Risk,3,0.24732305109500885,,Bare Land,Rural / Scattered,0.3541,0.000564,0.5000,0.70,#FFAA00
0.3118,Moderate Risk,3,0.2478112429380417,,Bare Land,Rural / Scattered,0.3541,0.000565,0.5000,0.70,#FFAA00
0.2932,Low Risk,2,2.307556629180908,,Unknown,Peri-Urban / Sparse,0.3541,0.005260,0.5000,0.50,#FFDD88
0.2932,Low Risk,2,2.298290967941284,,Unknown,Peri-Urban / Sparse,0.3541,0.005238,0.5000,0.50,#FFDD88
0.3812,Moderate Risk,3,1.754930019378662,0.116583,Minepits/Industry,Peri-Urban / Sparse,0.3541,0.004000,0.7419,0.90,#FFAA00
0.3646,Moderate Risk,3,1.75913667678833,0.113719,Bare Land,Peri-Urban / Sparse,0.3541,0.004010,0.7586,0.70,#FFAA00
0.3904,Moderate Risk,3,1.78007173538208,0.108706,Minepits/Industry,Peri-Urban / Sparse,0.3541,0.004057,0.7878,0.90,#FFAA00
0.3880,Moderate Risk,3,1.7961140871047974,0.110770,Minepits/Industry,Peri-Urban / Sparse,0.3541,0.004094,0.7758,0.90,#FFAA00
0.3619,Moderate Risk,3,1.8099768161773682,0.115998,Bare Land,Peri-Urban / Sparse,0.3541,0.004125,0.7453,0.70,#FFAA00
0.3591,Moderate Risk,3,1.8297181129455566,0.118473,Bare Land,Peri-Urban / Sparse,0.3541,0.004170,0.7309,0.70,#FFAA00
0.3568,Moderate Risk,3,1.864289402961731,0.120434,Bare Land,Peri-Urban / Sparse,0.3541,0.004249,0.7194,0.70,#FFAA00
0.3625,Moderate Risk,3,1.9189387559890747,0.115604,Bare Land,Peri-Urban / Sparse,0.3541,0.004374,0.7476,0.70,#FFAA00
0.3571,Moderate Risk,3,2.0041115283966064,0.120309,Bare Land,Peri-Urban / Sparse,0.3541,0.004568,0.7202,0.70,#FFAA00
0.3545,Moderate Risk,3,2.0845096111297607,0.122563,Bare Land,Peri-Urban / Sparse,0.3541,0.004751,0.7070,0.70,#FFAA00
0.3602,Moderate Risk,3,2.174072027206421,0.117712,Bare Land,Peri-Urban / Sparse,0.3541,0.004955,0.7353,0.70,#FFAA00
0.3612,Moderate Risk,3,2.202681541442871,0.116831,Bare Land,Peri-Urban / Sparse,0.3541,0.005020,0.7404,0.70,#FFAA00
0.3614,Moderate Risk,3,2.208603620529175,0.116734,Bare Land,Peri-Urban / Sparse,0.3541,0.005034,0.7410,0.70,#FFAA00
0.3600,Moderate Risk,3,2.217515230178833,0.117932,Bare Land,Peri-Urban / Sparse,0.3541,0.005054,0.7340,0.70,#FFAA00
0.3601,Moderate Risk,3,2.2264883518218994,0.117833,Bare Land,Peri-Urban / Sparse,0.3541,0.005075,0.7346,0.70,#FFAA00
0.3597,Moderate Risk,3,2.234154224395752,0.118189,Bare Land,Peri-Urban / Sparse,0.3541,0.005092,0.7325,0.70,#FFAA00
0.3607,Moderate Risk,3,2.3070180416107178,0.117384,Bare Land,Peri-Urban / Sparse,0.3541,0.005258,0.7372,0.70,#FFAA00
0.3597,Moderate Risk,3,2.4116756916046143,0.118291,Bare Land,Peri-Urban / Sparse,0.3541,0.005497,0.7319,0.70,#FFAA00
0.3593,Moderate Risk,3,2.4495558738708496,0.118648,Bare Land,Peri-Urban / Sparse,0.3541,0.005583,0.7298,0.70,#FFAA00
0.3564,Moderate Risk,3,2.4585893154144287,0.121109,Bare Land,Peri-Urban / Sparse,0.3541,0.005604,0.7155,0.70,#FFAA00
0.3571,Moderate Risk,3,2.466306447982788,0.120483,Bare Land,Peri-Urban / Sparse,0.3541,0.005621,0.7191,0.70,#FFAA00
0.3573,Moderate Risk,3,2.4655165672302246,0.120347,Bare Land,Peri-Urban / Sparse,0.3541,0.005620,0.7199,0.70,#FFAA00
0.3568,Moderate Risk,3,2.436235189437866,0.120746,Bare Land,Peri-Urban / Sparse,0.3541,0.005553,0.7176,0.70,#FFAA00
0.3575,Moderate Risk,3,2.413754940032959,0.120158,Bare Land,Peri-Urban / Sparse,0.3541,0.005502,0.7210,0.70,#FFAA00
0.3586,Moderate Risk,3,2.4003586769104004,0.119204,Bare Land,Peri-Urban / Sparse,0.3541,0.005471,0.7266,0.70,#FFAA00
0.3591,Moderate Risk,3,2.3982017040252686,0.118750,Bare Land,Peri-Urban / Sparse,0.3541,0.005466,0.7292,0.70,#FFAA00
0.3595,Moderate Risk,3,2.395034074783325,0.118425,Bare Land,Peri-Urban / Sparse,0.3541,0.005459,0.7311,0.70,#FFAA00
0.3622,Moderate Risk,3,2.3930513858795166,0.116096,Bare Land,Peri-Urban / Sparse,0.3541,0.005454,0.7447,0.70,#FFAA00
0.3665,Moderate Risk,3,2.3631653785705566,0.112407,Bare Land,Peri-Urban / Sparse,0.3541,0.005386,0.7662,0.70,#FFAA00
0.3669,Moderate Risk,3,2.3515625,0.112070,Bare Land,Peri-Urban / Sparse,0.3541,0.005360,0.7682,0.70,#FFAA00
0.3686,Moderate Risk,3,2.626469373703003,0.110739,Bare Land,Peri-Urban / Sparse,0.3541,0.005986,0.7759,0.70,#FFAA00
0.3685,Moderate Risk,3,2.5750925540924072,0.110828,Bare Land,Peri-Urban / Sparse,0.3541,0.005869,0.7754,0.70,#FFAA00
0.3132,Moderate Risk,3,2.353440761566162,,Bare Land,Peri-Urban / Sparse,0.3541,0.005364,0.5000,0.70,#FFAA00
0.3683,Moderate Risk,3,2.379706621170044,0.110835,Bare Land,Peri-Urban / Sparse,0.3541,0.005424,0.7754,0.70,#FFAA00
0.3687,Moderate Risk,3,2.414276599884033,0.110573,Bare Land,Peri-Urban / Sparse,0.3541,0.005503,0.7769,0.70,#FFAA00
0.3718,Moderate Risk,3,2.4117093086242676,0.107875,Bare Land,Peri-Urban / Sparse,0.3541,0.005497,0.7926,0.70,#FFAA00
0.3727,Moderate Risk,3,2.4061760902404785,0.107136,Bare Land,Peri-Urban / Sparse,0.3541,0.005484,0.7970,0.70,#FFAA00
0.3740,Moderate Risk,3,2.3973419666290283,0.105982,Bare Land,Peri-Urban / Sparse,0.3541,0.005464,0.8037,0.70,#FFAA00
0.3751,Moderate Risk,3,2.3797428607940674,0.105046,Bare Land,Peri-Urban / Sparse,0.3541,0.005424,0.8091,0.70,#FFAA00
0.3765,Moderate Risk,3,2.3511314392089844,0.103859,Bare Land,Peri-Urban / Sparse,0.3541,0.005359,0.8161,0.70,#FFAA00
0.3615,Moderate Risk,3,1.7678520679473877,0.116300,Bare Land,Peri-Urban / Sparse,0.3541,0.004029,0.7435,0.70,#FFAA00
0.3667,Moderate Risk,3,1.791486144065857,0.111911,Bare Land,Peri-Urban / Sparse,0.3541,0.004083,0.7691,0.70,#FFAA00
0.3897,Moderate Risk,3,1.8189482688903809,0.109308,Minepits/Industry,Peri-Urban / Sparse,0.3541,0.004146,0.7843,0.90,#FFAA00
0.3663,Moderate Risk,3,1.8406294584274292,0.112301,Bare Land,Peri-Urban / Sparse,0.3541,0.004195,0.7668,0.70,#FFAA00
0.3612,Moderate Risk,3,1.8728525638580322,0.116652,Bare Land,Peri-Urban / Sparse,0.3541,0.004269,0.7415,0.70,#FFAA00
0.3604,Moderate Risk,3,1.9136154651641846,0.117401,Bare Land,Peri-Urban / Sparse,0.3541,0.004362,0.7371,0.70,#FFAA00
0.3593,Moderate Risk,3,1.9775043725967407,0.118369,Bare Land,Peri-Urban / Sparse,0.3541,0.004507,0.7315,0.70,#FFAA00
0.3629,Moderate Risk,3,2.0736870765686035,0.115353,Bare Land,Peri-Urban / Sparse,0.3541,0.004726,0.7490,0.70,#FFAA00
0.3537,Moderate Risk,3,2.1582605838775635,0.123303,Bare Land,Peri-Urban / Sparse,0.3541,0.004919,0.7027,0.70,#FFAA00
0.3575,Moderate Risk,3,2.2141034603118896,0.120084,Bare Land,Peri-Urban / Sparse,0.3541,0.005047,0.7215,0.70,#FFAA00
0.3625,Moderate Risk,3,2.234247922897339,0.115795,Bare Land,Peri-Urban / Sparse,0.3541,0.005092,0.7465,0.70,#FFAA00
0.3631,Moderate Risk,3,2.2413489818573,0.115300,Bare Land,Peri-Urban / Sparse,0.3541,0.005109,0.7494,0.70,#FFAA00
0.3812,Moderate Risk,3,2.2445521354675293,0.116855,Minepits/Industry,Peri-Urban / Sparse,0.3541,0.005116,0.7403,0.90,#FFAA00
0.3603,Moderate Risk,3,2.25797963142395,0.117699,Bare Land,Peri-Urban / Sparse,0.3541,0.005147,0.7354,0.70,#FFAA00
0.3611,Moderate Risk,3,2.2660109996795654,0.116980,Bare Land,Peri-Urban / Sparse,0.3541,0.005165,0.7396,0.70,#FFAA00
0.3619,Moderate Risk,3,2.3173415660858154,0.116301,Bare Land,Peri-Urban / Sparse,0.3541,0.005282,0.7435,0.70,#FFAA00
0.3611,Moderate Risk,3,2.415313959121704,0.117090,Bare Land,Peri-Urban / Sparse,0.3541,0.005505,0.7389,0.70,#FFAA00
0.3594,Moderate Risk,3,2.454714775085449,0.118589,Bare Land,Peri-Urban / Sparse,0.3541,0.005595,0.7302,0.70,#FFAA00
0.3577,Moderate Risk,3,2.4752023220062256,0.120043,Bare Land,Peri-Urban / Sparse,0.3541,0.005642,0.7217,0.70,#FFAA00
0.3570,Moderate Risk,3,2.486528158187866,0.120611,Bare Land,Peri-Urban / Sparse,0.3541,0.005667,0.7184,0.70,#FFAA00
0.3570,Moderate Risk,3,2.4904472827911377,0.120597,Bare Land,Peri-Urban / Sparse,0.3541,0.005676,0.7185,0.70,#FFAA00
0.3577,Moderate Risk,3,2.470421075820923,0.120003,Bare Land,Peri-Urban / Sparse,0.3541,0.005631,0.7219,0.70,#FFAA00
0.3579,Moderate Risk,3,2.4441094398498535,0.119829,Bare Land,Peri-Urban / Sparse,0.3541,0.005571,0.7230,0.70,#FFAA00
0.3580,Moderate Risk,3,2.432652711868286,0.119696,Bare Land,Peri-Urban / Sparse,0.3541,0.005545,0.7237,0.70,#FFAA00
0.3591,Moderate Risk,3,2.4290974140167236,0.118809,Bare Land,Peri-Urban / Sparse,0.3541,0.005537,0.7289,0.70,#FFAA00
0.3594,Moderate Risk,3,2.4290835857391357,0.118545,Bare Land,Peri-Urban / Sparse,0.3541,0.005537,0.7304,0.70,#FFAA00
0.3605,Moderate Risk,3,2.425875425338745,0.117606,Bare Land,Peri-Urban / Sparse,0.3541,0.005529,0.7359,0.70,#FFAA00
0.3637,Moderate Risk,3,2.4062511920928955,0.114852,Bare Land,Peri-Urban / Sparse,0.3541,0.005484,0.7520,0.70,#FFAA00
0.3659,Moderate Risk,3,2.3864669799804688,0.112965,Bare Land,Peri-Urban / Sparse,0.3541,0.005439,0.7630,0.70,#FFAA00
0.3664,Moderate Risk,3,2.655088186264038,0.112691,Bare Land,Peri-Urban / Sparse,0.3541,0.006052,0.7646,0.70,#FFAA00
0.3668,Moderate Risk,3,2.4338321685791016,0.112204,Bare Land,Peri-Urban / Sparse,0.3541,0.005547,0.7674,0.70,#FFAA00
0.3681,Moderate Risk,3,2.3842525482177734,0.111021,Bare Land,Peri-Urban / Sparse,0.3541,0.005434,0.7743,0.70,#FFAA00
0.3684,Moderate Risk,3,2.3820528984069824,0.110792,Bare Land,Peri-Urban / Sparse,0.3541,0.005429,0.7756,0.70,#FFAA00
0.3681,Moderate Risk,3,2.390387535095215,0.111071,Bare Land,Peri-Urban / Sparse,0.3541,0.005448,0.7740,0.70,#FFAA00
0.3688,Moderate Risk,3,2.410491466522217,0.110446,Bare Land,Peri-Urban / Sparse,0.3541,0.005494,0.7777,0.70,#FFAA00
0.3693,Moderate Risk,3,2.429163932800293,0.110011,Bare Land,Peri-Urban / Sparse,0.3541,0.005537,0.7802,0.70,#FFAA00
0.3712,Moderate Risk,3,2.4151663780212402,0.108403,Bare Land,Peri-Urban / Sparse,0.3541,0.005505,0.7896,0.70,#FFAA00
0.3721,Moderate Risk,3,2.3978776931762695,0.107644,Bare Land,Peri-Urban / Sparse,0.3541,0.005465,0.7940,0.70,#FFAA00
0.3722,Moderate Risk,3,2.396394968032837,0.107534,Bare Land,Peri-Urban / Sparse,0.3541,0.005462,0.7946,0.70,#FFAA00
0.3742,Moderate Risk,3,2.3989243507385254,0.105799,Bare Land,Peri-Urban / Sparse,0.3541,0.005468,0.8047,0.70,#FFAA00
0.3133,Moderate Risk,3,2.3847429752349854,,Bare Land,Peri-Urban / Sparse,0.3541,0.005435,0.5000,0.70,#FFAA00
0.3637,Moderate Risk,3,1.8308401107788086,0.114509,Bare Land,Peri-Urban / Sparse,0.3541,0.004173,0.7540,0.70,#FFAA00
0.3694,Moderate Risk,3,1.8624612092971802,0.109637,Bare Land,Peri-Urban / Sparse,0.3541,0.004245,0.7824,0.70,#FFAA00
0.3887,Moderate Risk,3,1.8927541971206665,0.110226,Minepits/Industry,Peri-Urban / Sparse,0.3541,0.004314,0.7789,0.90,#FFAA00
0.3628,Moderate Risk,3,1.9249709844589233,0.115298,Bare Land,Peri-Urban / Sparse,0.3541,0.004388,0.7494,0.70,#FFAA00
0.3612,Moderate Risk,3,1.9718236923217773,0.116687,Bare Land,Peri-Urban / Sparse,0.3541,0.004494,0.7413,0.70,#FFAA00
0.3637,Moderate Risk,3,2.047884464263916,0.114637,Bare Land,Peri-Urban / Sparse,0.3541,0.004668,0.7532,0.70,#FFAA00
0.3650,Moderate Risk,3,2.1286661624908447,0.113587,Bare Land,Peri-Urban / Sparse,0.3541,0.004852,0.7593,0.70,#FFAA00
0.3588,Moderate Risk,3,2.198866844177246,0.118878,Bare Land,Peri-Urban / Sparse,0.3541,0.005012,0.7285,0.70,#FFAA00
0.3523,Moderate Risk,3,2.238086223602295,0.124544,Bare Land,Peri-Urban / Sparse,0.3541,0.005101,0.6955,0.70,#FFAA00
0.3625,Moderate Risk,3,2.2480874061584473,0.115764,Bare Land,Peri-Urban / Sparse,0.3541,0.005124,0.7467,0.70,#FFAA00
0.3624,Moderate Risk,3,2.2664294242858887,0.115848,Bare Land,Peri-Urban / Sparse,0.3541,0.005166,0.7462,0.70,#FFAA00
0.3634,Moderate Risk,3,2.272820472717285,0.115055,Bare Land,Peri-Urban / Sparse,0.3541,0.005180,0.7508,0.70,#FFAA00
0.3602,Moderate Risk,3,2.2727150917053223,0.117782,Bare Land,Peri-Urban / Sparse,0.3541,0.005180,0.7349,0.70,#FFAA00
0.3619,Moderate Risk,3,2.3274950981140137,0.116351,Bare Land,Peri-Urban / Sparse,0.3541,0.005305,0.7432,0.70,#FFAA00
0.3611,Moderate Risk,3,2.394596576690674,0.117097,Bare Land,Peri-Urban / Sparse,0.3541,0.005458,0.7389,0.70,#FFAA00
0.3616,Moderate Risk,3,2.460655450820923,0.116629,Bare Land,Peri-Urban / Sparse,0.3541,0.005608,0.7416,0.70,#FFAA00
0.3820,Moderate Risk,3,2.5084705352783203,0.116341,Minepits/Industry,Peri-Urban / Sparse,0.3541,0.005717,0.7433,0.90,#FFAA00
0.3601,Moderate Risk,3,2.479457139968872,0.117930,Bare Land,Peri-Urban / Sparse,0.3541,0.005651,0.7340,0.70,#FFAA00
0.3577,Moderate Risk,3,2.484261989593506,0.120045,Bare Land,Peri-Urban / Sparse,0.3541,0.005662,0.7217,0.70,#FFAA00
0.3566,Moderate Risk,3,2.481123208999634,0.120977,Bare Land,Peri-Urban / Sparse,0.3541,0.005655,0.7163,0.70,#FFAA00
0.3572,Moderate Risk,3,2.4628655910491943,0.120425,Bare Land,Peri-Urban / Sparse,0.3541,0.005614,0.7195,0.70,#FFAA00
0.3577,Moderate Risk,3,2.443075180053711,0.119981,Bare Land,Peri-Urban / Sparse,0.3541,0.005568,0.7221,0.70,#FFAA00
0.3579,Moderate Risk,3,2.4336183071136475,0.119831,Bare Land,Peri-Urban / Sparse,0.3541,0.005547,0.7229,0.70,#FFAA00
0.3583,Moderate Risk,3,2.4289121627807617,0.119521,Bare Land,Peri-Urban / Sparse,0.3541,0.005536,0.7248,0.70,#FFAA00
0.3590,Moderate Risk,3,2.4223217964172363,0.118865,Bare Land,Peri-Urban / Sparse,0.3541,0.005521,0.7286,0.70,#FFAA00
0.3592,Moderate Risk,3,2.413050651550293,0.118706,Bare Land,Peri-Urban / Sparse,0.3541,0.005500,0.7295,0.70,#FFAA00
0.3609,Moderate Risk,3,2.401547908782959,0.117235,Bare Land,Peri-Urban / Sparse,0.3541,0.005474,0.7381,0.70,#FFAA00
0.3635,Moderate Risk,3,2.3738250732421875,0.114987,Bare Land,Peri-Urban / Sparse,0.3541,0.005411,0.7512,0.70,#FFAA00
0.3649,Moderate Risk,3,2.368424415588379,0.113802,Bare Land,Peri-Urban / Sparse,0.3541,0.005398,0.7581,0.70,#FFAA00
0.3662,Moderate Risk,3,2.3817293643951416,0.112627,Bare Land,Peri-Urban / Sparse,0.3541,0.005429,0.7649,0.70,#FFAA00
0.3673,Moderate Risk,3,2.354111909866333,0.111742,Bare Land,Peri-Urban / Sparse,0.3541,0.005366,0.7701,0.70,#FFAA00
0.3689,Moderate Risk,3,2.35683012008667,0.110343,Bare Land,Peri-Urban / Sparse,0.3541,0.005372,0.7783,0.70,#FFAA00
0.3692,Moderate Risk,3,2.3821499347686768,0.110107,Bare Land,Peri-Urban / Sparse,0.3541,0.005430,0.7796,0.70,#FFAA00
0.3685,Moderate Risk,3,2.393324851989746,0.110745,Bare Land,Peri-Urban / Sparse,0.3541,0.005455,0.7759,0.70,#FFAA00
0.3701,Moderate Risk,3,2.402141571044922,0.109347,Bare Land,Peri-Urban / Sparse,0.3541,0.005475,0.7841,0.70,#FFAA00
0.3698,Moderate Risk,3,2.4226436614990234,0.109653,Bare Land,Peri-Urban / Sparse,0.3541,0.005522,0.7823,0.70,#FFAA00
0.3709,Moderate Risk,3,2.445852279663086,0.108699,Bare Land,Peri-Urban / Sparse,0.3541,0.005575,0.7878,0.70,#FFAA00
0.3710,Moderate Risk,3,2.432079315185547,0.108615,Bare Land,Peri-Urban / Sparse,0.3541,0.005543,0.7883,0.70,#FFAA00
0.3724,Moderate Risk,3,2.4144234657287598,0.107394,Bare Land,Peri-Urban / Sparse,0.3541,0.005503,0.7954,0.70,#FFAA00
0.3743,Moderate Risk,3,2.3936214447021484,0.105777,Bare Land,Peri-Urban / Sparse,0.3541,0.005456,0.8049,0.70,#FFAA00
0.3132,Moderate Risk,3,2.3443784713745117,,Bare Land,Peri-Urban / Sparse,0.3541,0.005343,0.5000,0.70,#FFAA00
0.3653,Moderate Risk,3,1.9421756267547607,0.113206,Bare Land,Peri-Urban / Sparse,0.3541,0.004427,0.7616,0.70,#FFAA00
0.3897,Moderate Risk,3,2.0098962783813477,0.109437,Minepits/Industry,Peri-Urban / Sparse,0.3541,0.004581,0.7835,0.90,#FFAA00
0.3663,Moderate Risk,3,1.9692782163619995,0.112384,Bare Land,Peri-Urban / Sparse,0.3541,0.004489,0.7664,0.70,#FFAA00
0.3635,Moderate Risk,3,2.0446386337280273,0.114774,Bare Land,Peri-Urban / Sparse,0.3541,0.004660,0.7524,0.70,#FFAA00
0.3671,Moderate Risk,3,2.1313436031341553,0.111794,Bare Land,Peri-Urban / Sparse,0.3541,0.004858,0.7698,0.70,#FFAA00
0.3667,Moderate Risk,3,2.1880428791046143,0.112156,Bare Land,Peri-Urban / Sparse,0.3541,0.004987,0.7677,0.70,#FFAA00
0.3682,Moderate Risk,3,2.2073426246643066,0.110848,Bare Land,Peri-Urban / Sparse,0.3541,0.005031,0.7753,0.70,#FFAA00
0.3540,Moderate Risk,3,2.2092859745025635,0.123074,Bare Land,Peri-Urban / Sparse,0.3541,0.005036,0.7040,0.70,#FFAA00
0.3520,Moderate Risk,3,2.215301990509033,0.124726,Bare Land,Peri-Urban / Sparse,0.3541,0.005049,0.6944,0.70,#FFAA00
0.3638,Moderate Risk,3,2.2284810543060303,0.114606,Bare Land,Peri-Urban / Sparse,0.3541,0.005079,0.7534,0.70,#FFAA00
0.3619,Moderate Risk,3,2.2611236572265625,0.116258,Bare Land,Peri-Urban / Sparse,0.3541,0.005154,0.7438,0.70,#FFAA00
0.3620,Moderate Risk,3,2.2766573429107666,0.116256,Bare Land,Peri-Urban / Sparse,0.3541,0.005189,0.7438,0.70,#FFAA00
0.3610,Moderate Risk,3,2.326417922973633,0.117135,Bare Land,Peri-Urban / Sparse,0.3541,0.005303,0.7387,0.70,#FFAA00
0.3621,Moderate Risk,3,4.105924129486084,0.117222,Bare Land,Peri-Urban / Sparse,0.3541,0.009358,0.7382,0.70,#FFAA00
0.3607,Moderate Risk,3,4.489033222198486,0.118602,Bare Land,Peri-Urban / Sparse,0.3541,0.010232,0.7301,0.70,#FFAA00
0.3608,Moderate Risk,3,2.5610764026641846,0.117387,Bare Land,Peri-Urban / Sparse,0.3541,0.005837,0.7372,0.70,#FFAA00
0.3615,Moderate Risk,3,2.4805915355682373,0.116806,Bare Land,Peri-Urban / Sparse,0.3541,0.005654,0.7406,0.70,#FFAA00
0.3578,Moderate Risk,3,2.4797561168670654,0.119967,Bare Land,Peri-Urban / Sparse,0.3541,0.005652,0.7222,0.70,#FFAA00
0.3568,Moderate Risk,3,2.473961591720581,0.120797,Bare Land,Peri-Urban / Sparse,0.3541,0.005639,0.7173,0.70,#FFAA00
0.3574,Moderate Risk,3,2.4584739208221436,0.120302,Bare Land,Peri-Urban / Sparse,0.3541,0.005604,0.7202,0.70,#FFAA00
0.3580,Moderate Risk,3,2.4362239837646484,0.119757,Bare Land,Peri-Urban / Sparse,0.3541,0.005553,0.7234,0.70,#FFAA00
0.3578,Moderate Risk,3,2.4208908081054688,0.119942,Bare Land,Peri-Urban / Sparse,0.3541,0.005518,0.7223,0.70,#FFAA00
0.3592,Moderate Risk,3,2.4133076667785645,0.118736,Bare Land,Peri-Urban / Sparse,0.3541,0.005501,0.7293,0.70,#FFAA00
0.3589,Moderate Risk,3,2.40736722946167,0.118989,Bare Land,Peri-Urban / Sparse,0.3541,0.005487,0.7279,0.70,#FFAA00
0.3595,Moderate Risk,3,2.3985350131988525,0.118452,Bare Land,Peri-Urban / Sparse,0.3541,0.005467,0.7310,0.70,#FFAA00
0.3600,Moderate Risk,3,2.392343044281006,0.118018,Bare Land,Peri-Urban / Sparse,0.3541,0.005453,0.7335,0.70,#FFAA00
0.3614,Moderate Risk,3,2.3634033203125,0.116818,Bare Land,Peri-Urban / Sparse,0.3541,0.005387,0.7405,0.70,#FFAA00
0.3635,Moderate Risk,3,2.3574910163879395,0.115016,Bare Land,Peri-Urban / Sparse,0.3541,0.005373,0.7510,0.70,#FFAA00
0.3643,Moderate Risk,3,2.3583502769470215,0.114302,Bare Land,Peri-Urban / Sparse,0.3541,0.005375,0.7552,0.70,#FFAA00
0.3671,Moderate Risk,3,2.3477580547332764,0.111900,Bare Land,Peri-Urban / Sparse,0.3541,0.005351,0.7692,0.70,#FFAA00
0.3672,Moderate Risk,3,2.327916383743286,0.111768,Bare Land,Peri-Urban / Sparse,0.3541,0.005306,0.7699,0.70,#FFAA00
0.3681,Moderate Risk,3,2.3310434818267822,0.111009,Bare Land,Peri-Urban / Sparse,0.3541,0.005313,0.7744,0.70,#FFAA00
0.3697,Moderate Risk,3,2.3490803241729736,0.109658,Bare Land,Peri-Urban / Sparse,0.3541,0.005354,0.7822,0.70,#FFAA00
0.3695,Moderate Risk,3,2.373746633529663,0.109865,Bare Land,Peri-Urban / Sparse,0.3541,0.005410,0.7810,0.70,#FFAA00
0.3699,Moderate Risk,3,2.3877687454223633,0.109548,Bare Land,Peri-Urban / Sparse,0.3541,0.005442,0.7829,0.70,#FFAA00
0.3696,Moderate Risk,3,2.388084888458252,0.109757,Bare Land,Peri-Urban / Sparse,0.3541,0.005443,0.7817,0.70,#FFAA00
0.3703,Moderate Risk,3,2.390666961669922,0.109170,Bare Land,Peri-Urban / Sparse,0.3541,0.005449,0.7851,0.70,#FFAA00
0.3709,Moderate Risk,3,2.423530101776123,0.108643,Bare Land,Peri-Urban / Sparse,0.3541,0.005524,0.7882,0.70,#FFAA00
0.3722,Moderate Risk,3,2.4342293739318848,0.107587,Bare Land,Peri-Urban / Sparse,0.3541,0.005548,0.7943,0.70,#FFAA00
0.3730,Moderate Risk,3,2.401284694671631,0.106825,Bare Land,Peri-Urban / Sparse,0.3541,0.005473,0.7988,0.70,#FFAA00
0.3750,Moderate Risk,3,2.340569496154785,0.105115,Bare Land,Peri-Urban / Sparse,0.3541,0.005335,0.8087,0.70,#FFAA00
0.3657,Moderate Risk,3,2.090773820877075,0.112930,Bare Land,Peri-Urban / Sparse,0.3541,0.004765,0.7632,0.70,#FFAA00
0.3667,Moderate Risk,3,2.151090621948242,0.112133,Bare Land,Peri-Urban / Sparse,0.3541,0.004903,0.7678,0.70,#FFAA00
0.3670,Moderate Risk,3,2.1268773078918457,0.111859,Bare Land,Peri-Urban / Sparse,0.3541,0.004848,0.7694,0.70,#FFAA00
0.3673,Moderate Risk,3,2.145341157913208,0.111557,Bare Land,Peri-Urban / Sparse,0.3541,0.004890,0.7712,0.70,#FFAA00
0.3694,Moderate Risk,3,2.1618945598602295,0.109779,Bare Land,Peri-Urban / Sparse,0.3541,0.004928,0.7815,0.70,#FFAA00
0.3854,Moderate Risk,3,2.2023277282714844,0.113262,Minepits/Industry,Peri-Urban / Sparse,0.3541,0.005020,0.7612,0.90,#FFAA00
0.3603,Moderate Risk,3,2.2385783195495605,0.117635,Bare Land,Peri-Urban / Sparse,0.3541,0.005102,0.7357,0.70,#FFAA00
0.3528,Moderate Risk,3,2.2505922317504883,0.124067,Bare Land,Peri-Urban / Sparse,0.3541,0.005130,0.6983,0.70,#FFAA00
0.3587,Moderate Risk,3,2.252553939819336,0.119071,Bare Land,Peri-Urban / Sparse,0.3541,0.005134,0.7274,0.70,#FFAA00
0.3597,Moderate Risk,3,2.249566078186035,0.118168,Bare Land,Peri-Urban / Sparse,0.3541,0.005127,0.7326,0.70,#FFAA00
0.3614,Moderate Risk,3,2.2523741722106934,0.116753,Bare Land,Peri-Urban / Sparse,0.3541,0.005134,0.7409,0.70,#FFAA00
0.3594,Moderate Risk,3,2.2847297191619873,0.118487,Bare Land,Peri-Urban / Sparse,0.3541,0.005208,0.7308,0.70,#FFAA00
0.3614,Moderate Risk,3,2.3786208629608154,0.116803,Bare Land,Peri-Urban / Sparse,0.3541,0.005422,0.7406,0.70,#FFAA00
0.3610,Moderate Risk,3,2.7039291858673096,0.117334,Bare Land,Peri-Urban / Sparse,0.3541,0.006163,0.7375,0.70,#FFAA00
0.3608,Moderate Risk,3,2.7972419261932373,0.117566,Bare Land,Peri-Urban / Sparse,0.3541,0.006376,0.7361,0.70,#FFAA00
0.3606,Moderate Risk,3,2.498073101043701,0.117542,Bare Land,Peri-Urban / Sparse,0.3541,0.005694,0.7363,0.70,#FFAA00
0.3585,Moderate Risk,3,2.4800734519958496,0.119323,Bare Land,Peri-Urban / Sparse,0.3541,0.005653,0.7259,0.70,#FFAA00
0.3566,Moderate Risk,3,2.4685661792755127,0.120972,Bare Land,Peri-Urban / Sparse,0.3541,0.005627,0.7163,0.70,#FFAA00
0.3562,Moderate Risk,3,2.447575807571411,0.121256,Bare Land,Peri-Urban / Sparse,0.3541,0.005579,0.7146,0.70,#FFAA00
0.3571,Moderate Risk,3,2.427057981491089,0.120481,Bare Land,Peri-Urban / Sparse,0.3541,0.005532,0.7192,0.70,#FFAA00
0.3581,Moderate Risk,3,2.413814067840576,0.119681,Bare Land,Peri-Urban / Sparse,0.3541,0.005502,0.7238,0.70,#FFAA00
0.3573,Moderate Risk,3,2.4056522846221924,0.120342,Bare Land,Peri-Urban / Sparse,0.3541,0.005483,0.7200,0.70,#FFAA00
0.3582,Moderate Risk,3,2.3957321643829346,0.119518,Bare Land,Peri-Urban / Sparse,0.3541,0.005461,0.7248,0.70,#FFAA00
0.3587,Moderate Risk,3,2.3864428997039795,0.119106,Bare Land,Peri-Urban / Sparse,0.3541,0.005439,0.7272,0.70,#FFAA00
0.3595,Moderate Risk,3,2.379772424697876,0.118447,Bare Land,Peri-Urban / Sparse,0.3541,0.005424,0.7310,0.70,#FFAA00
0.3611,Moderate Risk,3,2.3542838096618652,0.117025,Bare Land,Peri-Urban / Sparse,0.3541,0.005366,0.7393,0.70,#FFAA00
0.3629,Moderate Risk,3,2.341459035873413,0.115522,Bare Land,Peri-Urban / Sparse,0.3541,0.005337,0.7481,0.70,#FFAA00
0.3657,Moderate Risk,3,2.3412911891937256,0.113063,Bare Land,Peri-Urban / Sparse,0.3541,0.005336,0.7624,0.70,#FFAA00
0.3666,Moderate Risk,3,2.3326621055603027,0.112300,Bare Land,Peri-Urban / Sparse,0.3541,0.005317,0.7668,0.70,#FFAA00
0.3677,Moderate Risk,3,2.313692331314087,0.111340,Bare Land,Peri-Urban / Sparse,0.3541,0.005274,0.7724,0.70,#FFAA00
0.3684,Moderate Risk,3,2.3121845722198486,0.110758,Bare Land,Peri-Urban / Sparse,0.3541,0.005270,0.7758,0.70,#FFAA00
0.3699,Moderate Risk,3,2.314866304397583,0.109421,Bare Land,Peri-Urban / Sparse,0.3541,0.005276,0.7836,0.70,#FFAA00
0.3703,Moderate Risk,3,2.321298837661743,0.109079,Bare Land,Peri-Urban / Sparse,0.3541,0.005291,0.7856,0.70,#FFAA00
0.3703,Moderate Risk,3,2.3369741439819336,0.109121,Bare Land,Peri-Urban / Sparse,0.3541,0.005327,0.7854,0.70,#FFAA00
0.3698,Moderate Risk,3,2.3611929416656494,0.109616,Bare Land,Peri-Urban / Sparse,0.3541,0.005382,0.7825,0.70,#FFAA00
0.3700,Moderate Risk,3,2.371729850769043,0.109411,Bare Land,Peri-Urban / Sparse,0.3541,0.005406,0.7837,0.70,#FFAA00
0.3700,Moderate Risk,3,2.3689804077148438,0.109440,Bare Land,Peri-Urban / Sparse,0.3541,0.005400,0.7835,0.70,#FFAA00
0.3706,Moderate Risk,3,2.368264675140381,0.108883,Bare Land,Peri-Urban / Sparse,0.3541,0.005398,0.7868,0.70,#FFAA00
0.3711,Moderate Risk,3,2.3826334476470947,0.108477,Bare Land,Peri-Urban / Sparse,0.3541,0.005431,0.7891,0.70,#FFAA00
0.3727,Moderate Risk,3,2.356626033782959,0.107080,Bare Land,Peri-Urban / Sparse,0.3541,0.005371,0.7973,0.70,#FFAA00
0.3739,Moderate Risk,3,2.3415353298187256,0.106071,Bare Land,Peri-Urban / Sparse,0.3541,0.005337,0.8032,0.70,#FFAA00
0.3132,Moderate Risk,3,2.3442981243133545,,Bare Land,Peri-Urban / Sparse,0.3541,0.005343,0.5000,0.70,#FFAA00
0.3888,Moderate Risk,3,2.087661027908325,0.110257,Minepits/Industry,Peri-Urban / Sparse,0.3541,0.004758,0.7788,0.90,#FFAA00
0.3708,Moderate Risk,3,2.120103597640991,0.108558,Bare Land,Peri-Urban / Sparse,0.3541,0.004832,0.7887,0.70,#FFAA00
0.3910,Moderate Risk,3,2.143192768096924,0.108453,Minepits/Industry,Peri-Urban / Sparse,0.3541,0.004885,0.7893,0.90,#FFAA00
0.3631,Moderate Risk,3,2.15193510055542,0.115213,Bare Land,Peri-Urban / Sparse,0.3541,0.004905,0.7499,0.70,#FFAA00
0.3640,Moderate Risk,3,2.154094696044922,0.114419,Bare Land,Peri-Urban / Sparse,0.3541,0.004910,0.7545,0.70,#FFAA00
0.3655,Moderate Risk,3,2.169003963470459,0.113191,Bare Land,Peri-Urban / Sparse,0.3541,0.004944,0.7617,0.70,#FFAA00
0.3560,Moderate Risk,3,2.189065456390381,0.121272,Bare Land,Peri-Urban / Sparse,0.3541,0.004989,0.7145,0.70,#FFAA00
0.3530,Moderate Risk,3,2.2198567390441895,0.123931,Bare Land,Peri-Urban / Sparse,0.3541,0.005060,0.6990,0.70,#FFAA00
0.3571,Moderate Risk,3,2.2545418739318848,0.120371,Bare Land,Peri-Urban / Sparse,0.3541,0.005139,0.7198,0.70,#FFAA00
0.3589,Moderate Risk,3,2.3062946796417236,0.118872,Bare Land,Peri-Urban / Sparse,0.3541,0.005257,0.7285,0.70,#FFAA00
0.3619,Moderate Risk,3,2.3791866302490234,0.116363,Bare Land,Peri-Urban / Sparse,0.3541,0.005423,0.7432,0.70,#FFAA00
0.3603,Moderate Risk,3,2.428632974624634,0.117738,Bare Land,Peri-Urban / Sparse,0.3541,0.005535,0.7351,0.70,#FFAA00
0.3600,Moderate Risk,3,2.4523966312408447,0.118035,Bare Land,Peri-Urban / Sparse,0.3541,0.005590,0.7334,0.70,#FFAA00
0.3591,Moderate Risk,3,2.4640302658081055,0.118802,Bare Land,Peri-Urban / Sparse,0.3541,0.005616,0.7289,0.70,#FFAA00
0.3581,Moderate Risk,3,2.4638543128967285,0.119625,Bare Land,Peri-Urban / Sparse,0.3541,0.005616,0.7241,0.70,#FFAA00
0.3584,Moderate Risk,3,2.4543025493621826,0.119428,Bare Land,Peri-Urban / Sparse,0.3541,0.005594,0.7253,0.70,#FFAA00
0.3567,Moderate Risk,3,2.444028615951538,0.120909,Bare Land,Peri-Urban / Sparse,0.3541,0.005571,0.7167,0.70,#FFAA00
0.3554,Moderate Risk,3,2.4292712211608887,0.121966,Bare Land,Peri-Urban / Sparse,0.3541,0.005537,0.7105,0.70,#FFAA00
0.3558,Moderate Risk,3,2.4118576049804688,0.121609,Bare Land,Peri-Urban / Sparse,0.3541,0.005497,0.7126,0.70,#FFAA00
0.3577,Moderate Risk,3,2.4023399353027344,0.119983,Bare Land,Peri-Urban / Sparse,0.3541,0.005476,0.7221,0.70,#FFAA00
0.3577,Moderate Risk,3,2.395522356033325,0.119959,Bare Land,Peri-Urban / Sparse,0.3541,0.005460,0.7222,0.70,#FFAA00
0.3569,Moderate Risk,3,2.3875186443328857,0.120637,Bare Land,Peri-Urban / Sparse,0.3541,0.005442,0.7182,0.70,#FFAA00
0.3581,Moderate Risk,3,2.3807406425476074,0.119612,Bare Land,Peri-Urban / Sparse,0.3541,0.005426,0.7242,0.70,#FFAA00
0.3593,Moderate Risk,3,2.372248888015747,0.118589,Bare Land,Peri-Urban / Sparse,0.3541,0.005407,0.7302,0.70,#FFAA00
0.3604,Moderate Risk,3,2.3409645557403564,0.117620,Bare Land,Peri-Urban / Sparse,0.3541,0.005336,0.7358,0.70,#FFAA00
0.3617,Moderate Risk,3,2.3284292221069336,0.116476,Bare Land,Peri-Urban / Sparse,0.3541,0.005307,0.7425,0.70,#FFAA00
0.3657,Moderate Risk,3,2.329921007156372,0.113091,Bare Land,Peri-Urban / Sparse,0.3541,0.005311,0.7622,0.70,#FFAA00
0.3658,Moderate Risk,3,2.318622350692749,0.113006,Bare Land,Peri-Urban / Sparse,0.3541,0.005285,0.7627,0.70,#FFAA00
0.3667,Moderate Risk,3,2.3002681732177734,0.112246,Bare Land,Peri-Urban / Sparse,0.3541,0.005243,0.7672,0.70,#FFAA00
0.3684,Moderate Risk,3,2.2978086471557617,0.110737,Bare Land,Peri-Urban / Sparse,0.3541,0.005237,0.7760,0.70,#FFAA00
0.3702,Moderate Risk,3,2.2979748249053955,0.109195,Bare Land,Peri-Urban / Sparse,0.3541,0.005238,0.7849,0.70,#FFAA00
0.3708,Moderate Risk,3,2.299532890319824,0.108673,Bare Land,Peri-Urban / Sparse,0.3541,0.005241,0.7880,0.70,#FFAA00
0.3702,Moderate Risk,3,2.3009164333343506,0.109187,Bare Land,Peri-Urban / Sparse,0.3541,0.005244,0.7850,0.70,#FFAA00
0.3703,Moderate Risk,3,2.302492141723633,0.109112,Bare Land,Peri-Urban / Sparse,0.3541,0.005248,0.7854,0.70,#FFAA00
0.3697,Moderate Risk,3,2.3051552772521973,0.109640,Bare Land,Peri-Urban / Sparse,0.3541,0.005254,0.7824,0.70,#FFAA00
0.3694,Moderate Risk,3,2.3265247344970703,0.109923,Bare Land,Peri-Urban / Sparse,0.3541,0.005303,0.7807,0.70,#FFAA00
0.3708,Moderate Risk,3,2.3494150638580322,0.108723,Bare Land,Peri-Urban / Sparse,0.3541,0.005355,0.7877,0.70,#FFAA00
0.3710,Moderate Risk,3,2.34842848777771,0.108560,Bare Land,Peri-Urban / Sparse,0.3541,0.005353,0.7886,0.70,#FFAA00
0.3717,Moderate Risk,3,2.3383026123046875,0.107972,Bare Land,Peri-Urban / Sparse,0.3541,0.005330,0.7921,0.70,#FFAA00
0.3719,Moderate Risk,3,2.3023276329040527,0.107767,Bare Land,Peri-Urban / Sparse,0.3541,0.005248,0.7933,0.70,#FFAA00
0.3728,Moderate Risk,3,2.3149256706237793,0.107001,Bare Land,Peri-Urban / Sparse,0.3541,0.005276,0.7977,0.70,#FFAA00
0.3738,Moderate Risk,3,2.336341381072998,0.106116,Bare Land,Peri-Urban / Sparse,0.3541,0.005325,0.8029,0.70,#FFAA00
0.3743,Moderate Risk,3,1.9246857166290283,0.105469,Bare Land,Peri-Urban / Sparse,0.3541,0.004387,0.8067,0.70,#FFAA00
0.3724,Moderate Risk,3,1.972637414932251,0.107151,Bare Land,Peri-Urban / Sparse,0.3541,0.004496,0.7969,0.70,#FFAA00
0.3692,Moderate Risk,3,2.0639257431030273,0.109955,Bare Land,Peri-Urban / Sparse,0.3541,0.004704,0.7805,0.70,#FFAA00
0.3617,Moderate Risk,3,2.1350040435791016,0.116402,Bare Land,Peri-Urban / Sparse,0.3541,0.004866,0.7429,0.70,#FFAA00
0.3617,Moderate Risk,3,2.164982318878174,0.116403,Bare Land,Peri-Urban / Sparse,0.3541,0.004935,0.7429,0.70,#FFAA00
0.3609,Moderate Risk,3,2.1827871799468994,0.117115,Bare Land,Peri-Urban / Sparse,0.3541,0.004975,0.7388,0.70,#FFAA00
0.3558,Moderate Risk,3,2.203869581222534,0.121497,Bare Land,Peri-Urban / Sparse,0.3541,0.005023,0.7132,0.70,#FFAA00
0.3561,Moderate Risk,3,2.2392754554748535,0.121284,Bare Land,Peri-Urban / Sparse,0.3541,0.005104,0.7145,0.70,#FFAA00
0.3593,Moderate Risk,3,2.289903402328491,0.118509,Bare Land,Peri-Urban / Sparse,0.3541,0.005219,0.7307,0.70,#FFAA00
0.3601,Moderate Risk,3,2.3490006923675537,0.117900,Bare Land,Peri-Urban / Sparse,0.3541,0.005354,0.7342,0.70,#FFAA00
0.3587,Moderate Risk,3,2.4011566638946533,0.119139,Bare Land,Peri-Urban / Sparse,0.3541,0.005473,0.7270,0.70,#FFAA00
0.3591,Moderate Risk,3,2.449784994125366,0.118814,Bare Land,Peri-Urban / Sparse,0.3541,0.005584,0.7289,0.70,#FFAA00
0.3584,Moderate Risk,3,2.4717202186584473,0.119413,Bare Land,Peri-Urban / Sparse,0.3541,0.005634,0.7254,0.70,#FFAA00
0.3580,Moderate Risk,3,2.4692299365997314,0.119721,Bare Land,Peri-Urban / Sparse,0.3541,0.005628,0.7236,0.70,#FFAA00
0.3566,Moderate Risk,3,2.463625192642212,0.120984,Bare Land,Peri-Urban / Sparse,0.3541,0.005615,0.7162,0.70,#FFAA00
0.3567,Moderate Risk,3,2.4541428089141846,0.120874,Bare Land,Peri-Urban / Sparse,0.3541,0.005594,0.7169,0.70,#FFAA00
0.3565,Moderate Risk,3,2.437295913696289,0.121052,Bare Land,Peri-Urban / Sparse,0.3541,0.005555,0.7158,0.70,#FFAA00
0.3556,Moderate Risk,3,2.423659324645996,0.121788,Bare Land,Peri-Urban / Sparse,0.3541,0.005524,0.7115,0.70,#FFAA00
0.3567,Moderate Risk,3,2.410635232925415,0.120825,Bare Land,Peri-Urban / Sparse,0.3541,0.005494,0.7172,0.70,#FFAA00
0.3587,Moderate Risk,3,2.396207094192505,0.119098,Bare Land,Peri-Urban / Sparse,0.3541,0.005462,0.7272,0.70,#FFAA00
0.3578,Moderate Risk,3,2.3832530975341797,0.119849,Bare Land,Peri-Urban / Sparse,0.3541,0.005432,0.7228,0.70,#FFAA00
0.3569,Moderate Risk,3,2.3789138793945312,0.120612,Bare Land,Peri-Urban / Sparse,0.3541,0.005422,0.7184,0.70,#FFAA00
0.3589,Moderate Risk,3,2.3640880584716797,0.118937,Bare Land,Peri-Urban / Sparse,0.3541,0.005388,0.7282,0.70,#FFAA00
0.3132,Moderate Risk,3,2.335456132888794,,Bare Land,Peri-Urban / Sparse,0.3541,0.005323,0.5000,0.70,#FFAA00
0.3601,Moderate Risk,3,2.3214616775512695,0.117874,Bare Land,Peri-Urban / Sparse,0.3541,0.005291,0.7344,0.70,#FFAA00
0.3655,Moderate Risk,3,2.3194010257720947,0.113213,Bare Land,Peri-Urban / Sparse,0.3541,0.005287,0.7615,0.70,#FFAA00
0.3666,Moderate Risk,3,2.295118570327759,0.112301,Bare Land,Peri-Urban / Sparse,0.3541,0.005231,0.7668,0.70,#FFAA00
0.3675,Moderate Risk,3,2.2463955879211426,0.111489,Bare Land,Peri-Urban / Sparse,0.3541,0.005120,0.7716,0.70,#FFAA00
0.3674,Moderate Risk,3,2.2466368675231934,0.111570,Bare Land,Peri-Urban / Sparse,0.3541,0.005121,0.7711,0.70,#FFAA00
0.3684,Moderate Risk,3,2.2761847972869873,0.110694,Bare Land,Peri-Urban / Sparse,0.3541,0.005188,0.7762,0.70,#FFAA00
0.3686,Moderate Risk,3,2.284050464630127,0.110541,Bare Land,Peri-Urban / Sparse,0.3541,0.005206,0.7771,0.70,#FFAA00
0.3693,Moderate Risk,3,2.2832510471343994,0.109996,Bare Land,Peri-Urban / Sparse,0.3541,0.005204,0.7803,0.70,#FFAA00
0.3704,Moderate Risk,3,2.283160448074341,0.109054,Bare Land,Peri-Urban / Sparse,0.3541,0.005204,0.7858,0.70,#FFAA00
0.3706,Moderate Risk,3,2.282012462615967,0.108830,Bare Land,Peri-Urban / Sparse,0.3541,0.005201,0.7871,0.70,#FFAA00
0.3699,Moderate Risk,3,2.2737979888916016,0.109425,Bare Land,Peri-Urban / Sparse,0.3541,0.005183,0.7836,0.70,#FFAA00
0.3700,Moderate Risk,3,2.2719368934631348,0.109353,Bare Land,Peri-Urban / Sparse,0.3541,0.005178,0.7840,0.70,#FFAA00
0.3701,Moderate Risk,3,2.2859182357788086,0.109245,Bare Land,Peri-Urban / Sparse,0.3541,0.005210,0.7847,0.70,#FFAA00
0.3700,Moderate Risk,3,2.300276517868042,0.109342,Bare Land,Peri-Urban / Sparse,0.3541,0.005243,0.7841,0.70,#FFAA00
0.3709,Moderate Risk,3,2.3212451934814453,0.108640,Bare Land,Peri-Urban / Sparse,0.3541,0.005291,0.7882,0.70,#FFAA00
0.3719,Moderate Risk,3,2.312425136566162,0.107734,Bare Land,Peri-Urban / Sparse,0.3541,0.005271,0.7935,0.70,#FFAA00
0.3730,Moderate Risk,3,2.277080535888672,0.106801,Bare Land,Peri-Urban / Sparse,0.3541,0.005190,0.7989,0.70,#FFAA00
0.3731,Moderate Risk,3,2.291794538497925,0.106719,Bare Land,Peri-Urban / Sparse,0.3541,0.005224,0.7994,0.70,#FFAA00
0.3132,Moderate Risk,3,2.3137216567993164,,Bare Land,Peri-Urban / Sparse,0.3541,0.005274,0.5000,0.70,#FFAA00
0.3642,Moderate Risk,3,1.8245011568069458,0.114035,Bare Land,Peri-Urban / Sparse,0.3541,0.004159,0.7567,0.70,#FFAA00
0.3656,Moderate Risk,3,1.8736759424209595,0.112893,Bare Land,Peri-Urban / Sparse,0.3541,0.004271,0.7634,0.70,#FFAA00
0.3639,Moderate Risk,3,1.930538535118103,0.114355,Bare Land,Peri-Urban / Sparse,0.3541,0.004400,0.7549,0.70,#FFAA00
0.3616,Moderate Risk,3,2.0115580558776855,0.116375,Bare Land,Peri-Urban / Sparse,0.3541,0.004585,0.7431,0.70,#FFAA00
0.3626,Moderate Risk,3,2.1188220977783203,0.115574,Bare Land,Peri-Urban / Sparse,0.3541,0.004829,0.7478,0.70,#FFAA00
0.3574,Moderate Risk,3,2.227355718612671,0.120092,Bare Land,Peri-Urban / Sparse,0.3541,0.005077,0.7214,0.70,#FFAA00
0.3558,Moderate Risk,3,2.287220001220703,0.121506,Bare Land,Peri-Urban / Sparse,0.3541,0.005213,0.7132,0.70,#FFAA00
0.3566,Moderate Risk,3,2.3219597339630127,0.120852,Bare Land,Peri-Urban / Sparse,0.3541,0.005292,0.7170,0.70,#FFAA00
0.3596,Moderate Risk,3,2.350142478942871,0.118334,Bare Land,Peri-Urban / Sparse,0.3541,0.005357,0.7317,0.70,#FFAA00
0.3588,Moderate Risk,3,2.3712003231048584,0.118988,Bare Land,Peri-Urban / Sparse,0.3541,0.005405,0.7279,0.70,#FFAA00
0.3578,Moderate Risk,3,2.349209785461426,0.119824,Bare Land,Peri-Urban / Sparse,0.3541,0.005354,0.7230,0.70,#FFAA00
0.3587,Moderate Risk,3,2.3566625118255615,0.119079,Bare Land,Peri-Urban / Sparse,0.3541,0.005371,0.7273,0.70,#FFAA00
0.3570,Moderate Risk,3,2.3795416355133057,0.120533,Bare Land,Peri-Urban / Sparse,0.3541,0.005424,0.7189,0.70,#FFAA00
0.3566,Moderate Risk,3,2.4066390991210938,0.120938,Bare Land,Peri-Urban / Sparse,0.3541,0.005485,0.7165,0.70,#FFAA00
0.3567,Moderate Risk,3,2.4200918674468994,0.120810,Bare Land,Peri-Urban / Sparse,0.3541,0.005516,0.7172,0.70,#FFAA00
0.3564,Moderate Risk,3,2.419182062149048,0.121089,Bare Land,Peri-Urban / Sparse,0.3541,0.005514,0.7156,0.70,#FFAA00
0.3564,Moderate Risk,3,2.407858371734619,0.121114,Bare Land,Peri-Urban / Sparse,0.3541,0.005488,0.7155,0.70,#FFAA00
0.3557,Moderate Risk,3,2.3950278759002686,0.121662,Bare Land,Peri-Urban / Sparse,0.3541,0.005459,0.7123,0.70,#FFAA00
0.3562,Moderate Risk,3,2.391659736633301,0.121293,Bare Land,Peri-Urban / Sparse,0.3541,0.005451,0.7144,0.70,#FFAA00
0.3558,Moderate Risk,3,2.3941972255706787,0.121629,Bare Land,Peri-Urban / Sparse,0.3541,0.005457,0.7125,0.70,#FFAA00
0.3568,Moderate Risk,3,2.397129535675049,0.120739,Bare Land,Peri-Urban / Sparse,0.3541,0.005464,0.7177,0.70,#FFAA00
0.3581,Moderate Risk,3,2.386059522628784,0.119609,Bare Land,Peri-Urban / Sparse,0.3541,0.005438,0.7242,0.70,#FFAA00
0.3593,Moderate Risk,3,2.360786199569702,0.118584,Bare Land,Peri-Urban / Sparse,0.3541,0.005381,0.7302,0.70,#FFAA00
0.3609,Moderate Risk,3,2.353667736053467,0.117158,Bare Land,Peri-Urban / Sparse,0.3541,0.005365,0.7385,0.70,#FFAA00
0.3610,Moderate Risk,3,2.3427062034606934,0.117101,Bare Land,Peri-Urban / Sparse,0.3541,0.005340,0.7389,0.70,#FFAA00
0.3636,Moderate Risk,3,2.307190179824829,0.114869,Bare Land,Peri-Urban / Sparse,0.3541,0.005259,0.7519,0.70,#FFAA00
0.3683,Moderate Risk,3,2.2590980529785156,0.110800,Bare Land,Peri-Urban / Sparse,0.3541,0.005149,0.7756,0.70,#FFAA00
0.3680,Moderate Risk,3,2.249068021774292,0.111091,Bare Land,Peri-Urban / Sparse,0.3541,0.005126,0.7739,0.70,#FFAA00
0.3694,Moderate Risk,3,2.3769845962524414,0.109891,Bare Land,Peri-Urban / Sparse,0.3541,0.005418,0.7809,0.70,#FFAA00
0.3696,Moderate Risk,3,2.294323444366455,0.109677,Bare Land,Peri-Urban / Sparse,0.3541,0.005229,0.7821,0.70,#FFAA00
0.3692,Moderate Risk,3,2.2886221408843994,0.110025,Bare Land,Peri-Urban / Sparse,0.3541,0.005216,0.7801,0.70,#FFAA00
0.3692,Moderate Risk,3,2.298614978790283,0.110083,Bare Land,Peri-Urban / Sparse,0.3541,0.005239,0.7798,0.70,#FFAA00
0.3698,Moderate Risk,3,2.303302764892578,0.109523,Bare Land,Peri-Urban / Sparse,0.3541,0.005250,0.7830,0.70,#FFAA00
0.3711,Moderate Risk,3,2.306328058242798,0.108451,Bare Land,Peri-Urban / Sparse,0.3541,0.005257,0.7893,0.70,#FFAA00
0.3704,Moderate Risk,3,2.297881603240967,0.109053,Bare Land,Peri-Urban / Sparse,0.3541,0.005237,0.7858,0.70,#FFAA00
0.3702,Moderate Risk,3,2.297145128250122,0.109225,Bare Land,Peri-Urban / Sparse,0.3541,0.005236,0.7848,0.70,#FFAA00
0.3696,Moderate Risk,3,2.299990653991699,0.109684,Bare Land,Peri-Urban / Sparse,0.3541,0.005242,0.7821,0.70,#FFAA00
0.3702,Moderate Risk,3,2.2950446605682373,0.109152,Bare Land,Peri-Urban / Sparse,0.3541,0.005231,0.7852,0.70,#FFAA00
0.3704,Moderate Risk,3,2.298314094543457,0.108997,Bare Land,Peri-Urban / Sparse,0.3541,0.005238,0.7861,0.70,#FFAA00
0.3720,Moderate Risk,3,2.3151748180389404,0.107686,Bare Land,Peri-Urban / Sparse,0.3541,0.005277,0.7937,0.70,#FFAA00
0.3718,Moderate Risk,3,2.2977023124694824,0.107867,Bare Land,Peri-Urban / Sparse,0.3541,0.005237,0.7927,0.70,#FFAA00
0.3733,Moderate Risk,3,2.270134449005127,0.106510,Bare Land,Peri-Urban / Sparse,0.3541,0.005174,0.8006,0.70,#FFAA00
0.3132,Moderate Risk,3,2.279857873916626,,Bare Land,Peri-Urban / Sparse,0.3541,0.005196,0.5000,0.70,#FFAA00
0.3665,Moderate Risk,3,1.753451943397522,0.112026,Bare Land,Peri-Urban / Sparse,0.3541,0.003997,0.7684,0.70,#FFAA00
0.3676,Moderate Risk,3,1.8435429334640503,0.111136,Bare Land,Peri-Urban / Sparse,0.3541,0.004202,0.7736,0.70,#FFAA00
0.3592,Moderate Risk,3,1.9200260639190674,0.118398,Bare Land,Peri-Urban / Sparse,0.3541,0.004376,0.7313,0.70,#FFAA00
0.3589,Moderate Risk,3,1.9940261840820312,0.118721,Bare Land,Peri-Urban / Sparse,0.3541,0.004545,0.7294,0.70,#FFAA00
0.3581,Moderate Risk,3,2.056825876235962,0.119386,Bare Land,Peri-Urban / Sparse,0.3541,0.004688,0.7255,0.70,#FFAA00
0.3558,Moderate Risk,3,2.1160757541656494,0.121429,Bare Land,Peri-Urban / Sparse,0.3541,0.004823,0.7136,0.70,#FFAA00
0.3567,Moderate Risk,3,2.1825661659240723,0.120708,Bare Land,Peri-Urban / Sparse,0.3541,0.004975,0.7178,0.70,#FFAA00
0.3579,Moderate Risk,3,2.26021409034729,0.119759,Bare Land,Peri-Urban / Sparse,0.3541,0.005152,0.7234,0.70,#FFAA00
0.3602,Moderate Risk,3,2.3072502613067627,0.117801,Bare Land,Peri-Urban / Sparse,0.3541,0.005259,0.7348,0.70,#FFAA00
0.3600,Moderate Risk,3,2.319535255432129,0.117991,Bare Land,Peri-Urban / Sparse,0.3541,0.005287,0.7337,0.70,#FFAA00
0.3591,Moderate Risk,3,2.316157817840576,0.118683,Bare Land,Peri-Urban / Sparse,0.3541,0.005279,0.7296,0.70,#FFAA00
0.3585,Moderate Risk,3,2.310152769088745,0.119213,Bare Land,Peri-Urban / Sparse,0.3541,0.005265,0.7265,0.70,#FFAA00
0.3574,Moderate Risk,3,2.3012747764587402,0.120189,Bare Land,Peri-Urban / Sparse,0.3541,0.005245,0.7209,0.70,#FFAA00
0.3568,Moderate Risk,3,2.2969696521759033,0.120673,Bare Land,Peri-Urban / Sparse,0.3541,0.005235,0.7180,0.70,#FFAA00
0.3576,Moderate Risk,3,2.305368661880493,0.119976,Bare Land,Peri-Urban / Sparse,0.3541,0.005255,0.7221,0.70,#FFAA00
0.3573,Moderate Risk,3,2.323827028274536,0.120267,Bare Land,Peri-Urban / Sparse,0.3541,0.005297,0.7204,0.70,#FFAA00
0.3568,Moderate Risk,3,2.343285083770752,0.120690,Bare Land,Peri-Urban / Sparse,0.3541,0.005341,0.7179,0.70,#FFAA00
0.3569,Moderate Risk,3,2.359959602355957,0.120676,Bare Land,Peri-Urban / Sparse,0.3541,0.005379,0.7180,0.70,#FFAA00
0.3571,Moderate Risk,3,2.3707966804504395,0.120475,Bare Land,Peri-Urban / Sparse,0.3541,0.005404,0.7192,0.70,#FFAA00
0.3581,Moderate Risk,3,2.3649487495422363,0.119575,Bare Land,Peri-Urban / Sparse,0.3541,0.005390,0.7244,0.70,#FFAA00
0.3571,Moderate Risk,3,2.344886064529419,0.120425,Bare Land,Peri-Urban / Sparse,0.3541,0.005345,0.7195,0.70,#FFAA00
0.3583,Moderate Risk,3,2.3311781883239746,0.119394,Bare Land,Peri-Urban / Sparse,0.3541,0.005313,0.7255,0.70,#FFAA00
0.3591,Moderate Risk,3,2.3323867321014404,0.118729,Bare Land,Peri-Urban / Sparse,0.3541,0.005316,0.7294,0.70,#FFAA00
0.3602,Moderate Risk,3,2.319929838180542,0.117792,Bare Land,Peri-Urban / Sparse,0.3541,0.005288,0.7348,0.70,#FFAA00
0.3604,Moderate Risk,3,2.277167558670044,0.117560,Bare Land,Peri-Urban / Sparse,0.3541,0.005190,0.7362,0.70,#FFAA00
0.3637,Moderate Risk,3,2.2542734146118164,0.114752,Bare Land,Peri-Urban / Sparse,0.3541,0.005138,0.7526,0.70,#FFAA00
0.3669,Moderate Risk,3,2.2540030479431152,0.111990,Bare Land,Peri-Urban / Sparse,0.3541,0.005137,0.7687,0.70,#FFAA00
0.3676,Moderate Risk,3,2.256821632385254,0.111439,Bare Land,Peri-Urban / Sparse,0.3541,0.005144,0.7719,0.70,#FFAA00
0.3692,Moderate Risk,3,2.370303153991699,0.110063,Bare Land,Peri-Urban / Sparse,0.3541,0.005403,0.7799,0.70,#FFAA00
0.3697,Moderate Risk,3,2.291959047317505,0.109576,Bare Land,Peri-Urban / Sparse,0.3541,0.005224,0.7827,0.70,#FFAA00
0.3688,Moderate Risk,3,2.2530484199523926,0.110351,Bare Land,Peri-Urban / Sparse,0.3541,0.005135,0.7782,0.70,#FFAA00
0.3699,Moderate Risk,3,2.1979780197143555,0.109409,Bare Land,Peri-Urban / Sparse,0.3541,0.005010,0.7837,0.70,#FFAA00
0.3696,Moderate Risk,3,2.2189559936523438,0.109644,Bare Land,Peri-Urban / Sparse,0.3541,0.005058,0.7823,0.70,#FFAA00
0.3709,Moderate Risk,3,2.2883989810943604,0.108626,Bare Land,Peri-Urban / Sparse,0.3541,0.005216,0.7883,0.70,#FFAA00
0.3717,Moderate Risk,3,2.3116207122802734,0.107916,Bare Land,Peri-Urban / Sparse,0.3541,0.005269,0.7924,0.70,#FFAA00
0.3705,Moderate Risk,3,2.313589572906494,0.108955,Bare Land,Peri-Urban / Sparse,0.3541,0.005273,0.7863,0.70,#FFAA00
0.3692,Moderate Risk,3,2.3125104904174805,0.110076,Bare Land,Peri-Urban / Sparse,0.3541,0.005271,0.7798,0.70,#FFAA00
0.3692,Moderate Risk,3,2.311366081237793,0.110045,Bare Land,Peri-Urban / Sparse,0.3541,0.005268,0.7800,0.70,#FFAA00
0.3706,Moderate Risk,3,2.307995080947876,0.108835,Bare Land,Peri-Urban / Sparse,0.3541,0.005261,0.7870,0.70,#FFAA00
0.3710,Moderate Risk,3,2.296887159347534,0.108535,Bare Land,Peri-Urban / Sparse,0.3541,0.005235,0.7888,0.70,#FFAA00
0.3721,Moderate Risk,3,2.2567710876464844,0.107532,Bare Land,Peri-Urban / Sparse,0.3541,0.005144,0.7946,0.70,#FFAA00
0.3740,Moderate Risk,3,2.248375654220581,0.105933,Bare Land,Peri-Urban / Sparse,0.3541,0.005125,0.8040,0.70,#FFAA00
0.3750,Moderate Risk,3,2.2614119052886963,0.105049,Bare Land,Peri-Urban / Sparse,0.3541,0.005154,0.8091,0.70,#FFAA00
0.3654,Moderate Risk,3,1.7899225950241089,0.113038,Bare Land,Peri-Urban / Sparse,0.3541,0.004080,0.7625,0.70,#FFAA00
0.3600,Moderate Risk,3,1.842886209487915,0.117643,Bare Land,Peri-Urban / Sparse,0.3541,0.004200,0.7357,0.70,#FFAA00
0.3569,Moderate Risk,3,1.8801363706588745,0.120323,Bare Land,Peri-Urban / Sparse,0.3541,0.004285,0.7201,0.70,#FFAA00
0.3568,Moderate Risk,3,1.9065418243408203,0.120438,Bare Land,Peri-Urban / Sparse,0.3541,0.004346,0.7194,0.70,#FFAA00
0.3559,Moderate Risk,3,1.9424768686294556,0.121230,Bare Land,Peri-Urban / Sparse,0.3541,0.004427,0.7148,0.70,#FFAA00
0.3566,Moderate Risk,3,1.993343710899353,0.120651,Bare Land,Peri-Urban / Sparse,0.3541,0.004543,0.7182,0.70,#FFAA00
0.3571,Moderate Risk,3,2.0427262783050537,0.120302,Bare Land,Peri-Urban / Sparse,0.3541,0.004656,0.7202,0.70,#FFAA00
0.3586,Moderate Risk,3,2.0715911388397217,0.118992,Bare Land,Peri-Urban / Sparse,0.3541,0.004722,0.7278,0.70,#FFAA00
0.3594,Moderate Risk,3,2.112175464630127,0.118324,Bare Land,Peri-Urban / Sparse,0.3541,0.004814,0.7317,0.70,#FFAA00
0.3599,Moderate Risk,3,2.1776275634765625,0.117962,Bare Land,Peri-Urban / Sparse,0.3541,0.004963,0.7338,0.70,#FFAA00
0.3598,Moderate Risk,3,2.237349033355713,0.118059,Bare Land,Peri-Urban / Sparse,0.3541,0.005100,0.7333,0.70,#FFAA00
0.3588,Moderate Risk,3,2.265651226043701,0.118938,Bare Land,Peri-Urban / Sparse,0.3541,0.005164,0.7282,0.70,#FFAA00
0.3585,Moderate Risk,3,2.2666196823120117,0.119226,Bare Land,Peri-Urban / Sparse,0.3541,0.005166,0.7265,0.70,#FFAA00
0.3584,Moderate Risk,3,2.257056951522827,0.119291,Bare Land,Peri-Urban / Sparse,0.3541,0.005144,0.7261,0.70,#FFAA00
0.3584,Moderate Risk,3,2.2471814155578613,0.119324,Bare Land,Peri-Urban / Sparse,0.3541,0.005122,0.7259,0.70,#FFAA00
0.3583,Moderate Risk,3,2.24265718460083,0.119400,Bare Land,Peri-Urban / Sparse,0.3541,0.005112,0.7255,0.70,#FFAA00
0.3581,Moderate Risk,3,2.243583917617798,0.119546,Bare Land,Peri-Urban / Sparse,0.3541,0.005114,0.7246,0.70,#FFAA00
0.3581,Moderate Risk,3,2.2497549057006836,0.119523,Bare Land,Peri-Urban / Sparse,0.3541,0.005128,0.7247,0.70,#FFAA00
0.3588,Moderate Risk,3,2.256274700164795,0.118988,Bare Land,Peri-Urban / Sparse,0.3541,0.005143,0.7279,0.70,#FFAA00
0.3576,Moderate Risk,3,2.257932186126709,0.119954,Bare Land,Peri-Urban / Sparse,0.3541,0.005146,0.7222,0.70,#FFAA00
0.3581,Moderate Risk,3,2.27199649810791,0.119575,Bare Land,Peri-Urban / Sparse,0.3541,0.005178,0.7244,0.70,#FFAA00
0.3592,Moderate Risk,3,2.2772397994995117,0.118661,Bare Land,Peri-Urban / Sparse,0.3541,0.005190,0.7298,0.70,#FFAA00
0.3595,Moderate Risk,3,2.2549221515655518,0.118353,Bare Land,Peri-Urban / Sparse,0.3541,0.005140,0.7316,0.70,#FFAA00
0.3598,Moderate Risk,3,2.224348545074463,0.118073,Bare Land,Peri-Urban / Sparse,0.3541,0.005070,0.7332,0.70,#FFAA00
0.3599,Moderate Risk,3,2.211216926574707,0.117995,Bare Land,Peri-Urban / Sparse,0.3541,0.005040,0.7336,0.70,#FFAA00
0.3627,Moderate Risk,3,2.2114930152893066,0.115542,Bare Land,Peri-Urban / Sparse,0.3541,0.005041,0.7479,0.70,#FFAA00
0.3653,Moderate Risk,3,2.2145981788635254,0.113384,Bare Land,Peri-Urban / Sparse,0.3541,0.005048,0.7605,0.70,#FFAA00
0.3674,Moderate Risk,3,2.2185962200164795,0.111563,Bare Land,Peri-Urban / Sparse,0.3541,0.005057,0.7711,0.70,#FFAA00
0.3684,Moderate Risk,3,2.221487045288086,0.110702,Bare Land,Peri-Urban / Sparse,0.3541,0.005063,0.7762,0.70,#FFAA00
0.3684,Moderate Risk,3,2.2069497108459473,0.110639,Bare Land,Peri-Urban / Sparse,0.3541,0.005030,0.7765,0.70,#FFAA00
0.3686,Moderate Risk,3,2.1343941688537598,0.110446,Bare Land,Peri-Urban / Sparse,0.3541,0.004865,0.7777,0.70,#FFAA00
0.3690,Moderate Risk,3,2.0944159030914307,0.110139,Bare Land,Peri-Urban / Sparse,0.3541,0.004774,0.7794,0.70,#FFAA00
0.3702,Moderate Risk,3,2.0997655391693115,0.109057,Bare Land,Peri-Urban / Sparse,0.3541,0.004786,0.7858,0.70,#FFAA00
0.3710,Moderate Risk,3,2.1412081718444824,0.108456,Bare Land,Peri-Urban / Sparse,0.3541,0.004880,0.7893,0.70,#FFAA00
0.3707,Moderate Risk,3,2.224107265472412,0.108694,Bare Land,Peri-Urban / Sparse,0.3541,0.005069,0.7879,0.70,#FFAA00
0.3703,Moderate Risk,3,2.277747392654419,0.109107,Bare Land,Peri-Urban / Sparse,0.3541,0.005192,0.7855,0.70,#FFAA00
0.3690,Moderate Risk,3,2.293377637863159,0.110234,Bare Land,Peri-Urban / Sparse,0.3541,0.005227,0.7789,0.70,#FFAA00
0.3697,Moderate Risk,3,2.2998085021972656,0.109654,Bare Land,Peri-Urban / Sparse,0.3541,0.005242,0.7823,0.70,#FFAA00
0.3712,Moderate Risk,3,2.2992465496063232,0.108376,Bare Land,Peri-Urban / Sparse,0.3541,0.005241,0.7897,0.70,#FFAA00
0.3712,Moderate Risk,3,2.2561731338500977,0.108340,Bare Land,Peri-Urban / Sparse,0.3541,0.005142,0.7899,0.70,#FFAA00
0.3725,Moderate Risk,3,2.2254655361175537,0.107209,Bare Land,Peri-Urban / Sparse,0.3541,0.005072,0.7965,0.70,#FFAA00
0.3723,Moderate Risk,3,2.2267653942108154,0.107309,Bare Land,Peri-Urban / Sparse,0.3541,0.005075,0.7959,0.70,#FFAA00
0.3744,Moderate Risk,3,2.2396442890167236,0.105587,Bare Land,Peri-Urban / Sparse,0.3541,0.005105,0.8060,0.70,#FFAA00
0.3790,Moderate Risk,3,2.2521631717681885,0.101622,Bare Land,Peri-Urban / Sparse,0.3541,0.005133,0.8291,0.70,#FFAA00
0.3593,Moderate Risk,3,1.7956498861312866,0.118273,Bare Land,Peri-Urban / Sparse,0.3541,0.004093,0.7320,0.70,#FFAA00
0.3562,Moderate Risk,3,1.8154711723327637,0.120939,Bare Land,Peri-Urban / Sparse,0.3541,0.004138,0.7165,0.70,#FFAA00
0.3545,Moderate Risk,3,1.8262773752212524,0.122399,Bare Land,Peri-Urban / Sparse,0.3541,0.004163,0.7080,0.70,#FFAA00
0.3565,Moderate Risk,3,1.829398274421692,0.120685,Bare Land,Peri-Urban / Sparse,0.3541,0.004170,0.7180,0.70,#FFAA00
0.3566,Moderate Risk,3,1.8386436700820923,0.120624,Bare Land,Peri-Urban / Sparse,0.3541,0.004191,0.7183,0.70,#FFAA00
0.3572,Moderate Risk,3,1.8525290489196777,0.120112,Bare Land,Peri-Urban / Sparse,0.3541,0.004222,0.7213,0.70,#FFAA00
0.3581,Moderate Risk,3,1.8809435367584229,0.119286,Bare Land,Peri-Urban / Sparse,0.3541,0.004287,0.7261,0.70,#FFAA00
0.3592,Moderate Risk,3,1.9226082563400269,0.118411,Bare Land,Peri-Urban / Sparse,0.3541,0.004382,0.7312,0.70,#FFAA00
0.3592,Moderate Risk,3,1.967966914176941,0.118454,Bare Land,Peri-Urban / Sparse,0.3541,0.004486,0.7310,0.70,#FFAA00
0.3598,Moderate Risk,3,1.998038649559021,0.117907,Bare Land,Peri-Urban / Sparse,0.3541,0.004554,0.7342,0.70,#FFAA00
0.3590,Moderate Risk,3,2.0238795280456543,0.118610,Bare Land,Peri-Urban / Sparse,0.3541,0.004613,0.7301,0.70,#FFAA00
0.3591,Moderate Risk,3,2.064967155456543,0.118617,Bare Land,Peri-Urban / Sparse,0.3541,0.004707,0.7300,0.70,#FFAA00
0.3589,Moderate Risk,3,2.1288084983825684,0.118752,Bare Land,Peri-Urban / Sparse,0.3541,0.004852,0.7292,0.70,#FFAA00
0.3595,Moderate Risk,3,2.186426877975464,0.118333,Bare Land,Peri-Urban / Sparse,0.3541,0.004983,0.7317,0.70,#FFAA00
0.3600,Moderate Risk,3,2.2159206867218018,0.117905,Bare Land,Peri-Urban / Sparse,0.3541,0.005051,0.7342,0.70,#FFAA00
0.3595,Moderate Risk,3,2.2196364402770996,0.118310,Bare Land,Peri-Urban / Sparse,0.3541,0.005059,0.7318,0.70,#FFAA00
0.3593,Moderate Risk,3,2.2056033611297607,0.118441,Bare Land,Peri-Urban / Sparse,0.3541,0.005027,0.7310,0.70,#FFAA00
0.3591,Moderate Risk,3,2.1878299713134766,0.118648,Bare Land,Peri-Urban / Sparse,0.3541,0.004987,0.7298,0.70,#FFAA00
0.3592,Moderate Risk,3,2.1798887252807617,0.118574,Bare Land,Peri-Urban / Sparse,0.3541,0.004969,0.7303,0.70,#FFAA00
0.3585,Moderate Risk,3,2.1736035346984863,0.119126,Bare Land,Peri-Urban / Sparse,0.3541,0.004954,0.7271,0.70,#FFAA00
0.3588,Moderate Risk,3,2.152412176132202,0.118931,Bare Land,Peri-Urban / Sparse,0.3541,0.004906,0.7282,0.70,#FFAA00
0.3594,Moderate Risk,3,2.125805616378784,0.118334,Bare Land,Peri-Urban / Sparse,0.3541,0.004845,0.7317,0.70,#FFAA00
0.3594,Moderate Risk,3,2.1185503005981445,0.118354,Bare Land,Peri-Urban / Sparse,0.3541,0.004829,0.7316,0.70,#FFAA00
0.3604,Moderate Risk,3,2.1316051483154297,0.117475,Bare Land,Peri-Urban / Sparse,0.3541,0.004858,0.7367,0.70,#FFAA00
0.3617,Moderate Risk,3,2.1482808589935303,0.116414,Bare Land,Peri-Urban / Sparse,0.3541,0.004896,0.7429,0.70,#FFAA00
0.3630,Moderate Risk,3,2.1612184047698975,0.115320,Bare Land,Peri-Urban / Sparse,0.3541,0.004926,0.7492,0.70,#FFAA00
0.3631,Moderate Risk,3,2.1696670055389404,0.115168,Bare Land,Peri-Urban / Sparse,0.3541,0.004945,0.7501,0.70,#FFAA00
0.3657,Moderate Risk,3,2.1668951511383057,0.113014,Bare Land,Peri-Urban / Sparse,0.3541,0.004939,0.7627,0.70,#FFAA00
0.3664,Moderate Risk,3,2.126969814300537,0.112390,Bare Land,Peri-Urban / Sparse,0.3541,0.004848,0.7663,0.70,#FFAA00
0.3672,Moderate Risk,3,2.065775156021118,0.111618,Bare Land,Peri-Urban / Sparse,0.3541,0.004708,0.7708,0.70,#FFAA00
0.3680,Moderate Risk,3,2.0431127548217773,0.110938,Bare Land,Peri-Urban / Sparse,0.3541,0.004657,0.7748,0.70,#FFAA00
0.3690,Moderate Risk,3,2.0315494537353516,0.110077,Bare Land,Peri-Urban / Sparse,0.3541,0.004630,0.7798,0.70,#FFAA00
0.3701,Moderate Risk,3,2.0349984169006348,0.109148,Bare Land,Peri-Urban / Sparse,0.3541,0.004638,0.7852,0.70,#FFAA00
0.3711,Moderate Risk,3,2.0471673011779785,0.108270,Bare Land,Peri-Urban / Sparse,0.3541,0.004666,0.7903,0.70,#FFAA00
0.3707,Moderate Risk,3,2.061859130859375,0.108626,Bare Land,Peri-Urban / Sparse,0.3541,0.004700,0.7883,0.70,#FFAA00
0.3696,Moderate Risk,3,2.0962305068969727,0.109598,Bare Land,Peri-Urban / Sparse,0.3541,0.004778,0.7826,0.70,#FFAA00
0.3694,Moderate Risk,3,2.162104368209839,0.109831,Bare Land,Peri-Urban / Sparse,0.3541,0.004928,0.7812,0.70,#FFAA00
0.3705,Moderate Risk,3,2.221349000930786,0.108858,Bare Land,Peri-Urban / Sparse,0.3541,0.005063,0.7869,0.70,#FFAA00
0.3712,Moderate Risk,3,2.206777811050415,0.108240,Bare Land,Peri-Urban / Sparse,0.3541,0.005030,0.7905,0.70,#FFAA00
0.3712,Moderate Risk,3,2.1923024654388428,0.108284,Bare Land,Peri-Urban / Sparse,0.3541,0.004997,0.7903,0.70,#FFAA00
0.3717,Moderate Risk,3,2.1981818675994873,0.107885,Bare Land,Peri-Urban / Sparse,0.3541,0.005010,0.7926,0.70,#FFAA00
0.3724,Moderate Risk,3,2.199732780456543,0.107288,Bare Land,Peri-Urban / Sparse,0.3541,0.005014,0.7961,0.70,#FFAA00
0.3740,Moderate Risk,3,2.201542615890503,0.105868,Bare Land,Peri-Urban / Sparse,0.3541,0.005018,0.8043,0.70,#FFAA00
0.3760,Moderate Risk,3,2.205489158630371,0.104167,Bare Land,Peri-Urban / Sparse,0.3541,0.005027,0.8143,0.70,#FFAA00
0.3557,Moderate Risk,3,1.7096301317214966,0.121241,Bare Land,Peri-Urban / Sparse,0.3541,0.003897,0.7147,0.70,#FFAA00
0.3557,Moderate Risk,3,1.7096301317214966,0.121241,Bare Land,Peri-Urban / Sparse,0.3541,0.003897,0.7147,0.70,#FFAA00
0.3547,Moderate Risk,3,1.716766119003296,0.122126,Bare Land,Peri-Urban / Sparse,0.3541,0.003913,0.7096,0.70,#FFAA00
0.3557,Moderate Risk,3,1.733567476272583,0.121266,Bare Land,Peri-Urban / Sparse,0.3541,0.003951,0.7146,0.70,#FFAA00
0.3565,Moderate Risk,3,1.7527549266815186,0.120669,Bare Land,Peri-Urban / Sparse,0.3541,0.003995,0.7181,0.70,#FFAA00
0.3572,Moderate Risk,3,1.759066104888916,0.120039,Bare Land,Peri-Urban / Sparse,0.3541,0.004009,0.7217,0.70,#FFAA00
0.3587,Moderate Risk,3,1.7468130588531494,0.118740,Bare Land,Peri-Urban / Sparse,0.3541,0.003981,0.7293,0.70,#FFAA00
0.3594,Moderate Risk,3,1.745101809501648,0.118182,Bare Land,Peri-Urban / Sparse,0.3541,0.003978,0.7326,0.70,#FFAA00
0.3589,Moderate Risk,3,1.756021499633789,0.118548,Bare Land,Peri-Urban / Sparse,0.3541,0.004002,0.7304,0.70,#FFAA00
0.3592,Moderate Risk,3,1.7743052244186401,0.118356,Bare Land,Peri-Urban / Sparse,0.3541,0.004044,0.7315,0.70,#FFAA00
0.3594,Moderate Risk,3,1.8036028146743774,0.118205,Bare Land,Peri-Urban / Sparse,0.3541,0.004111,0.7324,0.70,#FFAA00
0.3588,Moderate Risk,3,1.8386943340301514,0.118725,Bare Land,Peri-Urban / Sparse,0.3541,0.004191,0.7294,0.70,#FFAA00
0.3591,Moderate Risk,3,1.8663386106491089,0.118443,Bare Land,Peri-Urban / Sparse,0.3541,0.004254,0.7310,0.70,#FFAA00
0.3600,Moderate Risk,3,1.8835045099258423,0.117724,Bare Land,Peri-Urban / Sparse,0.3541,0.004293,0.7352,0.70,#FFAA00
0.3607,Moderate Risk,3,1.912121295928955,0.117086,Bare Land,Peri-Urban / Sparse,0.3541,0.004358,0.7389,0.70,#FFAA00
0.3611,Moderate Risk,3,1.9533331394195557,0.116829,Bare Land,Peri-Urban / Sparse,0.3541,0.004452,0.7404,0.70,#FFAA00
0.3606,Moderate Risk,3,2.0069358348846436,0.117278,Bare Land,Peri-Urban / Sparse,0.3541,0.004574,0.7378,0.70,#FFAA00
0.3607,Moderate Risk,3,2.050778865814209,0.117157,Bare Land,Peri-Urban / Sparse,0.3541,0.004674,0.7385,0.70,#FFAA00
0.3602,Moderate Risk,3,2.069854497909546,0.117656,Bare Land,Peri-Urban / Sparse,0.3541,0.004718,0.7356,0.70,#FFAA00
0.3590,Moderate Risk,3,2.0620481967926025,0.118658,Bare Land,Peri-Urban / Sparse,0.3541,0.004700,0.7298,0.70,#FFAA00
0.3592,Moderate Risk,3,2.0406241416931152,0.118476,Bare Land,Peri-Urban / Sparse,0.3541,0.004651,0.7308,0.70,#FFAA00
0.3593,Moderate Risk,3,2.027886152267456,0.118364,Bare Land,Peri-Urban / Sparse,0.3541,0.004622,0.7315,0.70,#FFAA00
0.3601,Moderate Risk,3,2.024562120437622,0.117731,Bare Land,Peri-Urban / Sparse,0.3541,0.004615,0.7352,0.70,#FFAA00
0.3607,Moderate Risk,3,2.01900315284729,0.117202,Bare Land,Peri-Urban / Sparse,0.3541,0.004602,0.7383,0.70,#FFAA00
0.3612,Moderate Risk,3,2.0175318717956543,0.116760,Bare Land,Peri-Urban / Sparse,0.3541,0.004598,0.7408,0.70,#FFAA00
0.3635,Moderate Risk,3,2.019380569458008,0.114778,Bare Land,Peri-Urban / Sparse,0.3541,0.004603,0.7524,0.70,#FFAA00
0.3630,Moderate Risk,3,2.0259766578674316,0.115172,Bare Land,Peri-Urban / Sparse,0.3541,0.004618,0.7501,0.70,#FFAA00
0.3636,Moderate Risk,3,2.0246119499206543,0.114661,Bare Land,Peri-Urban / Sparse,0.3541,0.004615,0.7531,0.70,#FFAA00
0.3650,Moderate Risk,3,1.976855993270874,0.113503,Bare Land,Peri-Urban / Sparse,0.3541,0.004506,0.7598,0.70,#FFAA00
0.3659,Moderate Risk,3,1.9313998222351074,0.112636,Bare Land,Peri-Urban / Sparse,0.3541,0.004402,0.7649,0.70,#FFAA00
0.3664,Moderate Risk,3,1.9487597942352295,0.112273,Bare Land,Peri-Urban / Sparse,0.3541,0.004442,0.7670,0.70,#FFAA00
0.3680,Moderate Risk,3,1.9837666749954224,0.110859,Bare Land,Peri-Urban / Sparse,0.3541,0.004522,0.7752,0.70,#FFAA00
0.3684,Moderate Risk,3,2.0095162391662598,0.110605,Bare Land,Peri-Urban / Sparse,0.3541,0.004580,0.7767,0.70,#FFAA00
0.3705,Moderate Risk,3,2.0211782455444336,0.108815,Bare Land,Peri-Urban / Sparse,0.3541,0.004607,0.7872,0.70,#FFAA00
0.3711,Moderate Risk,3,2.0274910926818848,0.108285,Bare Land,Peri-Urban / Sparse,0.3541,0.004621,0.7903,0.70,#FFAA00
0.3693,Moderate Risk,3,2.0389277935028076,0.109859,Bare Land,Peri-Urban / Sparse,0.3541,0.004647,0.7811,0.70,#FFAA00
0.3688,Moderate Risk,3,2.043196201324463,0.110212,Bare Land,Peri-Urban / Sparse,0.3541,0.004657,0.7790,0.70,#FFAA00
0.3690,Moderate Risk,3,2.0492470264434814,0.110050,Bare Land,Peri-Urban / Sparse,0.3541,0.004671,0.7800,0.70,#FFAA00
0.3696,Moderate Risk,3,2.0578181743621826,0.109561,Bare Land,Peri-Urban / Sparse,0.3541,0.004690,0.7828,0.70,#FFAA00
0.3712,Moderate Risk,3,2.071617603302002,0.108205,Bare Land,Peri-Urban / Sparse,0.3541,0.004722,0.7907,0.70,#FFAA00
0.3713,Moderate Risk,3,2.1326050758361816,0.108115,Bare Land,Peri-Urban / Sparse,0.3541,0.004861,0.7912,0.70,#FFAA00
0.3720,Moderate Risk,3,2.171614408493042,0.107599,Bare Land,Peri-Urban / Sparse,0.3541,0.004950,0.7943,0.70,#FFAA00
0.3727,Moderate Risk,3,2.18450927734375,0.107001,Bare Land,Peri-Urban / Sparse,0.3541,0.004979,0.7977,0.70,#FFAA00
0.3721,Moderate Risk,3,2.1932313442230225,0.107466,Bare Land,Peri-Urban / Sparse,0.3541,0.004999,0.7950,0.70,#FFAA00
0.3724,Moderate Risk,3,2.1974220275878906,0.107262,Bare Land,Peri-Urban / Sparse,0.3541,0.005009,0.7962,0.70,#FFAA00
0.3131,Moderate Risk,3,2.1957743167877197,,Bare Land,Peri-Urban / Sparse,0.3541,0.005005,0.5000,0.70,#FFAA00
0.3551,Moderate Risk,3,1.6411428451538086,0.121782,Bare Land,Peri-Urban / Sparse,0.3541,0.003741,0.7116,0.70,#FFAA00
0.3561,Moderate Risk,3,1.640005111694336,0.120932,Bare Land,Peri-Urban / Sparse,0.3541,0.003738,0.7165,0.70,#FFAA00
0.3576,Moderate Risk,3,1.6396279335021973,0.119575,Bare Land,Peri-Urban / Sparse,0.3541,0.003737,0.7244,0.70,#FFAA00
0.3579,Moderate Risk,3,1.6392161846160889,0.119390,Bare Land,Peri-Urban / Sparse,0.3541,0.003736,0.7255,0.70,#FFAA00
0.3584,Moderate Risk,3,1.6389137506484985,0.118947,Bare Land,Peri-Urban / Sparse,0.3541,0.003736,0.7281,0.70,#FFAA00
0.3580,Moderate Risk,3,1.6500170230865479,0.119263,Bare Land,Peri-Urban / Sparse,0.3541,0.003761,0.7263,0.70,#FFAA00
0.3580,Moderate Risk,3,1.661143183708191,0.119263,Bare Land,Peri-Urban / Sparse,0.3541,0.003786,0.7263,0.70,#FFAA00
0.3590,Moderate Risk,3,1.667547345161438,0.118434,Bare Land,Peri-Urban / Sparse,0.3541,0.003801,0.7311,0.70,#FFAA00
0.3590,Moderate Risk,3,1.671364426612854,0.118408,Bare Land,Peri-Urban / Sparse,0.3541,0.003809,0.7312,0.70,#FFAA00
0.3590,Moderate Risk,3,1.6802291870117188,0.118457,Bare Land,Peri-Urban / Sparse,0.3541,0.003830,0.7310,0.70,#FFAA00
0.3594,Moderate Risk,3,1.6941601037979126,0.118131,Bare Land,Peri-Urban / Sparse,0.3541,0.003861,0.7329,0.70,#FFAA00
0.3601,Moderate Risk,3,1.7102900743484497,0.117499,Bare Land,Peri-Urban / Sparse,0.3541,0.003898,0.7365,0.70,#FFAA00
0.3611,Moderate Risk,3,1.725771188735962,0.116704,Bare Land,Peri-Urban / Sparse,0.3541,0.003933,0.7412,0.70,#FFAA00
0.3612,Moderate Risk,3,1.7502530813217163,0.116621,Bare Land,Peri-Urban / Sparse,0.3541,0.003989,0.7417,0.70,#FFAA00
0.3612,Moderate Risk,3,1.7803646326065063,0.116613,Bare Land,Peri-Urban / Sparse,0.3541,0.004058,0.7417,0.70,#FFAA00
0.3609,Moderate Risk,3,1.8004224300384521,0.116922,Bare Land,Peri-Urban / Sparse,0.3541,0.004104,0.7399,0.70,#FFAA00
0.3607,Moderate Risk,3,1.8117581605911255,0.117065,Bare Land,Peri-Urban / Sparse,0.3541,0.004129,0.7391,0.70,#FFAA00
0.3597,Moderate Risk,3,1.8280296325683594,0.117899,Bare Land,Peri-Urban / Sparse,0.3541,0.004167,0.7342,0.70,#FFAA00
0.3598,Moderate Risk,3,1.84641695022583,0.117848,Bare Land,Peri-Urban / Sparse,0.3541,0.004208,0.7345,0.70,#FFAA00
0.3599,Moderate Risk,3,1.8802369832992554,0.117809,Bare Land,Peri-Urban / Sparse,0.3541,0.004286,0.7347,0.70,#FFAA00
0.3602,Moderate Risk,3,1.9214121103286743,0.117557,Bare Land,Peri-Urban / Sparse,0.3541,0.004379,0.7362,0.70,#FFAA00
0.3610,Moderate Risk,3,1.9532103538513184,0.116902,Bare Land,Peri-Urban / Sparse,0.3541,0.004452,0.7400,0.70,#FFAA00
0.3622,Moderate Risk,3,1.9743199348449707,0.115887,Bare Land,Peri-Urban / Sparse,0.3541,0.004500,0.7459,0.70,#FFAA00
0.3627,Moderate Risk,3,1.9826600551605225,0.115486,Bare Land,Peri-Urban / Sparse,0.3541,0.004519,0.7483,0.70,#FFAA00
0.3635,Moderate Risk,3,1.9795174598693848,0.114736,Bare Land,Peri-Urban / Sparse,0.3541,0.004512,0.7526,0.70,#FFAA00
0.3635,Moderate Risk,3,1.9457205533981323,0.114763,Bare Land,Peri-Urban / Sparse,0.3541,0.004435,0.7525,0.70,#FFAA00
0.3642,Moderate Risk,3,1.8915976285934448,0.114070,Bare Land,Peri-Urban / Sparse,0.3541,0.004311,0.7565,0.70,#FFAA00
0.3636,Moderate Risk,3,1.868175745010376,0.114600,Bare Land,Peri-Urban / Sparse,0.3541,0.004258,0.7534,0.70,#FFAA00
0.3645,Moderate Risk,3,1.8679485321044922,0.113818,Bare Land,Peri-Urban / Sparse,0.3541,0.004258,0.7580,0.70,#FFAA00
0.3656,Moderate Risk,3,1.8706047534942627,0.112877,Bare Land,Peri-Urban / Sparse,0.3541,0.004264,0.7635,0.70,#FFAA00
0.3669,Moderate Risk,3,1.8681974411010742,0.111798,Bare Land,Peri-Urban / Sparse,0.3541,0.004258,0.7698,0.70,#FFAA00
0.3686,Moderate Risk,3,1.8885650634765625,0.110351,Bare Land,Peri-Urban / Sparse,0.3541,0.004305,0.7782,0.70,#FFAA00
0.3707,Moderate Risk,3,2.0839669704437256,0.108646,Bare Land,Peri-Urban / Sparse,0.3541,0.004750,0.7881,0.70,#FFAA00
0.3705,Moderate Risk,3,1.996496319770813,0.108758,Bare Land,Peri-Urban / Sparse,0.3541,0.004551,0.7875,0.70,#FFAA00
0.3676,Moderate Risk,3,1.9699172973632812,0.111192,Bare Land,Peri-Urban / Sparse,0.3541,0.004490,0.7733,0.70,#FFAA00
0.3676,Moderate Risk,3,1.9890379905700684,0.111249,Bare Land,Peri-Urban / Sparse,0.3541,0.004534,0.7730,0.70,#FFAA00
0.3689,Moderate Risk,3,2.0071961879730225,0.110114,Bare Land,Peri-Urban / Sparse,0.3541,0.004575,0.7796,0.70,#FFAA00
0.3693,Moderate Risk,3,2.01070499420166,0.109805,Bare Land,Peri-Urban / Sparse,0.3541,0.004583,0.7814,0.70,#FFAA00
0.3705,Moderate Risk,3,1.9830076694488525,0.108763,Bare Land,Peri-Urban / Sparse,0.3541,0.004520,0.7875,0.70,#FFAA00
0.3712,Moderate Risk,3,1.976030707359314,0.108119,Bare Land,Peri-Urban / Sparse,0.3541,0.004504,0.7912,0.70,#FFAA00
0.3727,Moderate Risk,3,2.028804063796997,0.106852,Bare Land,Peri-Urban / Sparse,0.3541,0.004624,0.7986,0.70,#FFAA00
0.3736,Moderate Risk,3,2.097219228744507,0.106148,Bare Land,Peri-Urban / Sparse,0.3541,0.004780,0.8027,0.70,#FFAA00
0.3731,Moderate Risk,3,2.152008533477783,0.106666,Bare Land,Peri-Urban / Sparse,0.3541,0.004905,0.7997,0.70,#FFAA00
0.3727,Moderate Risk,3,2.1659319400787354,0.106941,Bare Land,Peri-Urban / Sparse,0.3541,0.004937,0.7981,0.70,#FFAA00
0.3131,Moderate Risk,3,2.167279005050659,,Bare Land,Peri-Urban / Sparse,0.3541,0.004940,0.5000,0.70,#FFAA00
0.3574,Moderate Risk,3,1.6263470649719238,0.119825,Bare Land,Peri-Urban / Sparse,0.3541,0.003707,0.7230,0.70,#FFAA00
0.3570,Moderate Risk,3,1.6198798418045044,0.120135,Bare Land,Peri-Urban / Sparse,0.3541,0.003692,0.7212,0.70,#FFAA00
0.3586,Moderate Risk,3,1.6092771291732788,0.118782,Bare Land,Peri-Urban / Sparse,0.3541,0.003668,0.7291,0.70,#FFAA00
0.3588,Moderate Risk,3,1.6034491062164307,0.118558,Bare Land,Peri-Urban / Sparse,0.3541,0.003655,0.7304,0.70,#FFAA00
0.3587,Moderate Risk,3,1.6016845703125,0.118688,Bare Land,Peri-Urban / Sparse,0.3541,0.003651,0.7296,0.70,#FFAA00
0.3591,Moderate Risk,3,1.6078764200210571,0.118331,Bare Land,Peri-Urban / Sparse,0.3541,0.003665,0.7317,0.70,#FFAA00
0.3590,Moderate Risk,3,1.6198726892471313,0.118380,Bare Land,Peri-Urban / Sparse,0.3541,0.003692,0.7314,0.70,#FFAA00
0.3591,Moderate Risk,3,1.6308386325836182,0.118371,Bare Land,Peri-Urban / Sparse,0.3541,0.003717,0.7315,0.70,#FFAA00
0.3588,Moderate Risk,3,1.625874400138855,0.118606,Bare Land,Peri-Urban / Sparse,0.3541,0.003706,0.7301,0.70,#FFAA00
0.3599,Moderate Risk,3,1.6285101175308228,0.117634,Bare Land,Peri-Urban / Sparse,0.3541,0.003712,0.7358,0.70,#FFAA00
0.3604,Moderate Risk,3,1.6323561668395996,0.117197,Bare Land,Peri-Urban / Sparse,0.3541,0.003721,0.7383,0.70,#FFAA00
0.3613,Moderate Risk,3,1.6352593898773193,0.116402,Bare Land,Peri-Urban / Sparse,0.3541,0.003727,0.7429,0.70,#FFAA00
0.3613,Moderate Risk,3,1.636612892150879,0.116458,Bare Land,Peri-Urban / Sparse,0.3541,0.003730,0.7426,0.70,#FFAA00
0.3609,Moderate Risk,3,1.634482741355896,0.116817,Bare Land,Peri-Urban / Sparse,0.3541,0.003725,0.7405,0.70,#FFAA00
0.3612,Moderate Risk,3,1.6382066011428833,0.116493,Bare Land,Peri-Urban / Sparse,0.3541,0.003734,0.7424,0.70,#FFAA00
0.3603,Moderate Risk,3,1.6591084003448486,0.117311,Bare Land,Peri-Urban / Sparse,0.3541,0.003782,0.7376,0.70,#FFAA00
0.3612,Moderate Risk,3,1.6927400827407837,0.116565,Bare Land,Peri-Urban / Sparse,0.3541,0.003858,0.7420,0.70,#FFAA00
0.3608,Moderate Risk,3,1.7226519584655762,0.116943,Bare Land,Peri-Urban / Sparse,0.3541,0.003926,0.7398,0.70,#FFAA00
0.3602,Moderate Risk,3,1.742982268333435,0.117465,Bare Land,Peri-Urban / Sparse,0.3541,0.003973,0.7367,0.70,#FFAA00
0.3610,Moderate Risk,3,1.7628486156463623,0.116753,Bare Land,Peri-Urban / Sparse,0.3541,0.004018,0.7409,0.70,#FFAA00
0.3622,Moderate Risk,3,1.786447525024414,0.115729,Bare Land,Peri-Urban / Sparse,0.3541,0.004072,0.7469,0.70,#FFAA00
0.3627,Moderate Risk,3,1.8202263116836548,0.115368,Bare Land,Peri-Urban / Sparse,0.3541,0.004149,0.7490,0.70,#FFAA00
0.3634,Moderate Risk,3,1.8414124250411987,0.114723,Bare Land,Peri-Urban / Sparse,0.3541,0.004197,0.7527,0.70,#FFAA00
0.3643,Moderate Risk,3,1.830964207649231,0.113969,Bare Land,Peri-Urban / Sparse,0.3541,0.004173,0.7571,0.70,#FFAA00
0.3640,Moderate Risk,3,1.8177306652069092,0.114195,Bare Land,Peri-Urban / Sparse,0.3541,0.004143,0.7558,0.70,#FFAA00
0.3642,Moderate Risk,3,1.8241102695465088,0.114041,Bare Land,Peri-Urban / Sparse,0.3541,0.004158,0.7567,0.70,#FFAA00
0.3649,Moderate Risk,3,1.831705093383789,0.113467,Bare Land,Peri-Urban / Sparse,0.3541,0.004175,0.7600,0.70,#FFAA00
0.3644,Moderate Risk,3,1.8361369371414185,0.113938,Bare Land,Peri-Urban / Sparse,0.3541,0.004185,0.7573,0.70,#FFAA00
0.3656,Moderate Risk,3,1.8352842330932617,0.112858,Bare Land,Peri-Urban / Sparse,0.3541,0.004183,0.7636,0.70,#FFAA00
0.3664,Moderate Risk,3,1.8317325115203857,0.112173,Bare Land,Peri-Urban / Sparse,0.3541,0.004175,0.7676,0.70,#FFAA00
0.3670,Moderate Risk,3,1.8331599235534668,0.111705,Bare Land,Peri-Urban / Sparse,0.3541,0.004178,0.7703,0.70,#FFAA00
0.3683,Moderate Risk,3,2.2268729209899902,0.110807,Bare Land,Peri-Urban / Sparse,0.3541,0.005076,0.7756,0.70,#FFAA00
0.3684,Moderate Risk,3,1.9536371231079102,0.110549,Bare Land,Peri-Urban / Sparse,0.3541,0.004453,0.7771,0.70,#FFAA00
0.3675,Moderate Risk,3,1.895533561706543,0.111314,Bare Land,Peri-Urban / Sparse,0.3541,0.004320,0.7726,0.70,#FFAA00
0.3681,Moderate Risk,3,1.9149556159973145,0.110791,Bare Land,Peri-Urban / Sparse,0.3541,0.004365,0.7756,0.70,#FFAA00
0.3686,Moderate Risk,3,1.9335294961929321,0.110351,Bare Land,Peri-Urban / Sparse,0.3541,0.004407,0.7782,0.70,#FFAA00
0.3691,Moderate Risk,3,1.9270483255386353,0.109950,Bare Land,Peri-Urban / Sparse,0.3541,0.004392,0.7805,0.70,#FFAA00
0.3706,Moderate Risk,3,1.9223145246505737,0.108661,Bare Land,Peri-Urban / Sparse,0.3541,0.004381,0.7881,0.70,#FFAA00
0.3721,Moderate Risk,3,1.8942323923110962,0.107313,Bare Land,Peri-Urban / Sparse,0.3541,0.004317,0.7959,0.70,#FFAA00
0.3734,Moderate Risk,3,1.8908014297485352,0.106200,Bare Land,Peri-Urban / Sparse,0.3541,0.004310,0.8024,0.70,#FFAA00
0.3737,Moderate Risk,3,1.9001725912094116,0.105921,Bare Land,Peri-Urban / Sparse,0.3541,0.004331,0.8040,0.70,#FFAA00
0.3732,Moderate Risk,3,1.9531139135360718,0.106397,Bare Land,Peri-Urban / Sparse,0.3541,0.004452,0.8013,0.70,#FFAA00
0.3734,Moderate Risk,3,2.029940128326416,0.106252,Bare Land,Peri-Urban / Sparse,0.3541,0.004627,0.8021,0.70,#FFAA00
0.3749,Moderate Risk,3,2.058479070663452,0.104976,Bare Land,Peri-Urban / Sparse,0.3541,0.004692,0.8095,0.70,#FFAA00
0.3585,Moderate Risk,3,1.6055283546447754,0.118867,Bare Land,Peri-Urban / Sparse,0.3541,0.003659,0.7286,0.70,#FFAA00
0.3586,Moderate Risk,3,1.5959534645080566,0.118752,Bare Land,Peri-Urban / Sparse,0.3541,0.003638,0.7292,0.70,#FFAA00
0.3598,Moderate Risk,3,1.592032790184021,0.117735,Bare Land,Peri-Urban / Sparse,0.3541,0.003629,0.7352,0.70,#FFAA00
0.3587,Moderate Risk,3,1.5899394750595093,0.118634,Bare Land,Peri-Urban / Sparse,0.3541,0.003624,0.7299,0.70,#FFAA00
0.3587,Moderate Risk,3,1.5902999639511108,0.118622,Bare Land,Peri-Urban / Sparse,0.3541,0.003625,0.7300,0.70,#FFAA00
0.3592,Moderate Risk,3,1.5925697088241577,0.118214,Bare Land,Peri-Urban / Sparse,0.3541,0.003630,0.7324,0.70,#FFAA00
0.3597,Moderate Risk,3,1.586732268333435,0.117747,Bare Land,Peri-Urban / Sparse,0.3541,0.003617,0.7351,0.70,#FFAA00
0.3598,Moderate Risk,3,1.5646511316299438,0.117719,Bare Land,Peri-Urban / Sparse,0.3541,0.003566,0.7353,0.70,#FFAA00
0.3587,Moderate Risk,3,1.5545533895492554,0.118585,Bare Land,Peri-Urban / Sparse,0.3541,0.003543,0.7302,0.70,#FFAA00
0.3604,Moderate Risk,3,1.5499157905578613,0.117144,Bare Land,Peri-Urban / Sparse,0.3541,0.003533,0.7386,0.70,#FFAA00
0.3609,Moderate Risk,3,1.5490546226501465,0.116776,Bare Land,Peri-Urban / Sparse,0.3541,0.003531,0.7408,0.70,#FFAA00
0.3619,Moderate Risk,3,1.5519133806228638,0.115852,Bare Land,Peri-Urban / Sparse,0.3541,0.003537,0.7461,0.70,#FFAA00
0.3617,Moderate Risk,3,1.557308554649353,0.116025,Bare Land,Peri-Urban / Sparse,0.3541,0.003550,0.7451,0.70,#FFAA00
0.3618,Moderate Risk,3,1.5634859800338745,0.115935,Bare Land,Peri-Urban / Sparse,0.3541,0.003564,0.7457,0.70,#FFAA00
0.3618,Moderate Risk,3,1.5689024925231934,0.115994,Bare Land,Peri-Urban / Sparse,0.3541,0.003576,0.7453,0.70,#FFAA00
0.3624,Moderate Risk,3,1.576648473739624,0.115493,Bare Land,Peri-Urban / Sparse,0.3541,0.003594,0.7482,0.70,#FFAA00
0.3626,Moderate Risk,3,1.5876150131225586,0.115319,Bare Land,Peri-Urban / Sparse,0.3541,0.003619,0.7492,0.70,#FFAA00
0.3617,Moderate Risk,3,1.60551118850708,0.116084,Bare Land,Peri-Urban / Sparse,0.3541,0.003659,0.7448,0.70,#FFAA00
0.3609,Moderate Risk,3,1.629399299621582,0.116770,Bare Land,Peri-Urban / Sparse,0.3541,0.003714,0.7408,0.70,#FFAA00
0.3618,Moderate Risk,3,1.652824878692627,0.116069,Bare Land,Peri-Urban / Sparse,0.3541,0.003767,0.7449,0.70,#FFAA00
0.3628,Moderate Risk,3,1.654783844947815,0.115199,Bare Land,Peri-Urban / Sparse,0.3541,0.003772,0.7499,0.70,#FFAA00
0.3627,Moderate Risk,3,1.6312519311904907,0.115199,Bare Land,Peri-Urban / Sparse,0.3541,0.003718,0.7499,0.70,#FFAA00
0.3647,Moderate Risk,3,1.617904782295227,0.113519,Bare Land,Peri-Urban / Sparse,0.3541,0.003688,0.7597,0.70,#FFAA00
0.3655,Moderate Risk,3,1.639420747756958,0.112855,Bare Land,Peri-Urban / Sparse,0.3541,0.003737,0.7636,0.70,#FFAA00
0.3651,Moderate Risk,3,1.6633120775222778,0.113209,Bare Land,Peri-Urban / Sparse,0.3541,0.003791,0.7615,0.70,#FFAA00
0.3650,Moderate Risk,3,1.6780799627304077,0.113320,Bare Land,Peri-Urban / Sparse,0.3541,0.003825,0.7609,0.70,#FFAA00
0.3651,Moderate Risk,3,1.6875401735305786,0.113221,Bare Land,Peri-Urban / Sparse,0.3541,0.003846,0.7615,0.70,#FFAA00
0.3648,Moderate Risk,3,1.7020056247711182,0.113444,Bare Land,Peri-Urban / Sparse,0.3541,0.003879,0.7602,0.70,#FFAA00
0.3652,Moderate Risk,3,1.7235651016235352,0.113113,Bare Land,Peri-Urban / Sparse,0.3541,0.003928,0.7621,0.70,#FFAA00
0.3655,Moderate Risk,3,1.7481836080551147,0.112884,Bare Land,Peri-Urban / Sparse,0.3541,0.003985,0.7634,0.70,#FFAA00
0.3665,Moderate Risk,3,1.7699092626571655,0.112063,Bare Land,Peri-Urban / Sparse,0.3541,0.004034,0.7682,0.70,#FFAA00
0.3670,Moderate Risk,3,1.7782630920410156,0.111639,Bare Land,Peri-Urban / Sparse,0.3541,0.004053,0.7707,0.70,#FFAA00
0.3672,Moderate Risk,3,1.7799181938171387,0.111486,Bare Land,Peri-Urban / Sparse,0.3541,0.004057,0.7716,0.70,#FFAA00
0.3677,Moderate Risk,3,1.7936898469924927,0.111036,Bare Land,Peri-Urban / Sparse,0.3541,0.004088,0.7742,0.70,#FFAA00
0.3685,Moderate Risk,3,1.8147773742675781,0.110327,Bare Land,Peri-Urban / Sparse,0.3541,0.004136,0.7783,0.70,#FFAA00
0.3688,Moderate Risk,3,1.8542643785476685,0.110165,Bare Land,Peri-Urban / Sparse,0.3541,0.004226,0.7793,0.70,#FFAA00
0.3697,Moderate Risk,3,1.8720450401306152,0.109401,Bare Land,Peri-Urban / Sparse,0.3541,0.004267,0.7837,0.70,#FFAA00
0.3706,Moderate Risk,3,1.8730064630508423,0.108569,Bare Land,Peri-Urban / Sparse,0.3541,0.004269,0.7886,0.70,#FFAA00
0.3729,Moderate Risk,3,1.8566299676895142,0.106591,Bare Land,Peri-Urban / Sparse,0.3541,0.004232,0.8001,0.70,#FFAA00
0.3736,Moderate Risk,3,1.8647292852401733,0.106054,Bare Land,Peri-Urban / Sparse,0.3541,0.004250,0.8033,0.70,#FFAA00
0.3742,Moderate Risk,3,1.8708428144454956,0.105503,Bare Land,Peri-Urban / Sparse,0.3541,0.004264,0.8065,0.70,#FFAA00
0.3739,Moderate Risk,3,1.8774622678756714,0.105786,Bare Land,Peri-Urban / Sparse,0.3541,0.004279,0.8048,0.70,#FFAA00
0.3751,Moderate Risk,3,1.8994005918502808,0.104764,Bare Land,Peri-Urban / Sparse,0.3541,0.004329,0.8108,0.70,#FFAA00
0.3762,Moderate Risk,3,1.9593714475631714,0.103874,Bare Land,Peri-Urban / Sparse,0.3541,0.004466,0.8160,0.70,#FFAA00
0.3130,Moderate Risk,3,1.9975287914276123,,Bare Land,Peri-Urban / Sparse,0.3541,0.004553,0.5000,0.70,#FFAA00
0.3585,Moderate Risk,3,1.579392433166504,0.118811,Bare Land,Peri-Urban / Sparse,0.3541,0.003600,0.7289,0.70,#FFAA00
0.3587,Moderate Risk,3,1.5789587497711182,0.118602,Bare Land,Peri-Urban / Sparse,0.3541,0.003599,0.7301,0.70,#FFAA00
0.3592,Moderate Risk,3,1.5777872800827026,0.118194,Bare Land,Peri-Urban / Sparse,0.3541,0.003596,0.7325,0.70,#FFAA00
0.3586,Moderate Risk,3,1.5744950771331787,0.118741,Bare Land,Peri-Urban / Sparse,0.3541,0.003589,0.7293,0.70,#FFAA00
0.3593,Moderate Risk,3,1.5685142278671265,0.118090,Bare Land,Peri-Urban / Sparse,0.3541,0.003575,0.7331,0.70,#FFAA00
0.3592,Moderate Risk,3,1.5512573719024658,0.118210,Bare Land,Peri-Urban / Sparse,0.3541,0.003536,0.7324,0.70,#FFAA00
0.3599,Moderate Risk,3,1.5277903079986572,0.117606,Bare Land,Peri-Urban / Sparse,0.3541,0.003482,0.7359,0.70,#FFAA00
0.3602,Moderate Risk,3,1.517194390296936,0.117334,Bare Land,Peri-Urban / Sparse,0.3541,0.003458,0.7375,0.70,#FFAA00
0.3595,Moderate Risk,3,1.5131607055664062,0.117939,Bare Land,Peri-Urban / Sparse,0.3541,0.003449,0.7340,0.70,#FFAA00
0.3608,Moderate Risk,3,1.5058046579360962,0.116820,Bare Land,Peri-Urban / Sparse,0.3541,0.003432,0.7405,0.70,#FFAA00
0.3618,Moderate Risk,3,1.4936659336090088,0.115892,Bare Land,Peri-Urban / Sparse,0.3541,0.003404,0.7459,0.70,#FFAA00
0.3621,Moderate Risk,3,1.4926871061325073,0.115661,Bare Land,Peri-Urban / Sparse,0.3541,0.003402,0.7473,0.70,#FFAA00
0.3631,Moderate Risk,3,1.4968622922897339,0.114816,Bare Land,Peri-Urban / Sparse,0.3541,0.003412,0.7522,0.70,#FFAA00
0.3626,Moderate Risk,3,1.5070581436157227,0.115259,Bare Land,Peri-Urban / Sparse,0.3541,0.003435,0.7496,0.70,#FFAA00
0.3628,Moderate Risk,3,1.5233403444290161,0.115046,Bare Land,Peri-Urban / Sparse,0.3541,0.003472,0.7508,0.70,#FFAA00
0.3633,Moderate Risk,3,1.5386375188827515,0.114647,Bare Land,Peri-Urban / Sparse,0.3541,0.003507,0.7532,0.70,#FFAA00
0.3629,Moderate Risk,3,1.5497920513153076,0.115014,Bare Land,Peri-Urban / Sparse,0.3541,0.003532,0.7510,0.70,#FFAA00
0.3629,Moderate Risk,3,1.5478298664093018,0.114997,Bare Land,Peri-Urban / Sparse,0.3541,0.003528,0.7511,0.70,#FFAA00
0.3627,Moderate Risk,3,1.5319172143936157,0.115193,Bare Land,Peri-Urban / Sparse,0.3541,0.003492,0.7500,0.70,#FFAA00
0.3630,Moderate Risk,3,1.509318470954895,0.114873,Bare Land,Peri-Urban / Sparse,0.3541,0.003440,0.7518,0.70,#FFAA00
0.3629,Moderate Risk,3,1.4946634769439697,0.114979,Bare Land,Peri-Urban / Sparse,0.3541,0.003407,0.7512,0.70,#FFAA00
0.3638,Moderate Risk,3,1.4975332021713257,0.114187,Bare Land,Peri-Urban / Sparse,0.3541,0.003413,0.7558,0.70,#FFAA00
0.3654,Moderate Risk,3,1.5058802366256714,0.112799,Bare Land,Peri-Urban / Sparse,0.3541,0.003432,0.7639,0.70,#FFAA00
0.3654,Moderate Risk,3,1.523512601852417,0.112840,Bare Land,Peri-Urban / Sparse,0.3541,0.003472,0.7637,0.70,#FFAA00
0.3655,Moderate Risk,3,1.546663522720337,0.112779,Bare Land,Peri-Urban / Sparse,0.3541,0.003525,0.7641,0.70,#FFAA00
0.3660,Moderate Risk,3,1.5697354078292847,0.112395,Bare Land,Peri-Urban / Sparse,0.3541,0.003578,0.7663,0.70,#FFAA00
0.3653,Moderate Risk,3,1.5836602449417114,0.112944,Bare Land,Peri-Urban / Sparse,0.3541,0.003610,0.7631,0.70,#FFAA00
0.3649,Moderate Risk,3,1.589656114578247,0.113294,Bare Land,Peri-Urban / Sparse,0.3541,0.003623,0.7611,0.70,#FFAA00
0.3656,Moderate Risk,3,1.5892014503479004,0.112760,Bare Land,Peri-Urban / Sparse,0.3541,0.003622,0.7642,0.70,#FFAA00
0.3656,Moderate Risk,3,1.600481629371643,0.112777,Bare Land,Peri-Urban / Sparse,0.3541,0.003648,0.7641,0.70,#FFAA00
0.3667,Moderate Risk,3,1.6167820692062378,0.111795,Bare Land,Peri-Urban / Sparse,0.3541,0.003685,0.7698,0.70,#FFAA00
0.3672,Moderate Risk,3,1.6316627264022827,0.111415,Bare Land,Peri-Urban / Sparse,0.3541,0.003719,0.7720,0.70,#FFAA00
0.3668,Moderate Risk,3,1.668218970298767,0.111720,Bare Land,Peri-Urban / Sparse,0.3541,0.003802,0.7702,0.70,#FFAA00
0.3675,Moderate Risk,3,1.6424511671066284,0.111115,Bare Land,Peri-Urban / Sparse,0.3541,0.003744,0.7738,0.70,#FFAA00
0.3692,Moderate Risk,3,1.6419224739074707,0.109650,Bare Land,Peri-Urban / Sparse,0.3541,0.003742,0.7823,0.70,#FFAA00
0.3697,Moderate Risk,3,1.637695550918579,0.109279,Bare Land,Peri-Urban / Sparse,0.3541,0.003733,0.7845,0.70,#FFAA00
0.3700,Moderate Risk,3,1.6709550619125366,0.109004,Bare Land,Peri-Urban / Sparse,0.3541,0.003809,0.7861,0.70,#FFAA00
0.3715,Moderate Risk,3,1.709837794303894,0.107719,Bare Land,Peri-Urban / Sparse,0.3541,0.003897,0.7936,0.70,#FFAA00
0.3731,Moderate Risk,3,1.7361477613449097,0.106359,Bare Land,Peri-Urban / Sparse,0.3541,0.003957,0.8015,0.70,#FFAA00
0.3739,Moderate Risk,3,1.752561092376709,0.105714,Bare Land,Peri-Urban / Sparse,0.3541,0.003995,0.8052,0.70,#FFAA00
0.3746,Moderate Risk,3,1.770532488822937,0.105085,Bare Land,Peri-Urban / Sparse,0.3541,0.004036,0.8089,0.70,#FFAA00
0.3748,Moderate Risk,3,1.7887647151947021,0.104931,Bare Land,Peri-Urban / Sparse,0.3541,0.004077,0.8098,0.70,#FFAA00
0.3759,Moderate Risk,3,1.7889490127563477,0.104006,Bare Land,Peri-Urban / Sparse,0.3541,0.004077,0.8152,0.70,#FFAA00
0.3771,Moderate Risk,3,1.7960877418518066,0.102952,Bare Land,Peri-Urban / Sparse,0.3541,0.004094,0.8213,0.70,#FFAA00
0.3786,Moderate Risk,3,1.830499529838562,0.101682,Bare Land,Peri-Urban / Sparse,0.3541,0.004172,0.8287,0.70,#FFAA00
0.3580,Moderate Risk,3,1.5304481983184814,0.119209,Bare Land,Peri-Urban / Sparse,0.3541,0.003488,0.7266,0.70,#FFAA00
0.3581,Moderate Risk,3,1.525977611541748,0.119077,Bare Land,Peri-Urban / Sparse,0.3541,0.003478,0.7273,0.70,#FFAA00
0.3581,Moderate Risk,3,1.526403784751892,0.119094,Bare Land,Peri-Urban / Sparse,0.3541,0.003479,0.7272,0.70,#FFAA00
0.3588,Moderate Risk,3,1.526005744934082,0.118491,Bare Land,Peri-Urban / Sparse,0.3541,0.003478,0.7308,0.70,#FFAA00
0.3600,Moderate Risk,3,1.516869068145752,0.117504,Bare Land,Peri-Urban / Sparse,0.3541,0.003457,0.7365,0.70,#FFAA00
0.3612,Moderate Risk,3,1.5041344165802002,0.116447,Bare Land,Peri-Urban / Sparse,0.3541,0.003428,0.7427,0.70,#FFAA00
0.3617,Moderate Risk,3,1.5036007165908813,0.116017,Bare Land,Peri-Urban / Sparse,0.3541,0.003427,0.7452,0.70,#FFAA00
0.3611,Moderate Risk,3,1.5029971599578857,0.116490,Bare Land,Peri-Urban / Sparse,0.3541,0.003426,0.7424,0.70,#FFAA00
0.3613,Moderate Risk,3,1.4957743883132935,0.116370,Bare Land,Peri-Urban / Sparse,0.3541,0.003409,0.7431,0.70,#FFAA00
0.3617,Moderate Risk,3,1.4846303462982178,0.116001,Bare Land,Peri-Urban / Sparse,0.3541,0.003384,0.7453,0.70,#FFAA00
0.3634,Moderate Risk,3,1.4824942350387573,0.114537,Bare Land,Peri-Urban / Sparse,0.3541,0.003379,0.7538,0.70,#FFAA00
0.3632,Moderate Risk,3,1.4837604761123657,0.114764,Bare Land,Peri-Urban / Sparse,0.3541,0.003382,0.7525,0.70,#FFAA00
0.3639,Moderate Risk,3,1.4845969676971436,0.114131,Bare Land,Peri-Urban / Sparse,0.3541,0.003384,0.7562,0.70,#FFAA00
0.3641,Moderate Risk,3,1.485168695449829,0.113945,Bare Land,Peri-Urban / Sparse,0.3541,0.003385,0.7573,0.70,#FFAA00
0.3641,Moderate Risk,3,1.4800331592559814,0.113919,Bare Land,Peri-Urban / Sparse,0.3541,0.003373,0.7574,0.70,#FFAA00
0.3644,Moderate Risk,3,1.4659583568572998,0.113718,Bare Land,Peri-Urban / Sparse,0.3541,0.003341,0.7586,0.70,#FFAA00
0.3636,Moderate Risk,3,1.4447575807571411,0.114379,Bare Land,Peri-Urban / Sparse,0.3541,0.003293,0.7547,0.70,#FFAA00
0.3635,Moderate Risk,3,1.4222495555877686,0.114403,Bare Land,Peri-Urban / Sparse,0.3541,0.003242,0.7546,0.70,#FFAA00
0.3640,Moderate Risk,3,1.413360834121704,0.114030,Bare Land,Peri-Urban / Sparse,0.3541,0.003221,0.7568,0.70,#FFAA00
0.3647,Moderate Risk,3,1.4194034337997437,0.113426,Bare Land,Peri-Urban / Sparse,0.3541,0.003235,0.7603,0.70,#FFAA00
0.3646,Moderate Risk,3,1.4310202598571777,0.113465,Bare Land,Peri-Urban / Sparse,0.3541,0.003262,0.7601,0.70,#FFAA00
0.3657,Moderate Risk,3,1.443013072013855,0.112549,Bare Land,Peri-Urban / Sparse,0.3541,0.003289,0.7654,0.70,#FFAA00
0.3670,Moderate Risk,3,1.4513671398162842,0.111469,Bare Land,Peri-Urban / Sparse,0.3541,0.003308,0.7717,0.70,#FFAA00
0.3664,Moderate Risk,3,1.4586883783340454,0.111934,Bare Land,Peri-Urban / Sparse,0.3541,0.003325,0.7690,0.70,#FFAA00
0.3670,Moderate Risk,3,1.4668525457382202,0.111465,Bare Land,Peri-Urban / Sparse,0.3541,0.003343,0.7717,0.70,#FFAA00
0.3668,Moderate Risk,3,1.584869623184204,0.111730,Bare Land,Peri-Urban / Sparse,0.3541,0.003612,0.7702,0.70,#FFAA00
0.3648,Moderate Risk,3,1.501404881477356,0.113361,Bare Land,Peri-Urban / Sparse,0.3541,0.003422,0.7607,0.70,#FFAA00
0.3653,Moderate Risk,3,1.4776326417922974,0.112965,Bare Land,Peri-Urban / Sparse,0.3541,0.003368,0.7630,0.70,#FFAA00
0.3654,Moderate Risk,3,1.4828547239303589,0.112868,Bare Land,Peri-Urban / Sparse,0.3541,0.003380,0.7635,0.70,#FFAA00
0.3665,Moderate Risk,3,1.4867956638336182,0.111897,Bare Land,Peri-Urban / Sparse,0.3541,0.003389,0.7692,0.70,#FFAA00
0.3672,Moderate Risk,3,1.4964098930358887,0.111286,Bare Land,Peri-Urban / Sparse,0.3541,0.003411,0.7728,0.70,#FFAA00
0.3675,Moderate Risk,3,1.5177438259124756,0.111042,Bare Land,Peri-Urban / Sparse,0.3541,0.003459,0.7742,0.70,#FFAA00
0.3677,Moderate Risk,3,1.6005535125732422,0.110916,Bare Land,Peri-Urban / Sparse,0.3541,0.003648,0.7749,0.70,#FFAA00
0.3687,Moderate Risk,3,1.5313090085983276,0.110005,Bare Land,Peri-Urban / Sparse,0.3541,0.003490,0.7802,0.70,#FFAA00
0.3698,Moderate Risk,3,1.5245925188064575,0.109049,Bare Land,Peri-Urban / Sparse,0.3541,0.003475,0.7858,0.70,#FFAA00
0.3703,Moderate Risk,3,1.5163235664367676,0.108642,Bare Land,Peri-Urban / Sparse,0.3541,0.003456,0.7882,0.70,#FFAA00
0.3709,Moderate Risk,3,1.5120747089385986,0.108099,Bare Land,Peri-Urban / Sparse,0.3541,0.003446,0.7913,0.70,#FFAA00
0.3717,Moderate Risk,3,1.5231808423995972,0.107461,Bare Land,Peri-Urban / Sparse,0.3541,0.003472,0.7951,0.70,#FFAA00
0.3722,Moderate Risk,3,1.5515432357788086,0.107032,Bare Land,Peri-Urban / Sparse,0.3541,0.003536,0.7976,0.70,#FFAA00
0.3729,Moderate Risk,3,1.5809520483016968,0.106482,Bare Land,Peri-Urban / Sparse,0.3541,0.003603,0.8008,0.70,#FFAA00
0.3732,Moderate Risk,3,1.602207064628601,0.106202,Bare Land,Peri-Urban / Sparse,0.3541,0.003652,0.8024,0.70,#FFAA00
0.3736,Moderate Risk,3,1.6141859292984009,0.105903,Bare Land,Peri-Urban / Sparse,0.3541,0.003679,0.8041,0.70,#FFAA00
0.3752,Moderate Risk,3,1.6222814321517944,0.104529,Bare Land,Peri-Urban / Sparse,0.3541,0.003698,0.8121,0.70,#FFAA00
0.3773,Moderate Risk,3,1.6269816160202026,0.102695,Bare Land,Peri-Urban / Sparse,0.3541,0.003708,0.8228,0.70,#FFAA00
0.3779,Moderate Risk,3,1.6293810606002808,0.102173,Bare Land,Peri-Urban / Sparse,0.3541,0.003714,0.8259,0.70,#FFAA00
0.3128,Moderate Risk,3,1.6349064111709595,,Bare Land,Peri-Urban / Sparse,0.3541,0.003726,0.5000,0.70,#FFAA00
0.3593,Moderate Risk,3,1.4923609495162964,0.118032,Bare Land,Peri-Urban / Sparse,0.3541,0.003401,0.7334,0.70,#FFAA00
0.3593,Moderate Risk,3,1.4965012073516846,0.118085,Bare Land,Peri-Urban / Sparse,0.3541,0.003411,0.7331,0.70,#FFAA00
0.3587,Moderate Risk,3,1.4956049919128418,0.118624,Bare Land,Peri-Urban / Sparse,0.3541,0.003409,0.7300,0.70,#FFAA00
0.3597,Moderate Risk,3,1.4852827787399292,0.117752,Bare Land,Peri-Urban / Sparse,0.3541,0.003385,0.7351,0.70,#FFAA00
0.3612,Moderate Risk,3,1.4811232089996338,0.116431,Bare Land,Peri-Urban / Sparse,0.3541,0.003376,0.7428,0.70,#FFAA00
0.3624,Moderate Risk,3,1.4845126867294312,0.115398,Bare Land,Peri-Urban / Sparse,0.3541,0.003384,0.7488,0.70,#FFAA00
0.3636,Moderate Risk,3,1.4869734048843384,0.114393,Bare Land,Peri-Urban / Sparse,0.3541,0.003389,0.7546,0.70,#FFAA00
0.3624,Moderate Risk,3,1.4792544841766357,0.115436,Bare Land,Peri-Urban / Sparse,0.3541,0.003372,0.7486,0.70,#FFAA00
0.3629,Moderate Risk,3,1.4705631732940674,0.114990,Bare Land,Peri-Urban / Sparse,0.3541,0.003352,0.7512,0.70,#FFAA00
0.3637,Moderate Risk,3,1.4704265594482422,0.114292,Bare Land,Peri-Urban / Sparse,0.3541,0.003351,0.7552,0.70,#FFAA00
0.3646,Moderate Risk,3,1.472148060798645,0.113508,Bare Land,Peri-Urban / Sparse,0.3541,0.003355,0.7598,0.70,#FFAA00
0.3652,Moderate Risk,3,1.4746869802474976,0.113014,Bare Land,Peri-Urban / Sparse,0.3541,0.003361,0.7627,0.70,#FFAA00
0.3653,Moderate Risk,3,1.4773638248443604,0.112956,Bare Land,Peri-Urban / Sparse,0.3541,0.003367,0.7630,0.70,#FFAA00
0.3656,Moderate Risk,3,1.467708706855774,0.112685,Bare Land,Peri-Urban / Sparse,0.3541,0.003345,0.7646,0.70,#FFAA00
0.3653,Moderate Risk,3,1.4180912971496582,0.112835,Bare Land,Peri-Urban / Sparse,0.3541,0.003232,0.7637,0.70,#FFAA00
0.3654,Moderate Risk,3,1.3955870866775513,0.112804,Bare Land,Peri-Urban / Sparse,0.3541,0.003181,0.7639,0.70,#FFAA00
0.3655,Moderate Risk,3,1.3906444311141968,0.112682,Bare Land,Peri-Urban / Sparse,0.3541,0.003170,0.7646,0.70,#FFAA00
0.3656,Moderate Risk,3,1.3820527791976929,0.112600,Bare Land,Peri-Urban / Sparse,0.3541,0.003150,0.7651,0.70,#FFAA00
0.3656,Moderate Risk,3,1.3776395320892334,0.112634,Bare Land,Peri-Urban / Sparse,0.3541,0.003140,0.7649,0.70,#FFAA00
0.3660,Moderate Risk,3,1.379641056060791,0.112235,Bare Land,Peri-Urban / Sparse,0.3541,0.003145,0.7672,0.70,#FFAA00
0.3657,Moderate Risk,3,1.3812873363494873,0.112484,Bare Land,Peri-Urban / Sparse,0.3541,0.003148,0.7658,0.70,#FFAA00
0.3669,Moderate Risk,3,1.3790035247802734,0.111467,Bare Land,Peri-Urban / Sparse,0.3541,0.003143,0.7717,0.70,#FFAA00
0.3669,Moderate Risk,3,1.3852136135101318,0.111497,Bare Land,Peri-Urban / Sparse,0.3541,0.003157,0.7715,0.70,#FFAA00
0.3672,Moderate Risk,3,1.3942064046859741,0.111232,Bare Land,Peri-Urban / Sparse,0.3541,0.003178,0.7731,0.70,#FFAA00
0.3673,Moderate Risk,3,1.3930222988128662,0.111165,Bare Land,Peri-Urban / Sparse,0.3541,0.003175,0.7735,0.70,#FFAA00
0.3667,Moderate Risk,3,1.4295933246612549,0.111661,Bare Land,Peri-Urban / Sparse,0.3541,0.003258,0.7706,0.70,#FFAA00
0.3649,Moderate Risk,3,1.4045346975326538,0.113214,Bare Land,Peri-Urban / Sparse,0.3541,0.003201,0.7615,0.70,#FFAA00
0.3654,Moderate Risk,3,1.397332787513733,0.112806,Bare Land,Peri-Urban / Sparse,0.3541,0.003185,0.7639,0.70,#FFAA00
0.3660,Moderate Risk,3,1.4024707078933716,0.112274,Bare Land,Peri-Urban / Sparse,0.3541,0.003197,0.7670,0.70,#FFAA00
0.3670,Moderate Risk,3,1.4054993391036987,0.111394,Bare Land,Peri-Urban / Sparse,0.3541,0.003204,0.7721,0.70,#FFAA00
0.3673,Moderate Risk,3,1.402361512184143,0.111180,Bare Land,Peri-Urban / Sparse,0.3541,0.003196,0.7734,0.70,#FFAA00
0.3677,Moderate Risk,3,1.404175043106079,0.110789,Bare Land,Peri-Urban / Sparse,0.3541,0.003200,0.7757,0.70,#FFAA00
0.3687,Moderate Risk,3,1.4162780046463013,0.109995,Bare Land,Peri-Urban / Sparse,0.3541,0.003228,0.7803,0.70,#FFAA00
0.3702,Moderate Risk,3,1.489492654800415,0.108722,Bare Land,Peri-Urban / Sparse,0.3541,0.003395,0.7877,0.70,#FFAA00
0.3714,Moderate Risk,3,1.436685562133789,0.107690,Bare Land,Peri-Urban / Sparse,0.3541,0.003275,0.7937,0.70,#FFAA00
0.3719,Moderate Risk,3,1.4278005361557007,0.107214,Bare Land,Peri-Urban / Sparse,0.3541,0.003254,0.7965,0.70,#FFAA00
0.3722,Moderate Risk,3,1.410504698753357,0.106957,Bare Land,Peri-Urban / Sparse,0.3541,0.003215,0.7980,0.70,#FFAA00
0.3731,Moderate Risk,3,1.4002467393875122,0.106162,Bare Land,Peri-Urban / Sparse,0.3541,0.003192,0.8026,0.70,#FFAA00
0.3731,Moderate Risk,3,1.4043949842453003,0.106168,Bare Land,Peri-Urban / Sparse,0.3541,0.003201,0.8026,0.70,#FFAA00
0.3733,Moderate Risk,3,1.410096526145935,0.105991,Bare Land,Peri-Urban / Sparse,0.3541,0.003214,0.8036,0.70,#FFAA00
0.3736,Moderate Risk,3,1.4269968271255493,0.105736,Bare Land,Peri-Urban / Sparse,0.3541,0.003253,0.8051,0.70,#FFAA00
0.3750,Moderate Risk,3,1.4558312892913818,0.104583,Bare Land,Peri-Urban / Sparse,0.3541,0.003318,0.8118,0.70,#FFAA00
0.3761,Moderate Risk,3,1.4706202745437622,0.103643,Bare Land,Peri-Urban / Sparse,0.3541,0.003352,0.8173,0.70,#FFAA00
0.3976,Moderate Risk,3,1.4745278358459473,0.102330,Minepits/Industry,Peri-Urban / Sparse,0.3541,0.003361,0.8250,0.90,#FFAA00
0.3774,Moderate Risk,3,1.4783496856689453,0.102549,Bare Land,Peri-Urban / Sparse,0.3541,0.003370,0.8237,0.70,#FFAA00
0.3127,Moderate Risk,3,1.4829210042953491,,Bare Land,Peri-Urban / Sparse,0.3541,0.003380,0.5000,0.70,#FFAA00
0.3587,Moderate Risk,3,1.4637672901153564,0.118578,Bare Land,Peri-Urban / Sparse,0.3541,0.003336,0.7302,0.70,#FFAA00
0.3588,Moderate Risk,3,1.4576278924942017,0.118444,Bare Land,Peri-Urban / Sparse,0.3541,0.003322,0.7310,0.70,#FFAA00
0.3601,Moderate Risk,3,1.4493539333343506,0.117359,Bare Land,Peri-Urban / Sparse,0.3541,0.003303,0.7374,0.70,#FFAA00
0.3611,Moderate Risk,3,1.4484562873840332,0.116499,Bare Land,Peri-Urban / Sparse,0.3541,0.003301,0.7424,0.70,#FFAA00
0.3630,Moderate Risk,3,1.4511957168579102,0.114919,Bare Land,Peri-Urban / Sparse,0.3541,0.003308,0.7516,0.70,#FFAA00
0.3654,Moderate Risk,3,1.450557827949524,0.112835,Bare Land,Peri-Urban / Sparse,0.3541,0.003306,0.7637,0.70,#FFAA00
0.3650,Moderate Risk,3,1.4460049867630005,0.113137,Bare Land,Peri-Urban / Sparse,0.3541,0.003296,0.7620,0.70,#FFAA00
0.3648,Moderate Risk,3,1.445601224899292,0.113306,Bare Land,Peri-Urban / Sparse,0.3541,0.003295,0.7610,0.70,#FFAA00
0.3656,Moderate Risk,3,1.4513306617736816,0.112663,Bare Land,Peri-Urban / Sparse,0.3541,0.003308,0.7647,0.70,#FFAA00
0.3660,Moderate Risk,3,1.456061601638794,0.112314,Bare Land,Peri-Urban / Sparse,0.3541,0.003319,0.7668,0.70,#FFAA00
0.3661,Moderate Risk,3,1.4580885171890259,0.112242,Bare Land,Peri-Urban / Sparse,0.3541,0.003323,0.7672,0.70,#FFAA00
0.3660,Moderate Risk,3,1.4588755369186401,0.112320,Bare Land,Peri-Urban / Sparse,0.3541,0.003325,0.7667,0.70,#FFAA00
0.3663,Moderate Risk,3,1.4448165893554688,0.112011,Bare Land,Peri-Urban / Sparse,0.3541,0.003293,0.7685,0.70,#FFAA00
0.3667,Moderate Risk,3,1.3974170684814453,0.111685,Bare Land,Peri-Urban / Sparse,0.3541,0.003185,0.7704,0.70,#FFAA00
0.3666,Moderate Risk,3,1.3738094568252563,0.111711,Bare Land,Peri-Urban / Sparse,0.3541,0.003131,0.7703,0.70,#FFAA00
0.3665,Moderate Risk,3,1.3671172857284546,0.111787,Bare Land,Peri-Urban / Sparse,0.3541,0.003116,0.7698,0.70,#FFAA00
0.3663,Moderate Risk,3,1.3629871606826782,0.111959,Bare Land,Peri-Urban / Sparse,0.3541,0.003107,0.7688,0.70,#FFAA00
0.3670,Moderate Risk,3,1.3605486154556274,0.111429,Bare Land,Peri-Urban / Sparse,0.3541,0.003101,0.7719,0.70,#FFAA00
0.3669,Moderate Risk,3,1.3618481159210205,0.111506,Bare Land,Peri-Urban / Sparse,0.3541,0.003104,0.7715,0.70,#FFAA00
0.3667,Moderate Risk,3,1.364501714706421,0.111651,Bare Land,Peri-Urban / Sparse,0.3541,0.003110,0.7706,0.70,#FFAA00
0.3670,Moderate Risk,3,1.3674802780151367,0.111399,Bare Land,Peri-Urban / Sparse,0.3541,0.003117,0.7721,0.70,#FFAA00
0.3682,Moderate Risk,3,1.367465853691101,0.110409,Bare Land,Peri-Urban / Sparse,0.3541,0.003117,0.7779,0.70,#FFAA00
0.3678,Moderate Risk,3,1.3706252574920654,0.110703,Bare Land,Peri-Urban / Sparse,0.3541,0.003124,0.7762,0.70,#FFAA00
0.3676,Moderate Risk,3,1.3768622875213623,0.110866,Bare Land,Peri-Urban / Sparse,0.3541,0.003138,0.7752,0.70,#FFAA00
0.3678,Moderate Risk,3,1.375518798828125,0.110695,Bare Land,Peri-Urban / Sparse,0.3541,0.003135,0.7762,0.70,#FFAA00
0.3680,Moderate Risk,3,1.3756744861602783,0.110522,Bare Land,Peri-Urban / Sparse,0.3541,0.003136,0.7772,0.70,#FFAA00
0.3662,Moderate Risk,3,1.3691725730895996,0.112115,Bare Land,Peri-Urban / Sparse,0.3541,0.003121,0.7679,0.70,#FFAA00
0.3668,Moderate Risk,3,1.3659733533859253,0.111580,Bare Land,Peri-Urban / Sparse,0.3541,0.003113,0.7710,0.70,#FFAA00
0.3675,Moderate Risk,3,1.3653597831726074,0.111010,Bare Land,Peri-Urban / Sparse,0.3541,0.003112,0.7744,0.70,#FFAA00
0.3684,Moderate Risk,3,1.3637861013412476,0.110171,Bare Land,Peri-Urban / Sparse,0.3541,0.003108,0.7793,0.70,#FFAA00
0.3688,Moderate Risk,3,1.360713243484497,0.109878,Bare Land,Peri-Urban / Sparse,0.3541,0.003101,0.7810,0.70,#FFAA00
0.3691,Moderate Risk,3,1.3579872846603394,0.109563,Bare Land,Peri-Urban / Sparse,0.3541,0.003095,0.7828,0.70,#FFAA00
0.3698,Moderate Risk,3,1.3844938278198242,0.109031,Bare Land,Peri-Urban / Sparse,0.3541,0.003156,0.7859,0.70,#FFAA00
0.3714,Moderate Risk,3,2.2013964653015137,0.108093,Bare Land,Peri-Urban / Sparse,0.3541,0.005018,0.7914,0.70,#FFAA00
0.3718,Moderate Risk,3,1.41590416431427,0.107264,Bare Land,Peri-Urban / Sparse,0.3541,0.003227,0.7962,0.70,#FFAA00
0.3720,Moderate Risk,3,1.3437529802322388,0.107135,Bare Land,Peri-Urban / Sparse,0.3541,0.003063,0.7970,0.70,#FFAA00
0.3721,Moderate Risk,3,1.342085838317871,0.107013,Bare Land,Peri-Urban / Sparse,0.3541,0.003059,0.7977,0.70,#FFAA00
0.3732,Moderate Risk,3,1.3408961296081543,0.106082,Bare Land,Peri-Urban / Sparse,0.3541,0.003056,0.8031,0.70,#FFAA00
0.3738,Moderate Risk,3,1.3411673307418823,0.105540,Bare Land,Peri-Urban / Sparse,0.3541,0.003057,0.8063,0.70,#FFAA00
0.3741,Moderate Risk,3,1.341510534286499,0.105311,Bare Land,Peri-Urban / Sparse,0.3541,0.003058,0.8076,0.70,#FFAA00
0.3740,Moderate Risk,3,1.341487169265747,0.105365,Bare Land,Peri-Urban / Sparse,0.3541,0.003058,0.8073,0.70,#FFAA00
0.3746,Moderate Risk,3,1.349025845527649,0.104821,Bare Land,Peri-Urban / Sparse,0.3541,0.003075,0.8104,0.70,#FFAA00
0.3758,Moderate Risk,3,1.365131139755249,0.103886,Bare Land,Peri-Urban / Sparse,0.3541,0.003111,0.8159,0.70,#FFAA00
0.3769,Moderate Risk,3,1.3897804021835327,0.102939,Bare Land,Peri-Urban / Sparse,0.3541,0.003168,0.8214,0.70,#FFAA00
0.3768,Moderate Risk,3,1.4111512899398804,0.103040,Bare Land,Peri-Urban / Sparse,0.3541,0.003216,0.8208,0.70,#FFAA00
0.3126,Moderate Risk,3,1.4161020517349243,,Bare Land,Peri-Urban / Sparse,0.3541,0.003228,0.5000,0.70,#FFAA00
0.3597,Moderate Risk,3,1.433792233467102,0.117711,Bare Land,Peri-Urban / Sparse,0.3541,0.003268,0.7353,0.70,#FFAA00
0.3611,Moderate Risk,3,1.4328476190567017,0.116476,Bare Land,Peri-Urban / Sparse,0.3541,0.003266,0.7425,0.70,#FFAA00
0.3617,Moderate Risk,3,1.4347736835479736,0.116011,Bare Land,Peri-Urban / Sparse,0.3541,0.003270,0.7452,0.70,#FFAA00
0.3635,Moderate Risk,3,1.4335917234420776,0.114457,Bare Land,Peri-Urban / Sparse,0.3541,0.003268,0.7543,0.70,#FFAA00
0.3659,Moderate Risk,3,1.427449107170105,0.112370,Bare Land,Peri-Urban / Sparse,0.3541,0.003254,0.7664,0.70,#FFAA00
0.3667,Moderate Risk,3,1.4202697277069092,0.111656,Bare Land,Peri-Urban / Sparse,0.3541,0.003237,0.7706,0.70,#FFAA00
0.3678,Moderate Risk,3,1.4209307432174683,0.110739,Bare Land,Peri-Urban / Sparse,0.3541,0.003239,0.7759,0.70,#FFAA00
0.3683,Moderate Risk,3,1.4234589338302612,0.110307,Bare Land,Peri-Urban / Sparse,0.3541,0.003244,0.7785,0.70,#FFAA00
0.3680,Moderate Risk,3,1.4261969327926636,0.110534,Bare Land,Peri-Urban / Sparse,0.3541,0.003251,0.7771,0.70,#FFAA00
0.3676,Moderate Risk,3,1.4287711381912231,0.110937,Bare Land,Peri-Urban / Sparse,0.3541,0.003257,0.7748,0.70,#FFAA00
0.3678,Moderate Risk,3,1.429703712463379,0.110782,Bare Land,Peri-Urban / Sparse,0.3541,0.003259,0.7757,0.70,#FFAA00
0.3678,Moderate Risk,3,1.4051504135131836,0.110769,Bare Land,Peri-Urban / Sparse,0.3541,0.003203,0.7758,0.70,#FFAA00
0.3676,Moderate Risk,3,1.3609672784805298,0.110868,Bare Land,Peri-Urban / Sparse,0.3541,0.003102,0.7752,0.70,#FFAA00
0.3677,Moderate Risk,3,1.350096344947815,0.110817,Bare Land,Peri-Urban / Sparse,0.3541,0.003077,0.7755,0.70,#FFAA00
0.3679,Moderate Risk,3,1.3473987579345703,0.110596,Bare Land,Peri-Urban / Sparse,0.3541,0.003071,0.7768,0.70,#FFAA00
0.3666,Moderate Risk,3,1.3396772146224976,0.111695,Bare Land,Peri-Urban / Sparse,0.3541,0.003053,0.7704,0.70,#FFAA00
0.3667,Moderate Risk,3,1.3389397859573364,0.111627,Bare Land,Peri-Urban / Sparse,0.3541,0.003052,0.7708,0.70,#FFAA00
0.3668,Moderate Risk,3,1.338680624961853,0.111559,Bare Land,Peri-Urban / Sparse,0.3541,0.003051,0.7712,0.70,#FFAA00
0.3667,Moderate Risk,3,1.340394139289856,0.111678,Bare Land,Peri-Urban / Sparse,0.3541,0.003055,0.7705,0.70,#FFAA00
0.3666,Moderate Risk,3,1.342188835144043,0.111701,Bare Land,Peri-Urban / Sparse,0.3541,0.003059,0.7703,0.70,#FFAA00
0.3679,Moderate Risk,3,1.344817876815796,0.110629,Bare Land,Peri-Urban / Sparse,0.3541,0.003065,0.7766,0.70,#FFAA00
0.3691,Moderate Risk,3,1.3472107648849487,0.109608,Bare Land,Peri-Urban / Sparse,0.3541,0.003071,0.7825,0.70,#FFAA00
0.3687,Moderate Risk,3,1.3499175310134888,0.109903,Bare Land,Peri-Urban / Sparse,0.3541,0.003077,0.7808,0.70,#FFAA00
0.3698,Moderate Risk,3,1.3559483289718628,0.109007,Bare Land,Peri-Urban / Sparse,0.3541,0.003091,0.7860,0.70,#FFAA00
0.3689,Moderate Risk,3,1.3608335256576538,0.109780,Bare Land,Peri-Urban / Sparse,0.3541,0.003102,0.7815,0.70,#FFAA00
0.3685,Moderate Risk,3,1.356095552444458,0.110125,Bare Land,Peri-Urban / Sparse,0.3541,0.003091,0.7795,0.70,#FFAA00
0.3679,Moderate Risk,3,1.3529411554336548,0.110639,Bare Land,Peri-Urban / Sparse,0.3541,0.003084,0.7765,0.70,#FFAA00
0.3677,Moderate Risk,3,1.3535778522491455,0.110759,Bare Land,Peri-Urban / Sparse,0.3541,0.003085,0.7758,0.70,#FFAA00
0.3688,Moderate Risk,3,1.355190396308899,0.109848,Bare Land,Peri-Urban / Sparse,0.3541,0.003089,0.7811,0.70,#FFAA00
0.3700,Moderate Risk,3,1.352364182472229,0.108840,Bare Land,Peri-Urban / Sparse,0.3541,0.003082,0.7870,0.70,#FFAA00
0.3700,Moderate Risk,3,1.3514834642410278,0.108770,Bare Land,Peri-Urban / Sparse,0.3541,0.003080,0.7874,0.70,#FFAA00
0.3701,Moderate Risk,3,1.352723479270935,0.108760,Bare Land,Peri-Urban / Sparse,0.3541,0.003083,0.7875,0.70,#FFAA00
0.3704,Moderate Risk,3,1.3584421873092651,0.108430,Bare Land,Peri-Urban / Sparse,0.3541,0.003096,0.7894,0.70,#FFAA00
0.3718,Moderate Risk,3,1.4019619226455688,0.107283,Bare Land,Peri-Urban / Sparse,0.3541,0.003195,0.7961,0.70,#FFAA00
0.3723,Moderate Risk,3,1.3301770687103271,0.106788,Bare Land,Peri-Urban / Sparse,0.3541,0.003032,0.7990,0.70,#FFAA00
0.3723,Moderate Risk,3,1.3192393779754639,0.106800,Bare Land,Peri-Urban / Sparse,0.3541,0.003007,0.7989,0.70,#FFAA00
0.3736,Moderate Risk,3,1.3219373226165771,0.105716,Bare Land,Peri-Urban / Sparse,0.3541,0.003013,0.8052,0.70,#FFAA00
0.3735,Moderate Risk,3,1.3242019414901733,0.105754,Bare Land,Peri-Urban / Sparse,0.3541,0.003018,0.8050,0.70,#FFAA00
0.3740,Moderate Risk,3,1.3250961303710938,0.105383,Bare Land,Peri-Urban / Sparse,0.3541,0.003020,0.8072,0.70,#FFAA00
0.3744,Moderate Risk,3,1.326422095298767,0.105039,Bare Land,Peri-Urban / Sparse,0.3541,0.003023,0.8092,0.70,#FFAA00
0.3743,Moderate Risk,3,1.327180027961731,0.105089,Bare Land,Peri-Urban / Sparse,0.3541,0.003025,0.8089,0.70,#FFAA00
0.3745,Moderate Risk,3,1.3290441036224365,0.104925,Bare Land,Peri-Urban / Sparse,0.3541,0.003029,0.8098,0.70,#FFAA00
0.3758,Moderate Risk,3,1.3283714056015015,0.103831,Bare Land,Peri-Urban / Sparse,0.3541,0.003028,0.8162,0.70,#FFAA00
0.3760,Moderate Risk,3,1.3348032236099243,0.103673,Bare Land,Peri-Urban / Sparse,0.3541,0.003042,0.8171,0.70,#FFAA00
0.3757,Moderate Risk,3,1.34804105758667,0.103944,Bare Land,Peri-Urban / Sparse,0.3541,0.003073,0.8156,0.70,#FFAA00
0.3126,Moderate Risk,3,1.365085482597351,,Bare Land,Peri-Urban / Sparse,0.3541,0.003111,0.5000,0.70,#FFAA00
0.3616,Moderate Risk,3,1.4199531078338623,0.116035,Bare Land,Peri-Urban / Sparse,0.3541,0.003236,0.7451,0.70,#FFAA00
0.3629,Moderate Risk,3,1.4193769693374634,0.114987,Bare Land,Peri-Urban / Sparse,0.3541,0.003235,0.7512,0.70,#FFAA00
0.3640,Moderate Risk,3,1.4150609970092773,0.114026,Bare Land,Peri-Urban / Sparse,0.3541,0.003225,0.7568,0.70,#FFAA00
0.3670,Moderate Risk,3,1.409266471862793,0.111420,Bare Land,Peri-Urban / Sparse,0.3541,0.003212,0.7720,0.70,#FFAA00
0.3693,Moderate Risk,3,1.4085289239883423,0.109438,Bare Land,Peri-Urban / Sparse,0.3541,0.003210,0.7835,0.70,#FFAA00
0.3697,Moderate Risk,3,1.4102212190628052,0.109082,Bare Land,Peri-Urban / Sparse,0.3541,0.003214,0.7856,0.70,#FFAA00
0.3698,Moderate Risk,3,1.4125233888626099,0.108974,Bare Land,Peri-Urban / Sparse,0.3541,0.003220,0.7862,0.70,#FFAA00
0.3696,Moderate Risk,3,1.4136488437652588,0.109219,Bare Land,Peri-Urban / Sparse,0.3541,0.003222,0.7848,0.70,#FFAA00
0.3699,Moderate Risk,3,1.4136513471603394,0.108955,Bare Land,Peri-Urban / Sparse,0.3541,0.003222,0.7863,0.70,#FFAA00
0.3703,Moderate Risk,3,1.4035625457763672,0.108574,Bare Land,Peri-Urban / Sparse,0.3541,0.003199,0.7886,0.70,#FFAA00
0.3699,Moderate Risk,3,1.3684194087982178,0.108896,Bare Land,Peri-Urban / Sparse,0.3541,0.003119,0.7867,0.70,#FFAA00
0.3694,Moderate Risk,3,1.3342998027801514,0.109329,Bare Land,Peri-Urban / Sparse,0.3541,0.003041,0.7842,0.70,#FFAA00
0.3690,Moderate Risk,3,1.3287353515625,0.109620,Bare Land,Peri-Urban / Sparse,0.3541,0.003029,0.7825,0.70,#FFAA00
0.3686,Moderate Risk,3,1.323706030845642,0.109956,Bare Land,Peri-Urban / Sparse,0.3541,0.003017,0.7805,0.70,#FFAA00
0.3692,Moderate Risk,3,1.3221302032470703,0.109511,Bare Land,Peri-Urban / Sparse,0.3541,0.003013,0.7831,0.70,#FFAA00
0.3678,Moderate Risk,3,1.3226675987243652,0.110669,Bare Land,Peri-Urban / Sparse,0.3541,0.003015,0.7764,0.70,#FFAA00
0.3682,Moderate Risk,3,1.3258602619171143,0.110336,Bare Land,Peri-Urban / Sparse,0.3541,0.003022,0.7783,0.70,#FFAA00
0.3675,Moderate Risk,3,1.325281023979187,0.110895,Bare Land,Peri-Urban / Sparse,0.3541,0.003021,0.7750,0.70,#FFAA00
0.3674,Moderate Risk,3,1.3258957862854004,0.111056,Bare Land,Peri-Urban / Sparse,0.3541,0.003022,0.7741,0.70,#FFAA00
0.3671,Moderate Risk,3,1.3281612396240234,0.111297,Bare Land,Peri-Urban / Sparse,0.3541,0.003027,0.7727,0.70,#FFAA00
0.3696,Moderate Risk,3,1.332334041595459,0.109166,Bare Land,Peri-Urban / Sparse,0.3541,0.003037,0.7851,0.70,#FFAA00
0.3703,Moderate Risk,3,1.3344546556472778,0.108522,Bare Land,Peri-Urban / Sparse,0.3541,0.003042,0.7889,0.70,#FFAA00
0.3691,Moderate Risk,3,1.3353896141052246,0.109566,Bare Land,Peri-Urban / Sparse,0.3541,0.003044,0.7828,0.70,#FFAA00
0.3691,Moderate Risk,3,1.3363300561904907,0.109575,Bare Land,Peri-Urban / Sparse,0.3541,0.003046,0.7827,0.70,#FFAA00
0.3691,Moderate Risk,3,1.3383574485778809,0.109566,Bare Land,Peri-Urban / Sparse,0.3541,0.003050,0.7828,0.70,#FFAA00
0.3698,Moderate Risk,3,1.3363122940063477,0.108985,Bare Land,Peri-Urban / Sparse,0.3541,0.003046,0.7862,0.70,#FFAA00
0.3700,Moderate Risk,3,1.3343658447265625,0.108808,Bare Land,Peri-Urban / Sparse,0.3541,0.003041,0.7872,0.70,#FFAA00
0.3695,Moderate Risk,3,1.3347488641738892,0.109204,Bare Land,Peri-Urban / Sparse,0.3541,0.003042,0.7849,0.70,#FFAA00
0.3704,Moderate Risk,3,1.337964653968811,0.108505,Bare Land,Peri-Urban / Sparse,0.3541,0.003050,0.7890,0.70,#FFAA00
0.3705,Moderate Risk,3,1.3355445861816406,0.108415,Bare Land,Peri-Urban / Sparse,0.3541,0.003044,0.7895,0.70,#FFAA00
0.3709,Moderate Risk,3,1.3355478048324585,0.108019,Bare Land,Peri-Urban / Sparse,0.3541,0.003044,0.7918,0.70,#FFAA00
0.3710,Moderate Risk,3,1.3360177278518677,0.107984,Bare Land,Peri-Urban / Sparse,0.3541,0.003045,0.7920,0.70,#FFAA00
0.3714,Moderate Risk,3,1.334357738494873,0.107621,Bare Land,Peri-Urban / Sparse,0.3541,0.003041,0.7941,0.70,#FFAA00
0.3726,Moderate Risk,3,1.3359615802764893,0.106541,Bare Land,Peri-Urban / Sparse,0.3541,0.003045,0.8004,0.70,#FFAA00
0.3730,Moderate Risk,3,1.3366771936416626,0.106213,Bare Land,Peri-Urban / Sparse,0.3541,0.003047,0.8023,0.70,#FFAA00
0.3736,Moderate Risk,3,1.322818636894226,0.105737,Bare Land,Peri-Urban / Sparse,0.3541,0.003015,0.8051,0.70,#FFAA00
0.3742,Moderate Risk,3,1.3086837530136108,0.105227,Bare Land,Peri-Urban / Sparse,0.3541,0.002983,0.8081,0.70,#FFAA00
0.3744,Moderate Risk,3,1.3147680759429932,0.104988,Bare Land,Peri-Urban / Sparse,0.3541,0.002997,0.8095,0.70,#FFAA00
0.3745,Moderate Risk,3,1.3183742761611938,0.104917,Bare Land,Peri-Urban / Sparse,0.3541,0.003005,0.8099,0.70,#FFAA00
0.3742,Moderate Risk,3,1.3186209201812744,0.105192,Bare Land,Peri-Urban / Sparse,0.3541,0.003005,0.8083,0.70,#FFAA00
0.3742,Moderate Risk,3,1.3146719932556152,0.105149,Bare Land,Peri-Urban / Sparse,0.3541,0.002996,0.8085,0.70,#FFAA00
0.3944,Moderate Risk,3,1.3149555921554565,0.104989,Minepits/Industry,Peri-Urban / Sparse,0.3541,0.002997,0.8095,0.90,#FFAA00
0.3754,Moderate Risk,3,1.3183177709579468,0.104151,Bare Land,Peri-Urban / Sparse,0.3541,0.003005,0.8144,0.70,#FFAA00
0.3753,Moderate Risk,3,1.3257384300231934,0.104254,Bare Land,Peri-Urban / Sparse,0.3541,0.003022,0.8138,0.70,#FFAA00
0.3753,Moderate Risk,3,1.3322256803512573,0.104241,Bare Land,Peri-Urban / Sparse,0.3541,0.003036,0.8138,0.70,#FFAA00
0.3126,Moderate Risk,3,1.3325302600860596,,Bare Land,Peri-Urban / Sparse,0.3541,0.003037,0.5000,0.70,#FFAA00
0.3640,Moderate Risk,3,1.4060431718826294,0.113955,Bare Land,Peri-Urban / Sparse,0.3541,0.003205,0.7572,0.70,#FFAA00
0.3657,Moderate Risk,3,1.3996843099594116,0.112515,Bare Land,Peri-Urban / Sparse,0.3541,0.003190,0.7656,0.70,#FFAA00
0.3675,Moderate Risk,3,1.397367000579834,0.111025,Bare Land,Peri-Urban / Sparse,0.3541,0.003185,0.7743,0.70,#FFAA00
0.3697,Moderate Risk,3,1.397918939590454,0.109095,Bare Land,Peri-Urban / Sparse,0.3541,0.003186,0.7855,0.70,#FFAA00
0.3716,Moderate Risk,3,1.3991092443466187,0.107470,Bare Land,Peri-Urban / Sparse,0.3541,0.003189,0.7950,0.70,#FFAA00
0.3720,Moderate Risk,3,1.3994554281234741,0.107169,Bare Land,Peri-Urban / Sparse,0.3541,0.003190,0.7968,0.70,#FFAA00
0.3721,Moderate Risk,3,1.4011443853378296,0.107006,Bare Land,Peri-Urban / Sparse,0.3541,0.003194,0.7977,0.70,#FFAA00
0.3721,Moderate Risk,3,1.398964285850525,0.107005,Bare Land,Peri-Urban / Sparse,0.3541,0.003189,0.7977,0.70,#FFAA00
0.3722,Moderate Risk,3,1.368591070175171,0.106946,Bare Land,Peri-Urban / Sparse,0.3541,0.003119,0.7981,0.70,#FFAA00
0.3720,Moderate Risk,3,1.3229992389678955,0.107096,Bare Land,Peri-Urban / Sparse,0.3541,0.003015,0.7972,0.70,#FFAA00
0.3715,Moderate Risk,3,1.3052775859832764,0.107543,Bare Land,Peri-Urban / Sparse,0.3541,0.002975,0.7946,0.70,#FFAA00
0.3711,Moderate Risk,3,1.3042340278625488,0.107883,Bare Land,Peri-Urban / Sparse,0.3541,0.002973,0.7926,0.70,#FFAA00
0.3705,Moderate Risk,3,1.304890513420105,0.108351,Bare Land,Peri-Urban / Sparse,0.3541,0.002974,0.7899,0.70,#FFAA00
0.3706,Moderate Risk,3,1.305639386177063,0.108288,Bare Land,Peri-Urban / Sparse,0.3541,0.002976,0.7902,0.70,#FFAA00
0.3696,Moderate Risk,3,1.3057936429977417,0.109172,Bare Land,Peri-Urban / Sparse,0.3541,0.002976,0.7851,0.70,#FFAA00
0.3691,Moderate Risk,3,1.3066648244857788,0.109597,Bare Land,Peri-Urban / Sparse,0.3541,0.002978,0.7826,0.70,#FFAA00
0.3688,Moderate Risk,3,1.3075696229934692,0.109779,Bare Land,Peri-Urban / Sparse,0.3541,0.002980,0.7815,0.70,#FFAA00
0.3689,Moderate Risk,3,1.3049509525299072,0.109718,Bare Land,Peri-Urban / Sparse,0.3541,0.002974,0.7819,0.70,#FFAA00
0.3683,Moderate Risk,3,1.3062796592712402,0.110219,Bare Land,Peri-Urban / Sparse,0.3541,0.002977,0.7790,0.70,#FFAA00
0.3681,Moderate Risk,3,1.309201717376709,0.110453,Bare Land,Peri-Urban / Sparse,0.3541,0.002984,0.7776,0.70,#FFAA00
0.3705,Moderate Risk,3,1.318090796470642,0.108335,Bare Land,Peri-Urban / Sparse,0.3541,0.003004,0.7900,0.70,#FFAA00
0.3702,Moderate Risk,3,1.322498083114624,0.108637,Bare Land,Peri-Urban / Sparse,0.3541,0.003014,0.7882,0.70,#FFAA00
0.3699,Moderate Risk,3,1.324916124343872,0.108900,Bare Land,Peri-Urban / Sparse,0.3541,0.003020,0.7867,0.70,#FFAA00
0.3702,Moderate Risk,3,1.3274312019348145,0.108630,Bare Land,Peri-Urban / Sparse,0.3541,0.003026,0.7882,0.70,#FFAA00
0.3708,Moderate Risk,3,1.3293930292129517,0.108121,Bare Land,Peri-Urban / Sparse,0.3541,0.003030,0.7912,0.70,#FFAA00
0.3708,Moderate Risk,3,1.330535888671875,0.108148,Bare Land,Peri-Urban / Sparse,0.3541,0.003033,0.7911,0.70,#FFAA00
0.3707,Moderate Risk,3,1.330649495124817,0.108233,Bare Land,Peri-Urban / Sparse,0.3541,0.003033,0.7906,0.70,#FFAA00
0.3707,Moderate Risk,3,1.3307892084121704,0.108163,Bare Land,Peri-Urban / Sparse,0.3541,0.003033,0.7910,0.70,#FFAA00
0.3715,Moderate Risk,3,1.3320374488830566,0.107559,Bare Land,Peri-Urban / Sparse,0.3541,0.003036,0.7945,0.70,#FFAA00
0.3714,Moderate Risk,3,1.3315025568008423,0.107595,Bare Land,Peri-Urban / Sparse,0.3541,0.003035,0.7943,0.70,#FFAA00
0.3714,Moderate Risk,3,1.3313480615615845,0.107583,Bare Land,Peri-Urban / Sparse,0.3541,0.003034,0.7943,0.70,#FFAA00
0.3715,Moderate Risk,3,1.3308614492416382,0.107523,Bare Land,Peri-Urban / Sparse,0.3541,0.003033,0.7947,0.70,#FFAA00
0.3718,Moderate Risk,3,1.3272496461868286,0.107250,Bare Land,Peri-Urban / Sparse,0.3541,0.003025,0.7963,0.70,#FFAA00
0.3731,Moderate Risk,3,1.3255054950714111,0.106173,Bare Land,Peri-Urban / Sparse,0.3541,0.003021,0.8026,0.70,#FFAA00
0.3734,Moderate Risk,3,1.327143907546997,0.105892,Bare Land,Peri-Urban / Sparse,0.3541,0.003025,0.8042,0.70,#FFAA00
0.3734,Moderate Risk,3,1.3077845573425293,0.105903,Bare Land,Peri-Urban / Sparse,0.3541,0.002981,0.8041,0.70,#FFAA00
0.3743,Moderate Risk,3,1.285780668258667,0.105062,Bare Land,Peri-Urban / Sparse,0.3541,0.002931,0.8090,0.70,#FFAA00
0.3743,Moderate Risk,3,1.2887799739837646,0.105115,Bare Land,Peri-Urban / Sparse,0.3541,0.002937,0.8087,0.70,#FFAA00
0.3744,Moderate Risk,3,1.2942880392074585,0.104977,Bare Land,Peri-Urban / Sparse,0.3541,0.002950,0.8095,0.70,#FFAA00
0.3742,Moderate Risk,3,1.2948492765426636,0.105158,Bare Land,Peri-Urban / Sparse,0.3541,0.002951,0.8085,0.70,#FFAA00
0.3737,Moderate Risk,3,1.2936582565307617,0.105586,Bare Land,Peri-Urban / Sparse,0.3541,0.002949,0.8060,0.70,#FFAA00
0.3741,Moderate Risk,3,1.2947852611541748,0.105238,Bare Land,Peri-Urban / Sparse,0.3541,0.002951,0.8080,0.70,#FFAA00
0.3750,Moderate Risk,3,1.29886794090271,0.104490,Bare Land,Peri-Urban / Sparse,0.3541,0.002960,0.8124,0.70,#FFAA00
0.3748,Moderate Risk,3,1.3050349950790405,0.104638,Bare Land,Peri-Urban / Sparse,0.3541,0.002975,0.8115,0.70,#FFAA00
0.3749,Moderate Risk,3,1.3096257448196411,0.104574,Bare Land,Peri-Urban / Sparse,0.3541,0.002985,0.8119,0.70,#FFAA00
0.3125,Moderate Risk,3,1.3100337982177734,,Bare Land,Peri-Urban / Sparse,0.3541,0.002986,0.5000,0.70,#FFAA00
0.3675,Moderate Risk,3,1.377478003501892,0.110959,Bare Land,Peri-Urban / Sparse,0.3541,0.003140,0.7747,0.70,#FFAA00
0.3691,Moderate Risk,3,1.3837201595306396,0.109600,Bare Land,Peri-Urban / Sparse,0.3541,0.003154,0.7826,0.70,#FFAA00
0.3702,Moderate Risk,3,1.3892521858215332,0.108682,Bare Land,Peri-Urban / Sparse,0.3541,0.003166,0.7879,0.70,#FFAA00
0.3720,Moderate Risk,3,1.3931012153625488,0.107111,Bare Land,Peri-Urban / Sparse,0.3541,0.003175,0.7971,0.70,#FFAA00
0.3734,Moderate Risk,3,1.3885396718978882,0.105901,Bare Land,Peri-Urban / Sparse,0.3541,0.003165,0.8042,0.70,#FFAA00
0.3728,Moderate Risk,3,1.3813107013702393,0.106447,Bare Land,Peri-Urban / Sparse,0.3541,0.003148,0.8010,0.70,#FFAA00
0.3722,Moderate Risk,3,1.36564302444458,0.106950,Bare Land,Peri-Urban / Sparse,0.3541,0.003113,0.7980,0.70,#FFAA00
0.3727,Moderate Risk,3,1.3347663879394531,0.106498,Bare Land,Peri-Urban / Sparse,0.3541,0.003042,0.8007,0.70,#FFAA00
0.3740,Moderate Risk,3,1.3058503866195679,0.105390,Bare Land,Peri-Urban / Sparse,0.3541,0.002976,0.8071,0.70,#FFAA00
0.3740,Moderate Risk,3,1.2993077039718628,0.105384,Bare Land,Peri-Urban / Sparse,0.3541,0.002961,0.8072,0.70,#FFAA00
0.3731,Moderate Risk,3,1.3001222610473633,0.106132,Bare Land,Peri-Urban / Sparse,0.3541,0.002963,0.8028,0.70,#FFAA00
0.3727,Moderate Risk,3,1.3005834817886353,0.106500,Bare Land,Peri-Urban / Sparse,0.3541,0.002964,0.8007,0.70,#FFAA00
0.3724,Moderate Risk,3,1.3011997938156128,0.106735,Bare Land,Peri-Urban / Sparse,0.3541,0.002966,0.7993,0.70,#FFAA00
0.3724,Moderate Risk,3,1.3016527891159058,0.106701,Bare Land,Peri-Urban / Sparse,0.3541,0.002967,0.7995,0.70,#FFAA00
0.3706,Moderate Risk,3,1.3544938564300537,0.108252,Bare Land,Peri-Urban / Sparse,0.3541,0.003087,0.7904,0.70,#FFAA00
0.3702,Moderate Risk,3,1.3047858476638794,0.108619,Bare Land,Peri-Urban / Sparse,0.3541,0.002974,0.7883,0.70,#FFAA00
0.3699,Moderate Risk,3,1.2972493171691895,0.108902,Bare Land,Peri-Urban / Sparse,0.3541,0.002957,0.7867,0.70,#FFAA00
0.3700,Moderate Risk,3,1.2918391227722168,0.108732,Bare Land,Peri-Urban / Sparse,0.3541,0.002944,0.7876,0.70,#FFAA00
0.3693,Moderate Risk,3,1.292387843132019,0.109403,Bare Land,Peri-Urban / Sparse,0.3541,0.002946,0.7837,0.70,#FFAA00
0.3711,Moderate Risk,3,1.2931420803070068,0.107840,Bare Land,Peri-Urban / Sparse,0.3541,0.002947,0.7928,0.70,#FFAA00
0.3716,Moderate Risk,3,1.2969001531600952,0.107443,Bare Land,Peri-Urban / Sparse,0.3541,0.002956,0.7952,0.70,#FFAA00
0.3708,Moderate Risk,3,1.3045756816864014,0.108093,Bare Land,Peri-Urban / Sparse,0.3541,0.002973,0.7914,0.70,#FFAA00
0.3706,Moderate Risk,3,1.3071082830429077,0.108272,Bare Land,Peri-Urban / Sparse,0.3541,0.002979,0.7903,0.70,#FFAA00
0.3714,Moderate Risk,3,1.3090288639068604,0.107557,Bare Land,Peri-Urban / Sparse,0.3541,0.002984,0.7945,0.70,#FFAA00
0.3714,Moderate Risk,3,1.3111340999603271,0.107598,Bare Land,Peri-Urban / Sparse,0.3541,0.002988,0.7943,0.70,#FFAA00
0.3714,Moderate Risk,3,1.3129098415374756,0.107568,Bare Land,Peri-Urban / Sparse,0.3541,0.002992,0.7944,0.70,#FFAA00
0.3718,Moderate Risk,3,1.314190149307251,0.107273,Bare Land,Peri-Urban / Sparse,0.3541,0.002995,0.7962,0.70,#FFAA00
0.3719,Moderate Risk,3,1.3146493434906006,0.107141,Bare Land,Peri-Urban / Sparse,0.3541,0.002996,0.7969,0.70,#FFAA00
0.3722,Moderate Risk,3,1.311799168586731,0.106925,Bare Land,Peri-Urban / Sparse,0.3541,0.002990,0.7982,0.70,#FFAA00
0.3724,Moderate Risk,3,1.3084660768508911,0.106727,Bare Land,Peri-Urban / Sparse,0.3541,0.002982,0.7993,0.70,#FFAA00
0.3729,Moderate Risk,3,1.3095887899398804,0.106343,Bare Land,Peri-Urban / Sparse,0.3541,0.002985,0.8016,0.70,#FFAA00
0.3723,Moderate Risk,3,1.3109925985336304,0.106821,Bare Land,Peri-Urban / Sparse,0.3541,0.002988,0.7988,0.70,#FFAA00
0.3728,Moderate Risk,3,1.3043005466461182,0.106351,Bare Land,Peri-Urban / Sparse,0.3541,0.002973,0.8015,0.70,#FFAA00
0.3732,Moderate Risk,3,1.289966344833374,0.106051,Bare Land,Peri-Urban / Sparse,0.3541,0.002940,0.8033,0.70,#FFAA00
0.3731,Moderate Risk,3,1.2867273092269897,0.106093,Bare Land,Peri-Urban / Sparse,0.3541,0.002933,0.8030,0.70,#FFAA00
0.3732,Moderate Risk,3,1.278852939605713,0.105997,Bare Land,Peri-Urban / Sparse,0.3541,0.002915,0.8036,0.70,#FFAA00
0.3735,Moderate Risk,3,1.2734112739562988,0.105752,Bare Land,Peri-Urban / Sparse,0.3541,0.002902,0.8050,0.70,#FFAA00
0.3739,Moderate Risk,3,1.2730802297592163,0.105435,Bare Land,Peri-Urban / Sparse,0.3541,0.002902,0.8069,0.70,#FFAA00
0.3739,Moderate Risk,3,1.2735323905944824,0.105409,Bare Land,Peri-Urban / Sparse,0.3541,0.002903,0.8070,0.70,#FFAA00
0.3735,Moderate Risk,3,1.2732280492782593,0.105803,Bare Land,Peri-Urban / Sparse,0.3541,0.002902,0.8047,0.70,#FFAA00
0.3733,Moderate Risk,3,1.2732672691345215,0.105927,Bare Land,Peri-Urban / Sparse,0.3541,0.002902,0.8040,0.70,#FFAA00
0.3736,Moderate Risk,3,1.2748503684997559,0.105653,Bare Land,Peri-Urban / Sparse,0.3541,0.002906,0.8056,0.70,#FFAA00
0.3751,Moderate Risk,3,1.2785905599594116,0.104437,Bare Land,Peri-Urban / Sparse,0.3541,0.002914,0.8127,0.70,#FFAA00
0.3753,Moderate Risk,3,1.2855883836746216,0.104271,Bare Land,Peri-Urban / Sparse,0.3541,0.002930,0.8137,0.70,#FFAA00
0.3744,Moderate Risk,3,1.289667010307312,0.105023,Bare Land,Peri-Urban / Sparse,0.3541,0.002939,0.8093,0.70,#FFAA00
0.3125,Moderate Risk,3,1.291116714477539,,Bare Land,Peri-Urban / Sparse,0.3541,0.002943,0.5000,0.70,#FFAA00
0.3703,Moderate Risk,3,1.3389185667037964,0.108544,Bare Land,Peri-Urban / Sparse,0.3541,0.003052,0.7887,0.70,#FFAA00
0.3711,Moderate Risk,3,1.3496958017349243,0.107842,Bare Land,Peri-Urban / Sparse,0.3541,0.003076,0.7928,0.70,#FFAA00
0.3734,Moderate Risk,3,1.360496997833252,0.105902,Bare Land,Peri-Urban / Sparse,0.3541,0.003101,0.8041,0.70,#FFAA00
0.3753,Moderate Risk,3,1.3632409572601318,0.104306,Bare Land,Peri-Urban / Sparse,0.3541,0.003107,0.8134,0.70,#FFAA00
0.3756,Moderate Risk,3,1.3479348421096802,0.104048,Bare Land,Peri-Urban / Sparse,0.3541,0.003072,0.8150,0.70,#FFAA00
0.3742,Moderate Risk,3,1.3190581798553467,0.105226,Bare Land,Peri-Urban / Sparse,0.3541,0.003006,0.8081,0.70,#FFAA00
0.3740,Moderate Risk,3,1.2961183786392212,0.105329,Bare Land,Peri-Urban / Sparse,0.3541,0.002954,0.8075,0.70,#FFAA00
0.3750,Moderate Risk,3,1.2926313877105713,0.104458,Bare Land,Peri-Urban / Sparse,0.3541,0.002946,0.8126,0.70,#FFAA00
0.3752,Moderate Risk,3,1.2948007583618164,0.104296,Bare Land,Peri-Urban / Sparse,0.3541,0.002951,0.8135,0.70,#FFAA00
0.3754,Moderate Risk,3,1.2962145805358887,0.104136,Bare Land,Peri-Urban / Sparse,0.3541,0.002954,0.8144,0.70,#FFAA00
0.3744,Moderate Risk,3,1.296445608139038,0.104998,Bare Land,Peri-Urban / Sparse,0.3541,0.002955,0.8094,0.70,#FFAA00
0.3741,Moderate Risk,3,1.296913504600525,0.105296,Bare Land,Peri-Urban / Sparse,0.3541,0.002956,0.8077,0.70,#FFAA00
0.3739,Moderate Risk,3,1.2968320846557617,0.105387,Bare Land,Peri-Urban / Sparse,0.3541,0.002956,0.8071,0.70,#FFAA00
0.3734,Moderate Risk,3,1.2952430248260498,0.105894,Bare Land,Peri-Urban / Sparse,0.3541,0.002952,0.8042,0.70,#FFAA00
0.3721,Moderate Risk,3,1.2983055114746094,0.106997,Bare Land,Peri-Urban / Sparse,0.3541,0.002959,0.7978,0.70,#FFAA00
0.3719,Moderate Risk,3,1.2928470373153687,0.107154,Bare Land,Peri-Urban / Sparse,0.3541,0.002947,0.7968,0.70,#FFAA00
0.3718,Moderate Risk,3,1.2908854484558105,0.107206,Bare Land,Peri-Urban / Sparse,0.3541,0.002942,0.7965,0.70,#FFAA00
0.3717,Moderate Risk,3,1.288680076599121,0.107319,Bare Land,Peri-Urban / Sparse,0.3541,0.002937,0.7959,0.70,#FFAA00
0.3710,Moderate Risk,3,1.2885667085647583,0.107888,Bare Land,Peri-Urban / Sparse,0.3541,0.002937,0.7926,0.70,#FFAA00
0.3723,Moderate Risk,3,1.2890948057174683,0.106816,Bare Land,Peri-Urban / Sparse,0.3541,0.002938,0.7988,0.70,#FFAA00
0.3724,Moderate Risk,3,1.2914094924926758,0.106724,Bare Land,Peri-Urban / Sparse,0.3541,0.002943,0.7994,0.70,#FFAA00
0.3723,Moderate Risk,3,1.2958961725234985,0.106824,Bare Land,Peri-Urban / Sparse,0.3541,0.002954,0.7988,0.70,#FFAA00
0.3716,Moderate Risk,3,1.2991690635681152,0.107428,Bare Land,Peri-Urban / Sparse,0.3541,0.002961,0.7952,0.70,#FFAA00
0.3724,Moderate Risk,3,1.300512671470642,0.106753,Bare Land,Peri-Urban / Sparse,0.3541,0.002964,0.7992,0.70,#FFAA00
0.3719,Moderate Risk,3,1.3008229732513428,0.107180,Bare Land,Peri-Urban / Sparse,0.3541,0.002965,0.7967,0.70,#FFAA00
0.3716,Moderate Risk,3,1.3020192384719849,0.107413,Bare Land,Peri-Urban / Sparse,0.3541,0.002968,0.7953,0.70,#FFAA00
0.3717,Moderate Risk,3,1.3026440143585205,0.107333,Bare Land,Peri-Urban / Sparse,0.3541,0.002969,0.7958,0.70,#FFAA00
0.3727,Moderate Risk,3,1.3004417419433594,0.106433,Bare Land,Peri-Urban / Sparse,0.3541,0.002964,0.8010,0.70,#FFAA00
0.3730,Moderate Risk,3,1.2944467067718506,0.106216,Bare Land,Peri-Urban / Sparse,0.3541,0.002950,0.8023,0.70,#FFAA00
0.3733,Moderate Risk,3,1.2934231758117676,0.105919,Bare Land,Peri-Urban / Sparse,0.3541,0.002948,0.8040,0.70,#FFAA00
0.3731,Moderate Risk,3,1.29324209690094,0.106147,Bare Land,Peri-Urban / Sparse,0.3541,0.002948,0.8027,0.70,#FFAA00
0.3731,Moderate Risk,3,1.2942845821380615,0.106127,Bare Land,Peri-Urban / Sparse,0.3541,0.002950,0.8028,0.70,#FFAA00
0.3733,Moderate Risk,3,1.2894058227539062,0.105934,Bare Land,Peri-Urban / Sparse,0.3541,0.002939,0.8040,0.70,#FFAA00
0.3732,Moderate Risk,3,1.2660804986953735,0.106002,Bare Land,Peri-Urban / Sparse,0.3541,0.002886,0.8036,0.70,#FFAA00
0.3723,Moderate Risk,3,1.2622873783111572,0.106744,Bare Land,Peri-Urban / Sparse,0.3541,0.002877,0.7992,0.70,#FFAA00
0.3730,Moderate Risk,3,1.2609056234359741,0.106216,Bare Land,Peri-Urban / Sparse,0.3541,0.002874,0.8023,0.70,#FFAA00
0.3739,Moderate Risk,3,1.257676362991333,0.105437,Bare Land,Peri-Urban / Sparse,0.3541,0.002867,0.8069,0.70,#FFAA00
0.3737,Moderate Risk,3,1.2556496858596802,0.105622,Bare Land,Peri-Urban / Sparse,0.3541,0.002862,0.8058,0.70,#FFAA00
0.3740,Moderate Risk,3,1.2547823190689087,0.105328,Bare Land,Peri-Urban / Sparse,0.3541,0.002860,0.8075,0.70,#FFAA00
0.3739,Moderate Risk,3,1.256087303161621,0.105396,Bare Land,Peri-Urban / Sparse,0.3541,0.002863,0.8071,0.70,#FFAA00
0.3738,Moderate Risk,3,1.2583969831466675,0.105485,Bare Land,Peri-Urban / Sparse,0.3541,0.002868,0.8066,0.70,#FFAA00
0.3745,Moderate Risk,3,1.2596031427383423,0.104906,Bare Land,Peri-Urban / Sparse,0.3541,0.002871,0.8100,0.70,#FFAA00
0.3744,Moderate Risk,3,1.2615081071853638,0.104954,Bare Land,Peri-Urban / Sparse,0.3541,0.002875,0.8097,0.70,#FFAA00
0.3742,Moderate Risk,3,1.2632927894592285,0.105197,Bare Land,Peri-Urban / Sparse,0.3541,0.002879,0.8083,0.70,#FFAA00
0.3744,Moderate Risk,3,1.2631280422210693,0.105021,Bare Land,Peri-Urban / Sparse,0.3541,0.002879,0.8093,0.70,#FFAA00
0.3125,Moderate Risk,3,1.2634297609329224,,Bare Land,Peri-Urban / Sparse,0.3541,0.002880,0.5000,0.70,#FFAA00
0.3727,Moderate Risk,3,1.3108464479446411,0.106469,Bare Land,Peri-Urban / Sparse,0.3541,0.002988,0.8008,0.70,#FFAA00
0.3738,Moderate Risk,3,1.3091952800750732,0.105499,Bare Land,Peri-Urban / Sparse,0.3541,0.002984,0.8065,0.70,#FFAA00
0.3753,Moderate Risk,3,1.2930645942687988,0.104251,Bare Land,Peri-Urban / Sparse,0.3541,0.002947,0.8138,0.70,#FFAA00
0.3757,Moderate Risk,3,1.2634164094924927,0.103873,Bare Land,Peri-Urban / Sparse,0.3541,0.002880,0.8160,0.70,#FFAA00
0.3764,Moderate Risk,3,1.2473208904266357,0.103281,Bare Land,Peri-Urban / Sparse,0.3541,0.002843,0.8194,0.70,#FFAA00
0.3752,Moderate Risk,3,1.2500267028808594,0.104320,Bare Land,Peri-Urban / Sparse,0.3541,0.002849,0.8134,0.70,#FFAA00
0.3755,Moderate Risk,3,1.260203242301941,0.104014,Bare Land,Peri-Urban / Sparse,0.3541,0.002872,0.8152,0.70,#FFAA00
0.3756,Moderate Risk,3,1.2673299312591553,0.103971,Bare Land,Peri-Urban / Sparse,0.3541,0.002889,0.8154,0.70,#FFAA00
0.3758,Moderate Risk,3,1.2750427722930908,0.103771,Bare Land,Peri-Urban / Sparse,0.3541,0.002906,0.8166,0.70,#FFAA00
0.3758,Moderate Risk,3,1.278572678565979,0.103823,Bare Land,Peri-Urban / Sparse,0.3541,0.002914,0.8163,0.70,#FFAA00
0.3752,Moderate Risk,3,1.2822061777114868,0.104309,Bare Land,Peri-Urban / Sparse,0.3541,0.002922,0.8134,0.70,#FFAA00
0.3751,Moderate Risk,3,1.2872979640960693,0.104399,Bare Land,Peri-Urban / Sparse,0.3541,0.002934,0.8129,0.70,#FFAA00
0.3751,Moderate Risk,3,1.2893397808074951,0.104432,Bare Land,Peri-Urban / Sparse,0.3541,0.002939,0.8127,0.70,#FFAA00
0.3741,Moderate Risk,3,1.285845160484314,0.105264,Bare Land,Peri-Urban / Sparse,0.3541,0.002931,0.8079,0.70,#FFAA00
0.3735,Moderate Risk,3,1.284143328666687,0.105812,Bare Land,Peri-Urban / Sparse,0.3541,0.002927,0.8047,0.70,#FFAA00
0.3735,Moderate Risk,3,1.2818317413330078,0.105786,Bare Land,Peri-Urban / Sparse,0.3541,0.002922,0.8048,0.70,#FFAA00
0.3737,Moderate Risk,3,1.2704031467437744,0.105589,Bare Land,Peri-Urban / Sparse,0.3541,0.002896,0.8060,0.70,#FFAA00
0.3730,Moderate Risk,3,1.2619398832321167,0.106198,Bare Land,Peri-Urban / Sparse,0.3541,0.002876,0.8024,0.70,#FFAA00
0.3734,Moderate Risk,3,1.2660210132598877,0.105876,Bare Land,Peri-Urban / Sparse,0.3541,0.002886,0.8043,0.70,#FFAA00
0.3744,Moderate Risk,3,1.2757922410964966,0.105019,Bare Land,Peri-Urban / Sparse,0.3541,0.002908,0.8093,0.70,#FFAA00
0.3729,Moderate Risk,3,1.2809290885925293,0.106324,Bare Land,Peri-Urban / Sparse,0.3541,0.002920,0.8017,0.70,#FFAA00
0.3724,Moderate Risk,3,1.288717269897461,0.106724,Bare Land,Peri-Urban / Sparse,0.3541,0.002937,0.7994,0.70,#FFAA00
0.3732,Moderate Risk,3,1.2891868352890015,0.106022,Bare Land,Peri-Urban / Sparse,0.3541,0.002938,0.8034,0.70,#FFAA00
0.3738,Moderate Risk,3,1.2916035652160645,0.105492,Bare Land,Peri-Urban / Sparse,0.3541,0.002944,0.8065,0.70,#FFAA00
0.3726,Moderate Risk,3,1.2918356657028198,0.106555,Bare Land,Peri-Urban / Sparse,0.3541,0.002944,0.8003,0.70,#FFAA00
0.3732,Moderate Risk,3,1.2931801080703735,0.106011,Bare Land,Peri-Urban / Sparse,0.3541,0.002947,0.8035,0.70,#FFAA00
0.3737,Moderate Risk,3,1.2940298318862915,0.105641,Bare Land,Peri-Urban / Sparse,0.3541,0.002949,0.8057,0.70,#FFAA00
0.3741,Moderate Risk,3,1.2926466464996338,0.105235,Bare Land,Peri-Urban / Sparse,0.3541,0.002946,0.8080,0.70,#FFAA00
0.3742,Moderate Risk,3,1.292162537574768,0.105134,Bare Land,Peri-Urban / Sparse,0.3541,0.002945,0.8086,0.70,#FFAA00
0.3737,Moderate Risk,3,1.2899162769317627,0.105582,Bare Land,Peri-Urban / Sparse,0.3541,0.002940,0.8060,0.70,#FFAA00
0.3733,Moderate Risk,3,1.2872828245162964,0.105914,Bare Land,Peri-Urban / Sparse,0.3541,0.002934,0.8041,0.70,#FFAA00
0.3736,Moderate Risk,3,1.2835984230041504,0.105715,Bare Land,Peri-Urban / Sparse,0.3541,0.002926,0.8052,0.70,#FFAA00
0.3735,Moderate Risk,3,1.273881196975708,0.105787,Bare Land,Peri-Urban / Sparse,0.3541,0.002904,0.8048,0.70,#FFAA00
0.3729,Moderate Risk,3,1.2554646730422974,0.106260,Bare Land,Peri-Urban / Sparse,0.3541,0.002862,0.8021,0.70,#FFAA00
0.3728,Moderate Risk,3,1.255683422088623,0.106353,Bare Land,Peri-Urban / Sparse,0.3541,0.002862,0.8015,0.70,#FFAA00
0.3739,Moderate Risk,3,1.2555675506591797,0.105388,Bare Land,Peri-Urban / Sparse,0.3541,0.002862,0.8071,0.70,#FFAA00
0.3741,Moderate Risk,3,1.2544838190078735,0.105211,Bare Land,Peri-Urban / Sparse,0.3541,0.002859,0.8082,0.70,#FFAA00
0.3742,Moderate Risk,3,1.2508468627929688,0.105191,Bare Land,Peri-Urban / Sparse,0.3541,0.002851,0.8083,0.70,#FFAA00
0.3738,Moderate Risk,3,1.2500821352005005,0.105520,Bare Land,Peri-Urban / Sparse,0.3541,0.002849,0.8064,0.70,#FFAA00
0.3739,Moderate Risk,3,1.2523235082626343,0.105372,Bare Land,Peri-Urban / Sparse,0.3541,0.002854,0.8072,0.70,#FFAA00
0.3737,Moderate Risk,3,1.253665566444397,0.105602,Bare Land,Peri-Urban / Sparse,0.3541,0.002857,0.8059,0.70,#FFAA00
0.3743,Moderate Risk,3,1.2549635171890259,0.105063,Bare Land,Peri-Urban / Sparse,0.3541,0.002860,0.8090,0.70,#FFAA00
0.3737,Moderate Risk,3,1.2570546865463257,0.105573,Bare Land,Peri-Urban / Sparse,0.3541,0.002865,0.8061,0.70,#FFAA00
0.3737,Moderate Risk,3,1.2587867975234985,0.105620,Bare Land,Peri-Urban / Sparse,0.3541,0.002869,0.8058,0.70,#FFAA00
0.3736,Moderate Risk,3,1.258313775062561,0.105702,Bare Land,Peri-Urban / Sparse,0.3541,0.002868,0.8053,0.70,#FFAA00
0.3736,Moderate Risk,3,1.2582285404205322,0.105656,Bare Land,Peri-Urban / Sparse,0.3541,0.002868,0.8056,0.70,#FFAA00
0.3757,Moderate Risk,3,1.2626208066940308,0.103853,Bare Land,Peri-Urban / Sparse,0.3541,0.002878,0.8161,0.70,#FFAA00
0.3767,Moderate Risk,3,1.2393379211425781,0.102969,Bare Land,Peri-Urban / Sparse,0.3541,0.002825,0.8212,0.70,#FFAA00
0.3777,Moderate Risk,3,1.2123593091964722,0.102142,Bare Land,Peri-Urban / Sparse,0.3541,0.002763,0.8261,0.70,#FFAA00
0.3772,Moderate Risk,3,1.2077337503433228,0.102522,Bare Land,Peri-Urban / Sparse,0.3541,0.002753,0.8238,0.70,#FFAA00
0.3763,Moderate Risk,3,1.210929036140442,0.103298,Bare Land,Peri-Urban / Sparse,0.3541,0.002760,0.8193,0.70,#FFAA00
0.3760,Moderate Risk,3,1.2151952981948853,0.103581,Bare Land,Peri-Urban / Sparse,0.3541,0.002770,0.8177,0.70,#FFAA00
0.3750,Moderate Risk,3,1.2200767993927002,0.104423,Bare Land,Peri-Urban / Sparse,0.3541,0.002781,0.8128,0.70,#FFAA00
0.3765,Moderate Risk,3,1.2255909442901611,0.103183,Bare Land,Peri-Urban / Sparse,0.3541,0.002793,0.8200,0.70,#FFAA00
0.3766,Moderate Risk,3,1.2318499088287354,0.103094,Bare Land,Peri-Urban / Sparse,0.3541,0.002808,0.8205,0.70,#FFAA00
0.3760,Moderate Risk,3,1.2353034019470215,0.103562,Bare Land,Peri-Urban / Sparse,0.3541,0.002816,0.8178,0.70,#FFAA00
0.3755,Moderate Risk,3,1.246057152748108,0.104048,Bare Land,Peri-Urban / Sparse,0.3541,0.002840,0.8150,0.70,#FFAA00
0.3755,Moderate Risk,3,1.257912039756775,0.104050,Bare Land,Peri-Urban / Sparse,0.3541,0.002867,0.8149,0.70,#FFAA00
0.3757,Moderate Risk,3,1.2653048038482666,0.103827,Bare Land,Peri-Urban / Sparse,0.3541,0.002884,0.8162,0.70,#FFAA00
0.3749,Moderate Risk,3,1.2676435708999634,0.104570,Bare Land,Peri-Urban / Sparse,0.3541,0.002889,0.8119,0.70,#FFAA00
0.3746,Moderate Risk,3,1.2612731456756592,0.104816,Bare Land,Peri-Urban / Sparse,0.3541,0.002875,0.8105,0.70,#FFAA00
0.3750,Moderate Risk,3,1.2453707456588745,0.104472,Bare Land,Peri-Urban / Sparse,0.3541,0.002839,0.8125,0.70,#FFAA00
0.3749,Moderate Risk,3,1.2402676343917847,0.104516,Bare Land,Peri-Urban / Sparse,0.3541,0.002827,0.8122,0.70,#FFAA00
0.3746,Moderate Risk,3,1.2408336400985718,0.104819,Bare Land,Peri-Urban / Sparse,0.3541,0.002828,0.8105,0.70,#FFAA00
0.3746,Moderate Risk,3,1.2414021492004395,0.104801,Bare Land,Peri-Urban / Sparse,0.3541,0.002829,0.8106,0.70,#FFAA00
0.3752,Moderate Risk,3,1.2434720993041992,0.104285,Bare Land,Peri-Urban / Sparse,0.3541,0.002834,0.8136,0.70,#FFAA00
0.3743,Moderate Risk,3,1.2466751337051392,0.105058,Bare Land,Peri-Urban / Sparse,0.3541,0.002842,0.8091,0.70,#FFAA00
0.3739,Moderate Risk,3,1.2712056636810303,0.105412,Bare Land,Peri-Urban / Sparse,0.3541,0.002897,0.8070,0.70,#FFAA00
0.3748,Moderate Risk,3,1.2830547094345093,0.104695,Bare Land,Peri-Urban / Sparse,0.3541,0.002924,0.8112,0.70,#FFAA00
0.3748,Moderate Risk,3,1.2821165323257446,0.104652,Bare Land,Peri-Urban / Sparse,0.3541,0.002922,0.8114,0.70,#FFAA00
0.3745,Moderate Risk,3,1.2832530736923218,0.104889,Bare Land,Peri-Urban / Sparse,0.3541,0.002925,0.8101,0.70,#FFAA00
0.3745,Moderate Risk,3,1.2846155166625977,0.104880,Bare Land,Peri-Urban / Sparse,0.3541,0.002928,0.8101,0.70,#FFAA00
0.3752,Moderate Risk,3,1.2856688499450684,0.104306,Bare Land,Peri-Urban / Sparse,0.3541,0.002930,0.8134,0.70,#FFAA00
0.3754,Moderate Risk,3,1.2867155075073242,0.104167,Bare Land,Peri-Urban / Sparse,0.3541,0.002933,0.8143,0.70,#FFAA00
0.3751,Moderate Risk,3,1.2850738763809204,0.104375,Bare Land,Peri-Urban / Sparse,0.3541,0.002929,0.8130,0.70,#FFAA00
0.3747,Moderate Risk,3,1.263175129890442,0.104733,Bare Land,Peri-Urban / Sparse,0.3541,0.002879,0.8110,0.70,#FFAA00
0.3742,Moderate Risk,3,1.255513310432434,0.105193,Bare Land,Peri-Urban / Sparse,0.3541,0.002862,0.8083,0.70,#FFAA00
0.3749,Moderate Risk,3,1.2526752948760986,0.104563,Bare Land,Peri-Urban / Sparse,0.3541,0.002855,0.8120,0.70,#FFAA00
0.3738,Moderate Risk,3,1.251176357269287,0.105524,Bare Land,Peri-Urban / Sparse,0.3541,0.002852,0.8063,0.70,#FFAA00
0.3734,Moderate Risk,3,1.2490142583847046,0.105849,Bare Land,Peri-Urban / Sparse,0.3541,0.002847,0.8045,0.70,#FFAA00
0.3734,Moderate Risk,3,1.2508196830749512,0.105835,Bare Land,Peri-Urban / Sparse,0.3541,0.002851,0.8045,0.70,#FFAA00
0.3744,Moderate Risk,3,1.252341866493225,0.104984,Bare Land,Peri-Urban / Sparse,0.3541,0.002854,0.8095,0.70,#FFAA00
0.3747,Moderate Risk,3,1.2523196935653687,0.104757,Bare Land,Peri-Urban / Sparse,0.3541,0.002854,0.8108,0.70,#FFAA00
0.3748,Moderate Risk,3,1.2504242658615112,0.104635,Bare Land,Peri-Urban / Sparse,0.3541,0.002850,0.8115,0.70,#FFAA00
0.3737,Moderate Risk,3,1.250858187675476,0.105612,Bare Land,Peri-Urban / Sparse,0.3541,0.002851,0.8058,0.70,#FFAA00
0.3742,Moderate Risk,3,1.2526963949203491,0.105161,Bare Land,Peri-Urban / Sparse,0.3541,0.002855,0.8085,0.70,#FFAA00
0.3738,Moderate Risk,3,1.2539634704589844,0.105520,Bare Land,Peri-Urban / Sparse,0.3541,0.002858,0.8064,0.70,#FFAA00
0.3735,Moderate Risk,3,1.2550681829452515,0.105737,Bare Land,Peri-Urban / Sparse,0.3541,0.002861,0.8051,0.70,#FFAA00
0.3728,Moderate Risk,3,1.2579827308654785,0.106316,Bare Land,Peri-Urban / Sparse,0.3541,0.002867,0.8017,0.70,#FFAA00
0.3726,Moderate Risk,3,1.2588506937026978,0.106535,Bare Land,Peri-Urban / Sparse,0.3541,0.002869,0.8005,0.70,#FFAA00
0.3726,Moderate Risk,3,1.2585958242416382,0.106560,Bare Land,Peri-Urban / Sparse,0.3541,0.002869,0.8003,0.70,#FFAA00
0.3718,Moderate Risk,3,1.2574107646942139,0.107228,Bare Land,Peri-Urban / Sparse,0.3541,0.002866,0.7964,0.70,#FFAA00
0.3125,Moderate Risk,3,1.2543381452560425,,Bare Land,Peri-Urban / Sparse,0.3541,0.002859,0.5000,0.70,#FFAA00
0.3769,Moderate Risk,3,1.213813066482544,0.102853,Bare Land,Peri-Urban / Sparse,0.3541,0.002767,0.8219,0.70,#FFAA00
0.3780,Moderate Risk,3,1.2063490152359009,0.101860,Bare Land,Peri-Urban / Sparse,0.3541,0.002750,0.8277,0.70,#FFAA00
0.3775,Moderate Risk,3,1.1977930068969727,0.102324,Bare Land,Peri-Urban / Sparse,0.3541,0.002730,0.8250,0.70,#FFAA00
0.3783,Moderate Risk,3,1.1923505067825317,0.101584,Bare Land,Peri-Urban / Sparse,0.3541,0.002718,0.8293,0.70,#FFAA00
0.3768,Moderate Risk,3,1.1886330842971802,0.102905,Bare Land,Peri-Urban / Sparse,0.3541,0.002709,0.8216,0.70,#FFAA00
0.3768,Moderate Risk,3,1.18842351436615,0.102932,Bare Land,Peri-Urban / Sparse,0.3541,0.002709,0.8215,0.70,#FFAA00
0.3761,Moderate Risk,3,1.1897587776184082,0.103503,Bare Land,Peri-Urban / Sparse,0.3541,0.002712,0.8181,0.70,#FFAA00
0.3773,Moderate Risk,3,1.1929080486297607,0.102498,Bare Land,Peri-Urban / Sparse,0.3541,0.002719,0.8240,0.70,#FFAA00
0.3767,Moderate Risk,3,1.1964470148086548,0.102976,Bare Land,Peri-Urban / Sparse,0.3541,0.002727,0.8212,0.70,#FFAA00
0.3759,Moderate Risk,3,1.2006243467330933,0.103624,Bare Land,Peri-Urban / Sparse,0.3541,0.002737,0.8174,0.70,#FFAA00
0.3757,Moderate Risk,3,1.2058831453323364,0.103834,Bare Land,Peri-Urban / Sparse,0.3541,0.002749,0.8162,0.70,#FFAA00
0.3759,Moderate Risk,3,1.2104662656784058,0.103659,Bare Land,Peri-Urban / Sparse,0.3541,0.002759,0.8172,0.70,#FFAA00
0.3755,Moderate Risk,3,1.2148581743240356,0.104014,Bare Land,Peri-Urban / Sparse,0.3541,0.002769,0.8152,0.70,#FFAA00
0.3744,Moderate Risk,3,1.2199602127075195,0.104958,Bare Land,Peri-Urban / Sparse,0.3541,0.002781,0.8096,0.70,#FFAA00
0.3747,Moderate Risk,3,1.2137171030044556,0.104677,Bare Land,Peri-Urban / Sparse,0.3541,0.002766,0.8113,0.70,#FFAA00
0.3750,Moderate Risk,3,1.2026386260986328,0.104393,Bare Land,Peri-Urban / Sparse,0.3541,0.002741,0.8129,0.70,#FFAA00
0.3753,Moderate Risk,3,1.2077041864395142,0.104207,Bare Land,Peri-Urban / Sparse,0.3541,0.002753,0.8140,0.70,#FFAA00
0.3755,Moderate Risk,3,1.2130502462387085,0.104045,Bare Land,Peri-Urban / Sparse,0.3541,0.002765,0.8150,0.70,#FFAA00
0.3767,Moderate Risk,3,1.2177189588546753,0.102996,Bare Land,Peri-Urban / Sparse,0.3541,0.002776,0.8211,0.70,#FFAA00
0.3768,Moderate Risk,3,1.2228583097457886,0.102932,Bare Land,Peri-Urban / Sparse,0.3541,0.002787,0.8215,0.70,#FFAA00
0.3758,Moderate Risk,3,1.2270574569702148,0.103735,Bare Land,Peri-Urban / Sparse,0.3541,0.002797,0.8168,0.70,#FFAA00
0.3752,Moderate Risk,3,1.2475467920303345,0.104264,Bare Land,Peri-Urban / Sparse,0.3541,0.002843,0.8137,0.70,#FFAA00
0.3759,Moderate Risk,3,1.2684210538864136,0.103703,Bare Land,Peri-Urban / Sparse,0.3541,0.002891,0.8170,0.70,#FFAA00
0.3752,Moderate Risk,3,1.2718045711517334,0.104322,Bare Land,Peri-Urban / Sparse,0.3541,0.002899,0.8134,0.70,#FFAA00
0.3752,Moderate Risk,3,1.2737759351730347,0.104355,Bare Land,Peri-Urban / Sparse,0.3541,0.002903,0.8132,0.70,#FFAA00
0.3750,Moderate Risk,3,1.276289939880371,0.104516,Bare Land,Peri-Urban / Sparse,0.3541,0.002909,0.8122,0.70,#FFAA00
0.3762,Moderate Risk,3,1.2783604860305786,0.103417,Bare Land,Peri-Urban / Sparse,0.3541,0.002914,0.8186,0.70,#FFAA00
0.3760,Moderate Risk,3,1.2786294221878052,0.103639,Bare Land,Peri-Urban / Sparse,0.3541,0.002914,0.8173,0.70,#FFAA00
0.3762,Moderate Risk,3,1.273799180984497,0.103424,Bare Land,Peri-Urban / Sparse,0.3541,0.002903,0.8186,0.70,#FFAA00
0.3756,Moderate Risk,3,1.2493165731430054,0.103990,Bare Land,Peri-Urban / Sparse,0.3541,0.002848,0.8153,0.70,#FFAA00
0.3752,Moderate Risk,3,1.2439498901367188,0.104315,Bare Land,Peri-Urban / Sparse,0.3541,0.002835,0.8134,0.70,#FFAA00
0.3748,Moderate Risk,3,1.2442748546600342,0.104677,Bare Land,Peri-Urban / Sparse,0.3541,0.002836,0.8113,0.70,#FFAA00
0.3740,Moderate Risk,3,1.2440943717956543,0.105357,Bare Land,Peri-Urban / Sparse,0.3541,0.002836,0.8073,0.70,#FFAA00
0.3741,Moderate Risk,3,1.243485927581787,0.105258,Bare Land,Peri-Urban / Sparse,0.3541,0.002834,0.8079,0.70,#FFAA00
0.3744,Moderate Risk,3,1.2429293394088745,0.104996,Bare Land,Peri-Urban / Sparse,0.3541,0.002833,0.8094,0.70,#FFAA00
0.3747,Moderate Risk,3,1.2431674003601074,0.104724,Bare Land,Peri-Urban / Sparse,0.3541,0.002834,0.8110,0.70,#FFAA00
0.3746,Moderate Risk,3,1.2436857223510742,0.104831,Bare Land,Peri-Urban / Sparse,0.3541,0.002835,0.8104,0.70,#FFAA00
0.3745,Moderate Risk,3,1.2443255186080933,0.104918,Bare Land,Peri-Urban / Sparse,0.3541,0.002836,0.8099,0.70,#FFAA00
0.3736,Moderate Risk,3,1.2452144622802734,0.105672,Bare Land,Peri-Urban / Sparse,0.3541,0.002838,0.8055,0.70,#FFAA00
0.3731,Moderate Risk,3,1.245989441871643,0.106096,Bare Land,Peri-Urban / Sparse,0.3541,0.002840,0.8030,0.70,#FFAA00
0.3730,Moderate Risk,3,1.2484486103057861,0.106208,Bare Land,Peri-Urban / Sparse,0.3541,0.002846,0.8024,0.70,#FFAA00
0.3725,Moderate Risk,3,1.2503819465637207,0.106635,Bare Land,Peri-Urban / Sparse,0.3541,0.002850,0.7999,0.70,#FFAA00
0.3721,Moderate Risk,3,1.2521986961364746,0.106934,Bare Land,Peri-Urban / Sparse,0.3541,0.002854,0.7981,0.70,#FFAA00
0.3716,Moderate Risk,3,1.252456784248352,0.107404,Bare Land,Peri-Urban / Sparse,0.3541,0.002855,0.7954,0.70,#FFAA00
0.3717,Moderate Risk,3,1.251851201057434,0.107326,Bare Land,Peri-Urban / Sparse,0.3541,0.002853,0.7958,0.70,#FFAA00
0.3705,Moderate Risk,3,1.25068998336792,0.108361,Bare Land,Peri-Urban / Sparse,0.3541,0.002851,0.7898,0.70,#FFAA00
0.3700,Moderate Risk,3,1.2488987445831299,0.108792,Bare Land,Peri-Urban / Sparse,0.3541,0.002847,0.7873,0.70,#FFAA00
0.3772,Moderate Risk,3,1.1472548246383667,0.102549,Bare Land,Peri-Urban / Sparse,0.3541,0.002615,0.8237,0.70,#FFAA00
0.3779,Moderate Risk,3,1.1517211198806763,0.101897,Bare Land,Peri-Urban / Sparse,0.3541,0.002625,0.8275,0.70,#FFAA00
0.3776,Moderate Risk,3,1.1620848178863525,0.102184,Bare Land,Peri-Urban / Sparse,0.3541,0.002649,0.8258,0.70,#FFAA00
0.3772,Moderate Risk,3,1.168574571609497,0.102502,Bare Land,Peri-Urban / Sparse,0.3541,0.002663,0.8240,0.70,#FFAA00
0.3766,Moderate Risk,3,1.1737914085388184,0.103046,Bare Land,Peri-Urban / Sparse,0.3541,0.002675,0.8208,0.70,#FFAA00
0.3764,Moderate Risk,3,1.1773481369018555,0.103238,Bare Land,Peri-Urban / Sparse,0.3541,0.002683,0.8197,0.70,#FFAA00
0.3756,Moderate Risk,3,1.1765097379684448,0.103890,Bare Land,Peri-Urban / Sparse,0.3541,0.002682,0.8159,0.70,#FFAA00
0.3764,Moderate Risk,3,1.1775221824645996,0.103250,Bare Land,Peri-Urban / Sparse,0.3541,0.002684,0.8196,0.70,#FFAA00
0.3754,Moderate Risk,3,1.1783770322799683,0.104082,Bare Land,Peri-Urban / Sparse,0.3541,0.002686,0.8148,0.70,#FFAA00
0.3753,Moderate Risk,3,1.1803090572357178,0.104162,Bare Land,Peri-Urban / Sparse,0.3541,0.002690,0.8143,0.70,#FFAA00
0.3756,Moderate Risk,3,1.1823451519012451,0.103897,Bare Land,Peri-Urban / Sparse,0.3541,0.002695,0.8158,0.70,#FFAA00
0.3758,Moderate Risk,3,1.181652307510376,0.103729,Bare Land,Peri-Urban / Sparse,0.3541,0.002693,0.8168,0.70,#FFAA00
0.3752,Moderate Risk,3,1.178638219833374,0.104217,Bare Land,Peri-Urban / Sparse,0.3541,0.002686,0.8140,0.70,#FFAA00
0.3745,Moderate Risk,3,1.168483853340149,0.104852,Bare Land,Peri-Urban / Sparse,0.3541,0.002663,0.8103,0.70,#FFAA00
0.3751,Moderate Risk,3,1.1590147018432617,0.104328,Bare Land,Peri-Urban / Sparse,0.3541,0.002642,0.8133,0.70,#FFAA00
0.3755,Moderate Risk,3,1.159080982208252,0.103969,Bare Land,Peri-Urban / Sparse,0.3541,0.002642,0.8154,0.70,#FFAA00
0.3757,Moderate Risk,3,1.1620005369186401,0.103810,Bare Land,Peri-Urban / Sparse,0.3541,0.002649,0.8163,0.70,#FFAA00
0.3754,Moderate Risk,3,1.1659839153289795,0.104105,Bare Land,Peri-Urban / Sparse,0.3541,0.002658,0.8146,0.70,#FFAA00
0.3775,Moderate Risk,3,1.169106364250183,0.102262,Bare Land,Peri-Urban / Sparse,0.3541,0.002665,0.8254,0.70,#FFAA00
0.3768,Moderate Risk,3,1.1730546951293945,0.102838,Bare Land,Peri-Urban / Sparse,0.3541,0.002674,0.8220,0.70,#FFAA00
0.3756,Moderate Risk,3,1.1783130168914795,0.103874,Bare Land,Peri-Urban / Sparse,0.3541,0.002686,0.8160,0.70,#FFAA00
0.3953,Moderate Risk,3,1.1855831146240234,0.104143,Minepits/Industry,Peri-Urban / Sparse,0.3541,0.002702,0.8144,0.90,#FFAA00
0.3754,Moderate Risk,3,1.1989853382110596,0.104081,Bare Land,Peri-Urban / Sparse,0.3541,0.002733,0.8148,0.70,#FFAA00
0.3749,Moderate Risk,3,1.2164456844329834,0.104507,Bare Land,Peri-Urban / Sparse,0.3541,0.002773,0.8123,0.70,#FFAA00
0.3753,Moderate Risk,3,1.2352972030639648,0.104214,Bare Land,Peri-Urban / Sparse,0.3541,0.002816,0.8140,0.70,#FFAA00
0.3755,Moderate Risk,3,1.2301654815673828,0.104065,Bare Land,Peri-Urban / Sparse,0.3541,0.002804,0.8149,0.70,#FFAA00
0.3763,Moderate Risk,3,1.2338614463806152,0.103371,Bare Land,Peri-Urban / Sparse,0.3541,0.002812,0.8189,0.70,#FFAA00
0.3763,Moderate Risk,3,1.231258749961853,0.103333,Bare Land,Peri-Urban / Sparse,0.3541,0.002806,0.8191,0.70,#FFAA00
0.3760,Moderate Risk,3,1.2269779443740845,0.103574,Bare Land,Peri-Urban / Sparse,0.3541,0.002797,0.8177,0.70,#FFAA00
0.3753,Moderate Risk,3,1.224302053451538,0.104199,Bare Land,Peri-Urban / Sparse,0.3541,0.002791,0.8141,0.70,#FFAA00
0.3754,Moderate Risk,3,1.2252618074417114,0.104097,Bare Land,Peri-Urban / Sparse,0.3541,0.002793,0.8147,0.70,#FFAA00
0.3752,Moderate Risk,3,1.2265100479125977,0.104290,Bare Land,Peri-Urban / Sparse,0.3541,0.002796,0.8135,0.70,#FFAA00
0.3745,Moderate Risk,3,1.2288161516189575,0.104874,Bare Land,Peri-Urban / Sparse,0.3541,0.002801,0.8101,0.70,#FFAA00
0.3740,Moderate Risk,3,1.2310428619384766,0.105280,Bare Land,Peri-Urban / Sparse,0.3541,0.002806,0.8078,0.70,#FFAA00
0.3742,Moderate Risk,3,1.232392430305481,0.105123,Bare Land,Peri-Urban / Sparse,0.3541,0.002809,0.8087,0.70,#FFAA00
0.3742,Moderate Risk,3,1.2319220304489136,0.105154,Bare Land,Peri-Urban / Sparse,0.3541,0.002808,0.8085,0.70,#FFAA00
0.3741,Moderate Risk,3,1.232284665107727,0.105259,Bare Land,Peri-Urban / Sparse,0.3541,0.002809,0.8079,0.70,#FFAA00
0.3729,Moderate Risk,3,1.2334603071212769,0.106285,Bare Land,Peri-Urban / Sparse,0.3541,0.002811,0.8019,0.70,#FFAA00
0.3728,Moderate Risk,3,1.2327359914779663,0.106306,Bare Land,Peri-Urban / Sparse,0.3541,0.002810,0.8018,0.70,#FFAA00
0.3721,Moderate Risk,3,1.2326226234436035,0.106935,Bare Land,Peri-Urban / Sparse,0.3541,0.002809,0.7981,0.70,#FFAA00
0.3722,Moderate Risk,3,1.231950283050537,0.106868,Bare Land,Peri-Urban / Sparse,0.3541,0.002808,0.7985,0.70,#FFAA00
0.3715,Moderate Risk,3,1.2349141836166382,0.107459,Bare Land,Peri-Urban / Sparse,0.3541,0.002815,0.7951,0.70,#FFAA00
0.3710,Moderate Risk,3,1.238189935684204,0.107853,Bare Land,Peri-Urban / Sparse,0.3541,0.002822,0.7928,0.70,#FFAA00
0.3712,Moderate Risk,3,1.2388166189193726,0.107670,Bare Land,Peri-Urban / Sparse,0.3541,0.002824,0.7938,0.70,#FFAA00
0.3707,Moderate Risk,3,1.2371480464935303,0.108159,Bare Land,Peri-Urban / Sparse,0.3541,0.002820,0.7910,0.70,#FFAA00
0.3694,Moderate Risk,3,1.2330774068832397,0.109243,Bare Land,Peri-Urban / Sparse,0.3541,0.002811,0.7847,0.70,#FFAA00
0.3690,Moderate Risk,3,1.2292301654815674,0.109568,Bare Land,Peri-Urban / Sparse,0.3541,0.002802,0.7828,0.70,#FFAA00
0.3771,Moderate Risk,3,1.1197346448898315,0.102621,Bare Land,Peri-Urban / Sparse,0.3541,0.002552,0.8233,0.70,#FFAA00
0.3772,Moderate Risk,3,1.1000608205795288,0.102472,Bare Land,Peri-Urban / Sparse,0.3541,0.002507,0.8241,0.70,#FFAA00
0.3774,Moderate Risk,3,1.0943858623504639,0.102270,Bare Land,Peri-Urban / Sparse,0.3541,0.002494,0.8253,0.70,#FFAA00
0.3767,Moderate Risk,3,1.1014304161071777,0.102916,Bare Land,Peri-Urban / Sparse,0.3541,0.002510,0.8216,0.70,#FFAA00
0.3760,Moderate Risk,3,1.1104439496994019,0.103566,Bare Land,Peri-Urban / Sparse,0.3541,0.002531,0.8178,0.70,#FFAA00
0.3747,Moderate Risk,3,1.1243164539337158,0.104682,Bare Land,Peri-Urban / Sparse,0.3541,0.002563,0.8113,0.70,#FFAA00
0.3757,Moderate Risk,3,1.142682671546936,0.103782,Bare Land,Peri-Urban / Sparse,0.3541,0.002604,0.8165,0.70,#FFAA00
0.3760,Moderate Risk,3,1.1574771404266357,0.103520,Bare Land,Peri-Urban / Sparse,0.3541,0.002638,0.8180,0.70,#FFAA00
0.3750,Moderate Risk,3,1.1689878702163696,0.104405,Bare Land,Peri-Urban / Sparse,0.3541,0.002664,0.8129,0.70,#FFAA00
0.3752,Moderate Risk,3,1.1759003400802612,0.104233,Bare Land,Peri-Urban / Sparse,0.3541,0.002680,0.8139,0.70,#FFAA00
0.3754,Moderate Risk,3,1.175040364265442,0.104067,Bare Land,Peri-Urban / Sparse,0.3541,0.002678,0.8148,0.70,#FFAA00
0.3752,Moderate Risk,3,1.1619480848312378,0.104207,Bare Land,Peri-Urban / Sparse,0.3541,0.002648,0.8140,0.70,#FFAA00
0.3751,Moderate Risk,3,1.1516720056533813,0.104349,Bare Land,Peri-Urban / Sparse,0.3541,0.002625,0.8132,0.70,#FFAA00
0.3748,Moderate Risk,3,1.1475036144256592,0.104531,Bare Land,Peri-Urban / Sparse,0.3541,0.002615,0.8121,0.70,#FFAA00
0.3758,Moderate Risk,3,1.1473172903060913,0.103756,Bare Land,Peri-Urban / Sparse,0.3541,0.002615,0.8167,0.70,#FFAA00
0.3758,Moderate Risk,3,1.1475039720535278,0.103691,Bare Land,Peri-Urban / Sparse,0.3541,0.002615,0.8170,0.70,#FFAA00
0.3750,Moderate Risk,3,1.147428274154663,0.104372,Bare Land,Peri-Urban / Sparse,0.3541,0.002615,0.8131,0.70,#FFAA00
0.3763,Moderate Risk,3,1.148037314414978,0.103314,Bare Land,Peri-Urban / Sparse,0.3541,0.002617,0.8192,0.70,#FFAA00
0.3771,Moderate Risk,3,1.1487033367156982,0.102563,Bare Land,Peri-Urban / Sparse,0.3541,0.002618,0.8236,0.70,#FFAA00
0.3766,Moderate Risk,3,1.1494735479354858,0.103062,Bare Land,Peri-Urban / Sparse,0.3541,0.002620,0.8207,0.70,#FFAA00
0.3763,Moderate Risk,3,1.149449110031128,0.103265,Bare Land,Peri-Urban / Sparse,0.3541,0.002620,0.8195,0.70,#FFAA00
0.3759,Moderate Risk,3,1.1496834754943848,0.103659,Bare Land,Peri-Urban / Sparse,0.3541,0.002620,0.8172,0.70,#FFAA00
0.3756,Moderate Risk,3,1.1513502597808838,0.103915,Bare Land,Peri-Urban / Sparse,0.3541,0.002624,0.8157,0.70,#FFAA00
0.3751,Moderate Risk,3,1.1543289422988892,0.104313,Bare Land,Peri-Urban / Sparse,0.3541,0.002631,0.8134,0.70,#FFAA00
0.3754,Moderate Risk,3,1.1608585119247437,0.104110,Bare Land,Peri-Urban / Sparse,0.3541,0.002646,0.8146,0.70,#FFAA00
0.3759,Moderate Risk,3,1.1568779945373535,0.103654,Bare Land,Peri-Urban / Sparse,0.3541,0.002637,0.8172,0.70,#FFAA00
0.3763,Moderate Risk,3,1.1578257083892822,0.103267,Bare Land,Peri-Urban / Sparse,0.3541,0.002639,0.8195,0.70,#FFAA00
0.3758,Moderate Risk,3,1.1624332666397095,0.103751,Bare Land,Peri-Urban / Sparse,0.3541,0.002649,0.8167,0.70,#FFAA00
0.3759,Moderate Risk,3,1.166416049003601,0.103663,Bare Land,Peri-Urban / Sparse,0.3541,0.002659,0.8172,0.70,#FFAA00
0.3757,Moderate Risk,3,1.1713743209838867,0.103836,Bare Land,Peri-Urban / Sparse,0.3541,0.002670,0.8162,0.70,#FFAA00
0.3750,Moderate Risk,3,1.175089955329895,0.104455,Bare Land,Peri-Urban / Sparse,0.3541,0.002678,0.8126,0.70,#FFAA00
0.3747,Moderate Risk,3,1.1756833791732788,0.104715,Bare Land,Peri-Urban / Sparse,0.3541,0.002680,0.8111,0.70,#FFAA00
0.3741,Moderate Risk,3,1.1812318563461304,0.105164,Bare Land,Peri-Urban / Sparse,0.3541,0.002692,0.8084,0.70,#FFAA00
0.3737,Moderate Risk,3,1.186385154724121,0.105555,Bare Land,Peri-Urban / Sparse,0.3541,0.002704,0.8062,0.70,#FFAA00
0.3744,Moderate Risk,3,1.193869709968567,0.104940,Bare Land,Peri-Urban / Sparse,0.3541,0.002721,0.8098,0.70,#FFAA00
0.3742,Moderate Risk,3,1.198677659034729,0.105162,Bare Land,Peri-Urban / Sparse,0.3541,0.002732,0.8085,0.70,#FFAA00
0.3728,Moderate Risk,3,1.1972805261611938,0.106281,Bare Land,Peri-Urban / Sparse,0.3541,0.002729,0.8019,0.70,#FFAA00
0.3725,Moderate Risk,3,1.2018462419509888,0.106590,Bare Land,Peri-Urban / Sparse,0.3541,0.002739,0.8001,0.70,#FFAA00
0.3717,Moderate Risk,3,1.203374981880188,0.107241,Bare Land,Peri-Urban / Sparse,0.3541,0.002743,0.7963,0.70,#FFAA00
0.3713,Moderate Risk,3,1.2036112546920776,0.107646,Bare Land,Peri-Urban / Sparse,0.3541,0.002743,0.7940,0.70,#FFAA00
0.3713,Moderate Risk,3,1.204977035522461,0.107617,Bare Land,Peri-Urban / Sparse,0.3541,0.002746,0.7941,0.70,#FFAA00
0.3709,Moderate Risk,3,1.2041571140289307,0.107917,Bare Land,Peri-Urban / Sparse,0.3541,0.002745,0.7924,0.70,#FFAA00
0.3700,Moderate Risk,3,1.2097259759902954,0.108697,Bare Land,Peri-Urban / Sparse,0.3541,0.002757,0.7879,0.70,#FFAA00
0.3693,Moderate Risk,3,1.2098803520202637,0.109281,Bare Land,Peri-Urban / Sparse,0.3541,0.002758,0.7844,0.70,#FFAA00
0.3692,Moderate Risk,3,1.2081300020217896,0.109447,Bare Land,Peri-Urban / Sparse,0.3541,0.002754,0.7835,0.70,#FFAA00
0.3680,Moderate Risk,3,1.2052862644195557,0.110397,Bare Land,Peri-Urban / Sparse,0.3541,0.002747,0.7779,0.70,#FFAA00
0.3674,Moderate Risk,3,1.2016433477401733,0.110962,Bare Land,Peri-Urban / Sparse,0.3541,0.002739,0.7746,0.70,#FFAA00
0.3772,Moderate Risk,3,1.113053560256958,0.102477,Bare Land,Peri-Urban / Sparse,0.3541,0.002537,0.8241,0.70,#FFAA00
0.3770,Moderate Risk,3,1.094458818435669,0.102683,Bare Land,Peri-Urban / Sparse,0.3541,0.002495,0.8229,0.70,#FFAA00
0.3767,Moderate Risk,3,1.0878853797912598,0.102887,Bare Land,Peri-Urban / Sparse,0.3541,0.002480,0.8217,0.70,#FFAA00
0.3767,Moderate Risk,3,1.0878853797912598,0.102887,Bare Land,Peri-Urban / Sparse,0.3541,0.002480,0.8217,0.70,#FFAA00
0.3753,Moderate Risk,3,1.0874205827713013,0.104140,Bare Land,Peri-Urban / Sparse,0.3541,0.002479,0.8144,0.70,#FFAA00
0.3753,Moderate Risk,3,1.0874205827713013,0.104140,Bare Land,Peri-Urban / Sparse,0.3541,0.002479,0.8144,0.70,#FFAA00
0.3565,Moderate Risk,3,2.65073299407959,0.121190,Bare Land,Peri-Urban / Sparse,0.3541,0.006042,0.7150,0.70,#FFAA00
0.3555,Moderate Risk,3,2.5747766494750977,0.121976,Bare Land,Peri-Urban / Sparse,0.3541,0.005869,0.7104,0.70,#FFAA00
0.3638,Moderate Risk,3,2.503117799758911,0.114777,Bare Land,Peri-Urban / Sparse,0.3541,0.005705,0.7524,0.70,#FFAA00
0.3651,Moderate Risk,3,2.4256575107574463,0.113657,Bare Land,Peri-Urban / Sparse,0.3541,0.005529,0.7589,0.70,#FFAA00
0.3663,Moderate Risk,3,2.3633882999420166,0.112597,Bare Land,Peri-Urban / Sparse,0.3541,0.005387,0.7651,0.70,#FFAA00
0.3665,Moderate Risk,3,2.332228183746338,0.112410,Bare Land,Peri-Urban / Sparse,0.3541,0.005316,0.7662,0.70,#FFAA00
0.3037,Moderate Risk,3,2.353923797607422,0.114832,Natural Vegetation,Peri-Urban / Sparse,0.3541,0.005365,0.7521,0.10,#FFAA00
0.3820,Moderate Risk,3,2.388153314590454,0.116325,Minepits/Industry,Peri-Urban / Sparse,0.3541,0.005443,0.7434,0.90,#FFAA00
0.3612,Moderate Risk,3,2.3859097957611084,0.117014,Bare Land,Peri-Urban / Sparse,0.3541,0.005438,0.7394,0.70,#FFAA00
0.3637,Moderate Risk,3,2.3575916290283203,0.114780,Bare Land,Peri-Urban / Sparse,0.3541,0.005374,0.7524,0.70,#FFAA00
0.3634,Moderate Risk,3,2.2792131900787354,0.115021,Bare Land,Peri-Urban / Sparse,0.3541,0.005195,0.7510,0.70,#FFAA00
0.3658,Moderate Risk,3,2.430077075958252,0.113038,Bare Land,Peri-Urban / Sparse,0.3541,0.005539,0.7625,0.70,#FFAA00
0.3334,Moderate Risk,3,2.524595022201538,,Minepits/Industry,Peri-Urban / Sparse,0.3541,0.005754,0.5000,0.90,#FFAA00
0.3599,Moderate Risk,3,3.1357550621032715,0.118481,Bare Land,Peri-Urban / Sparse,0.3541,0.007147,0.7308,0.70,#FFAA00
0.3569,Moderate Risk,3,2.8899950981140137,0.120970,Bare Land,Peri-Urban / Sparse,0.3541,0.006587,0.7163,0.70,#FFAA00
0.3576,Moderate Risk,3,2.5686371326446533,0.120176,Bare Land,Peri-Urban / Sparse,0.3541,0.005855,0.7209,0.70,#FFAA00
0.3641,Moderate Risk,3,2.4318840503692627,0.114537,Bare Land,Peri-Urban / Sparse,0.3541,0.005543,0.7538,0.70,#FFAA00
0.3640,Moderate Risk,3,2.3838109970092773,0.114597,Bare Land,Peri-Urban / Sparse,0.3541,0.005433,0.7535,0.70,#FFAA00
0.3651,Moderate Risk,3,2.372119903564453,0.113597,Bare Land,Peri-Urban / Sparse,0.3541,0.005407,0.7593,0.70,#FFAA00
0.3654,Moderate Risk,3,2.39080548286438,0.113405,Bare Land,Peri-Urban / Sparse,0.3541,0.005449,0.7604,0.70,#FFAA00
0.3813,Moderate Risk,3,2.437364101409912,0.116897,Minepits/Industry,Peri-Urban / Sparse,0.3541,0.005555,0.7400,0.90,#FFAA00
0.3809,Moderate Risk,3,2.449591875076294,0.117253,Minepits/Industry,Peri-Urban / Sparse,0.3541,0.005583,0.7380,0.90,#FFAA00
0.3832,Moderate Risk,3,2.4312784671783447,0.115239,Minepits/Industry,Peri-Urban / Sparse,0.3541,0.005542,0.7497,0.90,#FFAA00
0.3660,Moderate Risk,3,2.407874584197998,0.112898,Bare Land,Peri-Urban / Sparse,0.3541,0.005488,0.7634,0.70,#FFAA00
0.3684,Moderate Risk,3,2.391256093978882,0.110793,Bare Land,Peri-Urban / Sparse,0.3541,0.005450,0.7756,0.70,#FFAA00
0.3332,Moderate Risk,3,2.3238699436187744,,Minepits/Industry,Peri-Urban / Sparse,0.3541,0.005297,0.5000,0.90,#FFAA00
0.3797,Moderate Risk,3,3.7360877990722656,0.119055,Minepits/Industry,Peri-Urban / Sparse,0.3541,0.008516,0.7275,0.90,#FFAA00
0.3581,Moderate Risk,3,2.7162694931030273,0.119861,Bare Land,Peri-Urban / Sparse,0.3541,0.006191,0.7228,0.70,#FFAA00
0.3609,Moderate Risk,3,2.4348630905151367,0.117245,Bare Land,Peri-Urban / Sparse,0.3541,0.005550,0.7380,0.70,#FFAA00
0.3625,Moderate Risk,3,2.425158977508545,0.115859,Bare Land,Peri-Urban / Sparse,0.3541,0.005528,0.7461,0.70,#FFAA00
0.3059,Moderate Risk,3,2.4236834049224854,0.112936,Natural Vegetation,Peri-Urban / Sparse,0.3541,0.005524,0.7631,0.10,#FFAA00
0.3867,Moderate Risk,3,2.4219555854797363,0.112275,Minepits/Industry,Peri-Urban / Sparse,0.3541,0.005520,0.7670,0.90,#FFAA00
0.3033,Moderate Risk,3,2.4507389068603516,0.115229,Natural Vegetation,Peri-Urban / Sparse,0.3541,0.005586,0.7498,0.10,#FFAA00
0.3610,Moderate Risk,3,2.4913547039031982,0.117238,Bare Land,Peri-Urban / Sparse,0.3541,0.005678,0.7381,0.70,#FFAA00
0.3612,Moderate Risk,3,2.515481472015381,0.117036,Bare Land,Peri-Urban / Sparse,0.3541,0.005733,0.7392,0.70,#FFAA00
0.3620,Moderate Risk,3,2.4877984523773193,0.116321,Bare Land,Peri-Urban / Sparse,0.3541,0.005670,0.7434,0.70,#FFAA00
0.3849,Moderate Risk,3,2.4557437896728516,0.113836,Minepits/Industry,Peri-Urban / Sparse,0.3541,0.005597,0.7579,0.90,#FFAA00
0.3133,Moderate Risk,3,2.4417474269866943,,Bare Land,Peri-Urban / Sparse,0.3541,0.005565,0.5000,0.70,#FFAA00
0.3614,Moderate Risk,3,3.8716630935668945,0.117660,Bare Land,Peri-Urban / Sparse,0.3541,0.008825,0.7356,0.70,#FFAA00
0.3579,Moderate Risk,3,3.000722646713257,0.120183,Bare Land,Peri-Urban / Sparse,0.3541,0.006839,0.7209,0.70,#FFAA00
0.3627,Moderate Risk,3,2.7087717056274414,0.115916,Bare Land,Peri-Urban / Sparse,0.3541,0.006174,0.7458,0.70,#FFAA00
0.3619,Moderate Risk,3,2.79117751121521,0.116595,Bare Land,Peri-Urban / Sparse,0.3541,0.006362,0.7418,0.70,#FFAA00
0.3631,Moderate Risk,3,2.9279370307922363,0.115617,Bare Land,Peri-Urban / Sparse,0.3541,0.006674,0.7475,0.70,#FFAA00
0.3647,Moderate Risk,3,2.7939376831054688,0.114239,Bare Land,Peri-Urban / Sparse,0.3541,0.006368,0.7555,0.70,#FFAA00
0.3622,Moderate Risk,3,2.718236207962036,0.116282,Bare Land,Peri-Urban / Sparse,0.3541,0.006196,0.7436,0.70,#FFAA00
0.3593,Moderate Risk,3,2.715224027633667,0.118776,Bare Land,Peri-Urban / Sparse,0.3541,0.006189,0.7291,0.70,#FFAA00
0.3622,Moderate Risk,3,2.751006603240967,0.116316,Bare Land,Peri-Urban / Sparse,0.3541,0.006270,0.7434,0.70,#FFAA00
0.3612,Moderate Risk,3,2.8464245796203613,0.117236,Bare Land,Peri-Urban / Sparse,0.3541,0.006488,0.7381,0.70,#FFAA00
0.3631,Moderate Risk,3,2.792039394378662,0.115604,Bare Land,Peri-Urban / Sparse,0.3541,0.006364,0.7476,0.70,#FFAA00
0.3659,Moderate Risk,3,2.8745200634002686,0.113243,Bare Land,Peri-Urban / Sparse,0.3541,0.006552,0.7614,0.70,#FFAA00
0.3563,Moderate Risk,3,4.463526725769043,0.122403,Bare Land,Peri-Urban / Sparse,0.3541,0.010174,0.7080,0.70,#FFAA00
0.3581,Moderate Risk,3,3.29288387298584,0.120196,Bare Land,Peri-Urban / Sparse,0.3541,0.007505,0.7208,0.70,#FFAA00
0.3586,Moderate Risk,3,2.948195219039917,0.119542,Bare Land,Peri-Urban / Sparse,0.3541,0.006720,0.7246,0.70,#FFAA00
0.3631,Moderate Risk,3,3.0534257888793945,0.115734,Bare Land,Peri-Urban / Sparse,0.3541,0.006960,0.7468,0.70,#FFAA00
0.3068,Moderate Risk,3,3.477870464324951,0.112786,Natural Vegetation,Peri-Urban / Sparse,0.3541,0.007927,0.7640,0.10,#FFAA00
0.3644,Moderate Risk,3,2.9965455532073975,0.114578,Bare Land,Peri-Urban / Sparse,0.3541,0.006830,0.7536,0.70,#FFAA00
0.3631,Moderate Risk,3,2.847407817840576,0.115561,Bare Land,Peri-Urban / Sparse,0.3541,0.006490,0.7478,0.70,#FFAA00
0.3588,Moderate Risk,3,2.8104729652404785,0.119262,Bare Land,Peri-Urban / Sparse,0.3541,0.006406,0.7263,0.70,#FFAA00
0.3583,Moderate Risk,3,2.805004358291626,0.119701,Bare Land,Peri-Urban / Sparse,0.3541,0.006393,0.7237,0.70,#FFAA00
0.3590,Moderate Risk,3,2.9592723846435547,0.119158,Bare Land,Peri-Urban / Sparse,0.3541,0.006745,0.7269,0.70,#FFAA00
0.3641,Moderate Risk,3,2.87661075592041,0.114757,Bare Land,Peri-Urban / Sparse,0.3541,0.006557,0.7525,0.70,#FFAA00
0.3884,Moderate Risk,3,2.9348084926605225,0.111100,Minepits/Industry,Peri-Urban / Sparse,0.3541,0.006689,0.7738,0.90,#FFAA00
0.3664,Moderate Risk,3,3.177168607711792,0.113020,Bare Land,Peri-Urban / Sparse,0.3541,0.007242,0.7627,0.70,#FFAA00
0.3557,Moderate Risk,3,2.7848641872406006,0.121878,Bare Land,Peri-Urban / Sparse,0.3541,0.006347,0.7110,0.70,#FFAA00
0.3558,Moderate Risk,3,2.6302905082702637,0.121707,Bare Land,Peri-Urban / Sparse,0.3541,0.005995,0.7120,0.70,#FFAA00
0.3801,Moderate Risk,3,2.614192485809326,0.118062,Minepits/Industry,Peri-Urban / Sparse,0.3541,0.005958,0.7333,0.90,#FFAA00
0.3663,Moderate Risk,3,2.632911205291748,0.112763,Bare Land,Peri-Urban / Sparse,0.3541,0.006001,0.7641,0.70,#FFAA00
0.3015,Moderate Risk,3,2.6080503463745117,0.116850,Natural Vegetation,Peri-Urban / Sparse,0.3541,0.005944,0.7403,0.10,#FFAA00
0.3608,Moderate Risk,3,2.5816221237182617,0.117422,Bare Land,Peri-Urban / Sparse,0.3541,0.005884,0.7370,0.70,#FFAA00
0.3559,Moderate Risk,3,2.5661942958831787,0.121612,Bare Land,Peri-Urban / Sparse,0.3541,0.005849,0.7126,0.70,#FFAA00
0.3563,Moderate Risk,3,2.5606629848480225,0.121254,Bare Land,Peri-Urban / Sparse,0.3541,0.005836,0.7146,0.70,#FFAA00
0.3560,Moderate Risk,3,2.5286121368408203,0.121545,Bare Land,Peri-Urban / Sparse,0.3541,0.005763,0.7130,0.70,#FFAA00
0.3628,Moderate Risk,3,2.4835078716278076,0.115661,Bare Land,Peri-Urban / Sparse,0.3541,0.005661,0.7473,0.70,#FFAA00
0.3646,Moderate Risk,3,2.4816033840179443,0.114130,Bare Land,Peri-Urban / Sparse,0.3541,0.005656,0.7562,0.70,#FFAA00
0.3942,Moderate Risk,3,2.674104690551758,0.105947,Minepits/Industry,Peri-Urban / Sparse,0.3541,0.006095,0.8039,0.90,#FFAA00
0.3928,Moderate Risk,3,2.570596933364868,0.107091,Minepits/Industry,Peri-Urban / Sparse,0.3541,0.005859,0.7972,0.90,#FFAA00
0.3808,Moderate Risk,3,2.5165655612945557,0.117420,Minepits/Industry,Peri-Urban / Sparse,0.3541,0.005736,0.7370,0.90,#FFAA00
0.3609,Moderate Risk,3,2.4698784351348877,0.117252,Bare Land,Peri-Urban / Sparse,0.3541,0.005630,0.7380,0.70,#FFAA00
0.3758,Moderate Risk,3,2.4548723697662354,0.121664,Minepits/Industry,Peri-Urban / Sparse,0.3541,0.005595,0.7123,0.90,#FFAA00
0.3592,Moderate Risk,3,2.450162410736084,0.118740,Bare Land,Peri-Urban / Sparse,0.3541,0.005585,0.7293,0.70,#FFAA00
0.3097,Moderate Risk,3,2.4583661556243896,0.109738,Natural Vegetation,Peri-Urban / Sparse,0.3541,0.005603,0.7818,0.10,#FFAA00
0.3803,Moderate Risk,3,2.465575695037842,0.117790,Minepits/Industry,Peri-Urban / Sparse,0.3541,0.005620,0.7348,0.90,#FFAA00
0.3578,Moderate Risk,3,2.461076021194458,0.119949,Bare Land,Peri-Urban / Sparse,0.3541,0.005609,0.7223,0.70,#FFAA00
0.3784,Moderate Risk,3,2.429217576980591,0.119385,Minepits/Industry,Peri-Urban / Sparse,0.3541,0.005537,0.7255,0.90,#FFAA00
0.3631,Moderate Risk,3,2.402409553527832,0.115326,Bare Land,Peri-Urban / Sparse,0.3541,0.005476,0.7492,0.70,#FFAA00
0.3598,Moderate Risk,3,2.293370246887207,0.118085,Bare Land,Peri-Urban / Sparse,0.3541,0.005227,0.7331,0.70,#FFAA00
0.3625,Moderate Risk,3,2.170780897140503,0.115728,Bare Land,Peri-Urban / Sparse,0.3541,0.004948,0.7469,0.70,#FFAA00
0.3634,Moderate Risk,3,2.220255136489868,0.114959,Bare Land,Peri-Urban / Sparse,0.3541,0.005061,0.7513,0.70,#FFAA00
0.2932,Low Risk,2,2.337017774581909,,Unknown,Peri-Urban / Sparse,0.3541,0.005327,0.5000,0.50,#FFDD88
0.3926,Moderate Risk,3,2.6282012462615967,0.107342,Minepits/Industry,Peri-Urban / Sparse,0.3541,0.005990,0.7958,0.90,#FFAA00
0.3842,Moderate Risk,3,2.543553113937378,0.114513,Minepits/Industry,Peri-Urban / Sparse,0.3541,0.005797,0.7539,0.90,#FFAA00
0.3501,Moderate Risk,3,2.4829304218292236,0.126565,Bare Land,Peri-Urban / Sparse,0.3541,0.005659,0.6837,0.70,#FFAA00
0.3873,Moderate Risk,3,2.437330961227417,0.111785,Minepits/Industry,Peri-Urban / Sparse,0.3541,0.005555,0.7698,0.90,#FFAA00
0.3844,Moderate Risk,3,2.4018971920013428,0.114267,Minepits/Industry,Peri-Urban / Sparse,0.3541,0.005475,0.7554,0.90,#FFAA00
0.3693,Moderate Risk,3,2.3951737880706787,0.110067,Bare Land,Peri-Urban / Sparse,0.3541,0.005459,0.7799,0.70,#FFAA00
0.3598,Moderate Risk,3,2.384479284286499,0.118134,Bare Land,Peri-Urban / Sparse,0.3541,0.005435,0.7328,0.70,#FFAA00
0.3785,Moderate Risk,3,2.3837804794311523,0.119257,Minepits/Industry,Peri-Urban / Sparse,0.3541,0.005433,0.7263,0.90,#FFAA00
0.3578,Moderate Risk,3,2.372950315475464,0.119839,Bare Land,Peri-Urban / Sparse,0.3541,0.005409,0.7229,0.70,#FFAA00
0.3601,Moderate Risk,3,2.3482630252838135,0.117907,Bare Land,Peri-Urban / Sparse,0.3541,0.005352,0.7342,0.70,#FFAA00
0.3805,Moderate Risk,3,2.2652933597564697,0.117481,Minepits/Industry,Peri-Urban / Sparse,0.3541,0.005163,0.7366,0.90,#FFAA00
0.3598,Moderate Risk,3,2.1561708450317383,0.118059,Bare Land,Peri-Urban / Sparse,0.3541,0.004914,0.7333,0.70,#FFAA00
0.3614,Moderate Risk,3,2.1072793006896973,0.116613,Bare Land,Peri-Urban / Sparse,0.3541,0.004803,0.7417,0.70,#FFAA00
0.3814,Moderate Risk,3,2.1379623413085938,0.116627,Minepits/Industry,Peri-Urban / Sparse,0.3541,0.004873,0.7416,0.90,#FFAA00
0.3036,Moderate Risk,3,2.2326672077178955,0.114844,Natural Vegetation,Peri-Urban / Sparse,0.3541,0.005089,0.7520,0.10,#FFAA00
0.3653,Moderate Risk,3,2.3426454067230225,0.113464,Bare Land,Peri-Urban / Sparse,0.3541,0.005340,0.7601,0.70,#FFAA00
0.2933,Low Risk,2,2.4091312885284424,,Unknown,Peri-Urban / Sparse,0.3541,0.005491,0.5000,0.50,#FFDD88
0.3946,Moderate Risk,3,2.4940309524536133,0.105558,Minepits/Industry,Peri-Urban / Sparse,0.3541,0.005685,0.8062,0.90,#FFAA00
0.3915,Moderate Risk,3,2.423729181289673,0.108179,Minepits/Industry,Peri-Urban / Sparse,0.3541,0.005524,0.7909,0.90,#FFAA00
0.3937,Moderate Risk,3,2.3912296295166016,0.106269,Minepits/Industry,Peri-Urban / Sparse,0.3541,0.005450,0.8020,0.90,#FFAA00
0.3524,Moderate Risk,3,2.332714557647705,0.124449,Bare Land,Peri-Urban / Sparse,0.3541,0.005317,0.6960,0.70,#FFAA00
0.3602,Moderate Risk,3,2.3127310276031494,0.117763,Bare Land,Peri-Urban / Sparse,0.3541,0.005271,0.7350,0.70,#FFAA00
0.3761,Moderate Risk,3,2.313937187194824,0.121286,Minepits/Industry,Peri-Urban / Sparse,0.3541,0.005274,0.7145,0.90,#FFAA00
0.3693,Moderate Risk,3,2.3021562099456787,0.110016,Bare Land,Peri-Urban / Sparse,0.3541,0.005247,0.7802,0.70,#FFAA00
0.3602,Moderate Risk,3,2.273247718811035,0.117801,Bare Land,Peri-Urban / Sparse,0.3541,0.005181,0.7348,0.70,#FFAA00
0.3565,Moderate Risk,3,2.1976428031921387,0.120861,Bare Land,Peri-Urban / Sparse,0.3541,0.005009,0.7169,0.70,#FFAA00
0.3583,Moderate Risk,3,2.1320717334747314,0.119276,Bare Land,Peri-Urban / Sparse,0.3541,0.004860,0.7262,0.70,#FFAA00
0.3580,Moderate Risk,3,2.0872538089752197,0.119491,Bare Land,Peri-Urban / Sparse,0.3541,0.004757,0.7249,0.70,#FFAA00
0.3614,Moderate Risk,3,2.064696788787842,0.116612,Bare Land,Peri-Urban / Sparse,0.3541,0.004706,0.7417,0.70,#FFAA00
0.3593,Moderate Risk,3,2.0684382915496826,0.118455,Bare Land,Peri-Urban / Sparse,0.3541,0.004715,0.7310,0.70,#FFAA00
0.3612,Moderate Risk,3,2.086951732635498,0.116752,Bare Land,Peri-Urban / Sparse,0.3541,0.004757,0.7409,0.70,#FFAA00
0.3627,Moderate Risk,3,2.120238780975342,0.115532,Bare Land,Peri-Urban / Sparse,0.3541,0.004833,0.7480,0.70,#FFAA00
0.3634,Moderate Risk,3,2.1731486320495605,0.114907,Bare Land,Peri-Urban / Sparse,0.3541,0.004953,0.7516,0.70,#FFAA00
0.3629,Moderate Risk,3,2.2391607761383057,0.115452,Bare Land,Peri-Urban / Sparse,0.3541,0.005104,0.7485,0.70,#FFAA00
0.3846,Moderate Risk,3,2.2903542518615723,0.113982,Minepits/Industry,Peri-Urban / Sparse,0.3541,0.005220,0.7570,0.90,#FFAA00
0.3332,Moderate Risk,3,2.3073346614837646,,Minepits/Industry,Peri-Urban / Sparse,0.3541,0.005259,0.5000,0.90,#FFAA00
0.3908,Moderate Risk,3,2.2962794303894043,0.108675,Minepits/Industry,Peri-Urban / Sparse,0.3541,0.005234,0.7880,0.90,#FFAA00
0.3900,Moderate Risk,3,2.1823055744171143,0.109339,Minepits/Industry,Peri-Urban / Sparse,0.3541,0.004974,0.7841,0.90,#FFAA00
0.3891,Moderate Risk,3,2.148975372314453,0.110038,Minepits/Industry,Peri-Urban / Sparse,0.3541,0.004898,0.7800,0.90,#FFAA00
0.3908,Moderate Risk,3,2.107102155685425,0.108546,Minepits/Industry,Peri-Urban / Sparse,0.3541,0.004803,0.7887,0.90,#FFAA00
0.3872,Moderate Risk,3,2.1074905395507812,0.111693,Minepits/Industry,Peri-Urban / Sparse,0.3541,0.004804,0.7704,0.90,#FFAA00
0.3720,Moderate Risk,3,2.110790252685547,0.107522,Bare Land,Peri-Urban / Sparse,0.3541,0.004811,0.7947,0.70,#FFAA00
0.3638,Moderate Risk,3,2.0989174842834473,0.114608,Bare Land,Peri-Urban / Sparse,0.3541,0.004784,0.7534,0.70,#FFAA00
0.3918,Moderate Risk,3,2.077422618865967,0.107672,Minepits/Industry,Peri-Urban / Sparse,0.3541,0.004735,0.7938,0.90,#FFAA00
0.3652,Moderate Risk,3,2.0484063625335693,0.113299,Bare Land,Peri-Urban / Sparse,0.3541,0.004669,0.7610,0.70,#FFAA00
0.3577,Moderate Risk,3,2.030543804168701,0.119763,Bare Land,Peri-Urban / Sparse,0.3541,0.004628,0.7233,0.70,#FFAA00
0.3576,Moderate Risk,3,2.025507926940918,0.119861,Bare Land,Peri-Urban / Sparse,0.3541,0.004617,0.7228,0.70,#FFAA00
0.3602,Moderate Risk,3,2.035438299179077,0.117609,Bare Land,Peri-Urban / Sparse,0.3541,0.004639,0.7359,0.70,#FFAA00
0.3596,Moderate Risk,3,2.0450429916381836,0.118126,Bare Land,Peri-Urban / Sparse,0.3541,0.004661,0.7329,0.70,#FFAA00
0.3613,Moderate Risk,3,2.063901424407959,0.116720,Bare Land,Peri-Urban / Sparse,0.3541,0.004704,0.7411,0.70,#FFAA00
0.3042,Moderate Risk,3,2.0902905464172363,0.114193,Natural Vegetation,Peri-Urban / Sparse,0.3541,0.004764,0.7558,0.10,#FFAA00
0.3621,Moderate Risk,3,2.107515811920166,0.116003,Bare Land,Peri-Urban / Sparse,0.3541,0.004804,0.7453,0.70,#FFAA00
0.3833,Moderate Risk,3,2.120114803314209,0.114976,Minepits/Industry,Peri-Urban / Sparse,0.3541,0.004832,0.7512,0.90,#FFAA00
0.3839,Moderate Risk,3,2.138963222503662,0.114510,Minepits/Industry,Peri-Urban / Sparse,0.3541,0.004875,0.7540,0.90,#FFAA00
0.3660,Moderate Risk,3,2.176445722579956,0.112699,Bare Land,Peri-Urban / Sparse,0.3541,0.004961,0.7645,0.70,#FFAA00
0.3643,Moderate Risk,3,2.217559337615967,0.114185,Bare Land,Peri-Urban / Sparse,0.3541,0.005054,0.7559,0.70,#FFAA00
0.3332,Moderate Risk,3,2.2196879386901855,,Minepits/Industry,Peri-Urban / Sparse,0.3541,0.005059,0.5000,0.90,#FFAA00
0.2931,Low Risk,2,2.1998326778411865,,Unknown,Peri-Urban / Sparse,0.3541,0.005014,0.5000,0.50,#FFDD88
0.3892,Moderate Risk,3,2.131453514099121,0.109998,Minepits/Industry,Peri-Urban / Sparse,0.3541,0.004858,0.7803,0.90,#FFAA00
0.3935,Moderate Risk,3,2.052295207977295,0.106201,Minepits/Industry,Peri-Urban / Sparse,0.3541,0.004678,0.8024,0.90,#FFAA00
0.3908,Moderate Risk,3,2.0112645626068115,0.108546,Minepits/Industry,Peri-Urban / Sparse,0.3541,0.004584,0.7887,0.90,#FFAA00
0.3830,Moderate Risk,3,1.986114501953125,0.115171,Minepits/Industry,Peri-Urban / Sparse,0.3541,0.004527,0.7501,0.90,#FFAA00
0.3735,Moderate Risk,3,1.9900963306427002,0.123327,Minepits/Industry,Peri-Urban / Sparse,0.3541,0.004536,0.7026,0.90,#FFAA00
0.3594,Moderate Risk,3,1.9925163984298706,0.118287,Bare Land,Peri-Urban / Sparse,0.3541,0.004541,0.7319,0.70,#FFAA00
0.3641,Moderate Risk,3,2.005962371826172,0.114296,Bare Land,Peri-Urban / Sparse,0.3541,0.004572,0.7552,0.70,#FFAA00
0.3920,Moderate Risk,3,2.00760555267334,0.107504,Minepits/Industry,Peri-Urban / Sparse,0.3541,0.004576,0.7948,0.90,#FFAA00
0.3839,Moderate Risk,3,2.0115387439727783,0.114466,Minepits/Industry,Peri-Urban / Sparse,0.3541,0.004585,0.7542,0.90,#FFAA00
0.3670,Moderate Risk,3,2.014151096343994,0.111764,Bare Land,Peri-Urban / Sparse,0.3541,0.004591,0.7700,0.70,#FFAA00
0.3918,Moderate Risk,3,2.0061726570129395,0.107692,Minepits/Industry,Peri-Urban / Sparse,0.3541,0.004573,0.7937,0.90,#FFAA00
0.3593,Moderate Risk,3,2.0003089904785156,0.118401,Bare Land,Peri-Urban / Sparse,0.3541,0.004559,0.7313,0.70,#FFAA00
0.3592,Moderate Risk,3,2.030015230178833,0.118448,Bare Land,Peri-Urban / Sparse,0.3541,0.004627,0.7310,0.70,#FFAA00
0.3876,Moderate Risk,3,2.052354574203491,0.111286,Minepits/Industry,Peri-Urban / Sparse,0.3541,0.004678,0.7728,0.90,#FFAA00
0.3610,Moderate Risk,3,2.065540075302124,0.116989,Bare Land,Peri-Urban / Sparse,0.3541,0.004708,0.7395,0.70,#FFAA00
0.3755,Moderate Risk,3,2.0999691486358643,0.104565,Bare Land,Peri-Urban / Sparse,0.3541,0.004786,0.8119,0.70,#FFAA00
0.3643,Moderate Risk,3,2.1112945079803467,0.114131,Bare Land,Peri-Urban / Sparse,0.3541,0.004812,0.7562,0.70,#FFAA00
0.3669,Moderate Risk,3,2.114837408065796,0.111885,Bare Land,Peri-Urban / Sparse,0.3541,0.004820,0.7693,0.70,#FFAA00
0.3693,Moderate Risk,3,2.131765127182007,0.109847,Bare Land,Peri-Urban / Sparse,0.3541,0.004859,0.7811,0.70,#FFAA00
0.3862,Moderate Risk,3,2.1623542308807373,0.112532,Minepits/Industry,Peri-Urban / Sparse,0.3541,0.004929,0.7655,0.90,#FFAA00
0.3641,Moderate Risk,3,2.1691205501556396,0.114335,Bare Land,Peri-Urban / Sparse,0.3541,0.004944,0.7550,0.70,#FFAA00
0.3677,Moderate Risk,3,2.169116973876953,0.111230,Bare Land,Peri-Urban / Sparse,0.3541,0.004944,0.7731,0.70,#FFAA00
0.3131,Moderate Risk,3,2.1688344478607178,,Bare Land,Peri-Urban / Sparse,0.3541,0.004943,0.5000,0.70,#FFAA00
0.3560,Moderate Risk,3,2.055049419403076,0.121252,Bare Land,Peri-Urban / Sparse,0.3541,0.004684,0.7147,0.70,#FFAA00
0.3766,Moderate Risk,3,2.0259454250335693,0.103548,Bare Land,Peri-Urban / Sparse,0.3541,0.004618,0.8179,0.70,#FFAA00
0.3722,Moderate Risk,3,1.9779735803604126,0.107342,Bare Land,Peri-Urban / Sparse,0.3541,0.004508,0.7958,0.70,#FFAA00
0.3665,Moderate Risk,3,1.9580491781234741,0.112158,Bare Land,Peri-Urban / Sparse,0.3541,0.004463,0.7677,0.70,#FFAA00
0.3713,Moderate Risk,3,1.9741407632827759,0.108076,Bare Land,Peri-Urban / Sparse,0.3541,0.004500,0.7915,0.70,#FFAA00
0.3779,Moderate Risk,3,1.9731636047363281,0.119506,Minepits/Industry,Peri-Urban / Sparse,0.3541,0.004497,0.7248,0.90,#FFAA00
0.3608,Moderate Risk,3,1.980686068534851,0.117056,Bare Land,Peri-Urban / Sparse,0.3541,0.004515,0.7391,0.70,#FFAA00
0.3672,Moderate Risk,3,1.9885793924331665,0.111585,Bare Land,Peri-Urban / Sparse,0.3541,0.004532,0.7710,0.70,#FFAA00
0.3899,Moderate Risk,3,1.995938777923584,0.109274,Minepits/Industry,Peri-Urban / Sparse,0.3541,0.004549,0.7845,0.90,#FFAA00
0.3762,Moderate Risk,3,1.984615683555603,0.120997,Minepits/Industry,Peri-Urban / Sparse,0.3541,0.004523,0.7161,0.90,#FFAA00
0.3576,Moderate Risk,3,1.9882386922836304,0.119861,Bare Land,Peri-Urban / Sparse,0.3541,0.004532,0.7228,0.70,#FFAA00
0.3646,Moderate Risk,3,2.001682996749878,0.113815,Bare Land,Peri-Urban / Sparse,0.3541,0.004562,0.7580,0.70,#FFAA00
0.3628,Moderate Risk,3,2.0235483646392822,0.115348,Bare Land,Peri-Urban / Sparse,0.3541,0.004612,0.7491,0.70,#FFAA00
0.3668,Moderate Risk,3,2.0596604347229004,0.111927,Bare Land,Peri-Urban / Sparse,0.3541,0.004695,0.7690,0.70,#FFAA00
0.3636,Moderate Risk,3,2.073376178741455,0.114722,Bare Land,Peri-Urban / Sparse,0.3541,0.004726,0.7527,0.70,#FFAA00
0.3638,Moderate Risk,3,2.09306263923645,0.114547,Bare Land,Peri-Urban / Sparse,0.3541,0.004771,0.7537,0.70,#FFAA00
0.3623,Moderate Risk,3,2.1023004055023193,0.115817,Bare Land,Peri-Urban / Sparse,0.3541,0.004792,0.7463,0.70,#FFAA00
0.3721,Moderate Risk,3,2.1144375801086426,0.107484,Bare Land,Peri-Urban / Sparse,0.3541,0.004819,0.7949,0.70,#FFAA00
0.3649,Moderate Risk,3,2.1138226985931396,0.113602,Bare Land,Peri-Urban / Sparse,0.3541,0.004818,0.7593,0.70,#FFAA00
0.3858,Moderate Risk,3,2.140272855758667,0.112846,Minepits/Industry,Peri-Urban / Sparse,0.3541,0.004878,0.7637,0.90,#FFAA00
0.3625,Moderate Risk,3,2.159876585006714,0.115687,Bare Land,Peri-Urban / Sparse,0.3541,0.004923,0.7471,0.70,#FFAA00
0.3859,Moderate Risk,3,2.1698262691497803,0.112770,Minepits/Industry,Peri-Urban / Sparse,0.3541,0.004946,0.7641,0.90,#FFAA00
0.3131,Moderate Risk,3,2.1699507236480713,,Bare Land,Peri-Urban / Sparse,0.3541,0.004946,0.5000,0.70,#FFAA00
0.3691,Moderate Risk,3,2.0340890884399414,0.109990,Bare Land,Peri-Urban / Sparse,0.3541,0.004636,0.7803,0.70,#FFAA00
0.3994,Moderate Risk,3,2.016350269317627,0.101169,Minepits/Industry,Peri-Urban / Sparse,0.3541,0.004596,0.8317,0.90,#FFAA00
0.3918,Moderate Risk,3,1.9881185293197632,0.107647,Minepits/Industry,Peri-Urban / Sparse,0.3541,0.004531,0.7940,0.90,#FFAA00
0.3901,Moderate Risk,3,1.9720877408981323,0.109077,Minepits/Industry,Peri-Urban / Sparse,0.3541,0.004495,0.7856,0.90,#FFAA00
0.3646,Moderate Risk,3,1.9753667116165161,0.113787,Bare Land,Peri-Urban / Sparse,0.3541,0.004502,0.7582,0.70,#FFAA00
0.3851,Moderate Risk,3,1.9870967864990234,0.113412,Minepits/Industry,Peri-Urban / Sparse,0.3541,0.004529,0.7604,0.90,#FFAA00
0.3771,Moderate Risk,3,1.9940558671951294,0.120212,Minepits/Industry,Peri-Urban / Sparse,0.3541,0.004545,0.7207,0.90,#FFAA00
0.3622,Moderate Risk,3,2.006925582885742,0.115865,Bare Land,Peri-Urban / Sparse,0.3541,0.004574,0.7461,0.70,#FFAA00
0.3905,Moderate Risk,3,2.0197503566741943,0.108736,Minepits/Industry,Peri-Urban / Sparse,0.3541,0.004604,0.7876,0.90,#FFAA00
0.3721,Moderate Risk,3,2.0098166465759277,0.107414,Bare Land,Peri-Urban / Sparse,0.3541,0.004581,0.7953,0.70,#FFAA00
0.3615,Moderate Risk,3,1.9986748695373535,0.116514,Bare Land,Peri-Urban / Sparse,0.3541,0.004556,0.7423,0.70,#FFAA00
0.3629,Moderate Risk,3,2.015078067779541,0.115278,Bare Land,Peri-Urban / Sparse,0.3541,0.004593,0.7495,0.70,#FFAA00
0.3628,Moderate Risk,3,2.023699998855591,0.115395,Bare Land,Peri-Urban / Sparse,0.3541,0.004613,0.7488,0.70,#FFAA00
0.3647,Moderate Risk,3,2.0543389320373535,0.113777,Bare Land,Peri-Urban / Sparse,0.3541,0.004682,0.7582,0.70,#FFAA00
0.3631,Moderate Risk,3,2.070309638977051,0.115176,Bare Land,Peri-Urban / Sparse,0.3541,0.004719,0.7501,0.70,#FFAA00
0.3679,Moderate Risk,3,2.087367296218872,0.111034,Bare Land,Peri-Urban / Sparse,0.3541,0.004758,0.7742,0.70,#FFAA00
0.3709,Moderate Risk,3,2.1006650924682617,0.108465,Bare Land,Peri-Urban / Sparse,0.3541,0.004788,0.7892,0.70,#FFAA00
0.3839,Moderate Risk,3,2.1003379821777344,0.114505,Minepits/Industry,Peri-Urban / Sparse,0.3541,0.004787,0.7540,0.90,#FFAA00
0.3855,Moderate Risk,3,2.1028075218200684,0.113104,Minepits/Industry,Peri-Urban / Sparse,0.3541,0.004793,0.7622,0.90,#FFAA00
0.3614,Moderate Risk,3,2.1203110218048096,0.116646,Bare Land,Peri-Urban / Sparse,0.3541,0.004833,0.7415,0.70,#FFAA00
0.3622,Moderate Risk,3,2.1463940143585205,0.115983,Bare Land,Peri-Urban / Sparse,0.3541,0.004892,0.7454,0.70,#FFAA00
0.3657,Moderate Risk,3,2.1592800617218018,0.112967,Bare Land,Peri-Urban / Sparse,0.3541,0.004922,0.7630,0.70,#FFAA00
0.3131,Moderate Risk,3,2.164787769317627,,Bare Land,Peri-Urban / Sparse,0.3541,0.004934,0.5000,0.70,#FFAA00
0.3889,Moderate Risk,3,2.0079445838928223,0.110118,Minepits/Industry,Peri-Urban / Sparse,0.3541,0.004577,0.7796,0.90,#FFAA00
0.3728,Moderate Risk,3,2.142707109451294,0.106885,Bare Land,Peri-Urban / Sparse,0.3541,0.004884,0.7984,0.70,#FFAA00
0.3922,Moderate Risk,3,2.1349308490753174,0.107367,Minepits/Industry,Peri-Urban / Sparse,0.3541,0.004866,0.7956,0.90,#FFAA00
0.3908,Moderate Risk,3,1.9800326824188232,0.108491,Minepits/Industry,Peri-Urban / Sparse,0.3541,0.004513,0.7891,0.90,#FFAA00
0.3872,Moderate Risk,3,1.9776009321212769,0.111550,Minepits/Industry,Peri-Urban / Sparse,0.3541,0.004507,0.7712,0.90,#FFAA00
0.3840,Moderate Risk,3,1.999329686164856,0.114369,Minepits/Industry,Peri-Urban / Sparse,0.3541,0.004557,0.7548,0.90,#FFAA00
0.3877,Moderate Risk,3,2.0191574096679688,0.111139,Minepits/Industry,Peri-Urban / Sparse,0.3541,0.004602,0.7736,0.90,#FFAA00
0.3619,Moderate Risk,3,2.0220553874969482,0.116188,Bare Land,Peri-Urban / Sparse,0.3541,0.004609,0.7442,0.70,#FFAA00
0.3879,Moderate Risk,3,2.0287604331970215,0.110997,Minepits/Industry,Peri-Urban / Sparse,0.3541,0.004624,0.7744,0.90,#FFAA00
0.3920,Moderate Risk,3,2.0542752742767334,0.107479,Minepits/Industry,Peri-Urban / Sparse,0.3541,0.004682,0.7950,0.90,#FFAA00
0.3907,Moderate Risk,3,2.073392868041992,0.108601,Minepits/Industry,Peri-Urban / Sparse,0.3541,0.004726,0.7884,0.90,#FFAA00
0.3854,Moderate Risk,3,2.0619523525238037,0.113154,Minepits/Industry,Peri-Urban / Sparse,0.3541,0.004700,0.7619,0.90,#FFAA00
0.3702,Moderate Risk,3,2.034738063812256,0.109069,Bare Land,Peri-Urban / Sparse,0.3541,0.004638,0.7857,0.70,#FFAA00
0.3699,Moderate Risk,3,2.0407910346984863,0.109265,Bare Land,Peri-Urban / Sparse,0.3541,0.004652,0.7845,0.70,#FFAA00
0.3812,Moderate Risk,3,2.0523245334625244,0.116761,Minepits/Industry,Peri-Urban / Sparse,0.3541,0.004678,0.7408,0.90,#FFAA00
0.3710,Moderate Risk,3,2.0702359676361084,0.108367,Bare Land,Peri-Urban / Sparse,0.3541,0.004719,0.7898,0.70,#FFAA00
0.3831,Moderate Risk,3,2.086214542388916,0.115161,Minepits/Industry,Peri-Urban / Sparse,0.3541,0.004755,0.7502,0.90,#FFAA00
0.3767,Moderate Risk,3,2.101733922958374,0.103525,Bare Land,Peri-Urban / Sparse,0.3541,0.004790,0.8180,0.70,#FFAA00
0.3878,Moderate Risk,3,2.1082050800323486,0.111139,Minepits/Industry,Peri-Urban / Sparse,0.3541,0.004805,0.7736,0.90,#FFAA00
0.3652,Moderate Risk,3,2.1053853034973145,0.113399,Bare Land,Peri-Urban / Sparse,0.3541,0.004799,0.7604,0.70,#FFAA00
0.3608,Moderate Risk,3,2.1348519325256348,0.117124,Bare Land,Peri-Urban / Sparse,0.3541,0.004866,0.7387,0.70,#FFAA00
0.3885,Moderate Risk,3,2.158963680267334,0.110541,Minepits/Industry,Peri-Urban / Sparse,0.3541,0.004921,0.7771,0.90,#FFAA00
0.3669,Moderate Risk,3,2.164421796798706,0.111972,Bare Land,Peri-Urban / Sparse,0.3541,0.004933,0.7688,0.70,#FFAA00
0.3790,Moderate Risk,3,1.9708884954452515,0.101448,Bare Land,Peri-Urban / Sparse,0.3541,0.004492,0.8301,0.70,#FFAA00
0.3854,Moderate Risk,3,2.1908347606658936,0.113283,Minepits/Industry,Peri-Urban / Sparse,0.3541,0.004993,0.7611,0.90,#FFAA00
0.3944,Moderate Risk,3,2.193727970123291,0.105552,Minepits/Industry,Peri-Urban / Sparse,0.3541,0.005000,0.8062,0.90,#FFAA00
0.3888,Moderate Risk,3,1.9650287628173828,0.110192,Minepits/Industry,Peri-Urban / Sparse,0.3541,0.004479,0.7791,0.90,#FFAA00
0.3872,Moderate Risk,3,1.9688364267349243,0.111578,Minepits/Industry,Peri-Urban / Sparse,0.3541,0.004487,0.7711,0.90,#FFAA00
0.3850,Moderate Risk,3,1.9800776243209839,0.113463,Minepits/Industry,Peri-Urban / Sparse,0.3541,0.004513,0.7601,0.90,#FFAA00
0.3576,Moderate Risk,3,1.9895765781402588,0.119832,Bare Land,Peri-Urban / Sparse,0.3541,0.004535,0.7229,0.70,#FFAA00
0.3627,Moderate Risk,3,2.0111544132232666,0.115435,Bare Land,Peri-Urban / Sparse,0.3541,0.004584,0.7486,0.70,#FFAA00
0.3681,Moderate Risk,3,2.09063458442688,0.110835,Bare Land,Peri-Urban / Sparse,0.3541,0.004765,0.7754,0.70,#FFAA00
0.3963,Moderate Risk,3,2.315784215927124,0.103948,Minepits/Industry,Peri-Urban / Sparse,0.3541,0.005278,0.8155,0.90,#FFAA00
0.3944,Moderate Risk,3,2.560284376144409,0.105762,Minepits/Industry,Peri-Urban / Sparse,0.3541,0.005836,0.8050,0.90,#FFAA00
0.3879,Moderate Risk,3,2.400989055633545,0.111253,Minepits/Industry,Peri-Urban / Sparse,0.3541,0.005472,0.7730,0.90,#FFAA00
0.3675,Moderate Risk,3,2.1510536670684814,0.111457,Bare Land,Peri-Urban / Sparse,0.3541,0.004903,0.7718,0.70,#FFAA00
0.3886,Moderate Risk,3,2.0359280109405518,0.110444,Minepits/Industry,Peri-Urban / Sparse,0.3541,0.004640,0.7777,0.90,#FFAA00
0.3949,Moderate Risk,3,2.025794744491577,0.105042,Minepits/Industry,Peri-Urban / Sparse,0.3541,0.004617,0.8092,0.90,#FFAA00
0.3654,Moderate Risk,3,2.0244855880737305,0.113170,Bare Land,Peri-Urban / Sparse,0.3541,0.004614,0.7618,0.70,#FFAA00
0.3788,Moderate Risk,3,2.04445219039917,0.101636,Bare Land,Peri-Urban / Sparse,0.3541,0.004660,0.8290,0.70,#FFAA00
0.3887,Moderate Risk,3,2.0563173294067383,0.110317,Minepits/Industry,Peri-Urban / Sparse,0.3541,0.004687,0.7784,0.90,#FFAA00
0.3762,Moderate Risk,3,2.0826480388641357,0.103947,Bare Land,Peri-Urban / Sparse,0.3541,0.004747,0.8155,0.70,#FFAA00
0.3840,Moderate Risk,3,2.0958023071289062,0.114401,Minepits/Industry,Peri-Urban / Sparse,0.3541,0.004777,0.7546,0.90,#FFAA00
0.3647,Moderate Risk,3,2.0738985538482666,0.113807,Bare Land,Peri-Urban / Sparse,0.3541,0.004727,0.7581,0.70,#FFAA00
0.3638,Moderate Risk,3,2.102088212966919,0.114607,Bare Land,Peri-Urban / Sparse,0.3541,0.004791,0.7534,0.70,#FFAA00
0.3642,Moderate Risk,3,2.141244649887085,0.114272,Bare Land,Peri-Urban / Sparse,0.3541,0.004880,0.7554,0.70,#FFAA00
0.3950,Moderate Risk,3,1.9494941234588623,0.104923,Minepits/Industry,Peri-Urban / Sparse,0.3541,0.004443,0.8099,0.90,#FFAA00
0.3726,Moderate Risk,3,1.929486870765686,0.106919,Bare Land,Peri-Urban / Sparse,0.3541,0.004398,0.7982,0.70,#FFAA00
0.3912,Moderate Risk,3,1.937849998474121,0.108117,Minepits/Industry,Peri-Urban / Sparse,0.3541,0.004417,0.7912,0.90,#FFAA00
0.3941,Moderate Risk,3,1.9405649900436401,0.105607,Minepits/Industry,Peri-Urban / Sparse,0.3541,0.004423,0.8059,0.90,#FFAA00
0.3843,Moderate Risk,3,1.9479867219924927,0.114077,Minepits/Industry,Peri-Urban / Sparse,0.3541,0.004440,0.7565,0.90,#FFAA00
0.3830,Moderate Risk,3,1.9541432857513428,0.115185,Minepits/Industry,Peri-Urban / Sparse,0.3541,0.004454,0.7500,0.90,#FFAA00
0.3705,Moderate Risk,3,1.953119158744812,0.108721,Bare Land,Peri-Urban / Sparse,0.3541,0.004452,0.7877,0.70,#FFAA00
0.3921,Moderate Risk,3,1.9905213117599487,0.107420,Minepits/Industry,Peri-Urban / Sparse,0.3541,0.004537,0.7953,0.90,#FFAA00
0.3899,Moderate Risk,3,2.1399459838867188,0.109334,Minepits/Industry,Peri-Urban / Sparse,0.3541,0.004878,0.7841,0.90,#FFAA00
0.3929,Moderate Risk,3,2.560911178588867,0.107066,Minepits/Industry,Peri-Urban / Sparse,0.3541,0.005837,0.7974,0.90,#FFAA00
0.3924,Moderate Risk,3,3.2313499450683594,0.107806,Minepits/Industry,Peri-Urban / Sparse,0.3541,0.007365,0.7930,0.90,#FFAA00
0.3944,Moderate Risk,3,2.8189988136291504,0.105896,Minepits/Industry,Peri-Urban / Sparse,0.3541,0.006425,0.8042,0.90,#FFAA00
0.3931,Moderate Risk,3,2.247988700866699,0.106685,Minepits/Industry,Peri-Urban / Sparse,0.3541,0.005124,0.7996,0.90,#FFAA00
0.3835,Moderate Risk,3,2.100951671600342,0.114820,Minepits/Industry,Peri-Urban / Sparse,0.3541,0.004789,0.7522,0.90,#FFAA00
0.3825,Moderate Risk,3,2.088315486907959,0.115661,Minepits/Industry,Peri-Urban / Sparse,0.3541,0.004760,0.7473,0.90,#FFAA00
0.3960,Moderate Risk,3,2.1138875484466553,0.104128,Minepits/Industry,Peri-Urban / Sparse,0.3541,0.004818,0.8145,0.90,#FFAA00
0.3842,Moderate Risk,3,2.108215808868408,0.114229,Minepits/Industry,Peri-Urban / Sparse,0.3541,0.004805,0.7556,0.90,#FFAA00
0.3926,Moderate Risk,3,2.107410430908203,0.107032,Minepits/Industry,Peri-Urban / Sparse,0.3541,0.004803,0.7976,0.90,#FFAA00
0.3843,Moderate Risk,3,2.1337602138519287,0.114159,Minepits/Industry,Peri-Urban / Sparse,0.3541,0.004863,0.7560,0.90,#FFAA00
0.3029,Moderate Risk,3,2.1920530796051025,0.115390,Natural Vegetation,Peri-Urban / Sparse,0.3541,0.004996,0.7488,0.10,#FFAA00
0.3624,Moderate Risk,3,2.173699378967285,0.115813,Bare Land,Peri-Urban / Sparse,0.3541,0.004954,0.7464,0.70,#FFAA00
0.3665,Moderate Risk,3,2.074791431427002,0.112269,Bare Land,Peri-Urban / Sparse,0.3541,0.004729,0.7670,0.70,#FFAA00
0.3672,Moderate Risk,3,2.069469690322876,0.111629,Bare Land,Peri-Urban / Sparse,0.3541,0.004717,0.7708,0.70,#FFAA00
0.3987,Moderate Risk,3,1.950587272644043,0.101676,Minepits/Industry,Peri-Urban / Sparse,0.3541,0.004446,0.8288,0.90,#FFAA00
0.3913,Moderate Risk,3,1.9443494081497192,0.107997,Minepits/Industry,Peri-Urban / Sparse,0.3541,0.004432,0.7919,0.90,#FFAA00
0.3879,Moderate Risk,3,1.930222749710083,0.110919,Minepits/Industry,Peri-Urban / Sparse,0.3541,0.004399,0.7749,0.90,#FFAA00
0.3866,Moderate Risk,3,1.924013376235962,0.112028,Minepits/Industry,Peri-Urban / Sparse,0.3541,0.004385,0.7684,0.90,#FFAA00
0.3640,Moderate Risk,3,1.9226908683776855,0.114287,Bare Land,Peri-Urban / Sparse,0.3541,0.004382,0.7553,0.70,#FFAA00
0.3660,Moderate Risk,3,1.9317653179168701,0.112584,Bare Land,Peri-Urban / Sparse,0.3541,0.004403,0.7652,0.70,#FFAA00
0.3854,Moderate Risk,3,1.9455008506774902,0.113096,Minepits/Industry,Peri-Urban / Sparse,0.3541,0.004434,0.7622,0.90,#FFAA00
0.3569,Moderate Risk,3,1.9432324171066284,0.120365,Bare Land,Peri-Urban / Sparse,0.3541,0.004429,0.7198,0.70,#FFAA00
0.3899,Moderate Risk,3,2.0260112285614014,0.109253,Minepits/Industry,Peri-Urban / Sparse,0.3541,0.004618,0.7846,0.90,#FFAA00
0.3928,Moderate Risk,3,2.1878488063812256,0.106942,Minepits/Industry,Peri-Urban / Sparse,0.3541,0.004987,0.7981,0.90,#FFAA00
0.3903,Moderate Risk,3,2.3119537830352783,0.109141,Minepits/Industry,Peri-Urban / Sparse,0.3541,0.005270,0.7853,0.90,#FFAA00
0.3950,Moderate Risk,3,2.206486463546753,0.105060,Minepits/Industry,Peri-Urban / Sparse,0.3541,0.005029,0.8091,0.90,#FFAA00
0.3863,Moderate Risk,3,2.0462684631347656,0.112357,Minepits/Industry,Peri-Urban / Sparse,0.3541,0.004664,0.7665,0.90,#FFAA00
0.3794,Moderate Risk,3,2.0680065155029297,0.118331,Minepits/Industry,Peri-Urban / Sparse,0.3541,0.004714,0.7317,0.90,#FFAA00
0.3919,Moderate Risk,3,2.096729278564453,0.107627,Minepits/Industry,Peri-Urban / Sparse,0.3541,0.004779,0.7941,0.90,#FFAA00
0.3699,Moderate Risk,3,2.132106065750122,0.109369,Bare Land,Peri-Urban / Sparse,0.3541,0.004860,0.7839,0.70,#FFAA00
0.3930,Moderate Risk,3,2.1370224952697754,0.106707,Minepits/Industry,Peri-Urban / Sparse,0.3541,0.004871,0.7995,0.90,#FFAA00
0.3870,Moderate Risk,3,2.1249377727508545,0.111805,Minepits/Industry,Peri-Urban / Sparse,0.3541,0.004843,0.7697,0.90,#FFAA00
0.3637,Moderate Risk,3,2.142270088195801,0.114662,Bare Land,Peri-Urban / Sparse,0.3541,0.004883,0.7531,0.70,#FFAA00
0.3612,Moderate Risk,3,2.195857524871826,0.116812,Bare Land,Peri-Urban / Sparse,0.3541,0.005005,0.7405,0.70,#FFAA00
0.3607,Moderate Risk,3,2.21942138671875,0.117342,Bare Land,Peri-Urban / Sparse,0.3541,0.005059,0.7375,0.70,#FFAA00
0.3614,Moderate Risk,3,2.1793642044067383,0.116684,Bare Land,Peri-Urban / Sparse,0.3541,0.004967,0.7413,0.70,#FFAA00
0.3613,Moderate Risk,3,2.0833323001861572,0.116700,Bare Land,Peri-Urban / Sparse,0.3541,0.004748,0.7412,0.70,#FFAA00
0.3907,Moderate Risk,3,1.9562524557113647,0.108527,Minepits/Industry,Peri-Urban / Sparse,0.3541,0.004459,0.7888,0.90,#FFAA00
0.3946,Moderate Risk,3,1.9505435228347778,0.105186,Minepits/Industry,Peri-Urban / Sparse,0.3541,0.004446,0.8083,0.90,#FFAA00
0.3913,Moderate Risk,3,1.949280858039856,0.108045,Minepits/Industry,Peri-Urban / Sparse,0.3541,0.004443,0.7917,0.90,#FFAA00
0.3878,Moderate Risk,3,1.9299702644348145,0.111010,Minepits/Industry,Peri-Urban / Sparse,0.3541,0.004399,0.7744,0.90,#FFAA00
0.3810,Moderate Risk,3,1.9141819477081299,0.116829,Minepits/Industry,Peri-Urban / Sparse,0.3541,0.004363,0.7404,0.90,#FFAA00
0.3632,Moderate Risk,3,1.9218854904174805,0.114995,Bare Land,Peri-Urban / Sparse,0.3541,0.004380,0.7511,0.70,#FFAA00
0.3879,Moderate Risk,3,1.9318538904190063,0.110940,Minepits/Industry,Peri-Urban / Sparse,0.3541,0.004403,0.7748,0.90,#FFAA00
0.3617,Moderate Risk,3,1.9162739515304565,0.116236,Bare Land,Peri-Urban / Sparse,0.3541,0.004368,0.7439,0.70,#FFAA00
0.3540,Moderate Risk,3,1.9057316780090332,0.122828,Bare Land,Peri-Urban / Sparse,0.3541,0.004344,0.7055,0.70,#FFAA00
0.3806,Moderate Risk,3,1.9248478412628174,0.117174,Minepits/Industry,Peri-Urban / Sparse,0.3541,0.004387,0.7384,0.90,#FFAA00
0.3892,Moderate Risk,3,1.93349027633667,0.109826,Minepits/Industry,Peri-Urban / Sparse,0.3541,0.004407,0.7813,0.90,#FFAA00
0.3864,Moderate Risk,3,1.8995760679244995,0.112213,Minepits/Industry,Peri-Urban / Sparse,0.3541,0.004330,0.7674,0.90,#FFAA00
0.3642,Moderate Risk,3,1.8942266702651978,0.114113,Bare Land,Peri-Urban / Sparse,0.3541,0.004317,0.7563,0.70,#FFAA00
0.3868,Moderate Risk,3,2.006103754043579,0.111938,Minepits/Industry,Peri-Urban / Sparse,0.3541,0.004572,0.7690,0.90,#FFAA00
0.3637,Moderate Risk,3,2.0668540000915527,0.114614,Bare Land,Peri-Urban / Sparse,0.3541,0.004711,0.7534,0.70,#FFAA00
0.3816,Moderate Risk,3,2.098684787750244,0.116420,Minepits/Industry,Peri-Urban / Sparse,0.3541,0.004783,0.7428,0.90,#FFAA00
0.3701,Moderate Risk,3,2.1116347312927246,0.109150,Bare Land,Peri-Urban / Sparse,0.3541,0.004813,0.7852,0.70,#FFAA00
0.3613,Moderate Risk,3,2.1207077503204346,0.116707,Bare Land,Peri-Urban / Sparse,0.3541,0.004834,0.7412,0.70,#FFAA00
0.3605,Moderate Risk,3,2.154045581817627,0.117409,Bare Land,Peri-Urban / Sparse,0.3541,0.004910,0.7371,0.70,#FFAA00
0.3597,Moderate Risk,3,2.216805934906006,0.118162,Bare Land,Peri-Urban / Sparse,0.3541,0.005053,0.7327,0.70,#FFAA00
0.3579,Moderate Risk,3,2.273064613342285,0.119766,Bare Land,Peri-Urban / Sparse,0.3541,0.005181,0.7233,0.70,#FFAA00
0.3607,Moderate Risk,3,2.282166004180908,0.117364,Bare Land,Peri-Urban / Sparse,0.3541,0.005202,0.7373,0.70,#FFAA00
0.3598,Moderate Risk,3,2.2171757221221924,0.118086,Bare Land,Peri-Urban / Sparse,0.3541,0.005054,0.7331,0.70,#FFAA00
0.3872,Moderate Risk,3,1.9733004570007324,0.111560,Minepits/Industry,Peri-Urban / Sparse,0.3541,0.004498,0.7712,0.90,#FFAA00
0.3931,Moderate Risk,3,1.9452016353607178,0.106485,Minepits/Industry,Peri-Urban / Sparse,0.3541,0.004434,0.8007,0.90,#FFAA00
0.3901,Moderate Risk,3,1.9296667575836182,0.109057,Minepits/Industry,Peri-Urban / Sparse,0.3541,0.004398,0.7858,0.90,#FFAA00
0.3902,Moderate Risk,3,1.894685983657837,0.108974,Minepits/Industry,Peri-Urban / Sparse,0.3541,0.004318,0.7862,0.90,#FFAA00
0.3665,Moderate Risk,3,1.869846224784851,0.112162,Bare Land,Peri-Urban / Sparse,0.3541,0.004262,0.7677,0.70,#FFAA00
0.3760,Moderate Risk,3,1.869174838066101,0.121085,Minepits/Industry,Peri-Urban / Sparse,0.3541,0.004260,0.7156,0.90,#FFAA00
0.3630,Moderate Risk,3,1.875158667564392,0.115134,Bare Land,Peri-Urban / Sparse,0.3541,0.004274,0.7503,0.70,#FFAA00
0.3851,Moderate Risk,3,1.8796179294586182,0.113312,Minepits/Industry,Peri-Urban / Sparse,0.3541,0.004284,0.7609,0.90,#FFAA00
0.3629,Moderate Risk,3,1.8797764778137207,0.115215,Bare Land,Peri-Urban / Sparse,0.3541,0.004285,0.7499,0.70,#FFAA00
0.3621,Moderate Risk,3,1.881712794303894,0.115879,Bare Land,Peri-Urban / Sparse,0.3541,0.004289,0.7460,0.70,#FFAA00
0.3618,Moderate Risk,3,1.8751400709152222,0.116153,Bare Land,Peri-Urban / Sparse,0.3541,0.004274,0.7444,0.70,#FFAA00
0.3630,Moderate Risk,3,1.8840820789337158,0.115118,Bare Land,Peri-Urban / Sparse,0.3541,0.004294,0.7504,0.70,#FFAA00
0.3679,Moderate Risk,3,1.8733388185501099,0.110935,Bare Land,Peri-Urban / Sparse,0.3541,0.004270,0.7748,0.70,#FFAA00
0.3841,Moderate Risk,3,1.9371364116668701,0.114172,Minepits/Industry,Peri-Urban / Sparse,0.3541,0.004415,0.7559,0.90,#FFAA00
0.3850,Moderate Risk,3,2.048701524734497,0.113534,Minepits/Industry,Peri-Urban / Sparse,0.3541,0.004670,0.7597,0.90,#FFAA00
0.3892,Moderate Risk,3,2.0775375366210938,0.109920,Minepits/Industry,Peri-Urban / Sparse,0.3541,0.004735,0.7807,0.90,#FFAA00
0.3851,Moderate Risk,3,2.092409610748291,0.113428,Minepits/Industry,Peri-Urban / Sparse,0.3541,0.004769,0.7603,0.90,#FFAA00
0.3603,Moderate Risk,3,2.095555067062378,0.117571,Bare Land,Peri-Urban / Sparse,0.3541,0.004776,0.7361,0.70,#FFAA00
0.3570,Moderate Risk,3,2.1472928524017334,0.120388,Bare Land,Peri-Urban / Sparse,0.3541,0.004894,0.7197,0.70,#FFAA00
0.3583,Moderate Risk,3,2.2300405502319336,0.119379,Bare Land,Peri-Urban / Sparse,0.3541,0.005083,0.7256,0.70,#FFAA00
0.3589,Moderate Risk,3,2.3054254055023193,0.118938,Bare Land,Peri-Urban / Sparse,0.3541,0.005255,0.7282,0.70,#FFAA00
0.3601,Moderate Risk,3,2.310788154602051,0.117867,Bare Land,Peri-Urban / Sparse,0.3541,0.005267,0.7344,0.70,#FFAA00
0.3592,Moderate Risk,3,2.2902181148529053,0.118619,Bare Land,Peri-Urban / Sparse,0.3541,0.005220,0.7300,0.70,#FFAA00
0.3132,Moderate Risk,3,2.277200698852539,,Bare Land,Peri-Urban / Sparse,0.3541,0.005190,0.5000,0.70,#FFAA00
0.3656,Moderate Risk,3,1.9572831392288208,0.112925,Bare Land,Peri-Urban / Sparse,0.3541,0.004461,0.7632,0.70,#FFAA00
0.3811,Moderate Risk,3,1.9437828063964844,0.116811,Minepits/Industry,Peri-Urban / Sparse,0.3541,0.004430,0.7406,0.90,#FFAA00
0.3625,Moderate Risk,3,1.9285722970962524,0.115618,Bare Land,Peri-Urban / Sparse,0.3541,0.004396,0.7475,0.70,#FFAA00
0.3638,Moderate Risk,3,1.8909932374954224,0.114431,Bare Land,Peri-Urban / Sparse,0.3541,0.004310,0.7544,0.70,#FFAA00
0.3592,Moderate Risk,3,1.8723245859146118,0.118339,Bare Land,Peri-Urban / Sparse,0.3541,0.004268,0.7316,0.70,#FFAA00
0.3594,Moderate Risk,3,1.86704421043396,0.118230,Bare Land,Peri-Urban / Sparse,0.3541,0.004255,0.7323,0.70,#FFAA00
0.3648,Moderate Risk,3,1.8671447038650513,0.113592,Bare Land,Peri-Urban / Sparse,0.3541,0.004256,0.7593,0.70,#FFAA00
0.3653,Moderate Risk,3,1.8790103197097778,0.113154,Bare Land,Peri-Urban / Sparse,0.3541,0.004283,0.7619,0.70,#FFAA00
0.3620,Moderate Risk,3,1.8787696361541748,0.115984,Bare Land,Peri-Urban / Sparse,0.3541,0.004282,0.7454,0.70,#FFAA00
0.3626,Moderate Risk,3,1.878922939300537,0.115449,Bare Land,Peri-Urban / Sparse,0.3541,0.004283,0.7485,0.70,#FFAA00
0.3800,Moderate Risk,3,1.8798869848251343,0.117726,Minepits/Industry,Peri-Urban / Sparse,0.3541,0.004285,0.7352,0.90,#FFAA00
0.3618,Moderate Risk,3,1.881922960281372,0.116169,Bare Land,Peri-Urban / Sparse,0.3541,0.004289,0.7443,0.70,#FFAA00
0.3654,Moderate Risk,3,1.8775378465652466,0.113049,Bare Land,Peri-Urban / Sparse,0.3541,0.004279,0.7625,0.70,#FFAA00
0.3593,Moderate Risk,3,1.8907605409622192,0.118334,Bare Land,Peri-Urban / Sparse,0.3541,0.004310,0.7317,0.70,#FFAA00
0.3564,Moderate Risk,3,2.0138776302337646,0.120828,Bare Land,Peri-Urban / Sparse,0.3541,0.004590,0.7171,0.70,#FFAA00
0.3598,Moderate Risk,3,2.0603384971618652,0.117946,Bare Land,Peri-Urban / Sparse,0.3541,0.004696,0.7339,0.70,#FFAA00
0.3613,Moderate Risk,3,2.0812344551086426,0.116659,Bare Land,Peri-Urban / Sparse,0.3541,0.004744,0.7414,0.70,#FFAA00
0.3572,Moderate Risk,3,2.1184194087982178,0.120224,Bare Land,Peri-Urban / Sparse,0.3541,0.004828,0.7207,0.70,#FFAA00
0.3608,Moderate Risk,3,2.1897201538085938,0.117239,Bare Land,Peri-Urban / Sparse,0.3541,0.004991,0.7381,0.70,#FFAA00
0.3621,Moderate Risk,3,2.3197438716888428,0.116176,Bare Land,Peri-Urban / Sparse,0.3541,0.005287,0.7443,0.70,#FFAA00
0.3600,Moderate Risk,3,2.4024252891540527,0.117962,Bare Land,Peri-Urban / Sparse,0.3541,0.005476,0.7338,0.70,#FFAA00
0.3609,Moderate Risk,3,2.356330156326294,0.117215,Bare Land,Peri-Urban / Sparse,0.3541,0.005371,0.7382,0.70,#FFAA00
0.3592,Moderate Risk,3,2.3244993686676025,0.118664,Bare Land,Peri-Urban / Sparse,0.3541,0.005298,0.7297,0.70,#FFAA00
0.3595,Moderate Risk,3,2.322572708129883,0.118392,Bare Land,Peri-Urban / Sparse,0.3541,0.005294,0.7313,0.70,#FFAA00
0.3576,Moderate Risk,3,1.9252822399139404,0.119822,Bare Land,Peri-Urban / Sparse,0.3541,0.004388,0.7230,0.70,#FFAA00
0.3588,Moderate Risk,3,1.9217854738235474,0.118762,Bare Land,Peri-Urban / Sparse,0.3541,0.004380,0.7292,0.70,#FFAA00
0.3617,Moderate Risk,3,1.9183123111724854,0.116284,Bare Land,Peri-Urban / Sparse,0.3541,0.004372,0.7436,0.70,#FFAA00
0.3620,Moderate Risk,3,1.9051433801651,0.115968,Bare Land,Peri-Urban / Sparse,0.3541,0.004342,0.7455,0.70,#FFAA00
0.3591,Moderate Risk,3,1.8741873502731323,0.118459,Bare Land,Peri-Urban / Sparse,0.3541,0.004272,0.7309,0.70,#FFAA00
0.3596,Moderate Risk,3,1.8720896244049072,0.118009,Bare Land,Peri-Urban / Sparse,0.3541,0.004267,0.7336,0.70,#FFAA00
0.3587,Moderate Risk,3,1.868313193321228,0.118832,Bare Land,Peri-Urban / Sparse,0.3541,0.004258,0.7288,0.70,#FFAA00
0.3756,Moderate Risk,3,1.8739556074142456,0.121478,Minepits/Industry,Peri-Urban / Sparse,0.3541,0.004271,0.7133,0.90,#FFAA00
0.3515,Moderate Risk,3,1.8784716129302979,0.125008,Bare Land,Peri-Urban / Sparse,0.3541,0.004282,0.6928,0.70,#FFAA00
0.3535,Moderate Risk,3,1.882830262184143,0.123253,Bare Land,Peri-Urban / Sparse,0.3541,0.004291,0.7030,0.70,#FFAA00
0.3536,Moderate Risk,3,1.8825294971466064,0.123193,Bare Land,Peri-Urban / Sparse,0.3541,0.004291,0.7033,0.70,#FFAA00
0.3603,Moderate Risk,3,1.8901644945144653,0.117461,Bare Land,Peri-Urban / Sparse,0.3541,0.004308,0.7368,0.70,#FFAA00
0.3562,Moderate Risk,3,1.9025018215179443,0.120980,Bare Land,Peri-Urban / Sparse,0.3541,0.004336,0.7162,0.70,#FFAA00
0.3533,Moderate Risk,3,1.898585319519043,0.123451,Bare Land,Peri-Urban / Sparse,0.3541,0.004327,0.7018,0.70,#FFAA00
0.3552,Moderate Risk,3,1.9813995361328125,0.121860,Bare Land,Peri-Urban / Sparse,0.3541,0.004516,0.7111,0.70,#FFAA00
0.3622,Moderate Risk,3,2.0699234008789062,0.115944,Bare Land,Peri-Urban / Sparse,0.3541,0.004718,0.7456,0.70,#FFAA00
0.3643,Moderate Risk,3,2.0830166339874268,0.114167,Bare Land,Peri-Urban / Sparse,0.3541,0.004748,0.7560,0.70,#FFAA00
0.3576,Moderate Risk,3,2.125335693359375,0.119931,Bare Land,Peri-Urban / Sparse,0.3541,0.004844,0.7224,0.70,#FFAA00
0.3569,Moderate Risk,3,2.191412925720215,0.120541,Bare Land,Peri-Urban / Sparse,0.3541,0.004995,0.7188,0.70,#FFAA00
0.3591,Moderate Risk,3,2.3216793537139893,0.118755,Bare Land,Peri-Urban / Sparse,0.3541,0.005292,0.7292,0.70,#FFAA00
0.3610,Moderate Risk,3,2.457331895828247,0.117200,Bare Land,Peri-Urban / Sparse,0.3541,0.005601,0.7383,0.70,#FFAA00
0.3613,Moderate Risk,3,2.463663339614868,0.116919,Bare Land,Peri-Urban / Sparse,0.3541,0.005615,0.7399,0.70,#FFAA00
0.3615,Moderate Risk,3,2.428057909011841,0.116708,Bare Land,Peri-Urban / Sparse,0.3541,0.005534,0.7412,0.70,#FFAA00
0.3588,Moderate Risk,3,2.3884644508361816,0.119026,Bare Land,Peri-Urban / Sparse,0.3541,0.005444,0.7276,0.70,#FFAA00
0.3133,Moderate Risk,3,2.3555243015289307,,Bare Land,Peri-Urban / Sparse,0.3541,0.005369,0.5000,0.70,#FFAA00
0.3602,Moderate Risk,3,1.8457576036453247,0.117478,Bare Land,Peri-Urban / Sparse,0.3541,0.004207,0.7367,0.70,#FFAA00
0.3602,Moderate Risk,3,1.8457576036453247,0.117478,Bare Land,Peri-Urban / Sparse,0.3541,0.004207,0.7367,0.70,#FFAA00
0.3586,Moderate Risk,3,1.852776288986206,0.118881,Bare Land,Peri-Urban / Sparse,0.3541,0.004223,0.7285,0.70,#FFAA00
0.3609,Moderate Risk,3,1.8665531873703003,0.116911,Bare Land,Peri-Urban / Sparse,0.3541,0.004254,0.7400,0.70,#FFAA00
0.3618,Moderate Risk,3,1.8588947057724,0.116144,Bare Land,Peri-Urban / Sparse,0.3541,0.004237,0.7444,0.70,#FFAA00
0.3610,Moderate Risk,3,1.8498741388320923,0.116817,Bare Land,Peri-Urban / Sparse,0.3541,0.004216,0.7405,0.70,#FFAA00
0.3544,Moderate Risk,3,1.8541656732559204,0.122444,Bare Land,Peri-Urban / Sparse,0.3541,0.004226,0.7077,0.70,#FFAA00
0.3655,Moderate Risk,3,1.863067626953125,0.112971,Bare Land,Peri-Urban / Sparse,0.3541,0.004246,0.7629,0.70,#FFAA00
0.3620,Moderate Risk,3,1.8697755336761475,0.115996,Bare Land,Peri-Urban / Sparse,0.3541,0.004262,0.7453,0.70,#FFAA00
0.3590,Moderate Risk,3,1.8870065212249756,0.118585,Bare Land,Peri-Urban / Sparse,0.3541,0.004301,0.7302,0.70,#FFAA00
0.3567,Moderate Risk,3,1.9004795551300049,0.120562,Bare Land,Peri-Urban / Sparse,0.3541,0.004332,0.7187,0.70,#FFAA00
0.3568,Moderate Risk,3,1.905752420425415,0.120430,Bare Land,Peri-Urban / Sparse,0.3541,0.004344,0.7195,0.70,#FFAA00
0.3655,Moderate Risk,3,1.9271472692489624,0.112981,Bare Land,Peri-Urban / Sparse,0.3541,0.004392,0.7629,0.70,#FFAA00
0.3875,Moderate Risk,3,1.944414496421814,0.111277,Minepits/Industry,Peri-Urban / Sparse,0.3541,0.004432,0.7728,0.90,#FFAA00
0.3659,Moderate Risk,3,1.9311989545822144,0.112670,Bare Land,Peri-Urban / Sparse,0.3541,0.004402,0.7647,0.70,#FFAA00
0.3614,Moderate Risk,3,1.9686002731323242,0.116559,Bare Land,Peri-Urban / Sparse,0.3541,0.004487,0.7420,0.70,#FFAA00
0.3815,Moderate Risk,3,2.077221155166626,0.116564,Minepits/Industry,Peri-Urban / Sparse,0.3541,0.004735,0.7420,0.90,#FFAA00
0.3813,Moderate Risk,3,2.1087005138397217,0.116678,Minepits/Industry,Peri-Urban / Sparse,0.3541,0.004806,0.7413,0.90,#FFAA00
0.3560,Moderate Risk,3,2.1712048053741455,0.121264,Bare Land,Peri-Urban / Sparse,0.3541,0.004949,0.7146,0.70,#FFAA00
0.3573,Moderate Risk,3,2.208034038543701,0.120220,Bare Land,Peri-Urban / Sparse,0.3541,0.005033,0.7207,0.70,#FFAA00
0.3580,Moderate Risk,3,2.3113670349121094,0.119638,Bare Land,Peri-Urban / Sparse,0.3541,0.005268,0.7241,0.70,#FFAA00
0.3591,Moderate Risk,3,2.4299275875091553,0.118786,Bare Land,Peri-Urban / Sparse,0.3541,0.005538,0.7290,0.70,#FFAA00
0.3597,Moderate Risk,3,2.4816181659698486,0.118319,Bare Land,Peri-Urban / Sparse,0.3541,0.005656,0.7318,0.70,#FFAA00
0.3604,Moderate Risk,3,2.5019710063934326,0.117743,Bare Land,Peri-Urban / Sparse,0.3541,0.005703,0.7351,0.70,#FFAA00
0.3590,Moderate Risk,3,2.5004217624664307,0.118937,Bare Land,Peri-Urban / Sparse,0.3541,0.005699,0.7282,0.70,#FFAA00
0.3617,Moderate Risk,3,2.48099422454834,0.116608,Bare Land,Peri-Urban / Sparse,0.3541,0.005655,0.7417,0.70,#FFAA00
0.3548,Moderate Risk,3,1.8392099142074585,0.122139,Bare Land,Peri-Urban / Sparse,0.3541,0.004192,0.7095,0.70,#FFAA00
0.3563,Moderate Risk,3,1.8487217426300049,0.120850,Bare Land,Peri-Urban / Sparse,0.3541,0.004214,0.7170,0.70,#FFAA00
0.3576,Moderate Risk,3,1.8419638872146606,0.119719,Bare Land,Peri-Urban / Sparse,0.3541,0.004198,0.7236,0.70,#FFAA00
0.3765,Moderate Risk,3,1.84516179561615,0.120682,Minepits/Industry,Peri-Urban / Sparse,0.3541,0.004206,0.7180,0.90,#FFAA00
0.3554,Moderate Risk,3,1.8351143598556519,0.121649,Bare Land,Peri-Urban / Sparse,0.3541,0.004183,0.7123,0.70,#FFAA00
0.3811,Moderate Risk,3,1.838427186012268,0.099621,Bare Land,Peri-Urban / Sparse,0.3541,0.004190,0.8408,0.70,#FFAA00
0.3858,Moderate Risk,3,1.8368115425109863,0.112679,Minepits/Industry,Peri-Urban / Sparse,0.3541,0.004187,0.7646,0.90,#FFAA00
0.3573,Moderate Risk,3,1.8557130098342896,0.120036,Bare Land,Peri-Urban / Sparse,0.3541,0.004230,0.7218,0.70,#FFAA00
0.3559,Moderate Risk,3,1.8736311197280884,0.121196,Bare Land,Peri-Urban / Sparse,0.3541,0.004270,0.7150,0.70,#FFAA00
0.3556,Moderate Risk,3,1.8936357498168945,0.121502,Bare Land,Peri-Urban / Sparse,0.3541,0.004316,0.7132,0.70,#FFAA00
0.3581,Moderate Risk,3,1.9346040487289429,0.119375,Bare Land,Peri-Urban / Sparse,0.3541,0.004409,0.7256,0.70,#FFAA00
0.3618,Moderate Risk,3,1.948525071144104,0.116201,Bare Land,Peri-Urban / Sparse,0.3541,0.004441,0.7441,0.70,#FFAA00
0.3823,Moderate Risk,3,1.937126874923706,0.115750,Minepits/Industry,Peri-Urban / Sparse,0.3541,0.004415,0.7467,0.90,#FFAA00
0.3637,Moderate Risk,3,1.964060664176941,0.114553,Bare Land,Peri-Urban / Sparse,0.3541,0.004477,0.7537,0.70,#FFAA00
0.3609,Moderate Risk,3,2.072519540786743,0.117012,Bare Land,Peri-Urban / Sparse,0.3541,0.004724,0.7394,0.70,#FFAA00
0.3605,Moderate Risk,3,2.1384005546569824,0.117435,Bare Land,Peri-Urban / Sparse,0.3541,0.004874,0.7369,0.70,#FFAA00
0.3575,Moderate Risk,3,2.2027790546417236,0.120062,Bare Land,Peri-Urban / Sparse,0.3541,0.005021,0.7216,0.70,#FFAA00
0.3579,Moderate Risk,3,2.269413948059082,0.119756,Bare Land,Peri-Urban / Sparse,0.3541,0.005173,0.7234,0.70,#FFAA00
0.3575,Moderate Risk,3,2.3265268802642822,0.120145,Bare Land,Peri-Urban / Sparse,0.3541,0.005303,0.7211,0.70,#FFAA00
0.3587,Moderate Risk,3,2.442143201828003,0.119097,Bare Land,Peri-Urban / Sparse,0.3541,0.005566,0.7272,0.70,#FFAA00
0.3582,Moderate Risk,3,2.4831032752990723,0.119641,Bare Land,Peri-Urban / Sparse,0.3541,0.005660,0.7241,0.70,#FFAA00
0.3590,Moderate Risk,3,2.483612298965454,0.118927,Bare Land,Peri-Urban / Sparse,0.3541,0.005661,0.7282,0.70,#FFAA00
0.3589,Moderate Risk,3,2.497866153717041,0.119014,Bare Land,Peri-Urban / Sparse,0.3541,0.005693,0.7277,0.70,#FFAA00
0.3607,Moderate Risk,3,2.563467502593994,0.117521,Bare Land,Peri-Urban / Sparse,0.3541,0.005843,0.7364,0.70,#FFAA00
0.3134,Moderate Risk,3,2.643406391143799,,Bare Land,Peri-Urban / Sparse,0.3541,0.006025,0.5000,0.70,#FFAA00
0.3570,Moderate Risk,3,1.8167258501052856,0.120256,Bare Land,Peri-Urban / Sparse,0.3541,0.004141,0.7205,0.70,#FFAA00
0.3585,Moderate Risk,3,1.8364509344100952,0.118991,Bare Land,Peri-Urban / Sparse,0.3541,0.004186,0.7278,0.70,#FFAA00
0.3570,Moderate Risk,3,1.8417069911956787,0.120241,Bare Land,Peri-Urban / Sparse,0.3541,0.004198,0.7206,0.70,#FFAA00
0.3547,Moderate Risk,3,1.8427033424377441,0.122253,Bare Land,Peri-Urban / Sparse,0.3541,0.004200,0.7088,0.70,#FFAA00
0.3615,Moderate Risk,3,1.831614375114441,0.116396,Bare Land,Peri-Urban / Sparse,0.3541,0.004175,0.7430,0.70,#FFAA00
0.3111,Moderate Risk,3,1.837511658668518,0.108179,Natural Vegetation,Peri-Urban / Sparse,0.3541,0.004188,0.7909,0.10,#FFAA00
0.3858,Moderate Risk,3,1.8354460000991821,0.112686,Minepits/Industry,Peri-Urban / Sparse,0.3541,0.004183,0.7646,0.90,#FFAA00
0.3568,Moderate Risk,3,1.8479456901550293,0.120394,Bare Land,Peri-Urban / Sparse,0.3541,0.004212,0.7197,0.70,#FFAA00
0.3554,Moderate Risk,3,1.8591183423995972,0.121640,Bare Land,Peri-Urban / Sparse,0.3541,0.004237,0.7124,0.70,#FFAA00
0.3541,Moderate Risk,3,1.8775665760040283,0.122729,Bare Land,Peri-Urban / Sparse,0.3541,0.004279,0.7061,0.70,#FFAA00
0.3555,Moderate Risk,3,1.896479606628418,0.121536,Bare Land,Peri-Urban / Sparse,0.3541,0.004323,0.7130,0.70,#FFAA00
0.3601,Moderate Risk,3,1.8995723724365234,0.117636,Bare Land,Peri-Urban / Sparse,0.3541,0.004330,0.7357,0.70,#FFAA00
0.3625,Moderate Risk,3,1.884104609489441,0.115531,Bare Land,Peri-Urban / Sparse,0.3541,0.004294,0.7480,0.70,#FFAA00
0.3822,Moderate Risk,3,1.9204020500183105,0.115820,Minepits/Industry,Peri-Urban / Sparse,0.3541,0.004377,0.7463,0.90,#FFAA00
0.3604,Moderate Risk,3,2.0411171913146973,0.117443,Bare Land,Peri-Urban / Sparse,0.3541,0.004652,0.7369,0.70,#FFAA00
0.3600,Moderate Risk,3,2.1180927753448486,0.117804,Bare Land,Peri-Urban / Sparse,0.3541,0.004828,0.7348,0.70,#FFAA00
0.3592,Moderate Risk,3,2.2002508640289307,0.118539,Bare Land,Peri-Urban / Sparse,0.3541,0.005015,0.7305,0.70,#FFAA00
0.3584,Moderate Risk,3,2.267704963684082,0.119268,Bare Land,Peri-Urban / Sparse,0.3541,0.005169,0.7262,0.70,#FFAA00
0.3577,Moderate Risk,3,2.2817859649658203,0.119934,Bare Land,Peri-Urban / Sparse,0.3541,0.005201,0.7223,0.70,#FFAA00
0.3582,Moderate Risk,3,2.4058778285980225,0.119528,Bare Land,Peri-Urban / Sparse,0.3541,0.005484,0.7247,0.70,#FFAA00
0.3581,Moderate Risk,3,2.472503185272217,0.119706,Bare Land,Peri-Urban / Sparse,0.3541,0.005635,0.7237,0.70,#FFAA00
0.3585,Moderate Risk,3,2.5207176208496094,0.119336,Bare Land,Peri-Urban / Sparse,0.3541,0.005745,0.7258,0.70,#FFAA00
0.3578,Moderate Risk,3,2.5850284099578857,0.119977,Bare Land,Peri-Urban / Sparse,0.3541,0.005892,0.7221,0.70,#FFAA00
0.3583,Moderate Risk,3,2.628344774246216,0.119629,Bare Land,Peri-Urban / Sparse,0.3541,0.005991,0.7241,0.70,#FFAA00
0.3592,Moderate Risk,3,2.6280624866485596,0.118808,Bare Land,Peri-Urban / Sparse,0.3541,0.005990,0.7289,0.70,#FFAA00
0.3600,Moderate Risk,3,1.7912997007369995,0.117678,Bare Land,Peri-Urban / Sparse,0.3541,0.004083,0.7355,0.70,#FFAA00
0.3594,Moderate Risk,3,1.807342529296875,0.118198,Bare Land,Peri-Urban / Sparse,0.3541,0.004119,0.7325,0.70,#FFAA00
0.3555,Moderate Risk,3,1.8158321380615234,0.121479,Bare Land,Peri-Urban / Sparse,0.3541,0.004139,0.7133,0.70,#FFAA00
0.3532,Moderate Risk,3,1.8169795274734497,0.123502,Bare Land,Peri-Urban / Sparse,0.3541,0.004141,0.7015,0.70,#FFAA00
0.3702,Moderate Risk,3,1.813267707824707,0.108888,Bare Land,Peri-Urban / Sparse,0.3541,0.004133,0.7867,0.70,#FFAA00
0.3928,Moderate Risk,3,1.8260096311569214,0.106656,Minepits/Industry,Peri-Urban / Sparse,0.3541,0.004162,0.7997,0.90,#FFAA00
0.3599,Moderate Risk,3,1.834187626838684,0.117795,Bare Land,Peri-Urban / Sparse,0.3541,0.004181,0.7348,0.70,#FFAA00
0.3555,Moderate Risk,3,1.8586655855178833,0.121585,Bare Land,Peri-Urban / Sparse,0.3541,0.004236,0.7127,0.70,#FFAA00
0.3539,Moderate Risk,3,1.8859492540359497,0.122964,Bare Land,Peri-Urban / Sparse,0.3541,0.004299,0.7047,0.70,#FFAA00
0.3550,Moderate Risk,3,1.8870636224746704,0.122010,Bare Land,Peri-Urban / Sparse,0.3541,0.004301,0.7102,0.70,#FFAA00
0.3559,Moderate Risk,3,1.8959190845489502,0.121271,Bare Land,Peri-Urban / Sparse,0.3541,0.004321,0.7146,0.70,#FFAA00
0.3596,Moderate Risk,3,1.9035742282867432,0.118017,Bare Land,Peri-Urban / Sparse,0.3541,0.004339,0.7335,0.70,#FFAA00
0.3622,Moderate Risk,3,1.8826252222061157,0.115826,Bare Land,Peri-Urban / Sparse,0.3541,0.004291,0.7463,0.70,#FFAA00
0.3610,Moderate Risk,3,1.952066421508789,0.116848,Bare Land,Peri-Urban / Sparse,0.3541,0.004449,0.7403,0.70,#FFAA00
0.3589,Moderate Risk,3,2.066957473754883,0.118758,Bare Land,Peri-Urban / Sparse,0.3541,0.004711,0.7292,0.70,#FFAA00
0.3587,Moderate Risk,3,2.1253161430358887,0.118978,Bare Land,Peri-Urban / Sparse,0.3541,0.004844,0.7279,0.70,#FFAA00
0.3585,Moderate Risk,3,2.1915345191955566,0.119149,Bare Land,Peri-Urban / Sparse,0.3541,0.004995,0.7269,0.70,#FFAA00
0.3576,Moderate Risk,3,2.208477735519409,0.119925,Bare Land,Peri-Urban / Sparse,0.3541,0.005034,0.7224,0.70,#FFAA00
0.3576,Moderate Risk,3,2.24103045463562,0.119982,Bare Land,Peri-Urban / Sparse,0.3541,0.005108,0.7221,0.70,#FFAA00
0.3583,Moderate Risk,3,2.3927862644195557,0.119478,Bare Land,Peri-Urban / Sparse,0.3541,0.005454,0.7250,0.70,#FFAA00
0.3588,Moderate Risk,3,2.4970123767852783,0.119063,Bare Land,Peri-Urban / Sparse,0.3541,0.005691,0.7274,0.70,#FFAA00
0.3576,Moderate Risk,3,2.5442943572998047,0.120124,Bare Land,Peri-Urban / Sparse,0.3541,0.005799,0.7212,0.70,#FFAA00
0.3573,Moderate Risk,3,2.5624096393585205,0.120412,Bare Land,Peri-Urban / Sparse,0.3541,0.005840,0.7196,0.70,#FFAA00
0.3578,Moderate Risk,3,2.5623064041137695,0.120033,Bare Land,Peri-Urban / Sparse,0.3541,0.005840,0.7218,0.70,#FFAA00
0.3588,Moderate Risk,3,2.5430145263671875,0.119108,Bare Land,Peri-Urban / Sparse,0.3541,0.005796,0.7272,0.70,#FFAA00
0.3134,Moderate Risk,3,2.5314297676086426,,Bare Land,Peri-Urban / Sparse,0.3541,0.005770,0.5000,0.70,#FFAA00
0.3616,Moderate Risk,3,1.8006939888000488,0.116284,Bare Land,Peri-Urban / Sparse,0.3541,0.004104,0.7436,0.70,#FFAA00
0.3613,Moderate Risk,3,1.8005050420761108,0.116543,Bare Land,Peri-Urban / Sparse,0.3541,0.004104,0.7421,0.70,#FFAA00
0.3586,Moderate Risk,3,1.8004454374313354,0.118819,Bare Land,Peri-Urban / Sparse,0.3541,0.004104,0.7288,0.70,#FFAA00
0.3609,Moderate Risk,3,1.8049041032791138,0.116896,Bare Land,Peri-Urban / Sparse,0.3541,0.004114,0.7401,0.70,#FFAA00
0.3932,Moderate Risk,3,1.813316822052002,0.106308,Minepits/Industry,Peri-Urban / Sparse,0.3541,0.004133,0.8018,0.90,#FFAA00
0.3866,Moderate Risk,3,1.8310037851333618,0.112036,Minepits/Industry,Peri-Urban / Sparse,0.3541,0.004173,0.7684,0.90,#FFAA00
0.3581,Moderate Risk,3,1.8523852825164795,0.119320,Bare Land,Peri-Urban / Sparse,0.3541,0.004222,0.7259,0.70,#FFAA00
0.3551,Moderate Risk,3,1.881973147392273,0.121888,Bare Land,Peri-Urban / Sparse,0.3541,0.004290,0.7110,0.70,#FFAA00
0.3545,Moderate Risk,3,1.8836936950683594,0.122451,Bare Land,Peri-Urban / Sparse,0.3541,0.004293,0.7077,0.70,#FFAA00
0.3544,Moderate Risk,3,1.8874402046203613,0.122496,Bare Land,Peri-Urban / Sparse,0.3541,0.004302,0.7074,0.70,#FFAA00
0.3565,Moderate Risk,3,1.9048810005187988,0.120698,Bare Land,Peri-Urban / Sparse,0.3541,0.004342,0.7179,0.70,#FFAA00
0.3595,Moderate Risk,3,1.899710774421692,0.118122,Bare Land,Peri-Urban / Sparse,0.3541,0.004330,0.7329,0.70,#FFAA00
0.3625,Moderate Risk,3,1.9169206619262695,0.115564,Bare Land,Peri-Urban / Sparse,0.3541,0.004369,0.7478,0.70,#FFAA00
0.3602,Moderate Risk,3,2.0336296558380127,0.117584,Bare Land,Peri-Urban / Sparse,0.3541,0.004635,0.7360,0.70,#FFAA00
0.3584,Moderate Risk,3,2.1314263343811035,0.119247,Bare Land,Peri-Urban / Sparse,0.3541,0.004858,0.7263,0.70,#FFAA00
0.3579,Moderate Risk,3,2.2147698402404785,0.119708,Bare Land,Peri-Urban / Sparse,0.3541,0.005048,0.7237,0.70,#FFAA00
0.3583,Moderate Risk,3,2.2658910751342773,0.119398,Bare Land,Peri-Urban / Sparse,0.3541,0.005165,0.7255,0.70,#FFAA00
0.3583,Moderate Risk,3,2.302844762802124,0.119403,Bare Land,Peri-Urban / Sparse,0.3541,0.005249,0.7254,0.70,#FFAA00
0.3576,Moderate Risk,3,2.366549253463745,0.120064,Bare Land,Peri-Urban / Sparse,0.3541,0.005394,0.7216,0.70,#FFAA00
0.3583,Moderate Risk,3,2.4970624446868896,0.119528,Bare Land,Peri-Urban / Sparse,0.3541,0.005691,0.7247,0.70,#FFAA00
0.3591,Moderate Risk,3,2.5468742847442627,0.118866,Bare Land,Peri-Urban / Sparse,0.3541,0.005805,0.7286,0.70,#FFAA00
0.3579,Moderate Risk,3,2.5519862174987793,0.119905,Bare Land,Peri-Urban / Sparse,0.3541,0.005817,0.7225,0.70,#FFAA00
0.3583,Moderate Risk,3,2.552500009536743,0.119538,Bare Land,Peri-Urban / Sparse,0.3541,0.005818,0.7247,0.70,#FFAA00
0.3578,Moderate Risk,3,2.547478437423706,0.119995,Bare Land,Peri-Urban / Sparse,0.3541,0.005806,0.7220,0.70,#FFAA00
0.3577,Moderate Risk,3,2.532630681991577,0.120089,Bare Land,Peri-Urban / Sparse,0.3541,0.005773,0.7214,0.70,#FFAA00
0.3579,Moderate Risk,3,2.520909547805786,0.119859,Bare Land,Peri-Urban / Sparse,0.3541,0.005746,0.7228,0.70,#FFAA00
0.3621,Moderate Risk,3,1.820386290550232,0.115881,Bare Land,Peri-Urban / Sparse,0.3541,0.004149,0.7460,0.70,#FFAA00
0.3793,Moderate Risk,3,1.820237636566162,0.118238,Minepits/Industry,Peri-Urban / Sparse,0.3541,0.004149,0.7322,0.90,#FFAA00
0.3586,Moderate Risk,3,1.8109214305877686,0.118830,Bare Land,Peri-Urban / Sparse,0.3541,0.004128,0.7288,0.70,#FFAA00
0.3666,Moderate Risk,3,1.8127297163009644,0.111989,Bare Land,Peri-Urban / Sparse,0.3541,0.004132,0.7687,0.70,#FFAA00
0.3889,Moderate Risk,3,1.8270435333251953,0.110047,Minepits/Industry,Peri-Urban / Sparse,0.3541,0.004164,0.7800,0.90,#FFAA00
0.3651,Moderate Risk,3,1.8409051895141602,0.113289,Bare Land,Peri-Urban / Sparse,0.3541,0.004196,0.7611,0.70,#FFAA00
0.3572,Moderate Risk,3,1.8592966794967651,0.120088,Bare Land,Peri-Urban / Sparse,0.3541,0.004238,0.7214,0.70,#FFAA00
0.3546,Moderate Risk,3,1.8731940984725952,0.122335,Bare Land,Peri-Urban / Sparse,0.3541,0.004270,0.7083,0.70,#FFAA00
0.3549,Moderate Risk,3,1.866959571838379,0.122057,Bare Land,Peri-Urban / Sparse,0.3541,0.004255,0.7100,0.70,#FFAA00
0.3557,Moderate Risk,3,1.885849952697754,0.121385,Bare Land,Peri-Urban / Sparse,0.3541,0.004298,0.7139,0.70,#FFAA00
0.3580,Moderate Risk,3,1.9443466663360596,0.119406,Bare Land,Peri-Urban / Sparse,0.3541,0.004432,0.7254,0.70,#FFAA00
0.3599,Moderate Risk,3,1.9788724184036255,0.117862,Bare Land,Peri-Urban / Sparse,0.3541,0.004510,0.7344,0.70,#FFAA00
0.3598,Moderate Risk,3,2.0803005695343018,0.117959,Bare Land,Peri-Urban / Sparse,0.3541,0.004742,0.7339,0.70,#FFAA00
0.3592,Moderate Risk,3,2.2132158279418945,0.118576,Bare Land,Peri-Urban / Sparse,0.3541,0.005045,0.7303,0.70,#FFAA00
0.3576,Moderate Risk,3,2.2788617610931396,0.120021,Bare Land,Peri-Urban / Sparse,0.3541,0.005194,0.7218,0.70,#FFAA00
0.3578,Moderate Risk,3,2.3059754371643066,0.119853,Bare Land,Peri-Urban / Sparse,0.3541,0.005256,0.7228,0.70,#FFAA00
0.3592,Moderate Risk,3,2.328369379043579,0.118637,Bare Land,Peri-Urban / Sparse,0.3541,0.005307,0.7299,0.70,#FFAA00
0.3581,Moderate Risk,3,2.337017297744751,0.119598,Bare Land,Peri-Urban / Sparse,0.3541,0.005327,0.7243,0.70,#FFAA00
0.3571,Moderate Risk,3,2.4296603202819824,0.120477,Bare Land,Peri-Urban / Sparse,0.3541,0.005538,0.7192,0.70,#FFAA00
0.3582,Moderate Risk,3,2.511260747909546,0.119615,Bare Land,Peri-Urban / Sparse,0.3541,0.005724,0.7242,0.70,#FFAA00
0.3579,Moderate Risk,3,2.536454200744629,0.119860,Bare Land,Peri-Urban / Sparse,0.3541,0.005781,0.7228,0.70,#FFAA00
0.3593,Moderate Risk,3,2.539381504058838,0.118695,Bare Land,Peri-Urban / Sparse,0.3541,0.005788,0.7296,0.70,#FFAA00
0.3584,Moderate Risk,3,2.5442585945129395,0.119450,Bare Land,Peri-Urban / Sparse,0.3541,0.005799,0.7252,0.70,#FFAA00
0.3575,Moderate Risk,3,2.5406575202941895,0.120267,Bare Land,Peri-Urban / Sparse,0.3541,0.005791,0.7204,0.70,#FFAA00
0.3574,Moderate Risk,3,2.5176966190338135,0.120303,Bare Land,Peri-Urban / Sparse,0.3541,0.005738,0.7202,0.70,#FFAA00
0.3576,Moderate Risk,3,2.5024030208587646,0.120173,Bare Land,Peri-Urban / Sparse,0.3541,0.005704,0.7210,0.70,#FFAA00
0.3133,Moderate Risk,3,2.4872074127197266,,Bare Land,Peri-Urban / Sparse,0.3541,0.005669,0.5000,0.70,#FFAA00
0.3620,Moderate Risk,3,1.7860066890716553,0.115910,Bare Land,Peri-Urban / Sparse,0.3541,0.004071,0.7458,0.70,#FFAA00
0.3588,Moderate Risk,3,1.784030795097351,0.118686,Bare Land,Peri-Urban / Sparse,0.3541,0.004066,0.7296,0.70,#FFAA00
0.3630,Moderate Risk,3,1.7942841053009033,0.115052,Bare Land,Peri-Urban / Sparse,0.3541,0.004090,0.7508,0.70,#FFAA00
0.3924,Moderate Risk,3,1.8329252004623413,0.107045,Minepits/Industry,Peri-Urban / Sparse,0.3541,0.004178,0.7975,0.90,#FFAA00
0.3861,Moderate Risk,3,1.7805852890014648,0.112401,Minepits/Industry,Peri-Urban / Sparse,0.3541,0.004058,0.7663,0.90,#FFAA00
0.3633,Moderate Risk,3,1.7896969318389893,0.114849,Bare Land,Peri-Urban / Sparse,0.3541,0.004079,0.7520,0.70,#FFAA00
0.3576,Moderate Risk,3,1.8105064630508423,0.119698,Bare Land,Peri-Urban / Sparse,0.3541,0.004127,0.7237,0.70,#FFAA00
0.3552,Moderate Risk,3,1.8079999685287476,0.121800,Bare Land,Peri-Urban / Sparse,0.3541,0.004121,0.7115,0.70,#FFAA00
0.3592,Moderate Risk,3,1.8136557340621948,0.118357,Bare Land,Peri-Urban / Sparse,0.3541,0.004134,0.7315,0.70,#FFAA00
0.3565,Moderate Risk,3,1.8678046464920044,0.120669,Bare Land,Peri-Urban / Sparse,0.3541,0.004257,0.7181,0.70,#FFAA00
0.3579,Moderate Risk,3,1.9544140100479126,0.119556,Bare Land,Peri-Urban / Sparse,0.3541,0.004455,0.7245,0.70,#FFAA00
0.3603,Moderate Risk,3,2.0117428302764893,0.117549,Bare Land,Peri-Urban / Sparse,0.3541,0.004585,0.7362,0.70,#FFAA00
0.3592,Moderate Risk,3,2.151477575302124,0.118555,Bare Land,Peri-Urban / Sparse,0.3541,0.004904,0.7304,0.70,#FFAA00
0.3585,Moderate Risk,3,2.2241690158843994,0.119165,Bare Land,Peri-Urban / Sparse,0.3541,0.005069,0.7268,0.70,#FFAA00
0.3584,Moderate Risk,3,2.2404873371124268,0.119273,Bare Land,Peri-Urban / Sparse,0.3541,0.005107,0.7262,0.70,#FFAA00
0.3581,Moderate Risk,3,2.2549071311950684,0.119573,Bare Land,Peri-Urban / Sparse,0.3541,0.005140,0.7244,0.70,#FFAA00
0.3586,Moderate Risk,3,2.26267147064209,0.119131,Bare Land,Peri-Urban / Sparse,0.3541,0.005157,0.7270,0.70,#FFAA00
0.3580,Moderate Risk,3,2.285829782485962,0.119637,Bare Land,Peri-Urban / Sparse,0.3541,0.005210,0.7241,0.70,#FFAA00
0.3577,Moderate Risk,3,2.408332109451294,0.119962,Bare Land,Peri-Urban / Sparse,0.3541,0.005489,0.7222,0.70,#FFAA00
0.3581,Moderate Risk,3,2.4540531635284424,0.119702,Bare Land,Peri-Urban / Sparse,0.3541,0.005593,0.7237,0.70,#FFAA00
0.3578,Moderate Risk,3,2.461838483810425,0.119945,Bare Land,Peri-Urban / Sparse,0.3541,0.005611,0.7223,0.70,#FFAA00
0.3585,Moderate Risk,3,2.4662275314331055,0.119322,Bare Land,Peri-Urban / Sparse,0.3541,0.005621,0.7259,0.70,#FFAA00
0.3568,Moderate Risk,3,2.4738335609436035,0.120797,Bare Land,Peri-Urban / Sparse,0.3541,0.005639,0.7173,0.70,#FFAA00
0.3565,Moderate Risk,3,2.4555678367614746,0.121056,Bare Land,Peri-Urban / Sparse,0.3541,0.005597,0.7158,0.70,#FFAA00
0.3574,Moderate Risk,3,2.431699514389038,0.120211,Bare Land,Peri-Urban / Sparse,0.3541,0.005542,0.7207,0.70,#FFAA00
0.3582,Moderate Risk,3,2.418989419937134,0.119557,Bare Land,Peri-Urban / Sparse,0.3541,0.005514,0.7245,0.70,#FFAA00
0.3618,Moderate Risk,3,2.418548822402954,0.116456,Bare Land,Peri-Urban / Sparse,0.3541,0.005513,0.7426,0.70,#FFAA00
0.3133,Moderate Risk,3,2.4161252975463867,,Bare Land,Peri-Urban / Sparse,0.3541,0.005507,0.5000,0.70,#FFAA00
0.3638,Moderate Risk,3,1.7742587327957153,0.114398,Bare Land,Peri-Urban / Sparse,0.3541,0.004044,0.7546,0.70,#FFAA00
0.3605,Moderate Risk,3,1.7744390964508057,0.117177,Bare Land,Peri-Urban / Sparse,0.3541,0.004044,0.7384,0.70,#FFAA00
0.3687,Moderate Risk,3,1.7741963863372803,0.110197,Bare Land,Peri-Urban / Sparse,0.3541,0.004044,0.7791,0.70,#FFAA00
0.3902,Moderate Risk,3,1.7701815366744995,0.108913,Minepits/Industry,Peri-Urban / Sparse,0.3541,0.004035,0.7866,0.90,#FFAA00
0.3835,Moderate Risk,3,1.7803497314453125,0.114611,Minepits/Industry,Peri-Urban / Sparse,0.3541,0.004058,0.7534,0.90,#FFAA00
0.3607,Moderate Risk,3,1.792075753211975,0.117069,Bare Land,Peri-Urban / Sparse,0.3541,0.004085,0.7390,0.70,#FFAA00
0.3567,Moderate Risk,3,1.784999132156372,0.120452,Bare Land,Peri-Urban / Sparse,0.3541,0.004068,0.7193,0.70,#FFAA00
0.3568,Moderate Risk,3,1.8061615228652954,0.120388,Bare Land,Peri-Urban / Sparse,0.3541,0.004117,0.7197,0.70,#FFAA00
0.3596,Moderate Risk,3,1.8572113513946533,0.118059,Bare Land,Peri-Urban / Sparse,0.3541,0.004233,0.7333,0.70,#FFAA00
0.3550,Moderate Risk,3,1.9428502321243286,0.122056,Bare Land,Peri-Urban / Sparse,0.3541,0.004428,0.7100,0.70,#FFAA00
0.3580,Moderate Risk,3,2.020068407058716,0.119508,Bare Land,Peri-Urban / Sparse,0.3541,0.004604,0.7248,0.70,#FFAA00
0.3598,Moderate Risk,3,2.148040771484375,0.118041,Bare Land,Peri-Urban / Sparse,0.3541,0.004896,0.7334,0.70,#FFAA00
0.3603,Moderate Risk,3,2.199594736099243,0.117619,Bare Land,Peri-Urban / Sparse,0.3541,0.005013,0.7358,0.70,#FFAA00
0.3599,Moderate Risk,3,2.2153537273406982,0.117976,Bare Land,Peri-Urban / Sparse,0.3541,0.005049,0.7338,0.70,#FFAA00
0.3591,Moderate Risk,3,2.2280337810516357,0.118672,Bare Land,Peri-Urban / Sparse,0.3541,0.005078,0.7297,0.70,#FFAA00
0.3589,Moderate Risk,3,2.2474560737609863,0.118838,Bare Land,Peri-Urban / Sparse,0.3541,0.005123,0.7287,0.70,#FFAA00
0.3591,Moderate Risk,3,2.2560627460479736,0.118669,Bare Land,Peri-Urban / Sparse,0.3541,0.005142,0.7297,0.70,#FFAA00
0.3595,Moderate Risk,3,2.3369832038879395,0.118415,Bare Land,Peri-Urban / Sparse,0.3541,0.005327,0.7312,0.70,#FFAA00
0.3592,Moderate Risk,3,2.4293766021728516,0.118737,Bare Land,Peri-Urban / Sparse,0.3541,0.005537,0.7293,0.70,#FFAA00
0.3586,Moderate Risk,3,2.4547882080078125,0.119276,Bare Land,Peri-Urban / Sparse,0.3541,0.005595,0.7262,0.70,#FFAA00
0.3570,Moderate Risk,3,2.455585241317749,0.120584,Bare Land,Peri-Urban / Sparse,0.3541,0.005597,0.7186,0.70,#FFAA00
0.3574,Moderate Risk,3,2.4602174758911133,0.120259,Bare Land,Peri-Urban / Sparse,0.3541,0.005607,0.7205,0.70,#FFAA00
0.3570,Moderate Risk,3,2.457298755645752,0.120595,Bare Land,Peri-Urban / Sparse,0.3541,0.005601,0.7185,0.70,#FFAA00
0.3568,Moderate Risk,3,2.4249191284179688,0.120806,Bare Land,Peri-Urban / Sparse,0.3541,0.005527,0.7173,0.70,#FFAA00
0.3574,Moderate Risk,3,2.40382981300354,0.120251,Bare Land,Peri-Urban / Sparse,0.3541,0.005479,0.7205,0.70,#FFAA00
0.3583,Moderate Risk,3,2.395641565322876,0.119478,Bare Land,Peri-Urban / Sparse,0.3541,0.005460,0.7250,0.70,#FFAA00
0.3602,Moderate Risk,3,2.401078224182129,0.117837,Bare Land,Peri-Urban / Sparse,0.3541,0.005473,0.7346,0.70,#FFAA00
0.3133,Moderate Risk,3,2.4078149795532227,,Bare Land,Peri-Urban / Sparse,0.3541,0.005488,0.5000,0.70,#FFAA00
0.2990,Low Risk,2,10.692882537841797,,Unknown,Low Density Urban,0.3541,0.024372,0.5000,0.50,#FFDD88
0.2934,Low Risk,2,2.5489940643310547,,Unknown,Peri-Urban / Sparse,0.3541,0.005810,0.5000,0.50,#FFDD88
0.3583,Moderate Risk,3,6.078065395355225,0.104475,Unknown,Peri-Urban / Sparse,0.3541,0.013854,0.8125,0.50,#FFAA00
0.4138,Moderate Risk,3,8.5438814163208,0.092634,Minepits/Industry,Peri-Urban / Sparse,0.3541,0.019474,0.8815,0.90,#FFAA00
0.3492,Moderate Risk,3,11.07673168182373,,Built_up,Low Density Urban,0.3541,0.025247,0.5000,1.00,#FFAA00
0.3568,Moderate Risk,3,22.10515022277832,,Built_up,Low Density Urban,0.3541,0.050383,0.5000,1.00,#FFAA00
0.2947,Low Risk,2,4.495153903961182,,Unknown,Peri-Urban / Sparse,0.3541,0.010246,0.5000,0.50,#FFDD88
0.3937,Moderate Risk,3,8.280047416687012,0.109711,Minepits/Industry,Peri-Urban / Sparse,0.3541,0.018872,0.7819,0.90,#FFAA00
0.3943,Moderate Risk,3,11.694449424743652,0.111226,Minepits/Industry,Low Density Urban,0.3541,0.026655,0.7731,0.90,#FFAA00
0.3920,Moderate Risk,3,10.696224212646484,0.112542,Minepits/Industry,Low Density Urban,0.3541,0.024380,0.7654,0.90,#FFAA00
0.3997,Moderate Risk,3,12.032504081726074,0.106731,Minepits/Industry,Low Density Urban,0.3541,0.027425,0.7993,0.90,#FFAA00
0.3473,Moderate Risk,3,8.279932022094727,,Built_up,Peri-Urban / Sparse,0.3541,0.018872,0.5000,1.00,#FFAA00
0.3661,Moderate Risk,3,6.924190521240234,0.132545,Minepits/Industry,Peri-Urban / Sparse,0.3541,0.015782,0.6488,0.90,#FFAA00
0.3316,Moderate Risk,3,4.757986545562744,0.100873,Oasis Agriculture/Palm,Peri-Urban / Sparse,0.3541,0.010845,0.8335,0.20,#FFAA00
0.4002,Moderate Risk,3,3.73095440864563,0.101471,Minepits/Industry,Peri-Urban / Sparse,0.3541,0.008504,0.8300,0.90,#FFAA00
0.3956,Moderate Risk,3,3.599839210510254,0.105352,Minepits/Industry,Peri-Urban / Sparse,0.3541,0.008205,0.8074,0.90,#FFAA00
0.4000,Moderate Risk,3,3.7535240650177,0.101615,Minepits/Industry,Peri-Urban / Sparse,0.3541,0.008555,0.8291,0.90,#FFAA00
0.4141,Moderate Risk,3,10.807653427124023,0.102235,Built_up,Low Density Urban,0.3541,0.024633,0.8255,1.00,#FFAA00
0.3946,Moderate Risk,3,11.87744140625,0.111061,Minepits/Industry,Low Density Urban,0.3541,0.027072,0.7741,0.90,#FFAA00
0.3690,Moderate Risk,3,8.44072151184082,0.113801,Bare Land,Peri-Urban / Sparse,0.3541,0.019239,0.7581,0.70,#FFAA00
0.3691,Moderate Risk,3,8.267072677612305,0.113686,Bare Land,Peri-Urban / Sparse,0.3541,0.018843,0.7588,0.70,#FFAA00
0.3989,Moderate Risk,3,13.699795722961426,0.108384,Minepits/Industry,Low Density Urban,0.3541,0.031225,0.7897,0.90,#FFAA00
0.3876,Moderate Risk,3,28.434364318847656,0.109601,Bare Land,Low Density Urban,0.3541,0.064809,0.7826,0.70,#FFAA00
0.3666,Moderate Risk,3,36.45166778564453,,Built_up,Low Density Urban,0.3541,0.083083,0.5000,1.00,#FFAA00
0.3903,Moderate Risk,3,5.246684551239014,0.110831,Minepits/Industry,Peri-Urban / Sparse,0.3541,0.011959,0.7754,0.90,#FFAA00
0.3312,Moderate Risk,3,8.703437805175781,0.094913,Natural Vegetation,Peri-Urban / Sparse,0.3541,0.019837,0.8682,0.10,#FFAA00
0.4056,Moderate Risk,3,10.407306671142578,0.100713,Minepits/Industry,Low Density Urban,0.3541,0.023721,0.8344,0.90,#FFAA00
0.4225,Moderate Risk,3,15.38491439819336,0.089205,Minepits/Industry,Low Density Urban,0.3541,0.035066,0.9015,0.90,#FFAA00
0.3375,Moderate Risk,3,33.66065979003906,0.104165,Natural Vegetation,Low Density Urban,0.3541,0.076722,0.8143,0.10,#FFAA00
0.4025,Moderate Risk,3,16.156076431274414,0.115335,Built_up,Low Density Urban,0.3541,0.036824,0.7492,1.00,#FFAA00
0.3746,Moderate Risk,3,11.51156234741211,0.110837,Bare Land,Low Density Urban,0.3541,0.026238,0.7754,0.70,#FFAA00
0.3756,Moderate Risk,3,9.45458984375,0.108779,Bare Land,Peri-Urban / Sparse,0.3541,0.021550,0.7874,0.70,#FFAA00
0.3728,Moderate Risk,3,8.829939842224121,0.110769,Bare Land,Peri-Urban / Sparse,0.3541,0.020126,0.7758,0.70,#FFAA00
0.3782,Moderate Risk,3,16.90053367614746,0.110892,Bare Land,Low Density Urban,0.3541,0.038521,0.7751,0.70,#FFAA00
0.3802,Moderate Risk,3,22.322603225708008,0.112332,Bare Land,Low Density Urban,0.3541,0.050879,0.7667,0.70,#FFAA00
0.3436,Moderate Risk,3,17.509090423583984,,Minepits/Industry,Low Density Urban,0.3541,0.039908,0.5000,0.90,#FFAA00
0.4110,Moderate Risk,3,44.541542053222656,0.116108,Minepits/Industry,Low Density Urban,0.3541,0.101522,0.7446,0.90,#FFAA00
0.3933,Moderate Risk,3,45.5452995300293,0.131864,Minepits/Industry,Low Density Urban,0.3541,0.103810,0.6528,0.90,#FFAA00
0.3647,Moderate Risk,3,33.68027877807617,0.072305,Water,Low Density Urban,0.3541,0.076766,1.0000,0.00,#FFAA00
0.3112,Moderate Risk,3,26.950408935546875,0.114185,Water,Low Density Urban,0.3541,0.061427,0.7559,0.00,#FFAA00
0.4132,Moderate Risk,3,23.782737731933594,0.102070,Minepits/Industry,Low Density Urban,0.3541,0.054207,0.8265,0.90,#FFAA00
0.3801,Moderate Risk,3,14.016819953918457,0.107607,Bare Land,Low Density Urban,0.3541,0.031948,0.7942,0.70,#FFAA00
0.3987,Moderate Risk,3,7.9794745445251465,0.105240,Minepits/Industry,Peri-Urban / Sparse,0.3541,0.018187,0.8080,0.90,#FFAA00
0.3934,Moderate Risk,3,5.947176456451416,0.108614,Minepits/Industry,Peri-Urban / Sparse,0.3541,0.013555,0.7883,0.90,#FFAA00
0.3927,Moderate Risk,3,5.900705814361572,0.109137,Minepits/Industry,Peri-Urban / Sparse,0.3541,0.013449,0.7853,0.90,#FFAA00
0.3678,Moderate Risk,3,6.178021430969238,0.113521,Bare Land,Peri-Urban / Sparse,0.3541,0.014081,0.7597,0.70,#FFAA00
0.3747,Moderate Risk,3,6.790811061859131,0.108005,Bare Land,Peri-Urban / Sparse,0.3541,0.015478,0.7919,0.70,#FFAA00
0.3480,Moderate Risk,3,7.912055492401123,0.114369,Unknown,Peri-Urban / Sparse,0.3541,0.018034,0.7548,0.50,#FFAA00
0.5579,High Risk,4,275.7122497558594,0.125731,Minepits/Industry,High Density Urban,0.3541,0.628421,0.6886,0.90,#FF6600
0.5022,High Risk,4,202.99755859375,0.130804,Minepits/Industry,High Density Urban,0.3541,0.462685,0.6590,0.90,#FF6600
0.4463,Moderate Risk,3,72.6986312866211,0.102375,Minepits/Industry,Medium Density Urban,0.3541,0.165699,0.8247,0.90,#FFAA00
0.4258,Moderate Risk,3,37.48558044433594,0.099321,Minepits/Industry,Low Density Urban,0.3541,0.085440,0.8425,0.90,#FFAA00
0.4209,Moderate Risk,3,23.019020080566406,0.095024,Minepits/Industry,Low Density Urban,0.3541,0.052466,0.8676,0.90,#FFAA00
0.3957,Moderate Risk,3,11.887794494628906,0.110133,Minepits/Industry,Low Density Urban,0.3541,0.027095,0.7795,0.90,#FFAA00
0.3711,Moderate Risk,3,6.326828479766846,0.110811,Bare Land,Peri-Urban / Sparse,0.3541,0.014421,0.7755,0.70,#FFAA00
0.3912,Moderate Risk,3,4.9913835525512695,0.109937,Minepits/Industry,Peri-Urban / Sparse,0.3541,0.011377,0.7806,0.90,#FFAA00
0.3944,Moderate Risk,3,4.993452072143555,0.107203,Minepits/Industry,Peri-Urban / Sparse,0.3541,0.011381,0.7966,0.90,#FFAA00
0.3664,Moderate Risk,3,5.441303730010986,0.114298,Bare Land,Peri-Urban / Sparse,0.3541,0.012402,0.7552,0.70,#FFAA00
0.3804,Moderate Risk,3,5.306053161621094,0.119380,Minepits/Industry,Peri-Urban / Sparse,0.3541,0.012094,0.7256,0.90,#FFAA00
0.3889,Moderate Risk,3,5.853739261627197,0.112426,Minepits/Industry,Peri-Urban / Sparse,0.3541,0.013342,0.7661,0.90,#FFAA00
0.3159,Moderate Risk,3,6.257231712341309,,Bare Land,Peri-Urban / Sparse,0.3541,0.014262,0.5000,0.70,#FFAA00
0.5356,High Risk,4,399.6875915527344,0.226109,Built_up,High Density Urban,0.3541,0.910993,0.1034,1.00,#FF6600
0.5498,High Risk,4,316.1944885253906,0.096368,Oasis Agriculture/Palm,High Density Urban,0.3541,0.720691,0.8597,0.20,#FF6600
0.4776,Moderate Risk,3,131.19744873046875,0.109848,Minepits/Industry,High Density Urban,0.3541,0.299034,0.7811,0.90,#FFAA00
0.4210,Moderate Risk,3,47.33720016479492,0.109221,Minepits/Industry,Low Density Urban,0.3541,0.107894,0.7848,0.90,#FFAA00
0.4451,Moderate Risk,3,37.71868896484375,0.091485,Built_up,Low Density Urban,0.3541,0.085971,0.8882,1.00,#FFAA00
0.4056,Moderate Risk,3,13.340012550354004,0.102495,Minepits/Industry,Low Density Urban,0.3541,0.030405,0.8240,0.90,#FFAA00
0.3913,Moderate Risk,3,6.160856246948242,0.110483,Minepits/Industry,Peri-Urban / Sparse,0.3541,0.014042,0.7774,0.90,#FFAA00
0.3670,Moderate Risk,3,4.57300329208374,0.113293,Bare Land,Peri-Urban / Sparse,0.3541,0.010423,0.7611,0.70,#FFAA00
0.3681,Moderate Risk,3,4.328808307647705,0.112160,Bare Land,Peri-Urban / Sparse,0.3541,0.009866,0.7677,0.70,#FFAA00
0.3901,Moderate Risk,3,4.455624103546143,0.110517,Minepits/Industry,Peri-Urban / Sparse,0.3541,0.010156,0.7772,0.90,#FFAA00
0.3941,Moderate Risk,3,4.416374206542969,0.107107,Minepits/Industry,Peri-Urban / Sparse,0.3541,0.010066,0.7971,0.90,#FFAA00
0.3962,Moderate Risk,3,4.76672887802124,0.105498,Minepits/Industry,Peri-Urban / Sparse,0.3541,0.010865,0.8065,0.90,#FFAA00
0.3577,Moderate Risk,3,5.1530256271362305,0.121566,Bare Land,Peri-Urban / Sparse,0.3541,0.011745,0.7128,0.70,#FFAA00
0.5539,High Risk,4,229.89698791503906,0.110880,Built_up,High Density Urban,0.3541,0.523996,0.7751,1.00,#FF6600
0.5306,High Risk,4,171.563232421875,0.088087,Minepits/Industry,High Density Urban,0.3541,0.391038,0.9080,0.90,#FF6600
0.4650,Moderate Risk,3,82.51575469970703,0.092103,Minepits/Industry,Medium Density Urban,0.3541,0.188075,0.8846,0.90,#FFAA00
0.4239,Moderate Risk,3,46.29381561279297,0.106088,Minepits/Industry,Low Density Urban,0.3541,0.105516,0.8031,0.90,#FFAA00
0.4242,Moderate Risk,3,43.33696365356445,0.104088,Minepits/Industry,Low Density Urban,0.3541,0.098776,0.8147,0.90,#FFAA00
0.4077,Moderate Risk,3,12.733898162841797,0.100263,Minepits/Industry,Low Density Urban,0.3541,0.029024,0.8370,0.90,#FFAA00
0.3941,Moderate Risk,3,5.963418960571289,0.108032,Minepits/Industry,Peri-Urban / Sparse,0.3541,0.013592,0.7917,0.90,#FFAA00
0.3890,Moderate Risk,3,4.447022914886475,0.111453,Minepits/Industry,Peri-Urban / Sparse,0.3541,0.010136,0.7718,0.90,#FFAA00
0.3681,Moderate Risk,3,3.7227706909179688,0.111834,Bare Land,Peri-Urban / Sparse,0.3541,0.008485,0.7696,0.70,#FFAA00
0.3684,Moderate Risk,3,3.6452994346618652,0.111558,Bare Land,Peri-Urban / Sparse,0.3541,0.008309,0.7712,0.70,#FFAA00
0.3923,Moderate Risk,3,3.7587549686431885,0.108291,Minepits/Industry,Peri-Urban / Sparse,0.3541,0.008567,0.7902,0.90,#FFAA00
0.3680,Moderate Risk,3,3.7933387756347656,0.111953,Bare Land,Peri-Urban / Sparse,0.3541,0.008646,0.7689,0.70,#FFAA00
0.3550,Moderate Risk,3,3.8911495208740234,0.123201,Bare Land,Peri-Urban / Sparse,0.3541,0.008869,0.7033,0.70,#FFAA00
0.3142,Moderate Risk,3,3.811605215072632,,Bare Land,Peri-Urban / Sparse,0.3541,0.008688,0.5000,0.70,#FFAA00
0.4372,Moderate Risk,3,87.40180206298828,0.127331,Built_up,Medium Density Urban,0.3541,0.199212,0.6792,1.00,#FFAA00
0.4396,Moderate Risk,3,62.16142654418945,0.101958,Minepits/Industry,Medium Density Urban,0.3541,0.141682,0.8271,0.90,#FFAA00
0.4196,Moderate Risk,3,43.280677795410156,0.107992,Minepits/Industry,Low Density Urban,0.3541,0.098648,0.7920,0.90,#FFAA00
0.4108,Moderate Risk,3,23.886859893798828,0.104233,Minepits/Industry,Low Density Urban,0.3541,0.054444,0.8139,0.90,#FFAA00
0.3896,Moderate Risk,3,15.616392135620117,0.117521,Minepits/Industry,Low Density Urban,0.3541,0.035594,0.7364,0.90,#FFAA00
0.3934,Moderate Risk,3,8.304567337036133,0.109955,Minepits/Industry,Peri-Urban / Sparse,0.3541,0.018928,0.7805,0.90,#FFAA00
0.3950,Moderate Risk,3,5.8573832511901855,0.107130,Minepits/Industry,Peri-Urban / Sparse,0.3541,0.013351,0.7970,0.90,#FFAA00
0.3699,Moderate Risk,3,4.274084091186523,0.110638,Bare Land,Peri-Urban / Sparse,0.3541,0.009742,0.7765,0.70,#FFAA00
0.3696,Moderate Risk,3,3.530397891998291,0.110473,Bare Land,Peri-Urban / Sparse,0.3541,0.008047,0.7775,0.70,#FFAA00
0.3668,Moderate Risk,3,3.6701250076293945,0.112891,Bare Land,Peri-Urban / Sparse,0.3541,0.008365,0.7634,0.70,#FFAA00
0.3883,Moderate Risk,3,3.424879789352417,0.111457,Minepits/Industry,Peri-Urban / Sparse,0.3541,0.007806,0.7718,0.90,#FFAA00
0.3875,Moderate Risk,3,3.4620442390441895,0.112227,Minepits/Industry,Peri-Urban / Sparse,0.3541,0.007891,0.7673,0.90,#FFAA00
0.3141,Moderate Risk,3,3.5299417972564697,,Bare Land,Peri-Urban / Sparse,0.3541,0.008046,0.5000,0.70,#FFAA00
0.4073,Moderate Risk,3,8.858580589294434,0.106977,Built_up,Peri-Urban / Sparse,0.3541,0.020191,0.7979,1.00,#FFAA00
0.3968,Moderate Risk,3,10.985901832580566,0.108655,Minepits/Industry,Low Density Urban,0.3541,0.025040,0.7881,0.90,#FFAA00
0.4051,Moderate Risk,3,13.615558624267578,0.103030,Minepits/Industry,Low Density Urban,0.3541,0.031033,0.8209,0.90,#FFAA00
0.3146,Moderate Risk,3,8.363031387329102,0.108987,Natural Vegetation,Peri-Urban / Sparse,0.3541,0.019062,0.7862,0.10,#FFAA00
0.3081,Moderate Risk,3,5.958061218261719,0.113155,Natural Vegetation,Peri-Urban / Sparse,0.3541,0.013580,0.7619,0.10,#FFAA00
0.3614,Moderate Risk,3,6.357695579528809,0.119158,Bare Land,Peri-Urban / Sparse,0.3541,0.014491,0.7269,0.70,#FFAA00
0.3935,Moderate Risk,3,7.489733695983887,0.109444,Minepits/Industry,Peri-Urban / Sparse,0.3541,0.017071,0.7835,0.90,#FFAA00
0.3916,Moderate Risk,3,4.290955543518066,0.109161,Minepits/Industry,Peri-Urban / Sparse,0.3541,0.009780,0.7851,0.90,#FFAA00
0.3635,Moderate Risk,3,3.487865686416626,0.115647,Bare Land,Peri-Urban / Sparse,0.3541,0.007950,0.7473,0.70,#FFAA00
0.3140,Moderate Risk,3,3.523289680480957,,Bare Land,Peri-Urban / Sparse,0.3541,0.008031,0.5000,0.70,#FFAA00
0.3139,Moderate Risk,3,3.301278591156006,,Bare Land,Peri-Urban / Sparse,0.3541,0.007524,0.5000,0.70,#FFAA00
0.3873,Moderate Risk,3,5.047304153442383,0.113284,Minepits/Industry,Peri-Urban / Sparse,0.3541,0.011504,0.7611,0.90,#FFAA00
0.3964,Moderate Risk,3,9.822148323059082,0.108299,Minepits/Industry,Peri-Urban / Sparse,0.3541,0.022387,0.7902,0.90,#FFAA00
0.3318,Moderate Risk,3,9.275084495544434,0.094744,Natural Vegetation,Peri-Urban / Sparse,0.3541,0.021140,0.8692,0.10,#FFAA00
0.3898,Moderate Risk,3,5.703517436981201,0.111529,Minepits/Industry,Peri-Urban / Sparse,0.3541,0.013000,0.7713,0.90,#FFAA00
0.3047,Moderate Risk,3,4.348706245422363,0.115083,Natural Vegetation,Peri-Urban / Sparse,0.3541,0.009912,0.7506,0.10,#FFAA00
0.3626,Moderate Risk,3,3.9811618328094482,0.116670,Bare Land,Peri-Urban / Sparse,0.3541,0.009074,0.7414,0.70,#FFAA00
0.3654,Moderate Risk,3,4.246256351470947,0.114485,Bare Land,Peri-Urban / Sparse,0.3541,0.009678,0.7541,0.70,#FFAA00
0.3343,Moderate Risk,3,3.928351879119873,,Minepits/Industry,Peri-Urban / Sparse,0.3541,0.008954,0.5000,0.90,#FFAA00
0.3142,Moderate Risk,3,3.7537379264831543,0.106598,Natural Vegetation,Peri-Urban / Sparse,0.3541,0.008556,0.8001,0.10,#FFAA00
0.3667,Moderate Risk,3,4.341153144836426,0.113409,Bare Land,Peri-Urban / Sparse,0.3541,0.009895,0.7604,0.70,#FFAA00
0.4057,Moderate Risk,3,3.996602773666382,0.096885,Minepits/Industry,Peri-Urban / Sparse,0.3541,0.009109,0.8567,0.90,#FFAA00
0.3859,Moderate Risk,3,3.6619343757629395,0.113668,Minepits/Industry,Peri-Urban / Sparse,0.3541,0.008347,0.7589,0.90,#FFAA00
0.3631,Moderate Risk,3,3.336024522781372,0.115925,Bare Land,Peri-Urban / Sparse,0.3541,0.007604,0.7457,0.70,#FFAA00
0.3632,Moderate Risk,3,3.1976046562194824,0.115700,Bare Land,Peri-Urban / Sparse,0.3541,0.007288,0.7470,0.70,#FFAA00
0.3609,Moderate Risk,3,3.307797431945801,0.117794,Bare Land,Peri-Urban / Sparse,0.3541,0.007539,0.7348,0.70,#FFAA00
0.3886,Moderate Risk,3,3.146209478378296,0.111110,Minepits/Industry,Peri-Urban / Sparse,0.3541,0.007171,0.7738,0.90,#FFAA00
0.3665,Moderate Risk,3,2.9990220069885254,0.112808,Bare Land,Peri-Urban / Sparse,0.3541,0.006836,0.7639,0.70,#FFAA00
0.3602,Moderate Risk,3,2.9698898792266846,0.118143,Bare Land,Peri-Urban / Sparse,0.3541,0.006769,0.7328,0.70,#FFAA00
0.3109,Moderate Risk,3,2.9869885444641113,0.108978,Natural Vegetation,Peri-Urban / Sparse,0.3541,0.006808,0.7862,0.10,#FFAA00
0.3606,Moderate Risk,3,2.9448530673980713,0.117796,Bare Land,Peri-Urban / Sparse,0.3541,0.006712,0.7348,0.70,#FFAA00
0.3628,Moderate Risk,3,2.920943021774292,0.115869,Bare Land,Peri-Urban / Sparse,0.3541,0.006658,0.7460,0.70,#FFAA00
0.3649,Moderate Risk,3,2.869163990020752,0.114067,Bare Land,Peri-Urban / Sparse,0.3541,0.006540,0.7565,0.70,#FFAA00
0.3884,Moderate Risk,3,2.7887260913848877,0.111014,Minepits/Industry,Peri-Urban / Sparse,0.3541,0.006356,0.7743,0.90,#FFAA00
0.2935,Low Risk,2,2.726905584335327,,Unknown,Peri-Urban / Sparse,0.3541,0.006215,0.5000,0.50,#FFDD88
0.3900,Moderate Risk,3,3.1989409923553467,0.109850,Minepits/Industry,Peri-Urban / Sparse,0.3541,0.007291,0.7811,0.90,#FFAA00
0.3108,Moderate Risk,3,2.8766098022460938,0.108978,Natural Vegetation,Peri-Urban / Sparse,0.3541,0.006557,0.7862,0.10,#FFAA00
0.3616,Moderate Risk,3,2.763061046600342,0.116816,Bare Land,Peri-Urban / Sparse,0.3541,0.006298,0.7405,0.70,#FFAA00
0.3591,Moderate Risk,3,2.8818774223327637,0.119105,Bare Land,Peri-Urban / Sparse,0.3541,0.006569,0.7272,0.70,#FFAA00
0.3622,Moderate Risk,3,2.620121955871582,0.116264,Bare Land,Peri-Urban / Sparse,0.3541,0.005972,0.7437,0.70,#FFAA00
0.3628,Moderate Risk,3,2.6157522201538086,0.115700,Bare Land,Peri-Urban / Sparse,0.3541,0.005962,0.7470,0.70,#FFAA00
0.3647,Moderate Risk,3,2.6052541732788086,0.114128,Bare Land,Peri-Urban / Sparse,0.3541,0.005938,0.7562,0.70,#FFAA00
0.3831,Moderate Risk,3,2.5903618335723877,0.115423,Minepits/Industry,Peri-Urban / Sparse,0.3541,0.005904,0.7486,0.90,#FFAA00
0.3657,Moderate Risk,3,2.6037561893463135,0.113247,Bare Land,Peri-Urban / Sparse,0.3541,0.005935,0.7613,0.70,#FFAA00
0.3137,Moderate Risk,3,2.9973318576812744,,Bare Land,Peri-Urban / Sparse,0.3541,0.006832,0.5000,0.70,#FFAA00
0.3622,Moderate Risk,3,2.997009754180908,0.116474,Bare Land,Peri-Urban / Sparse,0.3541,0.006831,0.7425,0.70,#FFAA00
0.3700,Moderate Risk,3,2.8139665126800537,0.109658,Bare Land,Peri-Urban / Sparse,0.3541,0.006414,0.7822,0.70,#FFAA00
0.3042,Moderate Risk,3,2.5968122482299805,0.114548,Natural Vegetation,Peri-Urban / Sparse,0.3541,0.005919,0.7537,0.10,#FFAA00
0.3602,Moderate Risk,3,2.4689857959747314,0.117896,Bare Land,Peri-Urban / Sparse,0.3541,0.005627,0.7342,0.70,#FFAA00
0.3613,Moderate Risk,3,2.388559579849243,0.116929,Bare Land,Peri-Urban / Sparse,0.3541,0.005444,0.7399,0.70,#FFAA00
0.3612,Moderate Risk,3,2.377680540084839,0.116917,Bare Land,Peri-Urban / Sparse,0.3541,0.005419,0.7399,0.70,#FFAA00
0.3624,Moderate Risk,3,2.406644821166992,0.115982,Bare Land,Peri-Urban / Sparse,0.3541,0.005485,0.7454,0.70,#FFAA00
0.3665,Moderate Risk,3,2.345964193344116,0.112391,Bare Land,Peri-Urban / Sparse,0.3541,0.005347,0.7663,0.70,#FFAA00
0.3876,Moderate Risk,3,2.520681142807007,0.111575,Minepits/Industry,Peri-Urban / Sparse,0.3541,0.005745,0.7711,0.90,#FFAA00
0.3677,Moderate Risk,3,2.942234992980957,0.111755,Bare Land,Peri-Urban / Sparse,0.3541,0.006706,0.7700,0.70,#FFAA00
0.3717,Moderate Risk,3,3.291818380355835,0.108499,Bare Land,Peri-Urban / Sparse,0.3541,0.007503,0.7890,0.70,#FFAA00
0.3346,Moderate Risk,3,4.275510311126709,,Minepits/Industry,Peri-Urban / Sparse,0.3541,0.009745,0.5000,0.90,#FFAA00
0.3591,Moderate Risk,3,2.8580963611602783,0.119031,Bare Land,Peri-Urban / Sparse,0.3541,0.006514,0.7276,0.70,#FFAA00
0.3627,Moderate Risk,3,2.678987741470337,0.115864,Bare Land,Peri-Urban / Sparse,0.3541,0.006106,0.7461,0.70,#FFAA00
0.3665,Moderate Risk,3,2.513486623764038,0.112465,Bare Land,Peri-Urban / Sparse,0.3541,0.005729,0.7659,0.70,#FFAA00
0.3617,Moderate Risk,3,2.35966420173645,0.116496,Bare Land,Peri-Urban / Sparse,0.3541,0.005378,0.7424,0.70,#FFAA00
0.3600,Moderate Risk,3,2.2636702060699463,0.117914,Bare Land,Peri-Urban / Sparse,0.3541,0.005160,0.7341,0.70,#FFAA00
0.3595,Moderate Risk,3,2.2560460567474365,0.118317,Bare Land,Peri-Urban / Sparse,0.3541,0.005142,0.7318,0.70,#FFAA00
0.3817,Moderate Risk,3,2.751281976699829,0.116758,Minepits/Industry,Peri-Urban / Sparse,0.3541,0.006271,0.7409,0.90,#FFAA00
0.3622,Moderate Risk,3,2.238447666168213,0.116042,Bare Land,Peri-Urban / Sparse,0.3541,0.005102,0.7450,0.70,#FFAA00
0.3644,Moderate Risk,3,2.2226402759552,0.114119,Bare Land,Peri-Urban / Sparse,0.3541,0.005066,0.7562,0.70,#FFAA00
0.3847,Moderate Risk,3,2.3662326335906982,0.113931,Minepits/Industry,Peri-Urban / Sparse,0.3541,0.005393,0.7573,0.90,#FFAA00
0.3892,Moderate Risk,3,2.692629098892212,0.110243,Minepits/Industry,Peri-Urban / Sparse,0.3541,0.006137,0.7788,0.90,#FFAA00
0.3890,Moderate Risk,3,2.782137870788574,0.110494,Minepits/Industry,Peri-Urban / Sparse,0.3541,0.006341,0.7774,0.90,#FFAA00
0.3587,Moderate Risk,3,2.6488444805145264,0.119253,Bare Land,Peri-Urban / Sparse,0.3541,0.006037,0.7263,0.70,#FFAA00
0.3584,Moderate Risk,3,2.536912202835083,0.119501,Bare Land,Peri-Urban / Sparse,0.3541,0.005782,0.7249,0.70,#FFAA00
0.3676,Moderate Risk,3,2.5579659938812256,0.111561,Bare Land,Peri-Urban / Sparse,0.3541,0.005830,0.7712,0.70,#FFAA00
0.3637,Moderate Risk,3,2.380403757095337,0.114852,Bare Land,Peri-Urban / Sparse,0.3541,0.005426,0.7520,0.70,#FFAA00
0.3616,Moderate Risk,3,2.2357282638549805,0.116495,Bare Land,Peri-Urban / Sparse,0.3541,0.005096,0.7424,0.70,#FFAA00
0.3606,Moderate Risk,3,2.2093775272369385,0.117385,Bare Land,Peri-Urban / Sparse,0.3541,0.005036,0.7372,0.70,#FFAA00
0.3621,Moderate Risk,3,2.1675400733947754,0.116101,Bare Land,Peri-Urban / Sparse,0.3541,0.004940,0.7447,0.70,#FFAA00
0.3024,Moderate Risk,3,2.09664249420166,0.115786,Natural Vegetation,Peri-Urban / Sparse,0.3541,0.004779,0.7465,0.10,#FFAA00
0.3652,Moderate Risk,3,2.085294246673584,0.113388,Bare Land,Peri-Urban / Sparse,0.3541,0.004753,0.7605,0.70,#FFAA00
0.3657,Moderate Risk,3,2.1991872787475586,0.113019,Bare Land,Peri-Urban / Sparse,0.3541,0.005013,0.7627,0.70,#FFAA00
0.3683,Moderate Risk,3,2.3772192001342773,0.110850,Bare Land,Peri-Urban / Sparse,0.3541,0.005418,0.7753,0.70,#FFAA00
0.3693,Moderate Risk,3,2.616867780685425,0.110153,Bare Land,Peri-Urban / Sparse,0.3541,0.005965,0.7794,0.70,#FFAA00
0.3582,Moderate Risk,3,2.507887125015259,0.119657,Bare Land,Peri-Urban / Sparse,0.3541,0.005716,0.7240,0.70,#FFAA00
0.3568,Moderate Risk,3,2.3963425159454346,0.120785,Bare Land,Peri-Urban / Sparse,0.3541,0.005462,0.7174,0.70,#FFAA00
0.3634,Moderate Risk,3,2.379936695098877,0.115084,Bare Land,Peri-Urban / Sparse,0.3541,0.005425,0.7506,0.70,#FFAA00
0.3614,Moderate Risk,3,2.3944480419158936,0.116799,Bare Land,Peri-Urban / Sparse,0.3541,0.005458,0.7406,0.70,#FFAA00
0.3633,Moderate Risk,3,2.2230114936828613,0.115029,Bare Land,Peri-Urban / Sparse,0.3541,0.005067,0.7509,0.70,#FFAA00
0.3640,Moderate Risk,3,2.198791027069092,0.114458,Bare Land,Peri-Urban / Sparse,0.3541,0.005012,0.7543,0.70,#FFAA00
0.3615,Moderate Risk,3,2.124939441680908,0.116560,Bare Land,Peri-Urban / Sparse,0.3541,0.004843,0.7420,0.70,#FFAA00
0.3616,Moderate Risk,3,2.073272943496704,0.116437,Bare Land,Peri-Urban / Sparse,0.3541,0.004726,0.7427,0.70,#FFAA00
0.3826,Moderate Risk,3,2.0633041858673096,0.115586,Minepits/Industry,Peri-Urban / Sparse,0.3541,0.004703,0.7477,0.90,#FFAA00
0.3652,Moderate Risk,3,2.0858235359191895,0.113384,Bare Land,Peri-Urban / Sparse,0.3541,0.004754,0.7605,0.70,#FFAA00
0.3645,Moderate Risk,3,2.203803539276123,0.114064,Bare Land,Peri-Urban / Sparse,0.3541,0.005023,0.7566,0.70,#FFAA00
0.3666,Moderate Risk,3,2.415205717086792,0.112348,Bare Land,Peri-Urban / Sparse,0.3541,0.005505,0.7666,0.70,#FFAA00
0.3584,Moderate Risk,3,2.5022056102752686,0.119454,Bare Land,Peri-Urban / Sparse,0.3541,0.005703,0.7251,0.70,#FFAA00
0.3559,Moderate Risk,3,2.414656639099121,0.121555,Bare Land,Peri-Urban / Sparse,0.3541,0.005504,0.7129,0.70,#FFAA00
0.3622,Moderate Risk,3,2.3391387462615967,0.116090,Bare Land,Peri-Urban / Sparse,0.3541,0.005332,0.7448,0.70,#FFAA00
0.3617,Moderate Risk,3,2.306330442428589,0.116511,Bare Land,Peri-Urban / Sparse,0.3541,0.005257,0.7423,0.70,#FFAA00
0.3635,Moderate Risk,3,2.309051752090454,0.114943,Bare Land,Peri-Urban / Sparse,0.3541,0.005263,0.7514,0.70,#FFAA00
0.3645,Moderate Risk,3,2.2696030139923096,0.114103,Bare Land,Peri-Urban / Sparse,0.3541,0.005173,0.7563,0.70,#FFAA00
0.3624,Moderate Risk,3,2.222496271133423,0.115883,Bare Land,Peri-Urban / Sparse,0.3541,0.005066,0.7460,0.70,#FFAA00
0.3597,Moderate Risk,3,2.178074836730957,0.118094,Bare Land,Peri-Urban / Sparse,0.3541,0.004964,0.7331,0.70,#FFAA00
0.3597,Moderate Risk,3,2.150641441345215,0.118084,Bare Land,Peri-Urban / Sparse,0.3541,0.004902,0.7331,0.70,#FFAA00
0.3657,Moderate Risk,3,2.119990348815918,0.112953,Bare Land,Peri-Urban / Sparse,0.3541,0.004832,0.7630,0.70,#FFAA00
0.3850,Moderate Risk,3,2.125309944152832,0.113537,Minepits/Industry,Peri-Urban / Sparse,0.3541,0.004844,0.7596,0.90,#FFAA00
0.3642,Moderate Risk,3,2.199453115463257,0.114254,Bare Land,Peri-Urban / Sparse,0.3541,0.005013,0.7555,0.70,#FFAA00
0.3067,Moderate Risk,3,4.530685901641846,0.147851,Unknown,Peri-Urban / Sparse,0.3541,0.010327,0.5596,0.50,#FFAA00
0.3256,Moderate Risk,3,4.366076469421387,0.148641,Bare Land,Peri-Urban / Sparse,0.3541,0.009951,0.5550,0.70,#FFAA00
0.3315,Moderate Risk,3,4.566245079040527,0.143729,Bare Land,Peri-Urban / Sparse,0.3541,0.010408,0.5836,0.70,#FFAA00
0.3337,Moderate Risk,3,3.7489397525787354,0.141347,Bare Land,Peri-Urban / Sparse,0.3541,0.008545,0.5975,0.70,#FFAA00
0.3321,Moderate Risk,3,2.9346823692321777,0.142265,Bare Land,Peri-Urban / Sparse,0.3541,0.006689,0.5922,0.70,#FFAA00
0.3311,Moderate Risk,3,2.52461576461792,0.142841,Bare Land,Peri-Urban / Sparse,0.3541,0.005754,0.5888,0.70,#FFAA00
0.3294,Moderate Risk,3,2.37671160697937,0.144210,Bare Land,Peri-Urban / Sparse,0.3541,0.005417,0.5808,0.70,#FFAA00
0.3329,Moderate Risk,3,2.4206976890563965,0.141287,Bare Land,Peri-Urban / Sparse,0.3541,0.005517,0.5979,0.70,#FFAA00
0.3342,Moderate Risk,3,3.0599281787872314,0.140506,Bare Land,Peri-Urban / Sparse,0.3541,0.006974,0.6024,0.70,#FFAA00
0.3354,Moderate Risk,3,3.121126413345337,0.139542,Bare Land,Peri-Urban / Sparse,0.3541,0.007114,0.6080,0.70,#FFAA00
0.3397,Moderate Risk,3,3.200798988342285,0.135873,Bare Land,Peri-Urban / Sparse,0.3541,0.007295,0.6294,0.70,#FFAA00
0.3498,Moderate Risk,3,7.135677337646484,0.129551,Bare Land,Peri-Urban / Sparse,0.3541,0.016264,0.6663,0.70,#FFAA00
0.3502,Moderate Risk,3,3.985398769378662,0.127361,Bare Land,Peri-Urban / Sparse,0.3541,0.009084,0.6790,0.70,#FFAA00
0.3543,Moderate Risk,3,2.9519832134246826,0.123239,Bare Land,Peri-Urban / Sparse,0.3541,0.006728,0.7031,0.70,#FFAA00
0.3644,Moderate Risk,3,3.213787317276001,0.114676,Bare Land,Peri-Urban / Sparse,0.3541,0.007325,0.7530,0.70,#FFAA00
0.3018,Moderate Risk,3,3.775164842605591,0.117283,Natural Vegetation,Peri-Urban / Sparse,0.3541,0.008605,0.7378,0.10,#FFAA00
0.3608,Moderate Risk,3,4.616240501403809,0.118617,Bare Land,Peri-Urban / Sparse,0.3541,0.010522,0.7300,0.70,#FFAA00
0.3000,Moderate Risk,3,6.938226222991943,0.120644,Natural Vegetation,Peri-Urban / Sparse,0.3541,0.015814,0.7182,0.10,#FFAA00
0.3645,Moderate Risk,3,8.671085357666016,0.117817,Bare Land,Peri-Urban / Sparse,0.3541,0.019764,0.7347,0.70,#FFAA00
0.3744,Moderate Risk,3,8.932548522949219,0.109470,Bare Land,Peri-Urban / Sparse,0.3541,0.020360,0.7833,0.70,#FFAA00
0.3944,Moderate Risk,3,7.909546852111816,0.108876,Minepits/Industry,Peri-Urban / Sparse,0.3541,0.018028,0.7868,0.90,#FFAA00
0.3971,Moderate Risk,3,7.4106974601745605,0.114833,Built_up,Peri-Urban / Sparse,0.3541,0.016891,0.7521,1.00,#FFAA00
0.3342,Moderate Risk,3,12.604887008666992,0.094653,Natural Vegetation,Low Density Urban,0.3541,0.028730,0.8697,0.10,#FFAA00
0.3403,Moderate Risk,3,17.472898483276367,0.092314,Natural Vegetation,Low Density Urban,0.3541,0.039825,0.8834,0.10,#FFAA00
0.4145,Moderate Risk,3,13.291921615600586,0.094756,Minepits/Industry,Low Density Urban,0.3541,0.030296,0.8691,0.90,#FFAA00
0.3224,Moderate Risk,3,6.115143775939941,0.100964,Natural Vegetation,Peri-Urban / Sparse,0.3541,0.013938,0.8329,0.10,#FFAA00
0.3012,Moderate Risk,3,4.011233329772949,0.117875,Natural Vegetation,Peri-Urban / Sparse,0.3541,0.009143,0.7343,0.10,#FFAA00
0.2929,Low Risk,2,3.573828935623169,0.124783,Natural Vegetation,Peri-Urban / Sparse,0.3541,0.008146,0.6941,0.10,#FFDD88
0.3684,Moderate Risk,3,4.933384895324707,0.112328,Bare Land,Peri-Urban / Sparse,0.3541,0.011244,0.7667,0.70,#FFAA00
0.3896,Moderate Risk,3,10.030250549316406,0.114259,Minepits/Industry,Low Density Urban,0.3541,0.022862,0.7554,0.90,#FFAA00
0.2882,Low Risk,2,10.922196388244629,0.184617,Bare Land,Low Density Urban,0.3541,0.024895,0.3453,0.70,#FFDD88
0.3652,Moderate Risk,3,7.627625465393066,0.116595,Bare Land,Peri-Urban / Sparse,0.3541,0.017385,0.7418,0.70,#FFAA00
0.3615,Moderate Risk,3,4.778459548950195,0.118145,Bare Land,Peri-Urban / Sparse,0.3541,0.010891,0.7328,0.70,#FFAA00
0.3617,Moderate Risk,3,3.1398327350616455,0.117016,Bare Land,Peri-Urban / Sparse,0.3541,0.007157,0.7394,0.70,#FFAA00
0.3543,Moderate Risk,3,2.8127925395965576,0.123153,Bare Land,Peri-Urban / Sparse,0.3541,0.006411,0.7036,0.70,#FFAA00
0.3151,Moderate Risk,3,5.072229385375977,,Bare Land,Peri-Urban / Sparse,0.3541,0.011561,0.5000,0.70,#FFAA00
0.3318,Moderate Risk,3,7.029151916503906,0.144875,Bare Land,Peri-Urban / Sparse,0.3541,0.016021,0.5769,0.70,#FFAA00
0.3296,Moderate Risk,3,4.910658836364746,0.145554,Bare Land,Peri-Urban / Sparse,0.3541,0.011193,0.5730,0.70,#FFAA00
0.3309,Moderate Risk,3,3.2287020683288574,0.143419,Bare Land,Peri-Urban / Sparse,0.3541,0.007359,0.5854,0.70,#FFAA00
0.3307,Moderate Risk,3,2.567542314529419,0.143243,Bare Land,Peri-Urban / Sparse,0.3541,0.005852,0.5865,0.70,#FFAA00
0.3287,Moderate Risk,3,2.4137580394744873,0.144842,Bare Land,Peri-Urban / Sparse,0.3541,0.005502,0.5771,0.70,#FFAA00
0.3318,Moderate Risk,3,2.4306914806365967,0.142230,Bare Land,Peri-Urban / Sparse,0.3541,0.005540,0.5924,0.70,#FFAA00
0.3342,Moderate Risk,3,2.5574488639831543,0.140195,Bare Land,Peri-Urban / Sparse,0.3541,0.005829,0.6042,0.70,#FFAA00
0.3335,Moderate Risk,3,2.811413288116455,0.140989,Bare Land,Peri-Urban / Sparse,0.3541,0.006408,0.5996,0.70,#FFAA00
0.3380,Moderate Risk,3,3.563145399093628,0.137547,Bare Land,Peri-Urban / Sparse,0.3541,0.008121,0.6197,0.70,#FFAA00
0.3504,Moderate Risk,3,5.858008861541748,0.128285,Bare Land,Peri-Urban / Sparse,0.3541,0.013352,0.6737,0.70,#FFAA00
0.3559,Moderate Risk,3,4.002714157104492,0.122474,Bare Land,Peri-Urban / Sparse,0.3541,0.009123,0.7075,0.70,#FFAA00
0.3480,Moderate Risk,3,3.244422435760498,0.128824,Bare Land,Peri-Urban / Sparse,0.3541,0.007395,0.6705,0.70,#FFAA00
0.3596,Moderate Risk,3,3.777297258377075,0.119180,Bare Land,Peri-Urban / Sparse,0.3541,0.008609,0.7267,0.70,#FFAA00
0.3030,Moderate Risk,3,5.520876407623291,0.117303,Natural Vegetation,Peri-Urban / Sparse,0.3541,0.012584,0.7377,0.10,#FFAA00
0.3694,Moderate Risk,3,7.3467230796813965,0.112854,Bare Land,Peri-Urban / Sparse,0.3541,0.016745,0.7636,0.70,#FFAA00
0.3151,Moderate Risk,3,8.779598236083984,0.108763,Natural Vegetation,Peri-Urban / Sparse,0.3541,0.020011,0.7875,0.10,#FFAA00
0.3761,Moderate Risk,3,9.517070770263672,0.108367,Bare Land,Peri-Urban / Sparse,0.3541,0.021692,0.7898,0.70,#FFAA00
0.4066,Moderate Risk,3,9.943177223205566,0.099652,Minepits/Industry,Peri-Urban / Sparse,0.3541,0.022663,0.8406,0.90,#FFAA00
0.3134,Moderate Risk,3,8.316385269165039,0.109962,Natural Vegetation,Peri-Urban / Sparse,0.3541,0.018955,0.7805,0.10,#FFAA00
0.4067,Moderate Risk,3,10.90225601196289,0.108699,Built_up,Low Density Urban,0.3541,0.024849,0.7878,1.00,#FFAA00
0.3369,Moderate Risk,3,14.533427238464355,0.093508,Natural Vegetation,Low Density Urban,0.3541,0.033126,0.8764,0.10,#FFAA00
0.3407,Moderate Risk,3,18.528533935546875,0.092571,Natural Vegetation,Low Density Urban,0.3541,0.042231,0.8819,0.10,#FFAA00
0.4135,Moderate Risk,3,14.146146774291992,0.096177,Minepits/Industry,Low Density Urban,0.3541,0.032243,0.8608,0.90,#FFAA00
0.3187,Moderate Risk,3,6.721464157104492,0.104519,Natural Vegetation,Peri-Urban / Sparse,0.3541,0.015320,0.8122,0.10,#FFAA00
0.3100,Moderate Risk,3,5.360022068023682,0.111139,Natural Vegetation,Peri-Urban / Sparse,0.3541,0.012217,0.7736,0.10,#FFAA00
0.3865,Moderate Risk,3,4.843868255615234,0.113888,Minepits/Industry,Peri-Urban / Sparse,0.3541,0.011040,0.7576,0.90,#FFAA00
0.3922,Moderate Risk,3,5.9979987144470215,0.109621,Minepits/Industry,Peri-Urban / Sparse,0.3541,0.013671,0.7825,0.90,#FFAA00
0.3964,Moderate Risk,3,24.199403762817383,0.116728,Minepits/Industry,Low Density Urban,0.3541,0.055157,0.7410,0.90,#FFAA00
0.2537,Low Risk,2,23.4694881439209,0.221550,Bare Land,Low Density Urban,0.3541,0.053493,0.1300,0.70,#FFDD88
0.3738,Moderate Risk,3,9.318589210510254,0.127390,Minepits/Industry,Peri-Urban / Sparse,0.3541,0.021240,0.6789,0.90,#FFAA00
0.3573,Moderate Risk,3,5.614978313446045,0.122241,Bare Land,Peri-Urban / Sparse,0.3541,0.012798,0.7089,0.70,#FFAA00
0.3648,Moderate Risk,3,3.418370485305786,0.114489,Bare Land,Peri-Urban / Sparse,0.3541,0.007791,0.7541,0.70,#FFAA00
0.3577,Moderate Risk,3,3.3231325149536133,0.120501,Bare Land,Peri-Urban / Sparse,0.3541,0.007574,0.7190,0.70,#FFAA00
0.3180,Moderate Risk,3,9.336719512939453,,Bare Land,Peri-Urban / Sparse,0.3541,0.021281,0.5000,0.70,#FFAA00
0.3364,Moderate Risk,3,5.863121032714844,0.140240,Bare Land,Peri-Urban / Sparse,0.3541,0.013364,0.6040,0.70,#FFAA00
0.3340,Moderate Risk,3,3.5009148120880127,0.140915,Bare Land,Peri-Urban / Sparse,0.3541,0.007980,0.6000,0.70,#FFAA00
0.3317,Moderate Risk,3,2.744452714920044,0.142520,Bare Land,Peri-Urban / Sparse,0.3541,0.006255,0.5907,0.70,#FFAA00
0.3295,Moderate Risk,3,2.534764051437378,0.144220,Bare Land,Peri-Urban / Sparse,0.3541,0.005777,0.5808,0.70,#FFAA00
0.3304,Moderate Risk,3,2.4795162677764893,0.143464,Bare Land,Peri-Urban / Sparse,0.3541,0.005651,0.5852,0.70,#FFAA00
0.3319,Moderate Risk,3,2.711225748062134,0.142267,Bare Land,Peri-Urban / Sparse,0.3541,0.006180,0.5922,0.70,#FFAA00
0.3330,Moderate Risk,3,3.3384926319122314,0.141671,Bare Land,Peri-Urban / Sparse,0.3541,0.007609,0.5956,0.70,#FFAA00
0.3418,Moderate Risk,3,5.140649318695068,0.135262,Bare Land,Peri-Urban / Sparse,0.3541,0.011717,0.6330,0.70,#FFAA00
0.3494,Moderate Risk,3,5.833395481109619,0.129085,Bare Land,Peri-Urban / Sparse,0.3541,0.013296,0.6690,0.70,#FFAA00
0.3535,Moderate Risk,3,4.6047773361206055,0.124907,Bare Land,Peri-Urban / Sparse,0.3541,0.010496,0.6934,0.70,#FFAA00
0.3529,Moderate Risk,3,4.620431423187256,0.125361,Bare Land,Peri-Urban / Sparse,0.3541,0.010531,0.6907,0.70,#FFAA00
0.3625,Moderate Risk,3,6.179775714874268,0.118109,Bare Land,Peri-Urban / Sparse,0.3541,0.014085,0.7330,0.70,#FFAA00
0.3704,Moderate Risk,3,8.159979820251465,0.112439,Bare Land,Peri-Urban / Sparse,0.3541,0.018599,0.7660,0.70,#FFAA00
0.3983,Moderate Risk,3,11.742097854614258,0.107809,Minepits/Industry,Low Density Urban,0.3541,0.026763,0.7930,0.90,#FFAA00
0.3253,Moderate Risk,3,13.377464294433594,0.102707,Natural Vegetation,Low Density Urban,0.3541,0.030491,0.8228,0.10,#FFAA00
0.4063,Moderate Risk,3,11.715855598449707,0.100895,Minepits/Industry,Low Density Urban,0.3541,0.026704,0.8333,0.90,#FFAA00
0.3973,Moderate Risk,3,10.402356147766113,0.107858,Minepits/Industry,Low Density Urban,0.3541,0.023710,0.7927,0.90,#FFAA00
0.3984,Moderate Risk,3,11.445784568786621,0.107504,Minepits/Industry,Low Density Urban,0.3541,0.026088,0.7948,0.90,#FFAA00
0.3312,Moderate Risk,3,19.105146408081055,0.101036,Natural Vegetation,Low Density Urban,0.3541,0.043546,0.8325,0.10,#FFAA00
0.3438,Moderate Risk,3,24.110673904418945,0.093204,Natural Vegetation,Low Density Urban,0.3541,0.054955,0.8782,0.10,#FFAA00
0.3470,Moderate Risk,3,17.206125259399414,0.086351,Natural Vegetation,Low Density Urban,0.3541,0.039217,0.9181,0.10,#FFAA00
0.3216,Moderate Risk,3,10.08863639831543,0.103993,Natural Vegetation,Low Density Urban,0.3541,0.022995,0.8153,0.10,#FFAA00
0.3202,Moderate Risk,3,8.977202415466309,0.104530,Natural Vegetation,Peri-Urban / Sparse,0.3541,0.020461,0.8121,0.10,#FFAA00
0.4149,Moderate Risk,3,8.472681045532227,0.100235,Built_up,Peri-Urban / Sparse,0.3541,0.019311,0.8372,1.00,#FFAA00
0.3983,Moderate Risk,3,8.400556564331055,0.105850,Minepits/Industry,Peri-Urban / Sparse,0.3541,0.019147,0.8044,0.90,#FFAA00
0.3972,Moderate Risk,3,7.762424945831299,0.106383,Minepits/Industry,Peri-Urban / Sparse,0.3541,0.017693,0.8013,0.90,#FFAA00
0.3897,Moderate Risk,3,10.588255882263184,0.114516,Minepits/Industry,Low Density Urban,0.3541,0.024133,0.7539,0.90,#FFAA00
0.4052,Moderate Risk,3,9.73909854888916,0.100694,Minepits/Industry,Peri-Urban / Sparse,0.3541,0.022198,0.8345,0.90,#FFAA00
0.3631,Moderate Risk,3,6.351381778717041,0.117633,Bare Land,Peri-Urban / Sparse,0.3541,0.014476,0.7358,0.70,#FFAA00
0.3608,Moderate Risk,3,4.280707836151123,0.118442,Bare Land,Peri-Urban / Sparse,0.3541,0.009757,0.7310,0.70,#FFAA00
0.3663,Moderate Risk,3,3.660747528076172,0.113319,Bare Land,Peri-Urban / Sparse,0.3541,0.008344,0.7609,0.70,#FFAA00
0.3644,Moderate Risk,3,6.789640426635742,0.116830,Bare Land,Peri-Urban / Sparse,0.3541,0.015475,0.7404,0.70,#FFAA00
0.3042,Moderate Risk,3,18.393531799316406,,Unknown,Low Density Urban,0.3541,0.041924,0.5000,0.50,#FFAA00
0.3379,Moderate Risk,3,10.37038803100586,0.141607,Bare Land,Low Density Urban,0.3541,0.023637,0.5960,0.70,#FFAA00
0.3347,Moderate Risk,3,4.290633678436279,0.140852,Bare Land,Peri-Urban / Sparse,0.3541,0.009779,0.6004,0.70,#FFAA00
0.3301,Moderate Risk,3,3.1480047702789307,0.144071,Bare Land,Peri-Urban / Sparse,0.3541,0.007175,0.5816,0.70,#FFAA00
0.3304,Moderate Risk,3,2.843916416168213,0.143628,Bare Land,Peri-Urban / Sparse,0.3541,0.006482,0.5842,0.70,#FFAA00
0.3315,Moderate Risk,3,2.9858953952789307,0.142777,Bare Land,Peri-Urban / Sparse,0.3541,0.006806,0.5892,0.70,#FFAA00
0.3333,Moderate Risk,3,3.5996744632720947,0.141632,Bare Land,Peri-Urban / Sparse,0.3541,0.008205,0.5959,0.70,#FFAA00
0.3341,Moderate Risk,3,4.838855743408203,0.141620,Bare Land,Peri-Urban / Sparse,0.3541,0.011029,0.5959,0.70,#FFAA00
0.3394,Moderate Risk,3,6.061049461364746,0.137798,Bare Land,Peri-Urban / Sparse,0.3541,0.013815,0.6182,0.70,#FFAA00
0.3506,Moderate Risk,3,6.606806755065918,0.128542,Bare Land,Peri-Urban / Sparse,0.3541,0.015059,0.6722,0.70,#FFAA00
0.3499,Moderate Risk,3,6.340361595153809,0.128958,Bare Land,Peri-Urban / Sparse,0.3541,0.014451,0.6697,0.70,#FFAA00
0.3508,Moderate Risk,3,8.094051361083984,0.129275,Bare Land,Peri-Urban / Sparse,0.3541,0.018448,0.6679,0.70,#FFAA00
0.3593,Moderate Risk,3,11.98193645477295,0.124236,Bare Land,Low Density Urban,0.3541,0.027310,0.6973,0.70,#FFAA00
0.3743,Moderate Risk,3,11.921749114990234,0.111350,Bare Land,Low Density Urban,0.3541,0.027173,0.7724,0.70,#FFAA00
0.4123,Moderate Risk,3,18.105409622192383,0.099480,Minepits/Industry,Low Density Urban,0.3541,0.041267,0.8416,0.90,#FFAA00
0.4155,Moderate Risk,3,27.868736267089844,0.102522,Minepits/Industry,Low Density Urban,0.3541,0.063520,0.8238,0.90,#FFAA00
0.4060,Moderate Risk,3,27.158002853393555,0.110212,Minepits/Industry,Low Density Urban,0.3541,0.061900,0.7790,0.90,#FFAA00
0.4134,Moderate Risk,3,32.06509017944336,0.106722,Minepits/Industry,Low Density Urban,0.3541,0.073085,0.7994,0.90,#FFAA00
0.3249,Moderate Risk,3,21.480321884155273,0.107794,Natural Vegetation,Low Density Urban,0.3541,0.048959,0.7931,0.10,#FFAA00
0.3410,Moderate Risk,3,18.8724422454834,0.092518,Natural Vegetation,Low Density Urban,0.3541,0.043015,0.8822,0.10,#FFAA00
0.4226,Moderate Risk,3,19.61467933654785,0.091531,Minepits/Industry,Low Density Urban,0.3541,0.044707,0.8879,0.90,#FFAA00
0.4364,Moderate Risk,3,28.996623992919922,0.085193,Minepits/Industry,Low Density Urban,0.3541,0.066091,0.9249,0.90,#FFAA00
0.3376,Moderate Risk,3,21.033416748046875,0.096721,Natural Vegetation,Low Density Urban,0.3541,0.047941,0.8577,0.10,#FFAA00
0.3369,Moderate Risk,3,12.80229663848877,0.092485,Natural Vegetation,Low Density Urban,0.3541,0.029180,0.8824,0.10,#FFAA00
0.4139,Moderate Risk,3,14.92597484588623,0.096296,Minepits/Industry,Low Density Urban,0.3541,0.034020,0.8601,0.90,#FFAA00
0.2922,Low Risk,2,13.075627326965332,0.130940,Natural Vegetation,Low Density Urban,0.3541,0.029803,0.6582,0.10,#FFDD88
0.3899,Moderate Risk,3,11.563700675964355,0.114913,Minepits/Industry,Low Density Urban,0.3541,0.026357,0.7516,0.90,#FFAA00
0.3753,Moderate Risk,3,15.651739120483398,0.112688,Bare Land,Low Density Urban,0.3541,0.035674,0.7646,0.70,#FFAA00
0.3703,Moderate Risk,3,10.353500366210938,0.113867,Bare Land,Low Density Urban,0.3541,0.023598,0.7577,0.70,#FFAA00
0.3564,Moderate Risk,3,4.492549896240234,0.122347,Bare Land,Peri-Urban / Sparse,0.3541,0.010240,0.7083,0.70,#FFAA00
0.3647,Moderate Risk,3,3.7859549522399902,0.114798,Bare Land,Peri-Urban / Sparse,0.3541,0.008629,0.7523,0.70,#FFAA00
0.3639,Moderate Risk,3,4.043755054473877,0.115597,Bare Land,Peri-Urban / Sparse,0.3541,0.009217,0.7476,0.70,#FFAA00
0.3627,Moderate Risk,3,4.82185173034668,0.117071,Bare Land,Peri-Urban / Sparse,0.3541,0.010990,0.7390,0.70,#FFAA00
0.3666,Moderate Risk,3,6.395354747772217,0.114692,Bare Land,Peri-Urban / Sparse,0.3541,0.014577,0.7529,0.70,#FFAA00
0.3195,Moderate Risk,3,11.495986938476562,,Bare Land,Low Density Urban,0.3541,0.026202,0.5000,0.70,#FFAA00
0.3279,Moderate Risk,3,6.45892858505249,0.147901,Bare Land,Peri-Urban / Sparse,0.3541,0.014722,0.5593,0.70,#FFAA00
0.3299,Moderate Risk,3,3.8157942295074463,0.144627,Bare Land,Peri-Urban / Sparse,0.3541,0.008697,0.5784,0.70,#FFAA00
0.3297,Moderate Risk,3,3.0655698776245117,0.144363,Bare Land,Peri-Urban / Sparse,0.3541,0.006987,0.5799,0.70,#FFAA00
0.3310,Moderate Risk,3,3.189246654510498,0.143374,Bare Land,Peri-Urban / Sparse,0.3541,0.007269,0.5857,0.70,#FFAA00
0.3324,Moderate Risk,3,3.795983076095581,0.142485,Bare Land,Peri-Urban / Sparse,0.3541,0.008652,0.5909,0.70,#FFAA00
0.3343,Moderate Risk,3,4.937687873840332,0.141533,Bare Land,Peri-Urban / Sparse,0.3541,0.011254,0.5964,0.70,#FFAA00
0.3368,Moderate Risk,3,5.240123748779297,0.139558,Bare Land,Peri-Urban / Sparse,0.3541,0.011944,0.6079,0.70,#FFAA00
0.3530,Moderate Risk,3,5.096674919128418,0.125628,Bare Land,Peri-Urban / Sparse,0.3541,0.011617,0.6892,0.70,#FFAA00
0.3620,Moderate Risk,3,4.900979042053223,0.117794,Bare Land,Peri-Urban / Sparse,0.3541,0.011171,0.7348,0.70,#FFAA00
0.3612,Moderate Risk,3,8.293678283691406,0.120440,Bare Land,Peri-Urban / Sparse,0.3541,0.018903,0.7194,0.70,#FFAA00
0.3727,Moderate Risk,3,13.03211784362793,0.113376,Bare Land,Low Density Urban,0.3541,0.029704,0.7606,0.70,#FFAA00
0.3801,Moderate Risk,3,18.55060577392578,0.110212,Bare Land,Low Density Urban,0.3541,0.042282,0.7790,0.70,#FFAA00
0.4161,Moderate Risk,3,24.91408920288086,0.100226,Minepits/Industry,Low Density Urban,0.3541,0.056786,0.8372,0.90,#FFAA00
0.3374,Moderate Risk,3,38.47015380859375,0.107049,Natural Vegetation,Low Density Urban,0.3541,0.087684,0.7975,0.10,#FFAA00
0.3901,Moderate Risk,3,34.941650390625,0.128401,Minepits/Industry,Low Density Urban,0.3541,0.079641,0.6730,0.90,#FFAA00
0.4187,Moderate Risk,3,78.67451477050781,0.129535,Minepits/Industry,Medium Density Urban,0.3541,0.179320,0.6664,0.90,#FFAA00
0.4503,Moderate Risk,3,58.806758880615234,0.099337,Built_up,Medium Density Urban,0.3541,0.134036,0.8424,1.00,#FFAA00
0.3622,Moderate Risk,3,52.7714958190918,0.094225,Natural Vegetation,Medium Density Urban,0.3541,0.120280,0.8722,0.10,#FFAA00
0.3894,Moderate Risk,3,85.02810668945312,0.089769,Natural Vegetation,Medium Density Urban,0.3541,0.193801,0.8982,0.10,#FFAA00
0.3733,Moderate Risk,3,58.22224044799805,0.087870,Natural Vegetation,Medium Density Urban,0.3541,0.132704,0.9093,0.10,#FFAA00
0.3672,Moderate Risk,3,52.22050476074219,0.089537,Natural Vegetation,Medium Density Urban,0.3541,0.119024,0.8995,0.10,#FFAA00
0.4331,Moderate Risk,3,42.90690231323242,0.096203,Minepits/Industry,Low Density Urban,0.3541,0.097796,0.8607,0.90,#FFAA00
0.4358,Moderate Risk,3,45.5538330078125,0.095473,Minepits/Industry,Low Density Urban,0.3541,0.103829,0.8649,0.90,#FFAA00
0.3740,Moderate Risk,3,22.087282180786133,0.134662,Minepits/Industry,Low Density Urban,0.3541,0.050343,0.6365,0.90,#FFAA00
0.3940,Moderate Risk,3,12.430602073669434,0.111921,Minepits/Industry,Low Density Urban,0.3541,0.028333,0.7691,0.90,#FFAA00
0.3888,Moderate Risk,3,11.230114936828613,0.115657,Minepits/Industry,Low Density Urban,0.3541,0.025596,0.7473,0.90,#FFAA00
0.3654,Moderate Risk,3,8.79979419708252,0.117147,Bare Land,Peri-Urban / Sparse,0.3541,0.020057,0.7386,0.70,#FFAA00
0.3623,Moderate Risk,3,6.339358806610107,0.118307,Bare Land,Peri-Urban / Sparse,0.3541,0.014449,0.7318,0.70,#FFAA00
0.3661,Moderate Risk,3,5.040060520172119,0.114337,Bare Land,Peri-Urban / Sparse,0.3541,0.011488,0.7550,0.70,#FFAA00
0.3644,Moderate Risk,3,5.740898132324219,0.116186,Bare Land,Peri-Urban / Sparse,0.3541,0.013085,0.7442,0.70,#FFAA00
0.3651,Moderate Risk,3,5.677255630493164,0.115563,Bare Land,Peri-Urban / Sparse,0.3541,0.012940,0.7478,0.70,#FFAA00
0.3663,Moderate Risk,3,6.707836627960205,0.115122,Bare Land,Peri-Urban / Sparse,0.3541,0.015289,0.7504,0.70,#FFAA00
0.3279,Moderate Risk,3,4.55314302444458,0.146834,Bare Land,Peri-Urban / Sparse,0.3541,0.010378,0.5655,0.70,#FFAA00
0.3278,Moderate Risk,3,3.2387211322784424,0.146094,Bare Land,Peri-Urban / Sparse,0.3541,0.007382,0.5698,0.70,#FFAA00
0.3292,Moderate Risk,3,2.734025239944458,0.144611,Bare Land,Peri-Urban / Sparse,0.3541,0.006232,0.5785,0.70,#FFAA00
0.3294,Moderate Risk,3,2.655600070953369,0.144443,Bare Land,Peri-Urban / Sparse,0.3541,0.006053,0.5795,0.70,#FFAA00
0.3305,Moderate Risk,3,2.7734146118164062,0.143522,Bare Land,Peri-Urban / Sparse,0.3541,0.006321,0.5848,0.70,#FFAA00
0.3327,Moderate Risk,3,2.9920334815979004,0.141788,Bare Land,Peri-Urban / Sparse,0.3541,0.006820,0.5949,0.70,#FFAA00
0.3361,Moderate Risk,3,3.2006261348724365,0.138959,Bare Land,Peri-Urban / Sparse,0.3541,0.007295,0.6114,0.70,#FFAA00
0.3516,Moderate Risk,3,3.2753028869628906,0.125683,Bare Land,Peri-Urban / Sparse,0.3541,0.007465,0.6888,0.70,#FFAA00
0.3613,Moderate Risk,3,3.3863046169281006,0.117472,Bare Land,Peri-Urban / Sparse,0.3541,0.007718,0.7367,0.70,#FFAA00
0.3688,Moderate Risk,3,4.277606964111328,0.111511,Bare Land,Peri-Urban / Sparse,0.3541,0.009750,0.7714,0.70,#FFAA00
0.3710,Moderate Risk,3,6.6905012130737305,0.111129,Bare Land,Peri-Urban / Sparse,0.3541,0.015249,0.7737,0.70,#FFAA00
0.3741,Moderate Risk,3,10.038479804992676,0.110418,Bare Land,Low Density Urban,0.3541,0.022880,0.7778,0.70,#FFAA00
0.3821,Moderate Risk,3,10.08531379699707,0.103587,Bare Land,Low Density Urban,0.3541,0.022987,0.8176,0.70,#FFAA00
0.4091,Moderate Risk,3,11.738240242004395,0.098478,Minepits/Industry,Low Density Urban,0.3541,0.026755,0.8474,0.90,#FFAA00
0.4085,Moderate Risk,3,11.886720657348633,0.099119,Minepits/Industry,Low Density Urban,0.3541,0.027093,0.8437,0.90,#FFAA00
0.4154,Moderate Risk,3,19.358116149902344,0.097606,Minepits/Industry,Low Density Urban,0.3541,0.044122,0.8525,0.90,#FFAA00
0.4277,Moderate Risk,3,51.26941680908203,0.105764,Minepits/Industry,Medium Density Urban,0.3541,0.116857,0.8049,0.90,#FFAA00
0.4559,Moderate Risk,3,91.19633483886719,0.104991,Minepits/Industry,Medium Density Urban,0.3541,0.207860,0.8095,0.90,#FFAA00
0.4692,Moderate Risk,3,85.88337707519531,0.090466,Minepits/Industry,Medium Density Urban,0.3541,0.195751,0.8941,0.90,#FFAA00
0.4658,Moderate Risk,3,82.39278411865234,0.091326,Minepits/Industry,Medium Density Urban,0.3541,0.187795,0.8891,0.90,#FFAA00
0.4628,Moderate Risk,3,74.07066345214844,0.088992,Minepits/Industry,Medium Density Urban,0.3541,0.168827,0.9027,0.90,#FFAA00
0.4783,Moderate Risk,3,104.39706420898438,0.093540,Minepits/Industry,High Density Urban,0.3541,0.237948,0.8762,0.90,#FFAA00
0.3722,Moderate Risk,3,76.41417694091797,0.099492,Natural Vegetation,Medium Density Urban,0.3541,0.174168,0.8415,0.10,#FFAA00
0.3731,Moderate Risk,3,21.172229766845703,0.134897,Minepits/Industry,Low Density Urban,0.3541,0.048257,0.6351,0.90,#FFAA00
0.4089,Moderate Risk,3,12.897713661193848,0.099350,Minepits/Industry,Low Density Urban,0.3541,0.029397,0.8423,0.90,#FFAA00
0.3305,Moderate Risk,3,10.591094970703125,0.165301,Minepits/Industry,Low Density Urban,0.3541,0.024140,0.4579,0.90,#FFAA00
0.2510,Low Risk,2,9.441266059875488,0.215658,Bare Land,Peri-Urban / Sparse,0.3541,0.021519,0.1643,0.70,#FFDD88
0.3650,Moderate Risk,3,8.123841285705566,0.117038,Bare Land,Peri-Urban / Sparse,0.3541,0.018516,0.7392,0.70,#FFAA00
0.3834,Moderate Risk,3,5.854556083679199,0.117152,Minepits/Industry,Peri-Urban / Sparse,0.3541,0.013344,0.7386,0.90,#FFAA00
0.3814,Moderate Risk,3,3.9638655185699463,0.117766,Minepits/Industry,Peri-Urban / Sparse,0.3541,0.009035,0.7350,0.90,#FFAA00
0.3643,Moderate Risk,3,3.5798656940460205,0.115002,Bare Land,Peri-Urban / Sparse,0.3541,0.008159,0.7511,0.70,#FFAA00
0.3613,Moderate Risk,3,3.5057687759399414,0.117578,Bare Land,Peri-Urban / Sparse,0.3541,0.007991,0.7361,0.70,#FFAA00
0.3282,Moderate Risk,3,4.219819068908691,0.146301,Bare Land,Peri-Urban / Sparse,0.3541,0.009618,0.5686,0.70,#FFAA00
0.3285,Moderate Risk,3,2.9776926040649414,0.145357,Bare Land,Peri-Urban / Sparse,0.3541,0.006787,0.5741,0.70,#FFAA00
0.3311,Moderate Risk,3,2.6305153369903564,0.142924,Bare Land,Peri-Urban / Sparse,0.3541,0.005996,0.5883,0.70,#FFAA00
0.3313,Moderate Risk,3,2.4717462062835693,0.142671,Bare Land,Peri-Urban / Sparse,0.3541,0.005634,0.5898,0.70,#FFAA00
0.3329,Moderate Risk,3,2.491550922393799,0.141330,Bare Land,Peri-Urban / Sparse,0.3541,0.005679,0.5976,0.70,#FFAA00
0.3322,Moderate Risk,3,2.6103432178497314,0.141986,Bare Land,Peri-Urban / Sparse,0.3541,0.005950,0.5938,0.70,#FFAA00
0.3355,Moderate Risk,3,2.760648488998413,0.139250,Bare Land,Peri-Urban / Sparse,0.3541,0.006292,0.6097,0.70,#FFAA00
0.3501,Moderate Risk,3,3.099929094314575,0.126903,Bare Land,Peri-Urban / Sparse,0.3541,0.007066,0.6817,0.70,#FFAA00
0.3642,Moderate Risk,3,3.346235990524292,0.114981,Bare Land,Peri-Urban / Sparse,0.3541,0.007627,0.7512,0.70,#FFAA00
0.3691,Moderate Risk,3,5.348363399505615,0.111925,Bare Land,Peri-Urban / Sparse,0.3541,0.012190,0.7690,0.70,#FFAA00
0.3723,Moderate Risk,3,11.856249809265137,0.113020,Bare Land,Low Density Urban,0.3541,0.027024,0.7627,0.70,#FFAA00
0.3756,Moderate Risk,3,29.56828498840332,0.120600,Bare Land,Low Density Urban,0.3541,0.067394,0.7185,0.70,#FFAA00
0.3818,Moderate Risk,3,14.830999374389648,0.106618,Bare Land,Low Density Urban,0.3541,0.033804,0.8000,0.70,#FFAA00
0.3842,Moderate Risk,3,10.335522651672363,0.119043,Minepits/Industry,Low Density Urban,0.3541,0.023557,0.7275,0.90,#FFAA00
0.4036,Moderate Risk,3,9.2222318649292,0.101747,Minepits/Industry,Peri-Urban / Sparse,0.3541,0.021020,0.8284,0.90,#FFAA00
0.4029,Moderate Risk,3,8.338781356811523,0.101850,Minepits/Industry,Peri-Urban / Sparse,0.3541,0.019006,0.8278,0.90,#FFAA00
0.4067,Moderate Risk,3,10.815238952636719,0.100025,Minepits/Industry,Low Density Urban,0.3541,0.024651,0.8384,0.90,#FFAA00
0.4141,Moderate Risk,3,22.00318145751953,0.100281,Minepits/Industry,Low Density Urban,0.3541,0.050151,0.8369,0.90,#FFAA00
0.4209,Moderate Risk,3,29.385221481323242,0.098789,Minepits/Industry,Low Density Urban,0.3541,0.066977,0.8456,0.90,#FFAA00
0.4563,Moderate Risk,3,60.299583435058594,0.095073,Built_up,Medium Density Urban,0.3541,0.137439,0.8673,1.00,#FFAA00
0.4493,Moderate Risk,3,65.91756439208984,0.095783,Minepits/Industry,Medium Density Urban,0.3541,0.150243,0.8631,0.90,#FFAA00
0.4503,Moderate Risk,3,71.11254119873047,0.097981,Minepits/Industry,Medium Density Urban,0.3541,0.162084,0.8503,0.90,#FFAA00
0.4422,Moderate Risk,3,49.23252487182617,0.092121,Minepits/Industry,Low Density Urban,0.3541,0.112214,0.8845,0.90,#FFAA00
0.4190,Moderate Risk,3,22.397733688354492,0.096267,Minepits/Industry,Low Density Urban,0.3541,0.051050,0.8603,0.90,#FFAA00
0.3769,Moderate Risk,3,15.18897819519043,0.128196,Minepits/Industry,Low Density Urban,0.3541,0.034620,0.6742,0.90,#FFAA00
0.3620,Moderate Risk,3,9.911304473876953,0.137862,Minepits/Industry,Peri-Urban / Sparse,0.3541,0.022590,0.6178,0.90,#FFAA00
0.4057,Moderate Risk,3,7.737245082855225,0.099110,Minepits/Industry,Peri-Urban / Sparse,0.3541,0.017635,0.8437,0.90,#FFAA00
0.3652,Moderate Risk,3,6.491035461425781,0.115963,Bare Land,Peri-Urban / Sparse,0.3541,0.014795,0.7455,0.70,#FFAA00
0.3831,Moderate Risk,3,4.646940231323242,0.116632,Minepits/Industry,Peri-Urban / Sparse,0.3541,0.010592,0.7416,0.90,#FFAA00
0.3892,Moderate Risk,3,3.2039058208465576,0.110633,Minepits/Industry,Peri-Urban / Sparse,0.3541,0.007303,0.7766,0.90,#FFAA00
0.3601,Moderate Risk,3,2.916342258453369,0.118214,Bare Land,Peri-Urban / Sparse,0.3541,0.006647,0.7324,0.70,#FFAA00
0.3643,Moderate Risk,3,2.813168525695801,0.114570,Bare Land,Peri-Urban / Sparse,0.3541,0.006412,0.7536,0.70,#FFAA00
0.3573,Moderate Risk,3,4.643070220947266,0.138805,Minepits/Industry,Peri-Urban / Sparse,0.3541,0.010583,0.6123,0.90,#FFAA00
0.3270,Moderate Risk,3,3.34428334236145,0.146816,Bare Land,Peri-Urban / Sparse,0.3541,0.007623,0.5656,0.70,#FFAA00
0.3270,Moderate Risk,3,2.757718086242676,0.146494,Bare Land,Peri-Urban / Sparse,0.3541,0.006286,0.5675,0.70,#FFAA00
0.3315,Moderate Risk,3,2.761781692504883,0.142618,Bare Land,Peri-Urban / Sparse,0.3541,0.006295,0.5901,0.70,#FFAA00
0.3328,Moderate Risk,3,2.9137349128723145,0.141643,Bare Land,Peri-Urban / Sparse,0.3541,0.006641,0.5958,0.70,#FFAA00
0.3349,Moderate Risk,3,3.094115734100342,0.139983,Bare Land,Peri-Urban / Sparse,0.3541,0.007052,0.6055,0.70,#FFAA00
0.3360,Moderate Risk,3,2.894341230392456,0.138914,Bare Land,Peri-Urban / Sparse,0.3541,0.006597,0.6117,0.70,#FFAA00
0.3388,Moderate Risk,3,2.7379584312438965,0.136384,Bare Land,Peri-Urban / Sparse,0.3541,0.006241,0.6264,0.70,#FFAA00
0.3497,Moderate Risk,3,2.850090503692627,0.127120,Bare Land,Peri-Urban / Sparse,0.3541,0.006496,0.6805,0.70,#FFAA00
0.3620,Moderate Risk,3,3.5764853954315186,0.117000,Bare Land,Peri-Urban / Sparse,0.3541,0.008152,0.7394,0.70,#FFAA00
0.3680,Moderate Risk,3,6.981807231903076,0.113871,Bare Land,Peri-Urban / Sparse,0.3541,0.015913,0.7577,0.70,#FFAA00
0.3701,Moderate Risk,3,12.961221694946289,0.115545,Bare Land,Low Density Urban,0.3541,0.029542,0.7479,0.70,#FFAA00
0.3721,Moderate Risk,3,15.58395004272461,0.115331,Bare Land,Low Density Urban,0.3541,0.035520,0.7492,0.70,#FFAA00
0.3889,Moderate Risk,3,11.305082321166992,0.115563,Minepits/Industry,Low Density Urban,0.3541,0.025767,0.7478,0.90,#FFAA00
0.3941,Moderate Risk,3,8.94660472869873,0.109779,Minepits/Industry,Peri-Urban / Sparse,0.3541,0.020392,0.7815,0.90,#FFAA00
0.3926,Moderate Risk,3,8.404465675354004,0.110725,Minepits/Industry,Peri-Urban / Sparse,0.3541,0.019156,0.7760,0.90,#FFAA00
0.4022,Moderate Risk,3,7.574155330657959,0.101995,Minepits/Industry,Peri-Urban / Sparse,0.3541,0.017263,0.8269,0.90,#FFAA00
0.4032,Moderate Risk,3,8.625639915466309,0.101795,Minepits/Industry,Peri-Urban / Sparse,0.3541,0.019660,0.8281,0.90,#FFAA00
0.4113,Moderate Risk,3,20.407121658325195,0.101695,Minepits/Industry,Low Density Urban,0.3541,0.046513,0.8287,0.90,#FFAA00
0.4176,Moderate Risk,3,21.78695297241211,0.097151,Minepits/Industry,Low Density Urban,0.3541,0.049658,0.8552,0.90,#FFAA00
0.4262,Moderate Risk,3,26.00693702697754,0.092233,Minepits/Industry,Low Density Urban,0.3541,0.059277,0.8838,0.90,#FFAA00
0.4365,Moderate Risk,3,36.911094665527344,0.089782,Minepits/Industry,Low Density Urban,0.3541,0.084130,0.8981,0.90,#FFAA00
0.4090,Moderate Risk,3,36.27458190917969,0.112963,Minepits/Industry,Low Density Urban,0.3541,0.082679,0.7630,0.90,#FFAA00
0.3691,Moderate Risk,3,22.355737686157227,0.139015,Minepits/Industry,Low Density Urban,0.3541,0.050955,0.6111,0.90,#FFAA00
0.4035,Moderate Risk,3,15.376901626586914,0.105487,Minepits/Industry,Low Density Urban,0.3541,0.035048,0.8066,0.90,#FFAA00
0.4090,Moderate Risk,3,12.651999473571777,0.099191,Minepits/Industry,Low Density Urban,0.3541,0.028837,0.8433,0.90,#FFAA00
0.4088,Moderate Risk,3,9.971548080444336,0.097733,Minepits/Industry,Peri-Urban / Sparse,0.3541,0.022728,0.8518,0.90,#FFAA00
0.4056,Moderate Risk,3,6.362235069274902,0.098352,Minepits/Industry,Peri-Urban / Sparse,0.3541,0.014501,0.8482,0.90,#FFAA00
0.3648,Moderate Risk,3,4.086583137512207,0.114910,Bare Land,Peri-Urban / Sparse,0.3541,0.009314,0.7516,0.70,#FFAA00
0.3789,Moderate Risk,3,3.2493577003479004,0.119464,Minepits/Industry,Peri-Urban / Sparse,0.3541,0.007406,0.7251,0.90,#FFAA00
0.3673,Moderate Risk,3,2.947960138320923,0.112066,Bare Land,Peri-Urban / Sparse,0.3541,0.006719,0.7682,0.70,#FFAA00
0.3626,Moderate Risk,3,2.857003688812256,0.116029,Bare Land,Peri-Urban / Sparse,0.3541,0.006512,0.7451,0.70,#FFAA00
0.3827,Moderate Risk,3,2.8052234649658203,0.115933,Minepits/Industry,Peri-Urban / Sparse,0.3541,0.006394,0.7457,0.90,#FFAA00
0.2936,Low Risk,2,2.7996222972869873,,Unknown,Peri-Urban / Sparse,0.3541,0.006381,0.5000,0.50,#FFDD88
0.3281,Moderate Risk,3,2.5648529529571533,0.145509,Bare Land,Peri-Urban / Sparse,0.3541,0.005846,0.5733,0.70,#FFAA00
0.3289,Moderate Risk,3,2.502660036087036,0.144771,Bare Land,Peri-Urban / Sparse,0.3541,0.005704,0.5776,0.70,#FFAA00
0.3305,Moderate Risk,3,2.707965850830078,0.143536,Bare Land,Peri-Urban / Sparse,0.3541,0.006172,0.5848,0.70,#FFAA00
0.3330,Moderate Risk,3,3.2872612476348877,0.141715,Bare Land,Peri-Urban / Sparse,0.3541,0.007493,0.5954,0.70,#FFAA00
0.3352,Moderate Risk,3,3.760608196258545,0.140070,Bare Land,Peri-Urban / Sparse,0.3541,0.008571,0.6050,0.70,#FFAA00
0.3379,Moderate Risk,3,3.200540065765381,0.137383,Bare Land,Peri-Urban / Sparse,0.3541,0.007295,0.6206,0.70,#FFAA00
0.3367,Moderate Risk,3,2.6702160835266113,0.138111,Bare Land,Peri-Urban / Sparse,0.3541,0.006086,0.6164,0.70,#FFAA00
0.3399,Moderate Risk,3,2.6011996269226074,0.135359,Bare Land,Peri-Urban / Sparse,0.3541,0.005929,0.6324,0.70,#FFAA00
0.3542,Moderate Risk,3,2.932326555252075,0.123305,Bare Land,Peri-Urban / Sparse,0.3541,0.006684,0.7027,0.70,#FFAA00
0.3615,Moderate Risk,3,4.961334705352783,0.118260,Bare Land,Peri-Urban / Sparse,0.3541,0.011308,0.7321,0.70,#FFAA00
0.3697,Moderate Risk,3,7.741827011108398,0.112845,Bare Land,Peri-Urban / Sparse,0.3541,0.017646,0.7637,0.70,#FFAA00
0.3746,Moderate Risk,3,8.29143238067627,0.108908,Bare Land,Peri-Urban / Sparse,0.3541,0.018898,0.7866,0.70,#FFAA00
0.3944,Moderate Risk,3,6.546607971191406,0.108067,Minepits/Industry,Peri-Urban / Sparse,0.3541,0.014921,0.7915,0.90,#FFAA00
0.3962,Moderate Risk,3,5.357285499572754,0.105878,Minepits/Industry,Peri-Urban / Sparse,0.3541,0.012211,0.8043,0.90,#FFAA00
0.3904,Moderate Risk,3,4.781911373138428,0.110471,Minepits/Industry,Peri-Urban / Sparse,0.3541,0.010899,0.7775,0.90,#FFAA00
0.3135,Moderate Risk,3,5.320728778839111,0.108132,Natural Vegetation,Peri-Urban / Sparse,0.3541,0.012127,0.7911,0.10,#FFAA00
0.3989,Moderate Risk,3,8.35843563079834,0.105319,Minepits/Industry,Peri-Urban / Sparse,0.3541,0.019051,0.8075,0.90,#FFAA00
0.3957,Moderate Risk,3,12.35229206085205,0.110368,Minepits/Industry,Low Density Urban,0.3541,0.028154,0.7781,0.90,#FFAA00
0.3395,Moderate Risk,3,14.679689407348633,0.099940,Oasis Agriculture/Palm,Low Density Urban,0.3541,0.033459,0.8389,0.20,#FFAA00
0.4168,Moderate Risk,3,17.457883834838867,0.095257,Minepits/Industry,Low Density Urban,0.3541,0.039791,0.8662,0.90,#FFAA00
0.4268,Moderate Risk,3,29.313840866088867,0.093638,Minepits/Industry,Low Density Urban,0.3541,0.066814,0.8756,0.90,#FFAA00
0.4300,Moderate Risk,3,30.21009635925293,0.091467,Minepits/Industry,Low Density Urban,0.3541,0.068857,0.8883,0.90,#FFAA00
0.4078,Moderate Risk,3,19.309019088745117,0.104089,Minepits/Industry,Low Density Urban,0.3541,0.044010,0.8147,0.90,#FFAA00
0.4035,Moderate Risk,3,13.497716903686523,0.104306,Minepits/Industry,Low Density Urban,0.3541,0.030765,0.8134,0.90,#FFAA00
0.3992,Moderate Risk,3,12.035099029541016,0.107218,Minepits/Industry,Low Density Urban,0.3541,0.027431,0.7965,0.90,#FFAA00
0.4057,Moderate Risk,3,13.55513858795166,0.102514,Minepits/Industry,Low Density Urban,0.3541,0.030896,0.8239,0.90,#FFAA00
0.4077,Moderate Risk,3,14.773417472839355,0.101469,Minepits/Industry,Low Density Urban,0.3541,0.033673,0.8300,0.90,#FFAA00
0.3933,Moderate Risk,3,7.16170597076416,0.109360,Minepits/Industry,Peri-Urban / Sparse,0.3541,0.016323,0.7840,0.90,#FFAA00
0.3792,Moderate Risk,3,4.23392391204834,0.119767,Minepits/Industry,Peri-Urban / Sparse,0.3541,0.009650,0.7233,0.90,#FFAA00
0.3596,Moderate Risk,3,3.0780413150787354,0.118749,Bare Land,Peri-Urban / Sparse,0.3541,0.007016,0.7293,0.70,#FFAA00
0.3679,Moderate Risk,3,2.760962963104248,0.111440,Bare Land,Peri-Urban / Sparse,0.3541,0.006293,0.7719,0.70,#FFAA00
0.3662,Moderate Risk,3,2.645049571990967,0.112829,Bare Land,Peri-Urban / Sparse,0.3541,0.006029,0.7638,0.70,#FFAA00
0.2932,Low Risk,2,2.2158777713775635,,Unknown,Peri-Urban / Sparse,0.3541,0.005051,0.5000,0.50,#FFDD88
0.3275,Moderate Risk,3,2.188035488128662,0.145720,Bare Land,Peri-Urban / Sparse,0.3541,0.004987,0.5720,0.70,#FFAA00
0.3292,Moderate Risk,3,2.172822952270508,0.144295,Bare Land,Peri-Urban / Sparse,0.3541,0.004952,0.5803,0.70,#FFAA00
0.3313,Moderate Risk,3,2.2650938034057617,0.142521,Bare Land,Peri-Urban / Sparse,0.3541,0.005163,0.5907,0.70,#FFAA00
0.3345,Moderate Risk,3,2.306074619293213,0.139785,Bare Land,Peri-Urban / Sparse,0.3541,0.005256,0.6066,0.70,#FFAA00
0.3321,Moderate Risk,3,2.3847010135650635,0.141938,Bare Land,Peri-Urban / Sparse,0.3541,0.005435,0.5941,0.70,#FFAA00
0.3369,Moderate Risk,3,2.3089230060577393,0.137725,Bare Land,Peri-Urban / Sparse,0.3541,0.005263,0.6186,0.70,#FFAA00
0.3352,Moderate Risk,3,2.208144426345825,0.139140,Bare Land,Peri-Urban / Sparse,0.3541,0.005033,0.6104,0.70,#FFAA00
0.3374,Moderate Risk,3,2.2067267894744873,0.137287,Bare Land,Peri-Urban / Sparse,0.3541,0.005030,0.6212,0.70,#FFAA00
0.3512,Moderate Risk,3,2.2736542224884033,0.125501,Bare Land,Peri-Urban / Sparse,0.3541,0.005182,0.6899,0.70,#FFAA00
0.3565,Moderate Risk,3,2.51230788230896,0.121100,Bare Land,Peri-Urban / Sparse,0.3541,0.005726,0.7155,0.70,#FFAA00
0.3550,Moderate Risk,3,2.7274293899536133,0.122511,Bare Land,Peri-Urban / Sparse,0.3541,0.006217,0.7073,0.70,#FFAA00
0.3676,Moderate Risk,3,2.8053059577941895,0.111760,Bare Land,Peri-Urban / Sparse,0.3541,0.006394,0.7700,0.70,#FFAA00
0.3028,Moderate Risk,3,2.7661077976226807,0.115783,Natural Vegetation,Peri-Urban / Sparse,0.3541,0.006305,0.7465,0.10,#FFAA00
0.3045,Moderate Risk,3,3.0979108810424805,0.114540,Natural Vegetation,Peri-Urban / Sparse,0.3541,0.007061,0.7538,0.10,#FFAA00
0.3075,Moderate Risk,3,3.426295042037964,0.112146,Natural Vegetation,Peri-Urban / Sparse,0.3541,0.007809,0.7677,0.10,#FFAA00
0.3965,Moderate Risk,3,5.042661666870117,0.114000,Built_up,Peri-Urban / Sparse,0.3541,0.011494,0.7569,1.00,#FFAA00
0.3110,Moderate Risk,3,9.584465980529785,0.112765,Natural Vegetation,Peri-Urban / Sparse,0.3541,0.021846,0.7641,0.10,#FFAA00
0.3833,Moderate Risk,3,13.489858627319336,0.121665,Minepits/Industry,Low Density Urban,0.3541,0.030747,0.7123,0.90,#FFAA00
0.3269,Moderate Risk,3,15.670721054077148,0.102702,Natural Vegetation,Low Density Urban,0.3541,0.035718,0.8228,0.10,#FFAA00
0.3440,Moderate Risk,3,16.333127975463867,0.157081,Minepits/Industry,Low Density Urban,0.3541,0.037228,0.5058,0.90,#FFAA00
0.3994,Moderate Risk,3,19.73094367980957,0.111549,Minepits/Industry,Low Density Urban,0.3541,0.044972,0.7712,0.90,#FFAA00
0.4176,Moderate Risk,3,21.567859649658203,0.097023,Minepits/Industry,Low Density Urban,0.3541,0.049159,0.8559,0.90,#FFAA00
0.4245,Moderate Risk,3,28.911596298217773,0.095381,Minepits/Industry,Low Density Urban,0.3541,0.065897,0.8655,0.90,#FFAA00
0.4171,Moderate Risk,3,26.9634952545166,0.100585,Minepits/Industry,Low Density Urban,0.3541,0.061457,0.8351,0.90,#FFAA00
0.4162,Moderate Risk,3,15.963151931762695,0.094947,Minepits/Industry,Low Density Urban,0.3541,0.036384,0.8680,0.90,#FFAA00
0.4068,Moderate Risk,3,13.001709938049316,0.101234,Minepits/Industry,Low Density Urban,0.3541,0.029634,0.8314,0.90,#FFAA00
0.4087,Moderate Risk,3,19.812828063964844,0.103633,Minepits/Industry,Low Density Urban,0.3541,0.045159,0.8174,0.90,#FFAA00
0.4034,Moderate Risk,3,21.481639862060547,0.109109,Minepits/Industry,Low Density Urban,0.3541,0.048962,0.7854,0.90,#FFAA00
0.3942,Moderate Risk,3,8.166272163391113,0.109225,Minepits/Industry,Peri-Urban / Sparse,0.3541,0.018613,0.7848,0.90,#FFAA00
0.3689,Moderate Risk,3,3.513502597808838,0.110994,Bare Land,Peri-Urban / Sparse,0.3541,0.008008,0.7745,0.70,#FFAA00
0.3572,Moderate Risk,3,2.5551493167877197,0.120467,Bare Land,Peri-Urban / Sparse,0.3541,0.005824,0.7192,0.70,#FFAA00
0.3822,Moderate Risk,3,2.326108932495117,0.116083,Minepits/Industry,Peri-Urban / Sparse,0.3541,0.005302,0.7448,0.90,#FFAA00
0.2931,Low Risk,2,2.084120750427246,,Unknown,Peri-Urban / Sparse,0.3541,0.004750,0.5000,0.50,#FFDD88
0.3270,Moderate Risk,3,2.0660290718078613,0.146084,Bare Land,Peri-Urban / Sparse,0.3541,0.004709,0.5699,0.70,#FFAA00
0.3293,Moderate Risk,3,2.0475523471832275,0.144162,Bare Land,Peri-Urban / Sparse,0.3541,0.004667,0.5811,0.70,#FFAA00
0.3309,Moderate Risk,3,2.053659439086914,0.142768,Bare Land,Peri-Urban / Sparse,0.3541,0.004681,0.5892,0.70,#FFAA00
0.3336,Moderate Risk,3,1.9652541875839233,0.140360,Bare Land,Peri-Urban / Sparse,0.3541,0.004479,0.6033,0.70,#FFAA00
0.3330,Moderate Risk,3,1.9831771850585938,0.140904,Bare Land,Peri-Urban / Sparse,0.3541,0.004520,0.6001,0.70,#FFAA00
0.3363,Moderate Risk,3,2.0352187156677246,0.138121,Bare Land,Peri-Urban / Sparse,0.3541,0.004639,0.6163,0.70,#FFAA00
0.3368,Moderate Risk,3,1.964577317237854,0.137656,Bare Land,Peri-Urban / Sparse,0.3541,0.004478,0.6190,0.70,#FFAA00
0.3375,Moderate Risk,3,2.0011258125305176,0.137098,Bare Land,Peri-Urban / Sparse,0.3541,0.004561,0.6223,0.70,#FFAA00
0.3505,Moderate Risk,3,2.060297727584839,0.125941,Bare Land,Peri-Urban / Sparse,0.3541,0.004696,0.6873,0.70,#FFAA00
0.3515,Moderate Risk,3,2.1605544090270996,0.125153,Bare Land,Peri-Urban / Sparse,0.3541,0.004924,0.6919,0.70,#FFAA00
0.3560,Moderate Risk,3,2.0856313705444336,0.121235,Bare Land,Peri-Urban / Sparse,0.3541,0.004754,0.7148,0.70,#FFAA00
0.3587,Moderate Risk,3,2.1342642307281494,0.118940,Bare Land,Peri-Urban / Sparse,0.3541,0.004865,0.7281,0.70,#FFAA00
0.3583,Moderate Risk,3,2.3134844303131104,0.119424,Bare Land,Peri-Urban / Sparse,0.3541,0.005273,0.7253,0.70,#FFAA00
0.3012,Moderate Risk,3,2.8763632774353027,0.117222,Natural Vegetation,Peri-Urban / Sparse,0.3541,0.006556,0.7382,0.10,#FFAA00
0.3977,Moderate Risk,3,3.4554662704467773,0.111976,Built_up,Peri-Urban / Sparse,0.3541,0.007876,0.7687,1.00,#FFAA00
0.3956,Moderate Risk,3,4.782059669494629,0.114630,Built_up,Peri-Urban / Sparse,0.3541,0.010900,0.7533,1.00,#FFAA00
0.3115,Moderate Risk,3,10.2509765625,0.112770,Natural Vegetation,Low Density Urban,0.3541,0.023365,0.7641,0.10,#FFAA00
0.3267,Moderate Risk,3,12.69684886932373,0.101153,Natural Vegetation,Low Density Urban,0.3541,0.028939,0.8318,0.10,#FFAA00
0.3998,Moderate Risk,3,10.273200988769531,0.105596,Minepits/Industry,Low Density Urban,0.3541,0.023415,0.8059,0.90,#FFAA00
0.3691,Moderate Risk,3,9.277915000915527,0.131421,Minepits/Industry,Peri-Urban / Sparse,0.3541,0.021147,0.6554,0.90,#FFAA00
0.4061,Moderate Risk,3,9.5114164352417,0.099771,Minepits/Industry,Peri-Urban / Sparse,0.3541,0.021679,0.8399,0.90,#FFAA00
0.4133,Moderate Risk,3,9.782735824584961,0.093795,Minepits/Industry,Peri-Urban / Sparse,0.3541,0.022297,0.8747,0.90,#FFAA00
0.4174,Moderate Risk,3,13.317473411560059,0.092318,Minepits/Industry,Low Density Urban,0.3541,0.030354,0.8833,0.90,#FFAA00
0.4230,Moderate Risk,3,24.80409812927246,0.094294,Minepits/Industry,Low Density Urban,0.3541,0.056535,0.8718,0.90,#FFAA00
0.4137,Moderate Risk,3,17.785850524902344,0.098146,Minepits/Industry,Low Density Urban,0.3541,0.040539,0.8494,0.90,#FFAA00
0.4095,Moderate Risk,3,9.710418701171875,0.097030,Minepits/Industry,Peri-Urban / Sparse,0.3541,0.022133,0.8559,0.90,#FFAA00
0.4100,Moderate Risk,3,10.430611610412598,0.097005,Minepits/Industry,Low Density Urban,0.3541,0.023774,0.8560,0.90,#FFAA00
0.4063,Moderate Risk,3,12.372422218322754,0.101286,Minepits/Industry,Low Density Urban,0.3541,0.028200,0.8311,0.90,#FFAA00
0.3912,Moderate Risk,3,7.157864570617676,0.111212,Minepits/Industry,Peri-Urban / Sparse,0.3541,0.016315,0.7732,0.90,#FFAA00
0.3918,Moderate Risk,3,3.253391981124878,0.108378,Minepits/Industry,Peri-Urban / Sparse,0.3541,0.007415,0.7897,0.90,#FFAA00
0.3911,Moderate Risk,3,2.37251353263855,0.108468,Minepits/Industry,Peri-Urban / Sparse,0.3541,0.005408,0.7892,0.90,#FFAA00
0.3857,Moderate Risk,3,2.1546847820281982,0.113005,Minepits/Industry,Peri-Urban / Sparse,0.3541,0.004911,0.7627,0.90,#FFAA00
0.3284,Moderate Risk,3,2.04349684715271,0.144927,Bare Land,Peri-Urban / Sparse,0.3541,0.004658,0.5766,0.70,#FFAA00
0.3296,Moderate Risk,3,2.0240743160247803,0.143860,Bare Land,Peri-Urban / Sparse,0.3541,0.004613,0.5829,0.70,#FFAA00
0.3282,Moderate Risk,3,2.0101828575134277,0.145043,Bare Land,Peri-Urban / Sparse,0.3541,0.004582,0.5760,0.70,#FFAA00
0.3333,Moderate Risk,3,1.9044595956802368,0.140619,Bare Land,Peri-Urban / Sparse,0.3541,0.004341,0.6018,0.70,#FFAA00
0.3328,Moderate Risk,3,1.8946776390075684,0.141080,Bare Land,Peri-Urban / Sparse,0.3541,0.004318,0.5991,0.70,#FFAA00
0.3322,Moderate Risk,3,1.916948914527893,0.141533,Bare Land,Peri-Urban / Sparse,0.3541,0.004369,0.5964,0.70,#FFAA00
0.3347,Moderate Risk,3,1.9125263690948486,0.139374,Bare Land,Peri-Urban / Sparse,0.3541,0.004359,0.6090,0.70,#FFAA00
0.3368,Moderate Risk,3,1.9444997310638428,0.137637,Bare Land,Peri-Urban / Sparse,0.3541,0.004432,0.6191,0.70,#FFAA00
0.3475,Moderate Risk,3,1.9740924835205078,0.128504,Bare Land,Peri-Urban / Sparse,0.3541,0.004499,0.6724,0.70,#FFAA00
0.3487,Moderate Risk,3,1.9797312021255493,0.127431,Bare Land,Peri-Urban / Sparse,0.3541,0.004512,0.6786,0.70,#FFAA00
0.3503,Moderate Risk,3,2.016324758529663,0.126100,Bare Land,Peri-Urban / Sparse,0.3541,0.004596,0.6864,0.70,#FFAA00
0.3557,Moderate Risk,3,2.136272668838501,0.121543,Bare Land,Peri-Urban / Sparse,0.3541,0.004869,0.7130,0.70,#FFAA00
0.3617,Moderate Risk,3,2.683638572692871,0.116721,Bare Land,Peri-Urban / Sparse,0.3541,0.006117,0.7411,0.70,#FFAA00
0.3035,Moderate Risk,3,4.039718151092529,0.115968,Natural Vegetation,Peri-Urban / Sparse,0.3541,0.009208,0.7455,0.10,#FFAA00
0.3042,Moderate Risk,3,5.147683143615723,0.115982,Natural Vegetation,Peri-Urban / Sparse,0.3541,0.011733,0.7454,0.10,#FFAA00
0.3010,Moderate Risk,3,6.356844902038574,0.119504,Natural Vegetation,Peri-Urban / Sparse,0.3541,0.014489,0.7249,0.10,#FFAA00
0.3146,Moderate Risk,3,7.099171161651611,0.108214,Natural Vegetation,Peri-Urban / Sparse,0.3541,0.016181,0.7907,0.10,#FFAA00
0.3131,Moderate Risk,3,6.189362525939941,0.108979,Natural Vegetation,Peri-Urban / Sparse,0.3541,0.014107,0.7862,0.10,#FFAA00
0.3699,Moderate Risk,3,5.449933052062988,0.128483,Minepits/Industry,Peri-Urban / Sparse,0.3541,0.012422,0.6725,0.90,#FFAA00
0.4058,Moderate Risk,3,4.4542388916015625,0.097083,Minepits/Industry,Peri-Urban / Sparse,0.3541,0.010152,0.8556,0.90,#FFAA00
0.3906,Moderate Risk,3,4.23821496963501,0.109960,Minepits/Industry,Peri-Urban / Sparse,0.3541,0.009660,0.7805,0.90,#FFAA00
0.4088,Moderate Risk,3,5.199197292327881,0.094953,Minepits/Industry,Peri-Urban / Sparse,0.3541,0.011850,0.8680,0.90,#FFAA00
0.4050,Moderate Risk,3,6.717002868652344,0.099136,Minepits/Industry,Peri-Urban / Sparse,0.3541,0.015310,0.8436,0.90,#FFAA00
0.4016,Moderate Risk,3,9.330801010131836,0.103504,Minepits/Industry,Peri-Urban / Sparse,0.3541,0.021267,0.8181,0.90,#FFAA00
0.4085,Moderate Risk,3,7.528836727142334,0.096532,Minepits/Industry,Peri-Urban / Sparse,0.3541,0.017160,0.8588,0.90,#FFAA00
0.4048,Moderate Risk,3,4.459049701690674,0.097935,Minepits/Industry,Peri-Urban / Sparse,0.3541,0.010163,0.8506,0.90,#FFAA00
0.4037,Moderate Risk,3,3.961028575897217,0.098553,Minepits/Industry,Peri-Urban / Sparse,0.3541,0.009028,0.8470,0.90,#FFAA00
0.4032,Moderate Risk,3,3.8215818405151367,0.098967,Minepits/Industry,Peri-Urban / Sparse,0.3541,0.008710,0.8446,0.90,#FFAA00
0.3915,Moderate Risk,3,3.3344497680664062,0.108725,Minepits/Industry,Peri-Urban / Sparse,0.3541,0.007600,0.7877,0.90,#FFAA00
0.3905,Moderate Risk,3,2.537067413330078,0.109076,Minepits/Industry,Peri-Urban / Sparse,0.3541,0.005783,0.7856,0.90,#FFAA00
0.3881,Moderate Risk,3,2.211419105529785,0.110972,Minepits/Industry,Peri-Urban / Sparse,0.3541,0.005040,0.7746,0.90,#FFAA00
0.3926,Moderate Risk,3,2.106954336166382,0.106983,Minepits/Industry,Peri-Urban / Sparse,0.3541,0.004802,0.7978,0.90,#FFAA00
0.2930,Low Risk,2,2.0222339630126953,,Unknown,Peri-Urban / Sparse,0.3541,0.004609,0.5000,0.50,#FFDD88
0.3297,Moderate Risk,3,2.032438039779663,0.143753,Bare Land,Peri-Urban / Sparse,0.3541,0.004632,0.5835,0.70,#FFAA00
0.3306,Moderate Risk,3,2.0337331295013428,0.143023,Bare Land,Peri-Urban / Sparse,0.3541,0.004635,0.5877,0.70,#FFAA00
0.3294,Moderate Risk,3,2.0087459087371826,0.144059,Bare Land,Peri-Urban / Sparse,0.3541,0.004578,0.5817,0.70,#FFAA00
0.3337,Moderate Risk,3,1.881029486656189,0.140216,Bare Land,Peri-Urban / Sparse,0.3541,0.004287,0.6041,0.70,#FFAA00
0.3329,Moderate Risk,3,1.8678672313690186,0.140905,Bare Land,Peri-Urban / Sparse,0.3541,0.004257,0.6001,0.70,#FFAA00
0.3326,Moderate Risk,3,1.8873701095581055,0.141212,Bare Land,Peri-Urban / Sparse,0.3541,0.004302,0.5983,0.70,#FFAA00
0.3357,Moderate Risk,3,1.9025503396987915,0.138557,Bare Land,Peri-Urban / Sparse,0.3541,0.004336,0.6138,0.70,#FFAA00
0.3354,Moderate Risk,3,1.932815670967102,0.138814,Bare Land,Peri-Urban / Sparse,0.3541,0.004405,0.6123,0.70,#FFAA00
0.3424,Moderate Risk,3,1.9440118074417114,0.132841,Bare Land,Peri-Urban / Sparse,0.3541,0.004431,0.6471,0.70,#FFAA00
0.3437,Moderate Risk,3,1.9455989599227905,0.131765,Bare Land,Peri-Urban / Sparse,0.3541,0.004435,0.6534,0.70,#FFAA00
0.3503,Moderate Risk,3,1.9958528280258179,0.126046,Bare Land,Peri-Urban / Sparse,0.3541,0.004549,0.6867,0.70,#FFAA00
0.3605,Moderate Risk,3,2.173687696456909,0.117449,Bare Land,Peri-Urban / Sparse,0.3541,0.004954,0.7368,0.70,#FFAA00
0.3013,Moderate Risk,3,2.5804593563079834,0.117007,Natural Vegetation,Peri-Urban / Sparse,0.3541,0.005882,0.7394,0.10,#FFAA00
0.3038,Moderate Risk,3,3.7441980838775635,0.115525,Natural Vegetation,Peri-Urban / Sparse,0.3541,0.008534,0.7480,0.10,#FFAA00
0.3946,Moderate Risk,3,5.246944904327393,0.115687,Built_up,Peri-Urban / Sparse,0.3541,0.011959,0.7471,1.00,#FFAA00
0.3907,Moderate Risk,3,7.565237998962402,0.120475,Built_up,Peri-Urban / Sparse,0.3541,0.017243,0.7192,1.00,#FFAA00
0.4132,Moderate Risk,3,8.773599624633789,0.101818,Built_up,Peri-Urban / Sparse,0.3541,0.019997,0.8280,1.00,#FFAA00
0.3255,Moderate Risk,3,7.81191873550415,0.099275,Natural Vegetation,Peri-Urban / Sparse,0.3541,0.017805,0.8428,0.10,#FFAA00
0.4028,Moderate Risk,3,7.288703918457031,0.101353,Minepits/Industry,Peri-Urban / Sparse,0.3541,0.016613,0.8307,0.90,#FFAA00
0.3404,Moderate Risk,3,6.086089611053467,0.154149,Minepits/Industry,Peri-Urban / Sparse,0.3541,0.013872,0.5229,0.90,#FFAA00
0.3731,Moderate Risk,3,5.110261917114258,0.125503,Minepits/Industry,Peri-Urban / Sparse,0.3541,0.011648,0.6899,0.90,#FFAA00
0.4031,Moderate Risk,3,5.640927314758301,0.100067,Minepits/Industry,Peri-Urban / Sparse,0.3541,0.012857,0.8382,0.90,#FFAA00
0.4097,Moderate Risk,3,6.334733009338379,0.094852,Minepits/Industry,Peri-Urban / Sparse,0.3541,0.014439,0.8686,0.90,#FFAA00
0.4063,Moderate Risk,3,5.2989397048950195,0.097115,Minepits/Industry,Peri-Urban / Sparse,0.3541,0.012078,0.8554,0.90,#FFAA00
0.4029,Moderate Risk,3,4.133438587188721,0.099335,Minepits/Industry,Peri-Urban / Sparse,0.3541,0.009421,0.8424,0.90,#FFAA00
0.3999,Moderate Risk,3,2.6893155574798584,0.101129,Minepits/Industry,Peri-Urban / Sparse,0.3541,0.006130,0.8320,0.90,#FFAA00
0.4011,Moderate Risk,3,2.4923348426818848,0.099959,Minepits/Industry,Peri-Urban / Sparse,0.3541,0.005681,0.8388,0.90,#FFAA00
0.4035,Moderate Risk,3,2.464120864868164,0.097870,Minepits/Industry,Peri-Urban / Sparse,0.3541,0.005616,0.8510,0.90,#FFAA00
0.3965,Moderate Risk,3,2.3558764457702637,0.103805,Minepits/Industry,Peri-Urban / Sparse,0.3541,0.005370,0.8164,0.90,#FFAA00
0.3913,Moderate Risk,3,2.2201805114746094,0.108251,Minepits/Industry,Peri-Urban / Sparse,0.3541,0.005060,0.7905,0.90,#FFAA00
0.3927,Moderate Risk,3,2.1103103160858154,0.106958,Minepits/Industry,Peri-Urban / Sparse,0.3541,0.004810,0.7980,0.90,#FFAA00
0.3910,Moderate Risk,3,2.0878994464874268,0.108403,Minepits/Industry,Peri-Urban / Sparse,0.3541,0.004759,0.7896,0.90,#FFAA00
0.2930,Low Risk,2,2.0206005573272705,,Unknown,Peri-Urban / Sparse,0.3541,0.004605,0.5000,0.50,#FFDD88
0.3306,Moderate Risk,3,2.0129034519195557,0.143026,Bare Land,Peri-Urban / Sparse,0.3541,0.004588,0.5877,0.70,#FFAA00
0.3290,Moderate Risk,3,2.016624689102173,0.144399,Bare Land,Peri-Urban / Sparse,0.3541,0.004596,0.5797,0.70,#FFAA00
0.3289,Moderate Risk,3,1.9817677736282349,0.144428,Bare Land,Peri-Urban / Sparse,0.3541,0.004517,0.5796,0.70,#FFAA00
0.3325,Moderate Risk,3,1.8791056871414185,0.141274,Bare Land,Peri-Urban / Sparse,0.3541,0.004283,0.5979,0.70,#FFAA00
0.3319,Moderate Risk,3,1.8730976581573486,0.141774,Bare Land,Peri-Urban / Sparse,0.3541,0.004269,0.5950,0.70,#FFAA00
0.3328,Moderate Risk,3,1.875233769416809,0.140988,Bare Land,Peri-Urban / Sparse,0.3541,0.004274,0.5996,0.70,#FFAA00
0.3317,Moderate Risk,3,1.8914247751235962,0.141970,Bare Land,Peri-Urban / Sparse,0.3541,0.004311,0.5939,0.70,#FFAA00
0.3372,Moderate Risk,3,1.9353508949279785,0.137316,Bare Land,Peri-Urban / Sparse,0.3541,0.004411,0.6210,0.70,#FFAA00
0.3424,Moderate Risk,3,1.9419013261795044,0.132851,Bare Land,Peri-Urban / Sparse,0.3541,0.004426,0.6470,0.70,#FFAA00
0.3404,Moderate Risk,3,1.9411250352859497,0.134534,Bare Land,Peri-Urban / Sparse,0.3541,0.004424,0.6372,0.70,#FFAA00
0.3507,Moderate Risk,3,1.9976638555526733,0.125724,Bare Land,Peri-Urban / Sparse,0.3541,0.004553,0.6886,0.70,#FFAA00
0.3589,Moderate Risk,3,2.164886474609375,0.118849,Bare Land,Peri-Urban / Sparse,0.3541,0.004934,0.7287,0.70,#FFAA00
0.3024,Moderate Risk,3,2.267971992492676,0.115857,Natural Vegetation,Peri-Urban / Sparse,0.3541,0.005169,0.7461,0.10,#FFAA00
0.3924,Moderate Risk,3,2.4923858642578125,0.116039,Built_up,Peri-Urban / Sparse,0.3541,0.005681,0.7451,1.00,#FFAA00
0.3000,Low Risk,2,2.9077048301696777,0.118337,Natural Vegetation,Peri-Urban / Sparse,0.3541,0.006627,0.7317,0.10,#FFDD88
0.3098,Moderate Risk,3,5.3155083656311035,0.111326,Natural Vegetation,Peri-Urban / Sparse,0.3541,0.012115,0.7725,0.10,#FFAA00
0.4148,Moderate Risk,3,10.090458869934082,0.101265,Built_up,Low Density Urban,0.3541,0.022999,0.8312,1.00,#FFAA00
0.2398,Low Risk,2,14.005496978759766,0.176487,Natural Vegetation,Low Density Urban,0.3541,0.031922,0.3927,0.10,#FFDD88
0.2674,Low Risk,2,15.803248405456543,0.222462,Minepits/Industry,Low Density Urban,0.3541,0.036020,0.1247,0.90,#FFDD88
0.2792,Low Risk,2,10.835212707519531,0.209419,Minepits/Industry,Low Density Urban,0.3541,0.024696,0.2007,0.90,#FFDD88
0.2365,Low Risk,2,7.061460971832275,0.243845,Minepits/Industry,Peri-Urban / Sparse,0.3541,0.016095,0.0000,0.90,#FFDD88
0.3065,Moderate Risk,3,6.714032173156738,0.114941,Natural Vegetation,Peri-Urban / Sparse,0.3541,0.015303,0.7515,0.10,#FFAA00
0.4076,Moderate Risk,3,7.310519218444824,0.097233,Minepits/Industry,Peri-Urban / Sparse,0.3541,0.016663,0.8547,0.90,#FFAA00
0.4067,Moderate Risk,3,6.323529243469238,0.097426,Minepits/Industry,Peri-Urban / Sparse,0.3541,0.014413,0.8536,0.90,#FFAA00
0.4037,Moderate Risk,3,3.7553417682647705,0.098491,Minepits/Industry,Peri-Urban / Sparse,0.3541,0.008559,0.8473,0.90,#FFAA00
0.3978,Moderate Risk,3,2.606717348098755,0.102865,Minepits/Industry,Peri-Urban / Sparse,0.3541,0.005941,0.8218,0.90,#FFAA00
0.3991,Moderate Risk,3,2.4088666439056396,0.101647,Minepits/Industry,Peri-Urban / Sparse,0.3541,0.005490,0.8289,0.90,#FFAA00
0.3992,Moderate Risk,3,2.336122989654541,0.101525,Minepits/Industry,Peri-Urban / Sparse,0.3541,0.005325,0.8297,0.90,#FFAA00
0.3994,Moderate Risk,3,2.2147557735443115,0.101228,Minepits/Industry,Peri-Urban / Sparse,0.3541,0.005048,0.8314,0.90,#FFAA00
0.3935,Moderate Risk,3,2.1134591102600098,0.106294,Minepits/Industry,Peri-Urban / Sparse,0.3541,0.004817,0.8019,0.90,#FFAA00
0.3905,Moderate Risk,3,2.079376220703125,0.108791,Minepits/Industry,Peri-Urban / Sparse,0.3541,0.004739,0.7873,0.90,#FFAA00
0.3869,Moderate Risk,3,2.051677703857422,0.111837,Minepits/Industry,Peri-Urban / Sparse,0.3541,0.004676,0.7695,0.90,#FFAA00
0.3274,Moderate Risk,3,2.038806676864624,0.145769,Bare Land,Peri-Urban / Sparse,0.3541,0.004647,0.5717,0.70,#FFAA00
0.3307,Moderate Risk,3,2.019853115081787,0.142876,Bare Land,Peri-Urban / Sparse,0.3541,0.004604,0.5886,0.70,#FFAA00
0.3300,Moderate Risk,3,1.999712586402893,0.143473,Bare Land,Peri-Urban / Sparse,0.3541,0.004558,0.5851,0.70,#FFAA00
0.3282,Moderate Risk,3,1.9352202415466309,0.145030,Bare Land,Peri-Urban / Sparse,0.3541,0.004411,0.5760,0.70,#FFAA00
0.3329,Moderate Risk,3,1.8505592346191406,0.140879,Bare Land,Peri-Urban / Sparse,0.3541,0.004218,0.6002,0.70,#FFAA00
0.3318,Moderate Risk,3,1.8564642667770386,0.141834,Bare Land,Peri-Urban / Sparse,0.3541,0.004231,0.5947,0.70,#FFAA00
0.3334,Moderate Risk,3,1.8538970947265625,0.140505,Bare Land,Peri-Urban / Sparse,0.3541,0.004226,0.6024,0.70,#FFAA00
0.3365,Moderate Risk,3,1.8690775632858276,0.137829,Bare Land,Peri-Urban / Sparse,0.3541,0.004260,0.6180,0.70,#FFAA00
0.3356,Moderate Risk,3,1.9197213649749756,0.138653,Bare Land,Peri-Urban / Sparse,0.3541,0.004376,0.6132,0.70,#FFAA00
0.3390,Moderate Risk,3,1.9334399700164795,0.135773,Bare Land,Peri-Urban / Sparse,0.3541,0.004407,0.6300,0.70,#FFAA00
0.3451,Moderate Risk,3,1.9488775730133057,0.130530,Bare Land,Peri-Urban / Sparse,0.3541,0.004442,0.6606,0.70,#FFAA00
0.3513,Moderate Risk,3,2.00054931640625,0.125205,Bare Land,Peri-Urban / Sparse,0.3541,0.004560,0.6916,0.70,#FFAA00
0.3597,Moderate Risk,3,2.125347852706909,0.118128,Bare Land,Peri-Urban / Sparse,0.3541,0.004844,0.7329,0.70,#FFAA00
0.3604,Moderate Risk,3,2.1836254596710205,0.117509,Bare Land,Peri-Urban / Sparse,0.3541,0.004977,0.7365,0.70,#FFAA00
0.3001,Moderate Risk,3,2.234315872192383,0.117789,Natural Vegetation,Peri-Urban / Sparse,0.3541,0.005093,0.7348,0.10,#FFAA00
0.3041,Moderate Risk,3,2.53957200050354,0.114554,Natural Vegetation,Peri-Urban / Sparse,0.3541,0.005788,0.7537,0.10,#FFAA00
0.2392,Low Risk,2,4.71807336807251,0.171494,Natural Vegetation,Peri-Urban / Sparse,0.3541,0.010754,0.4218,0.10,#FFDD88
0.3159,Moderate Risk,3,8.570237159729004,0.107944,Natural Vegetation,Peri-Urban / Sparse,0.3541,0.019534,0.7922,0.10,#FFAA00
0.2733,Low Risk,2,10.889004707336426,0.145837,Natural Vegetation,Low Density Urban,0.3541,0.024819,0.5713,0.10,#FFDD88
0.2960,Low Risk,2,10.218953132629395,0.194629,Minepits/Industry,Low Density Urban,0.3541,0.023292,0.2869,0.90,#FFDD88
0.2773,Low Risk,2,7.749081611633301,0.209198,Minepits/Industry,Peri-Urban / Sparse,0.3541,0.017662,0.2020,0.90,#FFDD88
0.3588,Moderate Risk,3,6.539186954498291,0.138629,Minepits/Industry,Peri-Urban / Sparse,0.3541,0.014905,0.6134,0.90,#FFAA00
0.2661,Low Risk,2,7.150388717651367,0.218471,Minepits/Industry,Peri-Urban / Sparse,0.3541,0.016298,0.1479,0.90,#FFDD88
0.3658,Moderate Risk,3,9.078990936279297,0.134069,Minepits/Industry,Peri-Urban / Sparse,0.3541,0.020693,0.6399,0.90,#FFAA00
0.4053,Moderate Risk,3,8.977112770080566,0.100168,Minepits/Industry,Peri-Urban / Sparse,0.3541,0.020461,0.8376,0.90,#FFAA00
0.3805,Moderate Risk,3,5.107579231262207,0.102045,Bare Land,Peri-Urban / Sparse,0.3541,0.011642,0.8266,0.70,#FFAA00
0.3957,Moderate Risk,3,3.0140159130096436,0.104897,Minepits/Industry,Peri-Urban / Sparse,0.3541,0.006870,0.8100,0.90,#FFAA00
0.3964,Moderate Risk,3,2.484586000442505,0.103998,Minepits/Industry,Peri-Urban / Sparse,0.3541,0.005663,0.8152,0.90,#FFAA00
0.3943,Moderate Risk,3,2.3067429065704346,0.105673,Minepits/Industry,Peri-Urban / Sparse,0.3541,0.005258,0.8055,0.90,#FFAA00
0.3980,Moderate Risk,3,2.197366952896118,0.102462,Minepits/Industry,Peri-Urban / Sparse,0.3541,0.005008,0.8242,0.90,#FFAA00
0.3968,Moderate Risk,3,2.0914053916931152,0.103417,Minepits/Industry,Peri-Urban / Sparse,0.3541,0.004767,0.8186,0.90,#FFAA00
0.3689,Moderate Risk,3,2.03788685798645,0.110126,Bare Land,Peri-Urban / Sparse,0.3541,0.004645,0.7795,0.70,#FFAA00
0.3911,Moderate Risk,3,2.0248939990997314,0.108228,Minepits/Industry,Peri-Urban / Sparse,0.3541,0.004615,0.7906,0.90,#FFAA00
0.3130,Moderate Risk,3,1.999600887298584,,Bare Land,Peri-Urban / Sparse,0.3541,0.004558,0.5000,0.70,#FFAA00
0.3308,Moderate Risk,3,2.0126636028289795,0.142858,Bare Land,Peri-Urban / Sparse,0.3541,0.004587,0.5887,0.70,#FFAA00
0.3309,Moderate Risk,3,1.9990209341049194,0.142756,Bare Land,Peri-Urban / Sparse,0.3541,0.004556,0.5893,0.70,#FFAA00
0.3292,Moderate Risk,3,1.8765817880630493,0.144140,Bare Land,Peri-Urban / Sparse,0.3541,0.004277,0.5812,0.70,#FFAA00
0.3331,Moderate Risk,3,1.8218121528625488,0.140735,Bare Land,Peri-Urban / Sparse,0.3541,0.004152,0.6011,0.70,#FFAA00
0.3352,Moderate Risk,3,1.8163937330245972,0.138921,Bare Land,Peri-Urban / Sparse,0.3541,0.004140,0.6117,0.70,#FFAA00
0.3360,Moderate Risk,3,1.8062971830368042,0.138270,Bare Land,Peri-Urban / Sparse,0.3541,0.004117,0.6155,0.70,#FFAA00
0.3366,Moderate Risk,3,1.8381985425949097,0.137760,Bare Land,Peri-Urban / Sparse,0.3541,0.004190,0.6184,0.70,#FFAA00
0.3383,Moderate Risk,3,2.4594359397888184,0.136657,Bare Land,Peri-Urban / Sparse,0.3541,0.005606,0.6249,0.70,#FFAA00
0.3400,Moderate Risk,3,1.921028971672058,0.134872,Bare Land,Peri-Urban / Sparse,0.3541,0.004379,0.6353,0.70,#FFAA00
0.3456,Moderate Risk,3,1.9334027767181396,0.130086,Bare Land,Peri-Urban / Sparse,0.3541,0.004407,0.6632,0.70,#FFAA00
0.3574,Moderate Risk,3,1.9801524877548218,0.120008,Bare Land,Peri-Urban / Sparse,0.3541,0.004513,0.7219,0.70,#FFAA00
0.3561,Moderate Risk,3,2.079141139984131,0.121123,Bare Land,Peri-Urban / Sparse,0.3541,0.004739,0.7154,0.70,#FFAA00
0.3608,Moderate Risk,3,2.138373613357544,0.117186,Bare Land,Peri-Urban / Sparse,0.3541,0.004874,0.7384,0.70,#FFAA00
0.3874,Moderate Risk,3,2.207223415374756,0.120096,Built_up,Peri-Urban / Sparse,0.3541,0.005031,0.7214,1.00,#FFAA00
0.3030,Moderate Risk,3,2.8101494312286377,0.115683,Natural Vegetation,Peri-Urban / Sparse,0.3541,0.006405,0.7471,0.10,#FFAA00
0.2925,Low Risk,2,6.069116592407227,0.126559,Natural Vegetation,Peri-Urban / Sparse,0.3541,0.013833,0.6837,0.10,#FFDD88
0.3276,Moderate Risk,3,14.454475402832031,0.101403,Natural Vegetation,Low Density Urban,0.3541,0.032946,0.8304,0.10,#FFAA00
0.4166,Moderate Risk,3,28.82600212097168,0.102090,Minepits/Industry,Low Density Urban,0.3541,0.065702,0.8264,0.90,#FFAA00
0.3919,Moderate Risk,3,11.410489082336426,0.113061,Minepits/Industry,Low Density Urban,0.3541,0.026008,0.7624,0.90,#FFAA00
0.2585,Low Risk,2,8.375356674194336,0.225695,Minepits/Industry,Peri-Urban / Sparse,0.3541,0.019090,0.1058,0.90,#FFDD88
0.3150,Moderate Risk,3,7.083085536956787,0.176498,Minepits/Industry,Peri-Urban / Sparse,0.3541,0.016144,0.3926,0.90,#FFAA00
0.2854,Low Risk,2,7.740124225616455,0.202254,Minepits/Industry,Peri-Urban / Sparse,0.3541,0.017642,0.2425,0.90,#FFDD88
0.3740,Moderate Risk,3,13.529743194580078,0.129697,Minepits/Industry,Low Density Urban,0.3541,0.030838,0.6654,0.90,#FFAA00
0.3039,Moderate Risk,3,13.669692993164062,0.121252,Natural Vegetation,Low Density Urban,0.3541,0.031157,0.7147,0.10,#FFAA00
0.3954,Moderate Risk,3,6.735071659088135,0.107308,Minepits/Industry,Peri-Urban / Sparse,0.3541,0.015351,0.7959,0.90,#FFAA00
0.3759,Moderate Risk,3,4.430357456207275,0.105531,Bare Land,Peri-Urban / Sparse,0.3541,0.010098,0.8063,0.70,#FFAA00
0.3905,Moderate Risk,3,3.632395029067993,0.109748,Minepits/Industry,Peri-Urban / Sparse,0.3541,0.008279,0.7817,0.90,#FFAA00
0.3954,Moderate Risk,3,2.7400965690612793,0.105009,Minepits/Industry,Peri-Urban / Sparse,0.3541,0.006245,0.8094,0.90,#FFAA00
0.3962,Moderate Risk,3,2.2485737800598145,0.103980,Minepits/Industry,Peri-Urban / Sparse,0.3541,0.005125,0.8153,0.90,#FFAA00
0.3971,Moderate Risk,3,2.0926477909088135,0.103196,Minepits/Industry,Peri-Urban / Sparse,0.3541,0.004770,0.8199,0.90,#FFAA00
0.3675,Moderate Risk,3,2.0306594371795654,0.111346,Bare Land,Peri-Urban / Sparse,0.3541,0.004628,0.7724,0.70,#FFAA00
0.3698,Moderate Risk,3,2.002725601196289,0.109320,Bare Land,Peri-Urban / Sparse,0.3541,0.004565,0.7842,0.70,#FFAA00
0.2930,Low Risk,2,1.924823522567749,,Unknown,Peri-Urban / Sparse,0.3541,0.004387,0.5000,0.50,#FFDD88
0.3300,Moderate Risk,3,1.9430208206176758,0.143438,Bare Land,Peri-Urban / Sparse,0.3541,0.004429,0.5853,0.70,#FFAA00
0.3292,Moderate Risk,3,1.9258227348327637,0.144104,Bare Land,Peri-Urban / Sparse,0.3541,0.004389,0.5814,0.70,#FFAA00
0.3289,Moderate Risk,3,1.796348214149475,0.144322,Bare Land,Peri-Urban / Sparse,0.3541,0.004094,0.5802,0.70,#FFAA00
0.3324,Moderate Risk,3,1.7879273891448975,0.141319,Bare Land,Peri-Urban / Sparse,0.3541,0.004075,0.5977,0.70,#FFAA00
0.3346,Moderate Risk,3,1.783997893333435,0.139449,Bare Land,Peri-Urban / Sparse,0.3541,0.004066,0.6086,0.70,#FFAA00
0.3314,Moderate Risk,3,1.759429693222046,0.142132,Bare Land,Peri-Urban / Sparse,0.3541,0.004010,0.5929,0.70,#FFAA00
0.3348,Moderate Risk,3,1.7573540210723877,0.139270,Bare Land,Peri-Urban / Sparse,0.3541,0.004005,0.6096,0.70,#FFAA00
0.3375,Moderate Risk,3,1.8204452991485596,0.136930,Bare Land,Peri-Urban / Sparse,0.3541,0.004149,0.6233,0.70,#FFAA00
0.3389,Moderate Risk,3,1.844746470451355,0.135760,Bare Land,Peri-Urban / Sparse,0.3541,0.004205,0.6301,0.70,#FFAA00
0.3496,Moderate Risk,3,1.8776627779006958,0.126642,Bare Land,Peri-Urban / Sparse,0.3541,0.004280,0.6832,0.70,#FFAA00
0.3528,Moderate Risk,3,1.9402610063552856,0.123929,Bare Land,Peri-Urban / Sparse,0.3541,0.004422,0.6991,0.70,#FFAA00
0.3567,Moderate Risk,3,2.004767656326294,0.120602,Bare Land,Peri-Urban / Sparse,0.3541,0.004569,0.7185,0.70,#FFAA00
0.3610,Moderate Risk,3,2.0821287631988525,0.116982,Bare Land,Peri-Urban / Sparse,0.3541,0.004746,0.7396,0.70,#FFAA00
0.3940,Moderate Risk,3,2.255371570587158,0.114467,Built_up,Peri-Urban / Sparse,0.3541,0.005141,0.7542,1.00,#FFAA00
0.3102,Moderate Risk,3,3.0373969078063965,0.109632,Natural Vegetation,Peri-Urban / Sparse,0.3541,0.006923,0.7824,0.10,#FFAA00
0.3945,Moderate Risk,3,9.15965461730957,0.118082,Built_up,Peri-Urban / Sparse,0.3541,0.020877,0.7331,1.00,#FFAA00
0.3315,Moderate Risk,3,19.518892288208008,0.101029,Natural Vegetation,Low Density Urban,0.3541,0.044489,0.8326,0.10,#FFAA00
0.3336,Moderate Risk,3,43.203590393066406,0.113083,Natural Vegetation,Low Density Urban,0.3541,0.098472,0.7623,0.10,#FFAA00
0.3240,Moderate Risk,3,18.675090789794922,0.106976,Natural Vegetation,Low Density Urban,0.3541,0.042565,0.7979,0.10,#FFAA00
0.3119,Moderate Risk,3,9.132551193237305,0.111758,Natural Vegetation,Peri-Urban / Sparse,0.3541,0.020815,0.7700,0.10,#FFAA00
0.2554,Low Risk,2,6.867359638214111,0.158892,Natural Vegetation,Peri-Urban / Sparse,0.3541,0.015653,0.4952,0.10,#FFDD88
0.4009,Moderate Risk,3,7.7750325202941895,0.103228,Minepits/Industry,Peri-Urban / Sparse,0.3541,0.017721,0.8197,0.90,#FFAA00
0.4061,Moderate Risk,3,14.690820693969727,0.102835,Minepits/Industry,Low Density Urban,0.3541,0.033484,0.8220,0.90,#FFAA00
0.4254,Moderate Risk,3,12.753252983093262,0.093731,Built_up,Low Density Urban,0.3541,0.029068,0.8751,1.00,#FFAA00
0.4049,Moderate Risk,3,5.70311975479126,0.098546,Minepits/Industry,Peri-Urban / Sparse,0.3541,0.012999,0.8470,0.90,#FFAA00
0.3865,Moderate Risk,3,5.03369140625,0.113947,Minepits/Industry,Peri-Urban / Sparse,0.3541,0.011473,0.7572,0.90,#FFAA00
0.3943,Moderate Risk,3,5.004647254943848,0.107273,Minepits/Industry,Peri-Urban / Sparse,0.3541,0.011407,0.7962,0.90,#FFAA00
0.3868,Moderate Risk,3,3.1190755367279053,0.112619,Minepits/Industry,Peri-Urban / Sparse,0.3541,0.007109,0.7650,0.90,#FFAA00
0.3675,Moderate Risk,3,2.3566482067108154,0.111541,Bare Land,Peri-Urban / Sparse,0.3541,0.005371,0.7713,0.70,#FFAA00
0.3899,Moderate Risk,3,2.1220204830169678,0.109384,Minepits/Industry,Peri-Urban / Sparse,0.3541,0.004837,0.7838,0.90,#FFAA00
0.3734,Moderate Risk,3,2.0509426593780518,0.106315,Bare Land,Peri-Urban / Sparse,0.3541,0.004675,0.8017,0.70,#FFAA00
0.3681,Moderate Risk,3,2.0002825260162354,0.110820,Bare Land,Peri-Urban / Sparse,0.3541,0.004559,0.7755,0.70,#FFAA00
0.2926,Low Risk,2,1.3460338115692139,,Unknown,Peri-Urban / Sparse,0.3541,0.003068,0.5000,0.50,#FFDD88
0.3294,Moderate Risk,3,1.3726632595062256,0.143675,Bare Land,Peri-Urban / Sparse,0.3541,0.003129,0.5839,0.70,#FFAA00
0.3326,Moderate Risk,3,1.3774441480636597,0.140907,Bare Land,Peri-Urban / Sparse,0.3541,0.003140,0.6001,0.70,#FFAA00
0.3299,Moderate Risk,3,1.7066941261291504,0.143398,Bare Land,Peri-Urban / Sparse,0.3541,0.003890,0.5856,0.70,#FFAA00
0.3339,Moderate Risk,3,1.7487783432006836,0.140007,Bare Land,Peri-Urban / Sparse,0.3541,0.003986,0.6053,0.70,#FFAA00
0.3329,Moderate Risk,3,1.766305923461914,0.140834,Bare Land,Peri-Urban / Sparse,0.3541,0.004026,0.6005,0.70,#FFAA00
0.3329,Moderate Risk,3,1.7789448499679565,0.140885,Bare Land,Peri-Urban / Sparse,0.3541,0.004055,0.6002,0.70,#FFAA00
0.3344,Moderate Risk,3,1.780806303024292,0.139616,Bare Land,Peri-Urban / Sparse,0.3541,0.004059,0.6076,0.70,#FFAA00
0.3372,Moderate Risk,3,1.793617606163025,0.137208,Bare Land,Peri-Urban / Sparse,0.3541,0.004088,0.6216,0.70,#FFAA00
0.3442,Moderate Risk,3,1.8131147623062134,0.131235,Bare Land,Peri-Urban / Sparse,0.3541,0.004133,0.6565,0.70,#FFAA00
0.3530,Moderate Risk,3,1.8506474494934082,0.123714,Bare Land,Peri-Urban / Sparse,0.3541,0.004218,0.7003,0.70,#FFAA00
0.3573,Moderate Risk,3,1.9016268253326416,0.120043,Bare Land,Peri-Urban / Sparse,0.3541,0.004334,0.7217,0.70,#FFAA00
0.3576,Moderate Risk,3,1.9652109146118164,0.119783,Bare Land,Peri-Urban / Sparse,0.3541,0.004479,0.7232,0.70,#FFAA00
0.3605,Moderate Risk,3,2.035966396331787,0.117384,Bare Land,Peri-Urban / Sparse,0.3541,0.004641,0.7372,0.70,#FFAA00
0.2990,Low Risk,2,2.2545461654663086,0.118815,Natural Vegetation,Peri-Urban / Sparse,0.3541,0.005139,0.7289,0.10,#FFDD88
0.3098,Moderate Risk,3,3.21909761428833,0.110067,Natural Vegetation,Peri-Urban / Sparse,0.3541,0.007337,0.7799,0.10,#FFAA00
0.4037,Moderate Risk,3,12.446990966796875,0.112183,Built_up,Low Density Urban,0.3541,0.028370,0.7675,1.00,#FFAA00
0.4138,Moderate Risk,3,15.756793975830078,0.096843,Minepits/Industry,Low Density Urban,0.3541,0.035914,0.8570,0.90,#FFAA00
0.3329,Moderate Risk,3,12.24986457824707,0.095577,Natural Vegetation,Low Density Urban,0.3541,0.027921,0.8643,0.10,#FFAA00
0.4094,Moderate Risk,3,7.995320796966553,0.104605,Built_up,Peri-Urban / Sparse,0.3541,0.018223,0.8117,1.00,#FFAA00
0.3262,Moderate Risk,3,4.977911472320557,0.097060,Natural Vegetation,Peri-Urban / Sparse,0.3541,0.011346,0.8557,0.10,#FFAA00
0.3233,Moderate Risk,3,5.806171417236328,0.100035,Natural Vegetation,Peri-Urban / Sparse,0.3541,0.013234,0.8383,0.10,#FFAA00
0.2783,Low Risk,2,7.169390678405762,0.139450,Natural Vegetation,Peri-Urban / Sparse,0.3541,0.016341,0.6086,0.10,#FFDD88
0.3230,Moderate Risk,3,7.388976573944092,0.101214,Natural Vegetation,Peri-Urban / Sparse,0.3541,0.016841,0.8315,0.10,#FFAA00
0.4266,Moderate Risk,3,6.856199264526367,0.080607,Minepits/Industry,Peri-Urban / Sparse,0.3541,0.015627,0.9516,0.90,#FFAA00
0.4392,Moderate Risk,3,6.547863006591797,0.078253,Built_up,Peri-Urban / Sparse,0.3541,0.014924,0.9653,1.00,#FFAA00
0.3303,Moderate Risk,3,5.858291149139404,0.094065,Natural Vegetation,Peri-Urban / Sparse,0.3541,0.013353,0.8731,0.10,#FFAA00
0.3687,Moderate Risk,3,4.36372709274292,0.111719,Bare Land,Peri-Urban / Sparse,0.3541,0.009946,0.7702,0.70,#FFAA00
0.3732,Moderate Risk,3,2.813983201980591,0.106937,Bare Land,Peri-Urban / Sparse,0.3541,0.006414,0.7981,0.70,#FFAA00
0.3692,Moderate Risk,3,2.3234243392944336,0.110073,Bare Land,Peri-Urban / Sparse,0.3541,0.005296,0.7798,0.70,#FFAA00
0.3663,Moderate Risk,3,2.1516542434692383,0.112465,Bare Land,Peri-Urban / Sparse,0.3541,0.004904,0.7659,0.70,#FFAA00
0.3667,Moderate Risk,3,2.0639400482177734,0.112110,Bare Land,Peri-Urban / Sparse,0.3541,0.004704,0.7680,0.70,#FFAA00
0.3843,Moderate Risk,3,2.0015110969543457,0.114071,Minepits/Industry,Peri-Urban / Sparse,0.3541,0.004562,0.7565,0.90,#FFAA00
0.3340,Moderate Risk,3,0.5805221796035767,0.139236,Bare Land,Rural / Scattered,0.3541,0.001323,0.6098,0.70,#FFAA00
0.3283,Moderate Risk,3,0.588634192943573,0.144089,Bare Land,Rural / Scattered,0.3541,0.001342,0.5815,0.70,#FFAA00
0.3280,Moderate Risk,3,0.8633721470832825,0.144547,Bare Land,Rural / Scattered,0.3541,0.001968,0.5789,0.70,#FFAA00
0.3304,Moderate Risk,3,1.665499210357666,0.142943,Bare Land,Peri-Urban / Sparse,0.3541,0.003796,0.5882,0.70,#FFAA00
0.3332,Moderate Risk,3,1.7295897006988525,0.140635,Bare Land,Peri-Urban / Sparse,0.3541,0.003942,0.6017,0.70,#FFAA00
0.3318,Moderate Risk,3,1.7345750331878662,0.141763,Bare Land,Peri-Urban / Sparse,0.3541,0.003954,0.5951,0.70,#FFAA00
0.3320,Moderate Risk,3,1.738708257675171,0.141651,Bare Land,Peri-Urban / Sparse,0.3541,0.003963,0.5957,0.70,#FFAA00
0.3322,Moderate Risk,3,1.7570065259933472,0.141470,Bare Land,Peri-Urban / Sparse,0.3541,0.004005,0.5968,0.70,#FFAA00
0.3419,Moderate Risk,3,1.7949937582015991,0.133188,Bare Land,Peri-Urban / Sparse,0.3541,0.004091,0.6451,0.70,#FFAA00
0.3488,Moderate Risk,3,1.8171600103378296,0.127240,Bare Land,Peri-Urban / Sparse,0.3541,0.004142,0.6798,0.70,#FFAA00
0.3503,Moderate Risk,3,1.833004355430603,0.126024,Bare Land,Peri-Urban / Sparse,0.3541,0.004178,0.6868,0.70,#FFAA00
0.3512,Moderate Risk,3,1.8547316789627075,0.125187,Bare Land,Peri-Urban / Sparse,0.3541,0.004227,0.6917,0.70,#FFAA00
0.3532,Moderate Risk,3,1.899088978767395,0.123524,Bare Land,Peri-Urban / Sparse,0.3541,0.004329,0.7014,0.70,#FFAA00
0.3542,Moderate Risk,3,1.9363473653793335,0.122710,Bare Land,Peri-Urban / Sparse,0.3541,0.004413,0.7062,0.70,#FFAA00
0.3004,Moderate Risk,3,2.0332746505737305,0.117464,Natural Vegetation,Peri-Urban / Sparse,0.3541,0.004634,0.7367,0.10,#FFAA00
0.3669,Moderate Risk,3,2.1848063468933105,0.111929,Bare Land,Peri-Urban / Sparse,0.3541,0.004980,0.7690,0.70,#FFAA00
0.4020,Moderate Risk,3,3.1017303466796875,0.108086,Built_up,Peri-Urban / Sparse,0.3541,0.007070,0.7914,1.00,#FFAA00
0.4062,Moderate Risk,3,7.469926834106445,0.098514,Minepits/Industry,Peri-Urban / Sparse,0.3541,0.017026,0.8472,0.90,#FFAA00
0.4159,Moderate Risk,3,21.489168167114258,0.098396,Minepits/Industry,Low Density Urban,0.3541,0.048979,0.8479,0.90,#FFAA00
0.3248,Moderate Risk,3,8.265939712524414,0.100221,Natural Vegetation,Peri-Urban / Sparse,0.3541,0.018840,0.8373,0.10,#FFAA00
0.3259,Moderate Risk,3,4.399074554443359,0.096959,Natural Vegetation,Peri-Urban / Sparse,0.3541,0.010027,0.8563,0.10,#FFAA00
0.3255,Moderate Risk,3,5.565035820007324,0.097962,Natural Vegetation,Peri-Urban / Sparse,0.3541,0.012684,0.8504,0.10,#FFAA00
0.3096,Moderate Risk,3,7.131323337554932,0.112541,Natural Vegetation,Peri-Urban / Sparse,0.3541,0.016254,0.7654,0.10,#FFAA00
0.3764,Moderate Risk,3,7.741927146911621,0.124258,Minepits/Industry,Peri-Urban / Sparse,0.3541,0.017646,0.6971,0.90,#FFAA00
0.3264,Moderate Risk,3,8.116520881652832,0.098689,Natural Vegetation,Peri-Urban / Sparse,0.3541,0.018500,0.8462,0.10,#FFAA00
0.4115,Moderate Risk,3,9.727202415466309,0.095310,Minepits/Industry,Peri-Urban / Sparse,0.3541,0.022171,0.8659,0.90,#FFAA00
0.4121,Moderate Risk,3,7.758045196533203,0.102229,Built_up,Peri-Urban / Sparse,0.3541,0.017683,0.8256,1.00,#FFAA00
0.3779,Moderate Risk,3,5.048313140869141,0.121331,Minepits/Industry,Peri-Urban / Sparse,0.3541,0.011506,0.7142,0.90,#FFAA00
0.3862,Moderate Risk,3,3.0427095890045166,0.113070,Minepits/Industry,Peri-Urban / Sparse,0.3541,0.006935,0.7624,0.90,#FFAA00
0.3702,Moderate Risk,3,2.2063355445861816,0.109150,Bare Land,Peri-Urban / Sparse,0.3541,0.005029,0.7852,0.70,#FFAA00
0.3854,Moderate Risk,3,2.0754435062408447,0.113196,Minepits/Industry,Peri-Urban / Sparse,0.3541,0.004730,0.7616,0.90,#FFAA00
0.3959,Moderate Risk,3,2.056196689605713,0.104191,Minepits/Industry,Peri-Urban / Sparse,0.3541,0.004687,0.8141,0.90,#FFAA00
0.3673,Moderate Risk,3,2.0090692043304443,0.111505,Bare Land,Peri-Urban / Sparse,0.3541,0.004579,0.7715,0.70,#FFAA00
0.3120,Moderate Risk,3,0.5797158479690552,,Bare Land,Rural / Scattered,0.3541,0.001321,0.5000,0.70,#FFAA00
0.3297,Moderate Risk,3,0.5880467295646667,0.142949,Bare Land,Rural / Scattered,0.3541,0.001340,0.5882,0.70,#FFAA00
0.3287,Moderate Risk,3,1.0476479530334473,0.144028,Bare Land,Peri-Urban / Sparse,0.3541,0.002388,0.5819,0.70,#FFAA00
0.3320,Moderate Risk,3,1.7130433320999146,0.141639,Bare Land,Peri-Urban / Sparse,0.3541,0.003904,0.5958,0.70,#FFAA00
0.3350,Moderate Risk,3,1.7308905124664307,0.139056,Bare Land,Peri-Urban / Sparse,0.3541,0.003945,0.6109,0.70,#FFAA00
0.3312,Moderate Risk,3,1.7344837188720703,0.142315,Bare Land,Peri-Urban / Sparse,0.3541,0.003953,0.5919,0.70,#FFAA00
0.3334,Moderate Risk,3,1.7394434213638306,0.140411,Bare Land,Peri-Urban / Sparse,0.3541,0.003965,0.6030,0.70,#FFAA00
0.3333,Moderate Risk,3,1.7475310564041138,0.140501,Bare Land,Peri-Urban / Sparse,0.3541,0.003983,0.6024,0.70,#FFAA00
0.3478,Moderate Risk,3,1.7616347074508667,0.128049,Bare Land,Peri-Urban / Sparse,0.3541,0.004015,0.6750,0.70,#FFAA00
0.3524,Moderate Risk,3,1.7985647916793823,0.124169,Bare Land,Peri-Urban / Sparse,0.3541,0.004099,0.6977,0.70,#FFAA00
0.3509,Moderate Risk,3,1.819419026374817,0.125482,Bare Land,Peri-Urban / Sparse,0.3541,0.004147,0.6900,0.70,#FFAA00
0.3525,Moderate Risk,3,1.839809775352478,0.124120,Bare Land,Peri-Urban / Sparse,0.3541,0.004193,0.6979,0.70,#FFAA00
0.3550,Moderate Risk,3,1.8644390106201172,0.121959,Bare Land,Peri-Urban / Sparse,0.3541,0.004250,0.7105,0.70,#FFAA00
0.3536,Moderate Risk,3,1.895158052444458,0.123185,Bare Land,Peri-Urban / Sparse,0.3541,0.004320,0.7034,0.70,#FFAA00
0.3589,Moderate Risk,3,1.9163490533828735,0.118658,Bare Land,Peri-Urban / Sparse,0.3541,0.004368,0.7298,0.70,#FFAA00
0.3726,Moderate Risk,3,1.959965467453003,0.106973,Bare Land,Peri-Urban / Sparse,0.3541,0.004467,0.7979,0.70,#FFAA00
0.4018,Moderate Risk,3,2.2186756134033203,0.107782,Built_up,Peri-Urban / Sparse,0.3541,0.005057,0.7932,1.00,#FFAA00
0.4009,Moderate Risk,3,3.6191468238830566,0.100800,Minepits/Industry,Peri-Urban / Sparse,0.3541,0.008249,0.8339,0.90,#FFAA00
0.4025,Moderate Risk,3,5.679654121398926,0.100601,Minepits/Industry,Peri-Urban / Sparse,0.3541,0.012945,0.8350,0.90,#FFAA00
0.3217,Moderate Risk,3,4.344903469085693,0.100531,Natural Vegetation,Peri-Urban / Sparse,0.3541,0.009903,0.8355,0.10,#FFAA00
0.4149,Moderate Risk,3,3.3934531211853027,0.097245,Built_up,Peri-Urban / Sparse,0.3541,0.007735,0.8546,1.00,#FFAA00
0.4047,Moderate Risk,3,3.8645496368408203,0.097689,Minepits/Industry,Peri-Urban / Sparse,0.3541,0.008808,0.8520,0.90,#FFAA00
0.3303,Moderate Risk,3,6.619656562805176,0.094504,Natural Vegetation,Peri-Urban / Sparse,0.3541,0.015088,0.8706,0.10,#FFAA00
0.4141,Moderate Risk,3,10.1217622756958,0.093324,Minepits/Industry,Low Density Urban,0.3541,0.023070,0.8775,0.90,#FFAA00
0.4027,Moderate Risk,3,8.727078437805176,0.110842,Built_up,Peri-Urban / Sparse,0.3541,0.019891,0.7753,1.00,#FFAA00
0.3924,Moderate Risk,3,8.044987678527832,0.110709,Minepits/Industry,Peri-Urban / Sparse,0.3541,0.018337,0.7761,0.90,#FFAA00
0.3880,Moderate Risk,3,7.978062152862549,0.114443,Minepits/Industry,Peri-Urban / Sparse,0.3541,0.018184,0.7544,0.90,#FFAA00
0.3525,Moderate Risk,3,6.808576583862305,0.144221,Minepits/Industry,Peri-Urban / Sparse,0.3541,0.015519,0.5808,0.90,#FFAA00
0.3627,Moderate Risk,3,3.8399274349212646,0.116548,Bare Land,Peri-Urban / Sparse,0.3541,0.008752,0.7421,0.70,#FFAA00
0.3636,Moderate Risk,3,2.168851852416992,0.114796,Bare Land,Peri-Urban / Sparse,0.3541,0.004943,0.7523,0.70,#FFAA00
0.3664,Moderate Risk,3,2.0150387287139893,0.112282,Bare Land,Peri-Urban / Sparse,0.3541,0.004593,0.7670,0.70,#FFAA00
0.3828,Moderate Risk,3,2.016352415084839,0.115371,Minepits/Industry,Peri-Urban / Sparse,0.3541,0.004596,0.7489,0.90,#FFAA00
0.3812,Moderate Risk,3,1.9954845905303955,0.116723,Minepits/Industry,Peri-Urban / Sparse,0.3541,0.004548,0.7411,0.90,#FFAA00
0.3331,Moderate Risk,3,0.5830190181732178,0.140019,Bare Land,Rural / Scattered,0.3541,0.001329,0.6053,0.70,#FFAA00
0.3309,Moderate Risk,3,0.5938838124275208,0.141864,Bare Land,Rural / Scattered,0.3541,0.001354,0.5945,0.70,#FFAA00
0.3329,Moderate Risk,3,1.2786269187927246,0.140562,Bare Land,Peri-Urban / Sparse,0.3541,0.002914,0.6021,0.70,#FFAA00
0.3325,Moderate Risk,3,1.7357081174850464,0.141213,Bare Land,Peri-Urban / Sparse,0.3541,0.003956,0.5983,0.70,#FFAA00
0.3323,Moderate Risk,3,1.7277926206588745,0.141358,Bare Land,Peri-Urban / Sparse,0.3541,0.003938,0.5975,0.70,#FFAA00
0.3339,Moderate Risk,3,1.7419217824935913,0.140025,Bare Land,Peri-Urban / Sparse,0.3541,0.003970,0.6052,0.70,#FFAA00
0.3319,Moderate Risk,3,1.7263556718826294,0.141680,Bare Land,Peri-Urban / Sparse,0.3541,0.003935,0.5956,0.70,#FFAA00
0.3335,Moderate Risk,3,1.7208462953567505,0.140299,Bare Land,Peri-Urban / Sparse,0.3541,0.003922,0.6036,0.70,#FFAA00
0.3490,Moderate Risk,3,1.7417385578155518,0.127078,Bare Land,Peri-Urban / Sparse,0.3541,0.003970,0.6807,0.70,#FFAA00
0.3488,Moderate Risk,3,1.7682119607925415,0.127198,Bare Land,Peri-Urban / Sparse,0.3541,0.004030,0.6800,0.70,#FFAA00
0.3520,Moderate Risk,3,1.7973105907440186,0.124529,Bare Land,Peri-Urban / Sparse,0.3541,0.004097,0.6956,0.70,#FFAA00
0.3507,Moderate Risk,3,1.8136504888534546,0.125672,Bare Land,Peri-Urban / Sparse,0.3541,0.004134,0.6889,0.70,#FFAA00
0.3488,Moderate Risk,3,1.8378825187683105,0.127303,Bare Land,Peri-Urban / Sparse,0.3541,0.004189,0.6794,0.70,#FFAA00
0.3493,Moderate Risk,3,1.8608652353286743,0.126869,Bare Land,Peri-Urban / Sparse,0.3541,0.004241,0.6819,0.70,#FFAA00
0.3589,Moderate Risk,3,1.8715554475784302,0.118618,Bare Land,Peri-Urban / Sparse,0.3541,0.004266,0.7300,0.70,#FFAA00
0.3950,Moderate Risk,3,1.8924630880355835,0.113388,Built_up,Peri-Urban / Sparse,0.3541,0.004313,0.7605,1.00,#FFAA00
0.4013,Moderate Risk,3,1.9365606307983398,0.108057,Built_up,Peri-Urban / Sparse,0.3541,0.004414,0.7916,1.00,#FFAA00
0.4081,Moderate Risk,3,2.189255475997925,0.102399,Built_up,Peri-Urban / Sparse,0.3541,0.004990,0.8246,1.00,#FFAA00
0.4097,Moderate Risk,3,2.78527569770813,0.101325,Built_up,Peri-Urban / Sparse,0.3541,0.006348,0.8308,1.00,#FFAA00
0.4074,Moderate Risk,3,4.764883518218994,0.104427,Built_up,Peri-Urban / Sparse,0.3541,0.010860,0.8127,1.00,#FFAA00
0.4111,Moderate Risk,3,6.238012790679932,0.102179,Built_up,Peri-Urban / Sparse,0.3541,0.014218,0.8258,1.00,#FFAA00
0.4168,Moderate Risk,3,4.3665385246276855,0.096133,Built_up,Peri-Urban / Sparse,0.3541,0.009952,0.8611,1.00,#FFAA00
0.3288,Moderate Risk,3,5.215213298797607,0.094941,Natural Vegetation,Peri-Urban / Sparse,0.3541,0.011887,0.8680,0.10,#FFAA00
0.4120,Moderate Risk,3,9.630152702331543,0.094823,Minepits/Industry,Peri-Urban / Sparse,0.3541,0.021950,0.8687,0.90,#FFAA00
0.4074,Moderate Risk,3,8.11192512512207,0.097805,Minepits/Industry,Peri-Urban / Sparse,0.3541,0.018489,0.8513,0.90,#FFAA00
0.3974,Moderate Risk,3,7.277956485748291,0.105944,Minepits/Industry,Peri-Urban / Sparse,0.3541,0.016588,0.8039,0.90,#FFAA00
0.4017,Moderate Risk,3,6.1100664138793945,0.101541,Minepits/Industry,Peri-Urban / Sparse,0.3541,0.013926,0.8296,0.90,#FFAA00
0.3802,Moderate Risk,3,4.876347064971924,0.119262,Minepits/Industry,Peri-Urban / Sparse,0.3541,0.011114,0.7263,0.90,#FFAA00
0.3657,Moderate Risk,3,3.010960340499878,0.113476,Bare Land,Peri-Urban / Sparse,0.3541,0.006863,0.7600,0.70,#FFAA00
0.3648,Moderate Risk,3,2.199492931365967,0.113797,Bare Land,Peri-Urban / Sparse,0.3541,0.005013,0.7581,0.70,#FFAA00
0.3620,Moderate Risk,3,1.967253565788269,0.115990,Bare Land,Peri-Urban / Sparse,0.3541,0.004484,0.7453,0.70,#FFAA00
0.3645,Moderate Risk,3,1.951427698135376,0.113909,Bare Land,Peri-Urban / Sparse,0.3541,0.004448,0.7575,0.70,#FFAA00
0.3616,Moderate Risk,3,1.9387187957763672,0.116360,Bare Land,Peri-Urban / Sparse,0.3541,0.004419,0.7432,0.70,#FFAA00
0.3575,Moderate Risk,3,1.9059407711029053,0.119822,Bare Land,Peri-Urban / Sparse,0.3541,0.004344,0.7230,0.70,#FFAA00
0.3120,Moderate Risk,3,0.5899215340614319,,Bare Land,Rural / Scattered,0.3541,0.001345,0.5000,0.70,#FFAA00
0.3319,Moderate Risk,3,0.632883608341217,0.141082,Bare Land,Rural / Scattered,0.3541,0.001443,0.5991,0.70,#FFAA00
0.3361,Moderate Risk,3,1.4672634601593018,0.137957,Bare Land,Peri-Urban / Sparse,0.3541,0.003344,0.6173,0.70,#FFAA00
0.3322,Moderate Risk,3,1.7626019716262817,0.141449,Bare Land,Peri-Urban / Sparse,0.3541,0.004017,0.5969,0.70,#FFAA00
0.3304,Moderate Risk,3,1.740199089050293,0.142982,Bare Land,Peri-Urban / Sparse,0.3541,0.003966,0.5880,0.70,#FFAA00
0.3128,Moderate Risk,3,1.7472822666168213,,Bare Land,Peri-Urban / Sparse,0.3541,0.003983,0.5000,0.70,#FFAA00
0.3325,Moderate Risk,3,1.7284330129623413,0.141198,Bare Land,Peri-Urban / Sparse,0.3541,0.003940,0.5984,0.70,#FFAA00
0.3387,Moderate Risk,3,1.6817512512207031,0.135856,Bare Land,Peri-Urban / Sparse,0.3541,0.003833,0.6295,0.70,#FFAA00
0.3490,Moderate Risk,3,1.696050763130188,0.126998,Bare Land,Peri-Urban / Sparse,0.3541,0.003866,0.6812,0.70,#FFAA00
0.3473,Moderate Risk,3,1.7352783679962158,0.128487,Bare Land,Peri-Urban / Sparse,0.3541,0.003955,0.6725,0.70,#FFAA00
0.3490,Moderate Risk,3,1.768998622894287,0.127043,Bare Land,Peri-Urban / Sparse,0.3541,0.004032,0.6809,0.70,#FFAA00
0.3484,Moderate Risk,3,1.7867683172225952,0.127586,Bare Land,Peri-Urban / Sparse,0.3541,0.004073,0.6777,0.70,#FFAA00
0.3478,Moderate Risk,3,1.8088196516036987,0.128149,Bare Land,Peri-Urban / Sparse,0.3541,0.004123,0.6745,0.70,#FFAA00
0.3499,Moderate Risk,3,1.8236314058303833,0.126343,Bare Land,Peri-Urban / Sparse,0.3541,0.004157,0.6850,0.70,#FFAA00
0.3632,Moderate Risk,3,1.8299206495285034,0.114940,Bare Land,Peri-Urban / Sparse,0.3541,0.004171,0.7515,0.70,#FFAA00
0.3043,Moderate Risk,3,1.8348157405853271,0.113985,Natural Vegetation,Peri-Urban / Sparse,0.3541,0.004182,0.7570,0.10,#FFAA00
0.4006,Moderate Risk,3,1.8448249101638794,0.108619,Built_up,Peri-Urban / Sparse,0.3541,0.004205,0.7883,1.00,#FFAA00
0.4036,Moderate Risk,3,1.994886040687561,0.106137,Built_up,Peri-Urban / Sparse,0.3541,0.004547,0.8028,1.00,#FFAA00
0.4096,Moderate Risk,3,2.4075286388397217,0.101161,Built_up,Peri-Urban / Sparse,0.3541,0.005487,0.8318,1.00,#FFAA00
0.3097,Moderate Risk,3,3.577782392501831,0.110404,Natural Vegetation,Peri-Urban / Sparse,0.3541,0.008155,0.7779,0.10,#FFAA00
0.4047,Moderate Risk,3,4.364607334136963,0.106532,Built_up,Peri-Urban / Sparse,0.3541,0.009948,0.8005,1.00,#FFAA00
0.4116,Moderate Risk,3,2.8341426849365234,0.099745,Built_up,Peri-Urban / Sparse,0.3541,0.006460,0.8400,1.00,#FFAA00
0.4121,Moderate Risk,3,2.7893078327178955,0.099255,Built_up,Peri-Urban / Sparse,0.3541,0.006358,0.8429,1.00,#FFAA00
0.3256,Moderate Risk,3,3.767777681350708,0.096823,Natural Vegetation,Peri-Urban / Sparse,0.3541,0.008588,0.8571,0.10,#FFAA00
0.4110,Moderate Risk,3,5.1079487800598145,0.093013,Minepits/Industry,Peri-Urban / Sparse,0.3541,0.011642,0.8793,0.90,#FFAA00
0.4007,Moderate Risk,3,4.468080043792725,0.101505,Minepits/Industry,Peri-Urban / Sparse,0.3541,0.010184,0.8298,0.90,#FFAA00
0.3907,Moderate Risk,3,3.1621646881103516,0.109261,Minepits/Industry,Peri-Urban / Sparse,0.3541,0.007207,0.7846,0.90,#FFAA00
0.3605,Moderate Risk,3,2.8652195930480957,0.117891,Bare Land,Peri-Urban / Sparse,0.3541,0.006531,0.7343,0.70,#FFAA00
0.3574,Moderate Risk,3,2.628296375274658,0.120353,Bare Land,Peri-Urban / Sparse,0.3541,0.005991,0.7199,0.70,#FFAA00
0.3563,Moderate Risk,3,2.4439241886138916,0.121194,Bare Land,Peri-Urban / Sparse,0.3541,0.005570,0.7150,0.70,#FFAA00
0.3621,Moderate Risk,3,2.116939067840576,0.116048,Bare Land,Peri-Urban / Sparse,0.3541,0.004825,0.7450,0.70,#FFAA00
0.3625,Moderate Risk,3,1.9262012243270874,0.115615,Bare Land,Peri-Urban / Sparse,0.3541,0.004390,0.7475,0.70,#FFAA00
0.3570,Moderate Risk,3,1.86256742477417,0.120231,Bare Land,Peri-Urban / Sparse,0.3541,0.004245,0.7206,0.70,#FFAA00
0.3602,Moderate Risk,3,1.8551968336105347,0.117478,Bare Land,Peri-Urban / Sparse,0.3541,0.004228,0.7367,0.70,#FFAA00
0.3602,Moderate Risk,3,1.8551968336105347,0.117478,Bare Land,Peri-Urban / Sparse,0.3541,0.004228,0.7367,0.70,#FFAA00
0.3312,Moderate Risk,3,0.6081270575523376,0.141618,Bare Land,Rural / Scattered,0.3541,0.001386,0.5959,0.70,#FFAA00
0.3341,Moderate Risk,3,0.6641883254051208,0.139210,Bare Land,Rural / Scattered,0.3541,0.001514,0.6100,0.70,#FFAA00
0.3363,Moderate Risk,3,1.5385903120040894,0.137871,Bare Land,Peri-Urban / Sparse,0.3541,0.003507,0.6178,0.70,#FFAA00
0.3338,Moderate Risk,3,1.7833025455474854,0.140157,Bare Land,Peri-Urban / Sparse,0.3541,0.004065,0.6045,0.70,#FFAA00
0.3309,Moderate Risk,3,1.7702407836914062,0.142589,Bare Land,Peri-Urban / Sparse,0.3541,0.004035,0.5903,0.70,#FFAA00
0.3338,Moderate Risk,3,1.7528464794158936,0.140099,Bare Land,Peri-Urban / Sparse,0.3541,0.003995,0.6048,0.70,#FFAA00
0.3321,Moderate Risk,3,1.7417006492614746,0.141558,Bare Land,Peri-Urban / Sparse,0.3541,0.003970,0.5963,0.70,#FFAA00
0.3379,Moderate Risk,3,1.6914855241775513,0.136586,Bare Land,Peri-Urban / Sparse,0.3541,0.003855,0.6253,0.70,#FFAA00
0.3492,Moderate Risk,3,1.6802330017089844,0.126838,Bare Land,Peri-Urban / Sparse,0.3541,0.003830,0.6821,0.70,#FFAA00
0.3471,Moderate Risk,3,1.6849561929702759,0.128657,Bare Land,Peri-Urban / Sparse,0.3541,0.003840,0.6715,0.70,#FFAA00
0.3435,Moderate Risk,3,1.715030550956726,0.131756,Bare Land,Peri-Urban / Sparse,0.3541,0.003909,0.6534,0.70,#FFAA00
0.3497,Moderate Risk,3,1.754963994026184,0.126422,Bare Land,Peri-Urban / Sparse,0.3541,0.004000,0.6845,0.70,#FFAA00
0.3472,Moderate Risk,3,1.7840583324432373,0.128660,Bare Land,Peri-Urban / Sparse,0.3541,0.004066,0.6715,0.70,#FFAA00
0.3493,Moderate Risk,3,1.7976582050323486,0.126843,Bare Land,Peri-Urban / Sparse,0.3541,0.004097,0.6821,0.70,#FFAA00
0.3582,Moderate Risk,3,1.8053454160690308,0.119195,Bare Land,Peri-Urban / Sparse,0.3541,0.004115,0.7267,0.70,#FFAA00
0.3031,Moderate Risk,3,1.8028340339660645,0.115024,Natural Vegetation,Peri-Urban / Sparse,0.3541,0.004109,0.7510,0.10,#FFAA00
0.3093,Moderate Risk,3,1.8021903038024902,0.109726,Natural Vegetation,Peri-Urban / Sparse,0.3541,0.004108,0.7819,0.10,#FFAA00
0.4029,Moderate Risk,3,1.8247346878051758,0.106601,Built_up,Peri-Urban / Sparse,0.3541,0.004159,0.8001,1.00,#FFAA00
0.3164,Moderate Risk,3,1.8980765342712402,0.103635,Natural Vegetation,Peri-Urban / Sparse,0.3541,0.004326,0.8174,0.10,#FFAA00
0.3107,Moderate Risk,3,2.0047974586486816,0.108632,Natural Vegetation,Peri-Urban / Sparse,0.3541,0.004569,0.7882,0.10,#FFAA00
0.3094,Moderate Risk,3,2.078845262527466,0.109735,Natural Vegetation,Peri-Urban / Sparse,0.3541,0.004738,0.7818,0.10,#FFAA00
0.4089,Moderate Risk,3,2.107182025909424,0.101642,Built_up,Peri-Urban / Sparse,0.3541,0.004803,0.8290,1.00,#FFAA00
0.4150,Moderate Risk,3,2.4525935649871826,0.096570,Built_up,Peri-Urban / Sparse,0.3541,0.005590,0.8585,1.00,#FFAA00
0.3288,Moderate Risk,3,3.3730366230010986,0.093854,Natural Vegetation,Peri-Urban / Sparse,0.3541,0.007688,0.8744,0.10,#FFAA00
0.4063,Moderate Risk,3,4.427595138549805,0.096614,Minepits/Industry,Peri-Urban / Sparse,0.3541,0.010092,0.8583,0.90,#FFAA00
0.3948,Moderate Risk,3,3.369234323501587,0.105856,Minepits/Industry,Peri-Urban / Sparse,0.3541,0.007679,0.8044,0.90,#FFAA00
0.3682,Moderate Risk,3,3.9681525230407715,0.111884,Bare Land,Peri-Urban / Sparse,0.3541,0.009044,0.7693,0.70,#FFAA00
0.3652,Moderate Risk,3,4.930605888366699,0.115064,Bare Land,Peri-Urban / Sparse,0.3541,0.011238,0.7507,0.70,#FFAA00
0.3697,Moderate Risk,3,4.555676460266113,0.110989,Bare Land,Peri-Urban / Sparse,0.3541,0.010384,0.7745,0.70,#FFAA00
0.3785,Moderate Risk,3,3.712836265563965,0.120062,Minepits/Industry,Peri-Urban / Sparse,0.3541,0.008463,0.7216,0.90,#FFAA00
0.3539,Moderate Risk,3,2.5921199321746826,0.123323,Bare Land,Peri-Urban / Sparse,0.3541,0.005908,0.7026,0.70,#FFAA00
0.3549,Moderate Risk,3,1.9507882595062256,0.122094,Bare Land,Peri-Urban / Sparse,0.3541,0.004446,0.7098,0.70,#FFAA00
0.3576,Moderate Risk,3,1.8416681289672852,0.119776,Bare Land,Peri-Urban / Sparse,0.3541,0.004198,0.7233,0.70,#FFAA00
0.3537,Moderate Risk,3,1.8246574401855469,0.123079,Bare Land,Peri-Urban / Sparse,0.3541,0.004159,0.7040,0.70,#FFAA00
0.3336,Moderate Risk,3,0.6189283728599548,0.139597,Bare Land,Rural / Scattered,0.3541,0.001411,0.6077,0.70,#FFAA00
0.3343,Moderate Risk,3,0.7682772874832153,0.139066,Bare Land,Rural / Scattered,0.3541,0.001751,0.6108,0.70,#FFAA00
0.3314,Moderate Risk,3,1.6227929592132568,0.142093,Bare Land,Peri-Urban / Sparse,0.3541,0.003699,0.5932,0.70,#FFAA00
0.3335,Moderate Risk,3,1.7651046514511108,0.140323,Bare Land,Peri-Urban / Sparse,0.3541,0.004023,0.6035,0.70,#FFAA00
0.3313,Moderate Risk,3,1.7761380672454834,0.142228,Bare Land,Peri-Urban / Sparse,0.3541,0.004048,0.5924,0.70,#FFAA00
0.3364,Moderate Risk,3,1.7576580047607422,0.137887,Bare Land,Peri-Urban / Sparse,0.3541,0.004006,0.6177,0.70,#FFAA00
0.3314,Moderate Risk,3,1.7222920656204224,0.142157,Bare Land,Peri-Urban / Sparse,0.3541,0.003926,0.5928,0.70,#FFAA00
0.3368,Moderate Risk,3,1.6809037923812866,0.137448,Bare Land,Peri-Urban / Sparse,0.3541,0.003831,0.6202,0.70,#FFAA00
0.3454,Moderate Risk,3,1.677935242652893,0.130082,Bare Land,Peri-Urban / Sparse,0.3541,0.003824,0.6632,0.70,#FFAA00
0.3455,Moderate Risk,3,1.6726406812667847,0.129993,Bare Land,Peri-Urban / Sparse,0.3541,0.003812,0.6637,0.70,#FFAA00
0.3458,Moderate Risk,3,1.6726232767105103,0.129743,Bare Land,Peri-Urban / Sparse,0.3541,0.003812,0.6652,0.70,#FFAA00
0.3440,Moderate Risk,3,1.686771273612976,0.131279,Bare Land,Peri-Urban / Sparse,0.3541,0.003845,0.6562,0.70,#FFAA00
0.3462,Moderate Risk,3,1.7367990016937256,0.129469,Bare Land,Peri-Urban / Sparse,0.3541,0.003959,0.6668,0.70,#FFAA00
0.3509,Moderate Risk,3,1.7583346366882324,0.125464,Bare Land,Peri-Urban / Sparse,0.3541,0.004008,0.6901,0.70,#FFAA00
0.3772,Moderate Risk,3,1.7702674865722656,0.120061,Minepits/Industry,Peri-Urban / Sparse,0.3541,0.004035,0.7216,0.90,#FFAA00
0.3617,Moderate Risk,3,1.792117714881897,0.116145,Bare Land,Peri-Urban / Sparse,0.3541,0.004085,0.7444,0.70,#FFAA00
0.3091,Moderate Risk,3,1.8039348125457764,0.109855,Natural Vegetation,Peri-Urban / Sparse,0.3541,0.004112,0.7811,0.10,#FFAA00
0.4003,Moderate Risk,3,1.8177881240844727,0.108806,Built_up,Peri-Urban / Sparse,0.3541,0.004143,0.7872,1.00,#FFAA00
0.4019,Moderate Risk,3,1.8106775283813477,0.107445,Built_up,Peri-Urban / Sparse,0.3541,0.004127,0.7951,1.00,#FFAA00
0.4004,Moderate Risk,3,1.830645203590393,0.108774,Built_up,Peri-Urban / Sparse,0.3541,0.004173,0.7874,1.00,#FFAA00
0.4015,Moderate Risk,3,1.862919569015503,0.107811,Built_up,Peri-Urban / Sparse,0.3541,0.004246,0.7930,1.00,#FFAA00
0.4099,Moderate Risk,3,1.9400465488433838,0.100667,Built_up,Peri-Urban / Sparse,0.3541,0.004422,0.8347,1.00,#FFAA00
0.3237,Moderate Risk,3,2.2732949256896973,0.097628,Natural Vegetation,Peri-Urban / Sparse,0.3541,0.005181,0.8524,0.10,#FFAA00
0.3269,Moderate Risk,3,3.270437717437744,0.095444,Natural Vegetation,Peri-Urban / Sparse,0.3541,0.007454,0.8651,0.10,#FFAA00
0.3227,Moderate Risk,3,4.396615028381348,0.099716,Natural Vegetation,Peri-Urban / Sparse,0.3541,0.010021,0.8402,0.10,#FFAA00
0.3737,Moderate Risk,3,3.328835964202881,0.106788,Bare Land,Peri-Urban / Sparse,0.3541,0.007587,0.7990,0.70,#FFAA00
0.3691,Moderate Risk,3,4.924653053283691,0.111688,Bare Land,Peri-Urban / Sparse,0.3541,0.011225,0.7704,0.70,#FFAA00
0.3706,Moderate Risk,3,6.576818466186523,0.111324,Bare Land,Peri-Urban / Sparse,0.3541,0.014990,0.7725,0.70,#FFAA00
0.3634,Moderate Risk,3,5.605483531951904,0.117004,Bare Land,Peri-Urban / Sparse,0.3541,0.012776,0.7394,0.70,#FFAA00
0.3610,Moderate Risk,3,4.264077186584473,0.118215,Bare Land,Peri-Urban / Sparse,0.3541,0.009719,0.7324,0.70,#FFAA00
0.3539,Moderate Risk,3,2.707627534866333,0.123433,Bare Land,Peri-Urban / Sparse,0.3541,0.006171,0.7019,0.70,#FFAA00
0.3540,Moderate Risk,3,1.9689568281173706,0.122890,Bare Land,Peri-Urban / Sparse,0.3541,0.004488,0.7051,0.70,#FFAA00
0.3525,Moderate Risk,3,1.8462835550308228,0.124110,Bare Land,Peri-Urban / Sparse,0.3541,0.004208,0.6980,0.70,#FFAA00
0.3535,Moderate Risk,3,1.8011534214019775,0.123200,Bare Land,Peri-Urban / Sparse,0.3541,0.004105,0.7033,0.70,#FFAA00
0.2921,Low Risk,2,0.6380185484886169,,Unknown,Rural / Scattered,0.3541,0.001454,0.5000,0.50,#FFDD88
0.3343,Moderate Risk,3,0.6235143542289734,0.138969,Bare Land,Rural / Scattered,0.3541,0.001421,0.6114,0.70,#FFAA00
0.3381,Moderate Risk,3,0.9438815116882324,0.135954,Bare Land,Rural / Scattered,0.3541,0.002151,0.6290,0.70,#FFAA00
0.3335,Moderate Risk,3,1.6978063583374023,0.140282,Bare Land,Peri-Urban / Sparse,0.3541,0.003870,0.6037,0.70,#FFAA00
0.3337,Moderate Risk,3,1.7573224306106567,0.140184,Bare Land,Peri-Urban / Sparse,0.3541,0.004005,0.6043,0.70,#FFAA00
0.3324,Moderate Risk,3,1.7568708658218384,0.141335,Bare Land,Peri-Urban / Sparse,0.3541,0.004004,0.5976,0.70,#FFAA00
0.3326,Moderate Risk,3,1.7545695304870605,0.141134,Bare Land,Peri-Urban / Sparse,0.3541,0.003999,0.5988,0.70,#FFAA00
0.3318,Moderate Risk,3,1.7108783721923828,0.141769,Bare Land,Peri-Urban / Sparse,0.3541,0.003900,0.5951,0.70,#FFAA00
0.3421,Moderate Risk,3,1.6634023189544678,0.132893,Bare Land,Peri-Urban / Sparse,0.3541,0.003791,0.6468,0.70,#FFAA00
0.3458,Moderate Risk,3,1.6626591682434082,0.129733,Bare Land,Peri-Urban / Sparse,0.3541,0.003790,0.6652,0.70,#FFAA00
0.3404,Moderate Risk,3,1.6670753955841064,0.134412,Bare Land,Peri-Urban / Sparse,0.3541,0.003800,0.6379,0.70,#FFAA00
0.3399,Moderate Risk,3,1.6572481393814087,0.134821,Bare Land,Peri-Urban / Sparse,0.3541,0.003777,0.6356,0.70,#FFAA00
0.3395,Moderate Risk,3,1.6552250385284424,0.135134,Bare Land,Peri-Urban / Sparse,0.3541,0.003773,0.6337,0.70,#FFAA00
0.3445,Moderate Risk,3,1.6806896924972534,0.130835,Bare Land,Peri-Urban / Sparse,0.3541,0.003831,0.6588,0.70,#FFAA00
0.3478,Moderate Risk,3,1.720174789428711,0.128100,Bare Land,Peri-Urban / Sparse,0.3541,0.003921,0.6747,0.70,#FFAA00
0.3568,Moderate Risk,3,1.7343471050262451,0.120319,Bare Land,Peri-Urban / Sparse,0.3541,0.003953,0.7201,0.70,#FFAA00
0.3800,Moderate Risk,3,1.750206470489502,0.117617,Minepits/Industry,Peri-Urban / Sparse,0.3541,0.003989,0.7359,0.90,#FFAA00
0.3974,Moderate Risk,3,1.7760251760482788,0.111296,Built_up,Peri-Urban / Sparse,0.3541,0.004048,0.7727,1.00,#FFAA00
0.4016,Moderate Risk,3,1.8034743070602417,0.107673,Built_up,Peri-Urban / Sparse,0.3541,0.004111,0.7938,1.00,#FFAA00
0.4000,Moderate Risk,3,1.8250060081481934,0.109100,Built_up,Peri-Urban / Sparse,0.3541,0.004160,0.7855,1.00,#FFAA00
0.3989,Moderate Risk,3,1.837588906288147,0.110008,Built_up,Peri-Urban / Sparse,0.3541,0.004188,0.7802,1.00,#FFAA00
0.3994,Moderate Risk,3,1.8317906856536865,0.109578,Built_up,Peri-Urban / Sparse,0.3541,0.004175,0.7827,1.00,#FFAA00
0.3127,Moderate Risk,3,1.8462191820144653,0.106769,Natural Vegetation,Peri-Urban / Sparse,0.3541,0.004208,0.7991,0.10,#FFAA00
0.3196,Moderate Risk,3,1.9428850412368774,0.100884,Natural Vegetation,Peri-Urban / Sparse,0.3541,0.004428,0.8334,0.10,#FFAA00
0.4102,Moderate Risk,3,2.1740381717681885,0.100517,Built_up,Peri-Urban / Sparse,0.3541,0.004955,0.8355,1.00,#FFAA00
0.3133,Moderate Risk,3,2.3416330814361572,0.106587,Natural Vegetation,Peri-Urban / Sparse,0.3541,0.005337,0.8002,0.10,#FFAA00
0.3717,Moderate Risk,3,2.2573678493499756,0.107861,Bare Land,Peri-Urban / Sparse,0.3541,0.005145,0.7927,0.70,#FFAA00
0.3698,Moderate Risk,3,2.4981749057769775,0.109640,Bare Land,Peri-Urban / Sparse,0.3541,0.005694,0.7824,0.70,#FFAA00
0.3730,Moderate Risk,3,2.9319663047790527,0.107187,Bare Land,Peri-Urban / Sparse,0.3541,0.006683,0.7967,0.70,#FFAA00
0.3898,Moderate Risk,3,2.9431586265563965,0.109923,Minepits/Industry,Peri-Urban / Sparse,0.3541,0.006708,0.7807,0.90,#FFAA00
0.3801,Moderate Risk,3,2.5122148990631104,0.118004,Minepits/Industry,Peri-Urban / Sparse,0.3541,0.005726,0.7336,0.90,#FFAA00
0.3565,Moderate Risk,3,2.046837091445923,0.120762,Bare Land,Peri-Urban / Sparse,0.3541,0.004665,0.7175,0.70,#FFAA00
0.3538,Moderate Risk,3,1.8702099323272705,0.122996,Bare Land,Peri-Urban / Sparse,0.3541,0.004263,0.7045,0.70,#FFAA00
0.3556,Moderate Risk,3,1.8106862306594849,0.121395,Bare Land,Peri-Urban / Sparse,0.3541,0.004127,0.7138,0.70,#FFAA00
0.3568,Moderate Risk,3,1.7968013286590576,0.120369,Bare Land,Peri-Urban / Sparse,0.3541,0.004095,0.7198,0.70,#FFAA00
0.2921,Low Risk,2,0.6414176821708679,,Unknown,Rural / Scattered,0.3541,0.001462,0.5000,0.50,#FFDD88
0.3343,Moderate Risk,3,0.6354935169219971,0.139040,Bare Land,Rural / Scattered,0.3541,0.001448,0.6110,0.70,#FFAA00
0.3390,Moderate Risk,3,1.1856852769851685,0.135353,Bare Land,Peri-Urban / Sparse,0.3541,0.002702,0.6325,0.70,#FFAA00
0.3363,Moderate Risk,3,1.7751686573028564,0.137990,Bare Land,Peri-Urban / Sparse,0.3541,0.004046,0.6171,0.70,#FFAA00
0.3337,Moderate Risk,3,1.7265149354934692,0.140186,Bare Land,Peri-Urban / Sparse,0.3541,0.003935,0.6043,0.70,#FFAA00
0.3341,Moderate Risk,3,1.729520559310913,0.139818,Bare Land,Peri-Urban / Sparse,0.3541,0.003942,0.6064,0.70,#FFAA00
0.3328,Moderate Risk,3,1.7437373399734497,0.140927,Bare Land,Peri-Urban / Sparse,0.3541,0.003974,0.6000,0.70,#FFAA00
0.3383,Moderate Risk,3,1.684423804283142,0.136171,Bare Land,Peri-Urban / Sparse,0.3541,0.003839,0.6277,0.70,#FFAA00
0.3447,Moderate Risk,3,1.6576472520828247,0.130663,Bare Land,Peri-Urban / Sparse,0.3541,0.003778,0.6598,0.70,#FFAA00
0.3448,Moderate Risk,3,1.6576073169708252,0.130623,Bare Land,Peri-Urban / Sparse,0.3541,0.003778,0.6600,0.70,#FFAA00
0.3411,Moderate Risk,3,1.6523858308792114,0.133776,Bare Land,Peri-Urban / Sparse,0.3541,0.003766,0.6417,0.70,#FFAA00
0.3405,Moderate Risk,3,1.6460758447647095,0.134325,Bare Land,Peri-Urban / Sparse,0.3541,0.003752,0.6385,0.70,#FFAA00
0.3425,Moderate Risk,3,1.6399561166763306,0.132566,Bare Land,Peri-Urban / Sparse,0.3541,0.003738,0.6487,0.70,#FFAA00
0.3456,Moderate Risk,3,1.6420292854309082,0.129901,Bare Land,Peri-Urban / Sparse,0.3541,0.003743,0.6642,0.70,#FFAA00
0.3539,Moderate Risk,3,1.6711742877960205,0.122820,Bare Land,Peri-Urban / Sparse,0.3541,0.003809,0.7055,0.70,#FFAA00
0.3563,Moderate Risk,3,1.7095460891723633,0.120771,Bare Land,Peri-Urban / Sparse,0.3541,0.003897,0.7175,0.70,#FFAA00
0.3017,Moderate Risk,3,1.7245734930038452,0.116179,Natural Vegetation,Peri-Urban / Sparse,0.3541,0.003931,0.7442,0.10,#FFAA00
0.3077,Moderate Risk,3,1.7641234397888184,0.111061,Natural Vegetation,Peri-Urban / Sparse,0.3541,0.004021,0.7741,0.10,#FFAA00
0.4006,Moderate Risk,3,1.8072378635406494,0.108543,Built_up,Peri-Urban / Sparse,0.3541,0.004119,0.7887,1.00,#FFAA00
0.3001,Moderate Risk,3,1.8158491849899292,0.117562,Natural Vegetation,Peri-Urban / Sparse,0.3541,0.004139,0.7362,0.10,#FFAA00
0.3636,Moderate Risk,3,1.8219846487045288,0.114602,Bare Land,Peri-Urban / Sparse,0.3541,0.004153,0.7534,0.70,#FFAA00
0.3663,Moderate Risk,3,1.8286091089248657,0.112239,Bare Land,Peri-Urban / Sparse,0.3541,0.004168,0.7672,0.70,#FFAA00
0.3999,Moderate Risk,3,1.822018027305603,0.109161,Built_up,Peri-Urban / Sparse,0.3541,0.004153,0.7851,1.00,#FFAA00
0.4088,Moderate Risk,3,1.8070012331008911,0.101562,Built_up,Peri-Urban / Sparse,0.3541,0.004119,0.8294,1.00,#FFAA00
0.3154,Moderate Risk,3,1.806321144104004,0.104462,Natural Vegetation,Peri-Urban / Sparse,0.3541,0.004117,0.8125,0.10,#FFAA00
0.3116,Moderate Risk,3,1.8140559196472168,0.107670,Natural Vegetation,Peri-Urban / Sparse,0.3541,0.004135,0.7938,0.10,#FFAA00
0.3700,Moderate Risk,3,1.809938907623291,0.109114,Bare Land,Peri-Urban / Sparse,0.3541,0.004125,0.7854,0.70,#FFAA00
0.3708,Moderate Risk,3,1.8511003255844116,0.108382,Bare Land,Peri-Urban / Sparse,0.3541,0.004219,0.7897,0.70,#FFAA00
0.3919,Moderate Risk,3,1.8975894451141357,0.107540,Minepits/Industry,Peri-Urban / Sparse,0.3541,0.004325,0.7946,0.90,#FFAA00
0.3862,Moderate Risk,3,1.8961143493652344,0.112354,Minepits/Industry,Peri-Urban / Sparse,0.3541,0.004322,0.7665,0.90,#FFAA00
0.3801,Moderate Risk,3,1.8606103658676147,0.117625,Minepits/Industry,Peri-Urban / Sparse,0.3541,0.004241,0.7358,0.90,#FFAA00
0.3595,Moderate Risk,3,1.8229612112045288,0.118081,Bare Land,Peri-Urban / Sparse,0.3541,0.004155,0.7331,0.70,#FFAA00
0.3571,Moderate Risk,3,1.8037108182907104,0.120109,Bare Land,Peri-Urban / Sparse,0.3541,0.004111,0.7213,0.70,#FFAA00
0.3568,Moderate Risk,3,1.7995457649230957,0.120432,Bare Land,Peri-Urban / Sparse,0.3541,0.004102,0.7194,0.70,#FFAA00
0.3567,Moderate Risk,3,1.7998793125152588,0.120491,Bare Land,Peri-Urban / Sparse,0.3541,0.004102,0.7191,0.70,#FFAA00
0.3121,Moderate Risk,3,0.6420404314994812,,Bare Land,Rural / Scattered,0.3541,0.001463,0.5000,0.70,#FFAA00
0.3419,Moderate Risk,3,0.6342331171035767,0.132530,Bare Land,Rural / Scattered,0.3541,0.001446,0.6489,0.70,#FFAA00
0.3335,Moderate Risk,3,1.317081093788147,0.140066,Bare Land,Peri-Urban / Sparse,0.3541,0.003002,0.6050,0.70,#FFAA00
0.3351,Moderate Risk,3,1.851806879043579,0.139049,Bare Land,Peri-Urban / Sparse,0.3541,0.004221,0.6109,0.70,#FFAA00
0.3362,Moderate Risk,3,1.7903021574020386,0.138092,Bare Land,Peri-Urban / Sparse,0.3541,0.004081,0.6165,0.70,#FFAA00
0.3338,Moderate Risk,3,1.707930088043213,0.140030,Bare Land,Peri-Urban / Sparse,0.3541,0.003893,0.6052,0.70,#FFAA00
0.3305,Moderate Risk,3,1.720361590385437,0.142879,Bare Land,Peri-Urban / Sparse,0.3541,0.003921,0.5886,0.70,#FFAA00
0.3364,Moderate Risk,3,1.6658034324645996,0.137822,Bare Land,Peri-Urban / Sparse,0.3541,0.003797,0.6181,0.70,#FFAA00
0.3407,Moderate Risk,3,1.649523377418518,0.134116,Bare Land,Peri-Urban / Sparse,0.3541,0.003760,0.6397,0.70,#FFAA00
0.3397,Moderate Risk,3,1.6534205675125122,0.134983,Bare Land,Peri-Urban / Sparse,0.3541,0.003769,0.6346,0.70,#FFAA00
0.3384,Moderate Risk,3,1.65753173828125,0.136136,Bare Land,Peri-Urban / Sparse,0.3541,0.003778,0.6279,0.70,#FFAA00
0.3380,Moderate Risk,3,1.6555826663970947,0.136405,Bare Land,Peri-Urban / Sparse,0.3541,0.003774,0.6263,0.70,#FFAA00
0.3405,Moderate Risk,3,1.6494323015213013,0.134242,Bare Land,Peri-Urban / Sparse,0.3541,0.003759,0.6389,0.70,#FFAA00
0.3436,Moderate Risk,3,1.6480854749679565,0.131594,Bare Land,Peri-Urban / Sparse,0.3541,0.003756,0.6544,0.70,#FFAA00
0.3504,Moderate Risk,3,1.6490650177001953,0.125808,Bare Land,Peri-Urban / Sparse,0.3541,0.003759,0.6881,0.70,#FFAA00
0.3558,Moderate Risk,3,1.6857712268829346,0.121207,Bare Land,Peri-Urban / Sparse,0.3541,0.003842,0.7149,0.70,#FFAA00
0.3925,Moderate Risk,3,1.7687463760375977,0.115505,Built_up,Peri-Urban / Sparse,0.3541,0.004031,0.7482,1.00,#FFAA00
0.3044,Moderate Risk,3,1.8996974229812622,0.113957,Natural Vegetation,Peri-Urban / Sparse,0.3541,0.004330,0.7572,0.10,#FFAA00
0.3950,Moderate Risk,3,2.0752060413360596,0.113541,Built_up,Peri-Urban / Sparse,0.3541,0.004730,0.7596,1.00,#FFAA00
0.3613,Moderate Risk,3,2.0782384872436523,0.116709,Bare Land,Peri-Urban / Sparse,0.3541,0.004737,0.7411,0.70,#FFAA00
0.3064,Moderate Risk,3,1.9420702457427979,0.112246,Natural Vegetation,Peri-Urban / Sparse,0.3541,0.004426,0.7672,0.10,#FFAA00
0.3994,Moderate Risk,3,1.8442773818969727,0.109641,Built_up,Peri-Urban / Sparse,0.3541,0.004204,0.7823,1.00,#FFAA00
0.3126,Moderate Risk,3,1.8211424350738525,0.106860,Natural Vegetation,Peri-Urban / Sparse,0.3541,0.004151,0.7986,0.10,#FFAA00
0.3126,Moderate Risk,3,1.8195042610168457,0.106877,Natural Vegetation,Peri-Urban / Sparse,0.3541,0.004147,0.7985,0.10,#FFAA00
0.3133,Moderate Risk,3,1.8054417371749878,0.106257,Natural Vegetation,Peri-Urban / Sparse,0.3541,0.004115,0.8021,0.10,#FFAA00
0.3111,Moderate Risk,3,1.7792595624923706,0.108132,Natural Vegetation,Peri-Urban / Sparse,0.3541,0.004055,0.7911,0.10,#FFAA00
0.3701,Moderate Risk,3,1.763196587562561,0.108951,Bare Land,Peri-Urban / Sparse,0.3541,0.004019,0.7864,0.70,#FFAA00
0.3705,Moderate Risk,3,1.7664918899536133,0.108653,Bare Land,Peri-Urban / Sparse,0.3541,0.004026,0.7881,0.70,#FFAA00
0.3940,Moderate Risk,3,1.7933622598648071,0.105634,Minepits/Industry,Peri-Urban / Sparse,0.3541,0.004088,0.8057,0.90,#FFAA00
0.3829,Moderate Risk,3,1.8133395910263062,0.115156,Minepits/Industry,Peri-Urban / Sparse,0.3541,0.004133,0.7502,0.90,#FFAA00
0.3622,Moderate Risk,3,1.8114858865737915,0.115750,Bare Land,Peri-Urban / Sparse,0.3541,0.004129,0.7467,0.70,#FFAA00
0.3585,Moderate Risk,3,1.8138991594314575,0.118959,Bare Land,Peri-Urban / Sparse,0.3541,0.004134,0.7280,0.70,#FFAA00
0.3585,Moderate Risk,3,1.8224003314971924,0.118989,Bare Land,Peri-Urban / Sparse,0.3541,0.004154,0.7279,0.70,#FFAA00
0.3602,Moderate Risk,3,1.8299692869186401,0.117499,Bare Land,Peri-Urban / Sparse,0.3541,0.004171,0.7365,0.70,#FFAA00
0.3615,Moderate Risk,3,1.8280104398727417,0.116393,Bare Land,Peri-Urban / Sparse,0.3541,0.004167,0.7430,0.70,#FFAA00
0.3411,Moderate Risk,3,0.6423412561416626,0.133186,Bare Land,Rural / Scattered,0.3541,0.001464,0.6451,0.70,#FFAA00
0.3448,Moderate Risk,3,0.647535502910614,0.130018,Bare Land,Rural / Scattered,0.3541,0.001476,0.6636,0.70,#FFAA00
0.3333,Moderate Risk,3,1.4488540887832642,0.140386,Bare Land,Peri-Urban / Sparse,0.3541,0.003302,0.6031,0.70,#FFAA00
0.3342,Moderate Risk,3,1.9005706310272217,0.139863,Bare Land,Peri-Urban / Sparse,0.3541,0.004332,0.6062,0.70,#FFAA00
0.3350,Moderate Risk,3,1.886581301689148,0.139120,Bare Land,Peri-Urban / Sparse,0.3541,0.004300,0.6105,0.70,#FFAA00
0.3338,Moderate Risk,3,1.8044756650924683,0.140158,Bare Land,Peri-Urban / Sparse,0.3541,0.004113,0.6044,0.70,#FFAA00
0.3369,Moderate Risk,3,1.7087557315826416,0.137413,Bare Land,Peri-Urban / Sparse,0.3541,0.003895,0.6205,0.70,#FFAA00
0.3392,Moderate Risk,3,1.6420375108718872,0.135440,Bare Land,Peri-Urban / Sparse,0.3541,0.003743,0.6320,0.70,#FFAA00
0.3411,Moderate Risk,3,1.6470226049423218,0.133736,Bare Land,Peri-Urban / Sparse,0.3541,0.003754,0.6419,0.70,#FFAA00
0.3374,Moderate Risk,3,1.6563981771469116,0.136937,Bare Land,Peri-Urban / Sparse,0.3541,0.003775,0.6232,0.70,#FFAA00
0.3343,Moderate Risk,3,1.65237557888031,0.139640,Bare Land,Peri-Urban / Sparse,0.3541,0.003766,0.6075,0.70,#FFAA00
0.3369,Moderate Risk,3,1.6416995525360107,0.137392,Bare Land,Peri-Urban / Sparse,0.3541,0.003742,0.6206,0.70,#FFAA00
0.3406,Moderate Risk,3,1.6430420875549316,0.134239,Bare Land,Peri-Urban / Sparse,0.3541,0.003745,0.6390,0.70,#FFAA00
0.3465,Moderate Risk,3,1.6556131839752197,0.129125,Bare Land,Peri-Urban / Sparse,0.3541,0.003774,0.6688,0.70,#FFAA00
0.3531,Moderate Risk,3,1.658185601234436,0.123502,Bare Land,Peri-Urban / Sparse,0.3541,0.003779,0.7015,0.70,#FFAA00
0.2957,Low Risk,2,1.683704137802124,0.121290,Natural Vegetation,Peri-Urban / Sparse,0.3541,0.003838,0.7144,0.10,#FFDD88
0.3898,Moderate Risk,3,1.8442200422286987,0.117889,Built_up,Peri-Urban / Sparse,0.3541,0.004203,0.7343,1.00,#FFAA00
0.3921,Moderate Risk,3,2.1702582836151123,0.116047,Built_up,Peri-Urban / Sparse,0.3541,0.004947,0.7450,1.00,#FFAA00
0.2973,Low Risk,2,2.819082498550415,0.120598,Natural Vegetation,Peri-Urban / Sparse,0.3541,0.006425,0.7185,0.10,#FFDD88
0.3643,Moderate Risk,3,2.7475357055664062,0.114562,Bare Land,Peri-Urban / Sparse,0.3541,0.006262,0.7537,0.70,#FFAA00
0.3914,Moderate Risk,3,2.131427764892578,0.116671,Built_up,Peri-Urban / Sparse,0.3541,0.004858,0.7414,1.00,#FFAA00
0.3059,Moderate Risk,3,1.8845561742782593,0.112611,Natural Vegetation,Peri-Urban / Sparse,0.3541,0.004295,0.7650,0.10,#FFAA00
0.3088,Moderate Risk,3,1.7918779850006104,0.110096,Natural Vegetation,Peri-Urban / Sparse,0.3541,0.004084,0.7797,0.10,#FFAA00
0.3108,Moderate Risk,3,1.79000723361969,0.108341,Natural Vegetation,Peri-Urban / Sparse,0.3541,0.004080,0.7899,0.10,#FFAA00
0.3710,Moderate Risk,3,1.7999765872955322,0.108217,Bare Land,Peri-Urban / Sparse,0.3541,0.004103,0.7906,0.70,#FFAA00
0.3689,Moderate Risk,3,1.7974177598953247,0.110032,Bare Land,Peri-Urban / Sparse,0.3541,0.004097,0.7801,0.70,#FFAA00
0.3708,Moderate Risk,3,1.784564733505249,0.108365,Bare Land,Peri-Urban / Sparse,0.3541,0.004067,0.7898,0.70,#FFAA00
0.3714,Moderate Risk,3,1.777916669845581,0.107848,Bare Land,Peri-Urban / Sparse,0.3541,0.004052,0.7928,0.70,#FFAA00
0.3942,Moderate Risk,3,1.7729599475860596,0.105424,Minepits/Industry,Peri-Urban / Sparse,0.3541,0.004041,0.8069,0.90,#FFAA00
0.3847,Moderate Risk,3,1.7793354988098145,0.113644,Minepits/Industry,Peri-Urban / Sparse,0.3541,0.004056,0.7590,0.90,#FFAA00
0.3631,Moderate Risk,3,1.8047823905944824,0.115024,Bare Land,Peri-Urban / Sparse,0.3541,0.004114,0.7510,0.70,#FFAA00
0.3610,Moderate Risk,3,1.8184312582015991,0.116772,Bare Land,Peri-Urban / Sparse,0.3541,0.004145,0.7408,0.70,#FFAA00
0.3590,Moderate Risk,3,1.819447636604309,0.118514,Bare Land,Peri-Urban / Sparse,0.3541,0.004147,0.7306,0.70,#FFAA00
0.3600,Moderate Risk,3,1.8097739219665527,0.117686,Bare Land,Peri-Urban / Sparse,0.3541,0.004125,0.7354,0.70,#FFAA00
0.3648,Moderate Risk,3,1.7919354438781738,0.113532,Bare Land,Peri-Urban / Sparse,0.3541,0.004084,0.7597,0.70,#FFAA00
0.2921,Low Risk,2,0.6546517014503479,,Unknown,Rural / Scattered,0.3541,0.001492,0.5000,0.50,#FFDD88
0.3503,Moderate Risk,3,0.6333957314491272,0.125302,Bare Land,Rural / Scattered,0.3541,0.001444,0.6911,0.70,#FFAA00
0.3378,Moderate Risk,3,0.7194404006004333,0.136094,Bare Land,Rural / Scattered,0.3541,0.001640,0.6281,0.70,#FFAA00
0.3362,Moderate Risk,3,1.615220546722412,0.137983,Bare Land,Peri-Urban / Sparse,0.3541,0.003682,0.6171,0.70,#FFAA00
0.3371,Moderate Risk,3,1.891776204109192,0.137388,Bare Land,Peri-Urban / Sparse,0.3541,0.004312,0.6206,0.70,#FFAA00
0.3340,Moderate Risk,3,1.9323644638061523,0.140047,Bare Land,Peri-Urban / Sparse,0.3541,0.004404,0.6051,0.70,#FFAA00
0.3374,Moderate Risk,3,1.9094034433364868,0.137089,Bare Land,Peri-Urban / Sparse,0.3541,0.004352,0.6223,0.70,#FFAA00
0.3431,Moderate Risk,3,1.8036329746246338,0.132141,Bare Land,Peri-Urban / Sparse,0.3541,0.004111,0.6512,0.70,#FFAA00
0.3433,Moderate Risk,3,1.7002270221710205,0.131875,Bare Land,Peri-Urban / Sparse,0.3541,0.003875,0.6527,0.70,#FFAA00
0.3422,Moderate Risk,3,1.664544701576233,0.132871,Bare Land,Peri-Urban / Sparse,0.3541,0.003794,0.6469,0.70,#FFAA00
0.3401,Moderate Risk,3,1.6627508401870728,0.134621,Bare Land,Peri-Urban / Sparse,0.3541,0.003790,0.6367,0.70,#FFAA00
0.3441,Moderate Risk,3,1.6567659378051758,0.131189,Bare Land,Peri-Urban / Sparse,0.3541,0.003776,0.6567,0.70,#FFAA00
0.3380,Moderate Risk,3,1.6158782243728638,0.136372,Bare Land,Peri-Urban / Sparse,0.3541,0.003683,0.6265,0.70,#FFAA00
0.3420,Moderate Risk,3,1.5866594314575195,0.132958,Bare Land,Peri-Urban / Sparse,0.3541,0.003616,0.6464,0.70,#FFAA00
0.3674,Moderate Risk,3,1.589201807975769,0.128329,Minepits/Industry,Peri-Urban / Sparse,0.3541,0.003622,0.6734,0.90,#FFAA00
0.3537,Moderate Risk,3,1.599220633506775,0.122923,Bare Land,Peri-Urban / Sparse,0.3541,0.003645,0.7049,0.70,#FFAA00
0.2964,Low Risk,2,1.6226311922073364,0.120638,Natural Vegetation,Peri-Urban / Sparse,0.3541,0.003698,0.7182,0.10,#FFDD88
0.3594,Moderate Risk,3,1.7231645584106445,0.118100,Bare Land,Peri-Urban / Sparse,0.3541,0.003928,0.7330,0.70,#FFAA00
0.2963,Low Risk,2,1.9332417249679565,0.120909,Natural Vegetation,Peri-Urban / Sparse,0.3541,0.004406,0.7167,0.10,#FFDD88
0.3553,Moderate Risk,3,2.1951889991760254,0.121944,Bare Land,Peri-Urban / Sparse,0.3541,0.005003,0.7106,0.70,#FFAA00
0.3879,Moderate Risk,3,2.169435501098633,0.119647,Built_up,Peri-Urban / Sparse,0.3541,0.004945,0.7240,1.00,#FFAA00
0.3585,Moderate Risk,3,1.9089680910110474,0.119006,Bare Land,Peri-Urban / Sparse,0.3541,0.004351,0.7278,0.70,#FFAA00
0.3631,Moderate Risk,3,1.7740719318389893,0.114987,Bare Land,Peri-Urban / Sparse,0.3541,0.004044,0.7512,0.70,#FFAA00
0.3682,Moderate Risk,3,1.7288013696670532,0.110550,Bare Land,Peri-Urban / Sparse,0.3541,0.003940,0.7770,0.70,#FFAA00
0.3696,Moderate Risk,3,1.7216846942901611,0.109342,Bare Land,Peri-Urban / Sparse,0.3541,0.003924,0.7841,0.70,#FFAA00
0.3096,Moderate Risk,3,1.720444679260254,0.109374,Natural Vegetation,Peri-Urban / Sparse,0.3541,0.003921,0.7839,0.10,#FFAA00
0.3082,Moderate Risk,3,1.726883053779602,0.110560,Natural Vegetation,Peri-Urban / Sparse,0.3541,0.003936,0.7770,0.10,#FFAA00
0.3712,Moderate Risk,3,1.7448492050170898,0.107994,Bare Land,Peri-Urban / Sparse,0.3541,0.003977,0.7919,0.70,#FFAA00
0.3909,Moderate Risk,3,1.751744270324707,0.108260,Minepits/Industry,Peri-Urban / Sparse,0.3541,0.003993,0.7904,0.90,#FFAA00
0.3892,Moderate Risk,3,1.7450398206710815,0.109729,Minepits/Industry,Peri-Urban / Sparse,0.3541,0.003977,0.7818,0.90,#FFAA00
0.3869,Moderate Risk,3,1.723600149154663,0.111691,Minepits/Industry,Peri-Urban / Sparse,0.3541,0.003929,0.7704,0.90,#FFAA00
0.3699,Moderate Risk,3,1.719090223312378,0.109130,Bare Land,Peri-Urban / Sparse,0.3541,0.003918,0.7853,0.70,#FFAA00
0.3633,Moderate Risk,3,1.737708568572998,0.114820,Bare Land,Peri-Urban / Sparse,0.3541,0.003961,0.7522,0.70,#FFAA00
0.3636,Moderate Risk,3,1.758739709854126,0.114510,Bare Land,Peri-Urban / Sparse,0.3541,0.004009,0.7540,0.70,#FFAA00
0.3613,Moderate Risk,3,1.7681326866149902,0.116524,Bare Land,Peri-Urban / Sparse,0.3541,0.004030,0.7422,0.70,#FFAA00
0.3657,Moderate Risk,3,1.7660095691680908,0.112735,Bare Land,Peri-Urban / Sparse,0.3541,0.004025,0.7643,0.70,#FFAA00
0.3500,Moderate Risk,3,0.6451330184936523,0.125592,Bare Land,Rural / Scattered,0.3541,0.001470,0.6894,0.70,#FFAA00
0.3444,Moderate Risk,3,0.629324734210968,0.130332,Bare Land,Rural / Scattered,0.3541,0.001434,0.6617,0.70,#FFAA00
0.3329,Moderate Risk,3,0.8043991923332214,0.140313,Bare Land,Rural / Scattered,0.3541,0.001833,0.6035,0.70,#FFAA00
0.3373,Moderate Risk,3,1.6997880935668945,0.137047,Bare Land,Peri-Urban / Sparse,0.3541,0.003874,0.6226,0.70,#FFAA00
0.3356,Moderate Risk,3,1.8511379957199097,0.138580,Bare Land,Peri-Urban / Sparse,0.3541,0.004219,0.6136,0.70,#FFAA00
0.3308,Moderate Risk,3,1.9128506183624268,0.142723,Bare Land,Peri-Urban / Sparse,0.3541,0.004360,0.5895,0.70,#FFAA00
0.3436,Moderate Risk,3,1.9754440784454346,0.131790,Bare Land,Peri-Urban / Sparse,0.3541,0.004503,0.6532,0.70,#FFAA00
0.3445,Moderate Risk,3,1.8847013711929321,0.130946,Bare Land,Peri-Urban / Sparse,0.3541,0.004296,0.6581,0.70,#FFAA00
0.3453,Moderate Risk,3,1.8138669729232788,0.130309,Bare Land,Peri-Urban / Sparse,0.3541,0.004134,0.6619,0.70,#FFAA00
0.3471,Moderate Risk,3,1.7352590560913086,0.128675,Bare Land,Peri-Urban / Sparse,0.3541,0.003955,0.6714,0.70,#FFAA00
0.3412,Moderate Risk,3,1.6789791584014893,0.133661,Bare Land,Peri-Urban / Sparse,0.3541,0.003827,0.6423,0.70,#FFAA00
0.3454,Moderate Risk,3,1.656969666481018,0.130058,Bare Land,Peri-Urban / Sparse,0.3541,0.003777,0.6633,0.70,#FFAA00
0.3448,Moderate Risk,3,1.6196423768997192,0.130610,Bare Land,Peri-Urban / Sparse,0.3541,0.003692,0.6601,0.70,#FFAA00
0.3469,Moderate Risk,3,1.5946630239486694,0.128740,Bare Land,Peri-Urban / Sparse,0.3541,0.003635,0.6710,0.70,#FFAA00
0.3718,Moderate Risk,3,1.5825010538101196,0.124545,Minepits/Industry,Peri-Urban / Sparse,0.3541,0.003607,0.6955,0.90,#FFAA00
0.3563,Moderate Risk,3,1.5716652870178223,0.120716,Bare Land,Peri-Urban / Sparse,0.3541,0.003582,0.7178,0.70,#FFAA00
0.3582,Moderate Risk,3,1.5817487239837646,0.119041,Bare Land,Peri-Urban / Sparse,0.3541,0.003605,0.7276,0.70,#FFAA00
0.2995,Low Risk,2,1.623443365097046,0.117955,Natural Vegetation,Peri-Urban / Sparse,0.3541,0.003700,0.7339,0.10,#FFDD88
0.2925,Low Risk,2,1.7073419094085693,0.124062,Natural Vegetation,Peri-Urban / Sparse,0.3541,0.003891,0.6983,0.10,#FFDD88
0.3550,Moderate Risk,3,1.7971183061599731,0.121955,Bare Land,Peri-Urban / Sparse,0.3541,0.004096,0.7106,0.70,#FFAA00
0.3550,Moderate Risk,3,1.7971183061599731,0.121955,Bare Land,Peri-Urban / Sparse,0.3541,0.004096,0.7106,0.70,#FFAA00
0.3643,Moderate Risk,3,1.7924573421478271,0.113914,Bare Land,Peri-Urban / Sparse,0.3541,0.004085,0.7574,0.70,#FFAA00
0.3643,Moderate Risk,3,1.7924573421478271,0.113914,Bare Land,Peri-Urban / Sparse,0.3541,0.004085,0.7574,0.70,#FFAA00
0.3554,Moderate Risk,3,1.4691648483276367,0.121421,Bare Land,Peri-Urban / Sparse,0.3541,0.003349,0.7137,0.70,#FFAA00
0.3569,Moderate Risk,3,1.4602733850479126,0.120102,Bare Land,Peri-Urban / Sparse,0.3541,0.003328,0.7214,0.70,#FFAA00
0.3581,Moderate Risk,3,1.4470303058624268,0.119057,Bare Land,Peri-Urban / Sparse,0.3541,0.003298,0.7275,0.70,#FFAA00
0.3586,Moderate Risk,3,1.4222859144210815,0.118624,Bare Land,Peri-Urban / Sparse,0.3541,0.003242,0.7300,0.70,#FFAA00
0.3584,Moderate Risk,3,1.4176422357559204,0.118773,Bare Land,Peri-Urban / Sparse,0.3541,0.003231,0.7291,0.70,#FFAA00
0.3577,Moderate Risk,3,1.416617512702942,0.119390,Bare Land,Peri-Urban / Sparse,0.3541,0.003229,0.7255,0.70,#FFAA00
0.3560,Moderate Risk,3,1.4051281213760376,0.120893,Bare Land,Peri-Urban / Sparse,0.3541,0.003203,0.7168,0.70,#FFAA00
0.3544,Moderate Risk,3,1.4021893739700317,0.122251,Bare Land,Peri-Urban / Sparse,0.3541,0.003196,0.7088,0.70,#FFAA00
0.3550,Moderate Risk,3,1.402276873588562,0.121739,Bare Land,Peri-Urban / Sparse,0.3541,0.003196,0.7118,0.70,#FFAA00
0.3556,Moderate Risk,3,1.3894435167312622,0.121181,Bare Land,Peri-Urban / Sparse,0.3541,0.003167,0.7151,0.70,#FFAA00
0.3549,Moderate Risk,3,1.3775029182434082,0.121778,Bare Land,Peri-Urban / Sparse,0.3541,0.003140,0.7116,0.70,#FFAA00
0.3564,Moderate Risk,3,1.3602802753448486,0.120493,Bare Land,Peri-Urban / Sparse,0.3541,0.003100,0.7191,0.70,#FFAA00
0.3567,Moderate Risk,3,1.2953263521194458,0.120149,Bare Land,Peri-Urban / Sparse,0.3541,0.002952,0.7211,0.70,#FFAA00
0.3578,Moderate Risk,3,1.2585889101028442,0.119217,Bare Land,Peri-Urban / Sparse,0.3541,0.002869,0.7265,0.70,#FFAA00
0.3580,Moderate Risk,3,1.2238909006118774,0.119038,Bare Land,Peri-Urban / Sparse,0.3541,0.002790,0.7276,0.70,#FFAA00
0.3569,Moderate Risk,3,1.2109646797180176,0.119986,Bare Land,Peri-Urban / Sparse,0.3541,0.002760,0.7220,0.70,#FFAA00
0.3587,Moderate Risk,3,1.2007267475128174,0.118445,Bare Land,Peri-Urban / Sparse,0.3541,0.002737,0.7310,0.70,#FFAA00
0.3603,Moderate Risk,3,1.195904016494751,0.117051,Bare Land,Peri-Urban / Sparse,0.3541,0.002726,0.7392,0.70,#FFAA00
0.3612,Moderate Risk,3,1.1951566934585571,0.116240,Bare Land,Peri-Urban / Sparse,0.3541,0.002724,0.7439,0.70,#FFAA00
0.3638,Moderate Risk,3,1.1953314542770386,0.114011,Bare Land,Peri-Urban / Sparse,0.3541,0.002724,0.7569,0.70,#FFAA00
0.3671,Moderate Risk,3,1.1939477920532227,0.111214,Bare Land,Peri-Urban / Sparse,0.3541,0.002721,0.7732,0.70,#FFAA00
0.3716,Moderate Risk,3,1.1741515398025513,0.107370,Bare Land,Peri-Urban / Sparse,0.3541,0.002676,0.7956,0.70,#FFAA00
0.3719,Moderate Risk,3,1.1505550146102905,0.107082,Bare Land,Peri-Urban / Sparse,0.3541,0.002622,0.7973,0.70,#FFAA00
0.3725,Moderate Risk,3,1.1475889682769775,0.106505,Bare Land,Peri-Urban / Sparse,0.3541,0.002616,0.8006,0.70,#FFAA00
0.3752,Moderate Risk,3,1.1474331617355347,0.104186,Bare Land,Peri-Urban / Sparse,0.3541,0.002615,0.8141,0.70,#FFAA00
0.3759,Moderate Risk,3,1.146336317062378,0.103618,Bare Land,Peri-Urban / Sparse,0.3541,0.002613,0.8175,0.70,#FFAA00
0.3761,Moderate Risk,3,1.1465110778808594,0.103415,Bare Land,Peri-Urban / Sparse,0.3541,0.002613,0.8186,0.70,#FFAA00
0.3754,Moderate Risk,3,1.147437572479248,0.104033,Bare Land,Peri-Urban / Sparse,0.3541,0.002615,0.8150,0.70,#FFAA00
0.3755,Moderate Risk,3,1.1469640731811523,0.103955,Bare Land,Peri-Urban / Sparse,0.3541,0.002614,0.8155,0.70,#FFAA00
0.3758,Moderate Risk,3,1.1479108333587646,0.103724,Bare Land,Peri-Urban / Sparse,0.3541,0.002616,0.8168,0.70,#FFAA00
0.3762,Moderate Risk,3,1.1495542526245117,0.103375,Bare Land,Peri-Urban / Sparse,0.3541,0.002620,0.8189,0.70,#FFAA00
0.3771,Moderate Risk,3,1.1503111124038696,0.102637,Bare Land,Peri-Urban / Sparse,0.3541,0.002622,0.8232,0.70,#FFAA00
0.3770,Moderate Risk,3,1.1508772373199463,0.102691,Bare Land,Peri-Urban / Sparse,0.3541,0.002623,0.8229,0.70,#FFAA00
0.3766,Moderate Risk,3,1.1491519212722778,0.102999,Bare Land,Peri-Urban / Sparse,0.3541,0.002619,0.8211,0.70,#FFAA00
0.3764,Moderate Risk,3,1.1427040100097656,0.103180,Bare Land,Peri-Urban / Sparse,0.3541,0.002605,0.8200,0.70,#FFAA00
0.3762,Moderate Risk,3,1.1341464519500732,0.103336,Bare Land,Peri-Urban / Sparse,0.3541,0.002585,0.8191,0.70,#FFAA00
0.3764,Moderate Risk,3,1.1252762079238892,0.103158,Bare Land,Peri-Urban / Sparse,0.3541,0.002565,0.8201,0.70,#FFAA00
0.2926,Low Risk,2,1.454979658126831,,Unknown,Peri-Urban / Sparse,0.3541,0.003316,0.5000,0.50,#FFDD88
0.3571,Moderate Risk,3,1.4476597309112549,0.119942,Bare Land,Peri-Urban / Sparse,0.3541,0.003300,0.7223,0.70,#FFAA00
0.3575,Moderate Risk,3,1.4437315464019775,0.119583,Bare Land,Peri-Urban / Sparse,0.3541,0.003291,0.7244,0.70,#FFAA00
0.3576,Moderate Risk,3,1.4335969686508179,0.119481,Bare Land,Peri-Urban / Sparse,0.3541,0.003268,0.7250,0.70,#FFAA00
0.3575,Moderate Risk,3,1.4152305126190186,0.119555,Bare Land,Peri-Urban / Sparse,0.3541,0.003226,0.7246,0.70,#FFAA00
0.3564,Moderate Risk,3,1.414772629737854,0.120542,Bare Land,Peri-Urban / Sparse,0.3541,0.003225,0.7188,0.70,#FFAA00
0.3563,Moderate Risk,3,1.411056399345398,0.120578,Bare Land,Peri-Urban / Sparse,0.3541,0.003216,0.7186,0.70,#FFAA00
0.3546,Moderate Risk,3,1.3970838785171509,0.122038,Bare Land,Peri-Urban / Sparse,0.3541,0.003184,0.7101,0.70,#FFAA00
0.3544,Moderate Risk,3,1.397369623184204,0.122203,Bare Land,Peri-Urban / Sparse,0.3541,0.003185,0.7091,0.70,#FFAA00
0.3554,Moderate Risk,3,1.3926334381103516,0.121343,Bare Land,Peri-Urban / Sparse,0.3541,0.003174,0.7141,0.70,#FFAA00
0.3558,Moderate Risk,3,1.3826647996902466,0.120984,Bare Land,Peri-Urban / Sparse,0.3541,0.003151,0.7162,0.70,#FFAA00
0.3562,Moderate Risk,3,1.3704332113265991,0.120626,Bare Land,Peri-Urban / Sparse,0.3541,0.003124,0.7183,0.70,#FFAA00
0.3569,Moderate Risk,3,1.3174196481704712,0.120007,Bare Land,Peri-Urban / Sparse,0.3541,0.003003,0.7219,0.70,#FFAA00
0.3577,Moderate Risk,3,1.2409907579421997,0.119267,Bare Land,Peri-Urban / Sparse,0.3541,0.002829,0.7262,0.70,#FFAA00
0.3580,Moderate Risk,3,1.2185736894607544,0.118992,Bare Land,Peri-Urban / Sparse,0.3541,0.002777,0.7278,0.70,#FFAA00
0.3601,Moderate Risk,3,1.2086265087127686,0.117179,Bare Land,Peri-Urban / Sparse,0.3541,0.002755,0.7384,0.70,#FFAA00
0.3629,Moderate Risk,3,1.2025947570800781,0.114843,Bare Land,Peri-Urban / Sparse,0.3541,0.002741,0.7520,0.70,#FFAA00
0.3656,Moderate Risk,3,1.200161099433899,0.112490,Bare Land,Peri-Urban / Sparse,0.3541,0.002735,0.7657,0.70,#FFAA00
0.3686,Moderate Risk,3,1.197462558746338,0.109898,Bare Land,Peri-Urban / Sparse,0.3541,0.002729,0.7808,0.70,#FFAA00
0.3700,Moderate Risk,3,1.1952661275863647,0.108741,Bare Land,Peri-Urban / Sparse,0.3541,0.002724,0.7876,0.70,#FFAA00
0.3712,Moderate Risk,3,1.1917489767074585,0.107712,Bare Land,Peri-Urban / Sparse,0.3541,0.002716,0.7936,0.70,#FFAA00
0.3745,Moderate Risk,3,1.1892914772033691,0.104825,Bare Land,Peri-Urban / Sparse,0.3541,0.002711,0.8104,0.70,#FFAA00
0.3758,Moderate Risk,3,1.186777949333191,0.103777,Bare Land,Peri-Urban / Sparse,0.3541,0.002705,0.8165,0.70,#FFAA00
0.3750,Moderate Risk,3,1.1820098161697388,0.104377,Bare Land,Peri-Urban / Sparse,0.3541,0.002694,0.8130,0.70,#FFAA00
0.3746,Moderate Risk,3,1.1763536930084229,0.104739,Bare Land,Peri-Urban / Sparse,0.3541,0.002681,0.8109,0.70,#FFAA00
0.3757,Moderate Risk,3,1.1677725315093994,0.103816,Bare Land,Peri-Urban / Sparse,0.3541,0.002662,0.8163,0.70,#FFAA00
0.3742,Moderate Risk,3,1.1589926481246948,0.105083,Bare Land,Peri-Urban / Sparse,0.3541,0.002642,0.8089,0.70,#FFAA00
0.3746,Moderate Risk,3,1.1519447565078735,0.104703,Bare Land,Peri-Urban / Sparse,0.3541,0.002626,0.8111,0.70,#FFAA00
0.3746,Moderate Risk,3,1.145733118057251,0.104714,Bare Land,Peri-Urban / Sparse,0.3541,0.002611,0.8111,0.70,#FFAA00
0.3761,Moderate Risk,3,1.1428070068359375,0.103423,Bare Land,Peri-Urban / Sparse,0.3541,0.002605,0.8186,0.70,#FFAA00
0.3752,Moderate Risk,3,1.1424710750579834,0.104247,Bare Land,Peri-Urban / Sparse,0.3541,0.002604,0.8138,0.70,#FFAA00
0.3756,Moderate Risk,3,1.1430625915527344,0.103927,Bare Land,Peri-Urban / Sparse,0.3541,0.002605,0.8157,0.70,#FFAA00
0.3766,Moderate Risk,3,1.1444027423858643,0.103014,Bare Land,Peri-Urban / Sparse,0.3541,0.002608,0.8210,0.70,#FFAA00
0.3762,Moderate Risk,3,1.143036961555481,0.103371,Bare Land,Peri-Urban / Sparse,0.3541,0.002605,0.8189,0.70,#FFAA00
0.3758,Moderate Risk,3,1.1374164819717407,0.103711,Bare Land,Peri-Urban / Sparse,0.3541,0.002592,0.8169,0.70,#FFAA00
0.3760,Moderate Risk,3,1.1347194910049438,0.103538,Bare Land,Peri-Urban / Sparse,0.3541,0.002586,0.8179,0.70,#FFAA00
0.3761,Moderate Risk,3,1.1271882057189941,0.103445,Bare Land,Peri-Urban / Sparse,0.3541,0.002569,0.8185,0.70,#FFAA00
0.3760,Moderate Risk,3,1.1122167110443115,0.103511,Bare Land,Peri-Urban / Sparse,0.3541,0.002535,0.8181,0.70,#FFAA00
0.3758,Moderate Risk,3,1.1065753698349,0.103693,Bare Land,Peri-Urban / Sparse,0.3541,0.002522,0.8170,0.70,#FFAA00
0.3375,Moderate Risk,3,1.4562969207763672,0.119593,Unknown,Peri-Urban / Sparse,0.3541,0.003319,0.7243,0.50,#FFAA00
0.3583,Moderate Risk,3,1.444923996925354,0.118936,Bare Land,Peri-Urban / Sparse,0.3541,0.003293,0.7282,0.70,#FFAA00
0.3580,Moderate Risk,3,1.4417527914047241,0.119132,Bare Land,Peri-Urban / Sparse,0.3541,0.003286,0.7270,0.70,#FFAA00
0.3580,Moderate Risk,3,1.440592646598816,0.119120,Bare Land,Peri-Urban / Sparse,0.3541,0.003283,0.7271,0.70,#FFAA00
0.3580,Moderate Risk,3,1.4229599237442017,0.119160,Bare Land,Peri-Urban / Sparse,0.3541,0.003243,0.7269,0.70,#FFAA00
0.3569,Moderate Risk,3,1.413759469985962,0.120074,Bare Land,Peri-Urban / Sparse,0.3541,0.003222,0.7215,0.70,#FFAA00
0.3557,Moderate Risk,3,1.4138511419296265,0.121125,Bare Land,Peri-Urban / Sparse,0.3541,0.003223,0.7154,0.70,#FFAA00
0.3553,Moderate Risk,3,1.4028369188308716,0.121485,Bare Land,Peri-Urban / Sparse,0.3541,0.003197,0.7133,0.70,#FFAA00
0.3543,Moderate Risk,3,1.3859144449234009,0.122292,Bare Land,Peri-Urban / Sparse,0.3541,0.003159,0.7086,0.70,#FFAA00
0.3545,Moderate Risk,3,1.3854130506515503,0.122089,Bare Land,Peri-Urban / Sparse,0.3541,0.003158,0.7098,0.70,#FFAA00
0.3544,Moderate Risk,3,1.383804440498352,0.122235,Bare Land,Peri-Urban / Sparse,0.3541,0.003154,0.7089,0.70,#FFAA00
0.3556,Moderate Risk,3,1.3654203414916992,0.121179,Bare Land,Peri-Urban / Sparse,0.3541,0.003112,0.7151,0.70,#FFAA00
0.3575,Moderate Risk,3,1.3202576637268066,0.119493,Bare Land,Peri-Urban / Sparse,0.3541,0.003009,0.7249,0.70,#FFAA00
0.3595,Moderate Risk,3,1.2449045181274414,0.117721,Bare Land,Peri-Urban / Sparse,0.3541,0.002837,0.7352,0.70,#FFAA00
0.3612,Moderate Risk,3,1.213167667388916,0.116243,Bare Land,Peri-Urban / Sparse,0.3541,0.002765,0.7439,0.70,#FFAA00
0.3661,Moderate Risk,3,1.201708436012268,0.112033,Bare Land,Peri-Urban / Sparse,0.3541,0.002739,0.7684,0.70,#FFAA00
0.3693,Moderate Risk,3,1.1991783380508423,0.109361,Bare Land,Peri-Urban / Sparse,0.3541,0.002733,0.7840,0.70,#FFAA00
0.3704,Moderate Risk,3,1.1993415355682373,0.108412,Bare Land,Peri-Urban / Sparse,0.3541,0.002734,0.7895,0.70,#FFAA00
0.3716,Moderate Risk,3,1.1998052597045898,0.107321,Bare Land,Peri-Urban / Sparse,0.3541,0.002735,0.7959,0.70,#FFAA00
0.3737,Moderate Risk,3,1.1984360218048096,0.105544,Bare Land,Peri-Urban / Sparse,0.3541,0.002732,0.8062,0.70,#FFAA00
0.3742,Moderate Risk,3,1.1956783533096313,0.105109,Bare Land,Peri-Urban / Sparse,0.3541,0.002725,0.8088,0.70,#FFAA00
0.3760,Moderate Risk,3,1.1938016414642334,0.103585,Bare Land,Peri-Urban / Sparse,0.3541,0.002721,0.8177,0.70,#FFAA00
0.3780,Moderate Risk,3,1.1904933452606201,0.101838,Bare Land,Peri-Urban / Sparse,0.3541,0.002713,0.8278,0.70,#FFAA00
0.3978,Moderate Risk,3,1.190176010131836,0.102071,Minepits/Industry,Peri-Urban / Sparse,0.3541,0.002713,0.8265,0.90,#FFAA00
0.3766,Moderate Risk,3,1.189099907875061,0.103048,Bare Land,Peri-Urban / Sparse,0.3541,0.002710,0.8208,0.70,#FFAA00
0.3956,Moderate Risk,3,1.1886475086212158,0.103942,Minepits/Industry,Peri-Urban / Sparse,0.3541,0.002709,0.8156,0.90,#FFAA00
0.3764,Moderate Risk,3,1.189768671989441,0.103273,Bare Land,Peri-Urban / Sparse,0.3541,0.002712,0.8195,0.70,#FFAA00
0.3751,Moderate Risk,3,1.1875395774841309,0.104325,Bare Land,Peri-Urban / Sparse,0.3541,0.002707,0.8133,0.70,#FFAA00
0.3750,Moderate Risk,3,1.1813000440597534,0.104440,Bare Land,Peri-Urban / Sparse,0.3541,0.002692,0.8127,0.70,#FFAA00
0.3752,Moderate Risk,3,1.1725434064865112,0.104253,Bare Land,Peri-Urban / Sparse,0.3541,0.002673,0.8138,0.70,#FFAA00
0.3764,Moderate Risk,3,1.1614086627960205,0.103213,Bare Land,Peri-Urban / Sparse,0.3541,0.002647,0.8198,0.70,#FFAA00
0.3773,Moderate Risk,3,1.151322364807129,0.102412,Bare Land,Peri-Urban / Sparse,0.3541,0.002624,0.8245,0.70,#FFAA00
0.3775,Moderate Risk,3,1.1427457332611084,0.102261,Bare Land,Peri-Urban / Sparse,0.3541,0.002605,0.8254,0.70,#FFAA00
0.3772,Moderate Risk,3,1.1339313983917236,0.102553,Bare Land,Peri-Urban / Sparse,0.3541,0.002585,0.8237,0.70,#FFAA00
0.3758,Moderate Risk,3,1.1280990839004517,0.103724,Bare Land,Peri-Urban / Sparse,0.3541,0.002571,0.8168,0.70,#FFAA00
0.3760,Moderate Risk,3,1.128248929977417,0.103581,Bare Land,Peri-Urban / Sparse,0.3541,0.002572,0.8177,0.70,#FFAA00
0.3753,Moderate Risk,3,1.1277812719345093,0.104180,Bare Land,Peri-Urban / Sparse,0.3541,0.002571,0.8142,0.70,#FFAA00
0.3753,Moderate Risk,3,1.1150251626968384,0.104089,Bare Land,Peri-Urban / Sparse,0.3541,0.002541,0.8147,0.70,#FFAA00
0.3761,Moderate Risk,3,1.1092529296875,0.103418,Bare Land,Peri-Urban / Sparse,0.3541,0.002528,0.8186,0.70,#FFAA00
0.3759,Moderate Risk,3,1.1079344749450684,0.103629,Bare Land,Peri-Urban / Sparse,0.3541,0.002525,0.8174,0.70,#FFAA00
0.2926,Low Risk,2,1.4733691215515137,,Unknown,Peri-Urban / Sparse,0.3541,0.003358,0.5000,0.50,#FFDD88
0.3586,Moderate Risk,3,1.4626492261886597,0.118643,Bare Land,Peri-Urban / Sparse,0.3541,0.003334,0.7299,0.70,#FFAA00
0.3585,Moderate Risk,3,1.4462617635726929,0.118695,Bare Land,Peri-Urban / Sparse,0.3541,0.003296,0.7296,0.70,#FFAA00
0.3580,Moderate Risk,3,1.4421945810317993,0.119127,Bare Land,Peri-Urban / Sparse,0.3541,0.003287,0.7270,0.70,#FFAA00
0.3569,Moderate Risk,3,1.4328548908233643,0.120106,Bare Land,Peri-Urban / Sparse,0.3541,0.003266,0.7213,0.70,#FFAA00
0.3562,Moderate Risk,3,1.4143438339233398,0.120637,Bare Land,Peri-Urban / Sparse,0.3541,0.003224,0.7182,0.70,#FFAA00
0.3560,Moderate Risk,3,1.4103529453277588,0.120830,Bare Land,Peri-Urban / Sparse,0.3541,0.003215,0.7171,0.70,#FFAA00
0.3563,Moderate Risk,3,1.4037595987319946,0.120608,Bare Land,Peri-Urban / Sparse,0.3541,0.003200,0.7184,0.70,#FFAA00
0.3555,Moderate Risk,3,1.3841296434402466,0.121248,Bare Land,Peri-Urban / Sparse,0.3541,0.003155,0.7147,0.70,#FFAA00
0.3546,Moderate Risk,3,1.3767716884613037,0.122036,Bare Land,Peri-Urban / Sparse,0.3541,0.003138,0.7101,0.70,#FFAA00
0.3561,Moderate Risk,3,1.3650126457214355,0.120707,Bare Land,Peri-Urban / Sparse,0.3541,0.003111,0.7178,0.70,#FFAA00
0.3569,Moderate Risk,3,1.33596670627594,0.120079,Bare Land,Peri-Urban / Sparse,0.3541,0.003045,0.7215,0.70,#FFAA00
0.3588,Moderate Risk,3,1.3124773502349854,0.118370,Bare Land,Peri-Urban / Sparse,0.3541,0.002991,0.7315,0.70,#FFAA00
0.3606,Moderate Risk,3,1.273080587387085,0.116817,Bare Land,Peri-Urban / Sparse,0.3541,0.002902,0.7405,0.70,#FFAA00
0.3626,Moderate Risk,3,1.2098476886749268,0.115052,Bare Land,Peri-Urban / Sparse,0.3541,0.002758,0.7508,0.70,#FFAA00
0.3673,Moderate Risk,3,1.2039798498153687,0.111010,Bare Land,Peri-Urban / Sparse,0.3541,0.002744,0.7744,0.70,#FFAA00
0.3710,Moderate Risk,3,1.2010618448257446,0.107840,Bare Land,Peri-Urban / Sparse,0.3541,0.002738,0.7928,0.70,#FFAA00
0.3726,Moderate Risk,3,1.2004977464675903,0.106474,Bare Land,Peri-Urban / Sparse,0.3541,0.002736,0.8008,0.70,#FFAA00
0.3926,Moderate Risk,3,1.1997077465057373,0.106452,Minepits/Industry,Peri-Urban / Sparse,0.3541,0.002734,0.8009,0.90,#FFAA00
0.3747,Moderate Risk,3,1.1956816911697388,0.104656,Bare Land,Peri-Urban / Sparse,0.3541,0.002725,0.8114,0.70,#FFAA00
0.3958,Moderate Risk,3,1.1930975914001465,0.103763,Minepits/Industry,Peri-Urban / Sparse,0.3541,0.002719,0.8166,0.90,#FFAA00
0.3756,Moderate Risk,3,1.1920111179351807,0.103878,Bare Land,Peri-Urban / Sparse,0.3541,0.002717,0.8159,0.70,#FFAA00
0.3787,Moderate Risk,3,1.1929042339324951,0.101259,Bare Land,Peri-Urban / Sparse,0.3541,0.002719,0.8312,0.70,#FFAA00
0.3987,Moderate Risk,3,1.1924619674682617,0.101255,Minepits/Industry,Peri-Urban / Sparse,0.3541,0.002718,0.8312,0.90,#FFAA00
0.3783,Moderate Risk,3,1.1905454397201538,0.101631,Bare Land,Peri-Urban / Sparse,0.3541,0.002714,0.8290,0.70,#FFAA00
0.3768,Moderate Risk,3,1.188218116760254,0.102893,Bare Land,Peri-Urban / Sparse,0.3541,0.002708,0.8217,0.70,#FFAA00
0.3765,Moderate Risk,3,1.1879162788391113,0.103137,Bare Land,Peri-Urban / Sparse,0.3541,0.002708,0.8203,0.70,#FFAA00
0.3756,Moderate Risk,3,1.1875554323196411,0.103949,Bare Land,Peri-Urban / Sparse,0.3541,0.002707,0.8155,0.70,#FFAA00
0.3746,Moderate Risk,3,1.186192274093628,0.104819,Bare Land,Peri-Urban / Sparse,0.3541,0.002704,0.8105,0.70,#FFAA00
0.3753,Moderate Risk,3,1.185518503189087,0.104183,Bare Land,Peri-Urban / Sparse,0.3541,0.002702,0.8142,0.70,#FFAA00
0.3767,Moderate Risk,3,1.1853399276733398,0.102998,Bare Land,Peri-Urban / Sparse,0.3541,0.002702,0.8211,0.70,#FFAA00
0.3768,Moderate Risk,3,1.18368661403656,0.102841,Bare Land,Peri-Urban / Sparse,0.3541,0.002698,0.8220,0.70,#FFAA00
0.3763,Moderate Risk,3,1.1767197847366333,0.103295,Bare Land,Peri-Urban / Sparse,0.3541,0.002682,0.8193,0.70,#FFAA00
0.3765,Moderate Risk,3,1.163046956062317,0.103151,Bare Land,Peri-Urban / Sparse,0.3541,0.002651,0.8202,0.70,#FFAA00
0.3763,Moderate Risk,3,1.1509252786636353,0.103259,Bare Land,Peri-Urban / Sparse,0.3541,0.002623,0.8196,0.70,#FFAA00
0.3763,Moderate Risk,3,1.143357276916504,0.103258,Bare Land,Peri-Urban / Sparse,0.3541,0.002606,0.8196,0.70,#FFAA00
0.3758,Moderate Risk,3,1.1350336074829102,0.103686,Bare Land,Peri-Urban / Sparse,0.3541,0.002587,0.8171,0.70,#FFAA00
0.3752,Moderate Risk,3,1.1197643280029297,0.104213,Bare Land,Peri-Urban / Sparse,0.3541,0.002552,0.8140,0.70,#FFAA00
0.3754,Moderate Risk,3,1.1110129356384277,0.104023,Bare Land,Peri-Urban / Sparse,0.3541,0.002532,0.8151,0.70,#FFAA00
0.3761,Moderate Risk,3,1.110488772392273,0.103482,Bare Land,Peri-Urban / Sparse,0.3541,0.002531,0.8183,0.70,#FFAA00
0.3758,Moderate Risk,3,1.1092219352722168,0.103685,Bare Land,Peri-Urban / Sparse,0.3541,0.002528,0.8171,0.70,#FFAA00
0.3588,Moderate Risk,3,1.4765230417251587,0.118519,Bare Land,Peri-Urban / Sparse,0.3541,0.003365,0.7306,0.70,#FFAA00
0.3586,Moderate Risk,3,1.4647070169448853,0.118633,Bare Land,Peri-Urban / Sparse,0.3541,0.003338,0.7299,0.70,#FFAA00
0.3573,Moderate Risk,3,1.4472135305404663,0.119748,Bare Land,Peri-Urban / Sparse,0.3541,0.003299,0.7234,0.70,#FFAA00
0.3565,Moderate Risk,3,1.439149260520935,0.120426,Bare Land,Peri-Urban / Sparse,0.3541,0.003280,0.7195,0.70,#FFAA00
0.3565,Moderate Risk,3,1.4136137962341309,0.120406,Bare Land,Peri-Urban / Sparse,0.3541,0.003222,0.7196,0.70,#FFAA00
0.3562,Moderate Risk,3,1.4038094282150269,0.120673,Bare Land,Peri-Urban / Sparse,0.3541,0.003200,0.7180,0.70,#FFAA00
0.3564,Moderate Risk,3,1.4008764028549194,0.120547,Bare Land,Peri-Urban / Sparse,0.3541,0.003193,0.7188,0.70,#FFAA00
0.3561,Moderate Risk,3,1.3854832649230957,0.120765,Bare Land,Peri-Urban / Sparse,0.3541,0.003158,0.7175,0.70,#FFAA00
0.3552,Moderate Risk,3,1.3563952445983887,0.121495,Bare Land,Peri-Urban / Sparse,0.3541,0.003092,0.7132,0.70,#FFAA00
0.3561,Moderate Risk,3,1.3301680088043213,0.120695,Bare Land,Peri-Urban / Sparse,0.3541,0.003032,0.7179,0.70,#FFAA00
0.3578,Moderate Risk,3,1.3134658336639404,0.119215,Bare Land,Peri-Urban / Sparse,0.3541,0.002994,0.7265,0.70,#FFAA00
0.3609,Moderate Risk,3,1.3064689636230469,0.116610,Bare Land,Peri-Urban / Sparse,0.3541,0.002978,0.7417,0.70,#FFAA00
0.3631,Moderate Risk,3,1.2967495918273926,0.114657,Bare Land,Peri-Urban / Sparse,0.3541,0.002956,0.7531,0.70,#FFAA00
0.3664,Moderate Risk,3,1.2392685413360596,0.111861,Bare Land,Peri-Urban / Sparse,0.3541,0.002825,0.7694,0.70,#FFAA00
0.3692,Moderate Risk,3,1.2029141187667847,0.109382,Bare Land,Peri-Urban / Sparse,0.3541,0.002742,0.7839,0.70,#FFAA00
0.3722,Moderate Risk,3,1.2050116062164307,0.106874,Bare Land,Peri-Urban / Sparse,0.3541,0.002747,0.7985,0.70,#FFAA00
0.3741,Moderate Risk,3,1.2027862071990967,0.105211,Bare Land,Peri-Urban / Sparse,0.3541,0.002741,0.8082,0.70,#FFAA00
0.3743,Moderate Risk,3,1.198358178138733,0.104999,Bare Land,Peri-Urban / Sparse,0.3541,0.002731,0.8094,0.70,#FFAA00
0.3747,Moderate Risk,3,1.1961349248886108,0.104676,Bare Land,Peri-Urban / Sparse,0.3541,0.002726,0.8113,0.70,#FFAA00
0.3749,Moderate Risk,3,1.1935222148895264,0.104493,Bare Land,Peri-Urban / Sparse,0.3541,0.002720,0.8124,0.70,#FFAA00
0.3767,Moderate Risk,3,1.1923353672027588,0.102958,Bare Land,Peri-Urban / Sparse,0.3541,0.002718,0.8213,0.70,#FFAA00
0.3951,Moderate Risk,3,1.1911500692367554,0.104386,Minepits/Industry,Peri-Urban / Sparse,0.3541,0.002715,0.8130,0.90,#FFAA00
0.3776,Moderate Risk,3,1.1908931732177734,0.102165,Bare Land,Peri-Urban / Sparse,0.3541,0.002714,0.8259,0.70,#FFAA00
0.3796,Moderate Risk,3,1.1879774332046509,0.100470,Bare Land,Peri-Urban / Sparse,0.3541,0.002708,0.8358,0.70,#FFAA00
0.3991,Moderate Risk,3,1.185495138168335,0.100883,Minepits/Industry,Peri-Urban / Sparse,0.3541,0.002702,0.8334,0.90,#FFAA00
0.3780,Moderate Risk,3,1.1845113039016724,0.101847,Bare Land,Peri-Urban / Sparse,0.3541,0.002700,0.8278,0.70,#FFAA00
0.3769,Moderate Risk,3,1.1845321655273438,0.102820,Bare Land,Peri-Urban / Sparse,0.3541,0.002700,0.8221,0.70,#FFAA00
0.3755,Moderate Risk,3,1.185340404510498,0.104006,Bare Land,Peri-Urban / Sparse,0.3541,0.002702,0.8152,0.70,#FFAA00
0.3747,Moderate Risk,3,1.1851452589035034,0.104724,Bare Land,Peri-Urban / Sparse,0.3541,0.002701,0.8110,0.70,#FFAA00
0.3757,Moderate Risk,3,1.184686541557312,0.103864,Bare Land,Peri-Urban / Sparse,0.3541,0.002700,0.8160,0.70,#FFAA00
0.3765,Moderate Risk,3,1.1817718744277954,0.103162,Bare Land,Peri-Urban / Sparse,0.3541,0.002694,0.8201,0.70,#FFAA00
0.3770,Moderate Risk,3,1.1744729280471802,0.102670,Bare Land,Peri-Urban / Sparse,0.3541,0.002677,0.8230,0.70,#FFAA00
0.3763,Moderate Risk,3,1.1701266765594482,0.103299,Bare Land,Peri-Urban / Sparse,0.3541,0.002667,0.8193,0.70,#FFAA00
0.3761,Moderate Risk,3,1.1706713438034058,0.103449,Bare Land,Peri-Urban / Sparse,0.3541,0.002668,0.8184,0.70,#FFAA00
0.3761,Moderate Risk,3,1.1651899814605713,0.103462,Bare Land,Peri-Urban / Sparse,0.3541,0.002656,0.8184,0.70,#FFAA00
0.3752,Moderate Risk,3,1.1486458778381348,0.104226,Bare Land,Peri-Urban / Sparse,0.3541,0.002618,0.8139,0.70,#FFAA00
0.3750,Moderate Risk,3,1.1316519975662231,0.104394,Bare Land,Peri-Urban / Sparse,0.3541,0.002579,0.8129,0.70,#FFAA00
0.3748,Moderate Risk,3,1.1132402420043945,0.104596,Bare Land,Peri-Urban / Sparse,0.3541,0.002537,0.8118,0.70,#FFAA00
0.3753,Moderate Risk,3,1.0896495580673218,0.104132,Bare Land,Peri-Urban / Sparse,0.3541,0.002484,0.8145,0.70,#FFAA00
0.3756,Moderate Risk,3,1.0750625133514404,0.103840,Bare Land,Peri-Urban / Sparse,0.3541,0.002450,0.8162,0.70,#FFAA00
0.3752,Moderate Risk,3,1.062805414199829,0.104166,Bare Land,Peri-Urban / Sparse,0.3541,0.002422,0.8143,0.70,#FFAA00
0.2923,Low Risk,2,0.9987850785255432,,Unknown,Rural / Scattered,0.3541,0.002276,0.5000,0.50,#FFDD88
0.3590,Moderate Risk,3,1.4770005941390991,0.118325,Bare Land,Peri-Urban / Sparse,0.3541,0.003366,0.7317,0.70,#FFAA00
0.3576,Moderate Risk,3,1.4607164859771729,0.119476,Bare Land,Peri-Urban / Sparse,0.3541,0.003329,0.7250,0.70,#FFAA00
0.3570,Moderate Risk,3,1.4401328563690186,0.119969,Bare Land,Peri-Urban / Sparse,0.3541,0.003282,0.7221,0.70,#FFAA00
0.3559,Moderate Risk,3,1.4178173542022705,0.120934,Bare Land,Peri-Urban / Sparse,0.3541,0.003232,0.7165,0.70,#FFAA00
0.3559,Moderate Risk,3,1.402504324913025,0.120956,Bare Land,Peri-Urban / Sparse,0.3541,0.003197,0.7164,0.70,#FFAA00
0.3560,Moderate Risk,3,1.3919153213500977,0.120808,Bare Land,Peri-Urban / Sparse,0.3541,0.003173,0.7172,0.70,#FFAA00
0.3564,Moderate Risk,3,1.3655458688735962,0.120529,Bare Land,Peri-Urban / Sparse,0.3541,0.003112,0.7189,0.70,#FFAA00
0.3568,Moderate Risk,3,1.3234899044036865,0.120106,Bare Land,Peri-Urban / Sparse,0.3541,0.003017,0.7213,0.70,#FFAA00
0.3580,Moderate Risk,3,1.3080687522888184,0.119099,Bare Land,Peri-Urban / Sparse,0.3541,0.002981,0.7272,0.70,#FFAA00
0.3614,Moderate Risk,3,1.3019781112670898,0.116158,Bare Land,Peri-Urban / Sparse,0.3541,0.002968,0.7444,0.70,#FFAA00
0.3641,Moderate Risk,3,1.2968261241912842,0.113864,Bare Land,Peri-Urban / Sparse,0.3541,0.002956,0.7577,0.70,#FFAA00
0.3677,Moderate Risk,3,1.2921861410140991,0.110746,Bare Land,Peri-Urban / Sparse,0.3541,0.002945,0.7759,0.70,#FFAA00
0.3690,Moderate Risk,3,1.2726556062698364,0.109602,Bare Land,Peri-Urban / Sparse,0.3541,0.002901,0.7826,0.70,#FFAA00
0.3704,Moderate Risk,3,1.2149676084518433,0.108403,Bare Land,Peri-Urban / Sparse,0.3541,0.002769,0.7896,0.70,#FFAA00
0.3731,Moderate Risk,3,1.2027738094329834,0.106098,Bare Land,Peri-Urban / Sparse,0.3541,0.002741,0.8030,0.70,#FFAA00
0.3755,Moderate Risk,3,1.201417088508606,0.104024,Bare Land,Peri-Urban / Sparse,0.3541,0.002738,0.8151,0.70,#FFAA00
0.3758,Moderate Risk,3,1.198613166809082,0.103749,Bare Land,Peri-Urban / Sparse,0.3541,0.002732,0.8167,0.70,#FFAA00
0.3755,Moderate Risk,3,1.1967806816101074,0.104012,Bare Land,Peri-Urban / Sparse,0.3541,0.002728,0.8152,0.70,#FFAA00
0.3972,Moderate Risk,3,1.1956263780593872,0.102582,Minepits/Industry,Peri-Urban / Sparse,0.3541,0.002725,0.8235,0.90,#FFAA00
0.3753,Moderate Risk,3,1.1934553384780884,0.104139,Bare Land,Peri-Urban / Sparse,0.3541,0.002720,0.8144,0.70,#FFAA00
0.3969,Moderate Risk,3,1.1923319101333618,0.102831,Minepits/Industry,Peri-Urban / Sparse,0.3541,0.002718,0.8220,0.90,#FFAA00
0.3963,Moderate Risk,3,1.1882823705673218,0.103292,Minepits/Industry,Peri-Urban / Sparse,0.3541,0.002708,0.8194,0.90,#FFAA00
0.3990,Moderate Risk,3,1.1845167875289917,0.101013,Minepits/Industry,Peri-Urban / Sparse,0.3541,0.002700,0.8326,0.90,#FFAA00
0.3771,Moderate Risk,3,1.1792616844177246,0.102644,Bare Land,Peri-Urban / Sparse,0.3541,0.002688,0.8231,0.70,#FFAA00
0.3966,Moderate Risk,3,1.1785926818847656,0.103077,Minepits/Industry,Peri-Urban / Sparse,0.3541,0.002686,0.8206,0.90,#FFAA00
0.3777,Moderate Risk,3,1.1816868782043457,0.102090,Bare Land,Peri-Urban / Sparse,0.3541,0.002693,0.8264,0.70,#FFAA00
0.3775,Moderate Risk,3,1.1834828853607178,0.102295,Bare Land,Peri-Urban / Sparse,0.3541,0.002697,0.8252,0.70,#FFAA00
0.3748,Moderate Risk,3,1.183955192565918,0.104550,Bare Land,Peri-Urban / Sparse,0.3541,0.002699,0.8120,0.70,#FFAA00
0.3755,Moderate Risk,3,1.1832433938980103,0.103971,Bare Land,Peri-Urban / Sparse,0.3541,0.002697,0.8154,0.70,#FFAA00
0.3747,Moderate Risk,3,1.1764826774597168,0.104665,Bare Land,Peri-Urban / Sparse,0.3541,0.002682,0.8114,0.70,#FFAA00
0.3755,Moderate Risk,3,1.1671555042266846,0.104005,Bare Land,Peri-Urban / Sparse,0.3541,0.002660,0.8152,0.70,#FFAA00
0.3750,Moderate Risk,3,1.1580660343170166,0.104445,Bare Land,Peri-Urban / Sparse,0.3541,0.002640,0.8126,0.70,#FFAA00
0.3748,Moderate Risk,3,1.147780418395996,0.104593,Bare Land,Peri-Urban / Sparse,0.3541,0.002616,0.8118,0.70,#FFAA00
0.3752,Moderate Risk,3,1.1200625896453857,0.104202,Bare Land,Peri-Urban / Sparse,0.3541,0.002553,0.8141,0.70,#FFAA00
0.3750,Moderate Risk,3,1.0937674045562744,0.104349,Bare Land,Peri-Urban / Sparse,0.3541,0.002493,0.8132,0.70,#FFAA00
0.3752,Moderate Risk,3,1.0858080387115479,0.104173,Bare Land,Peri-Urban / Sparse,0.3541,0.002475,0.8142,0.70,#FFAA00
0.3746,Moderate Risk,3,1.0847619771957397,0.104726,Bare Land,Peri-Urban / Sparse,0.3541,0.002472,0.8110,0.70,#FFAA00
0.3747,Moderate Risk,3,1.0858304500579834,0.104588,Bare Land,Peri-Urban / Sparse,0.3541,0.002475,0.8118,0.70,#FFAA00
0.3750,Moderate Risk,3,1.0817691087722778,0.104339,Bare Land,Peri-Urban / Sparse,0.3541,0.002466,0.8133,0.70,#FFAA00
0.3754,Moderate Risk,3,1.0582486391067505,0.104019,Bare Land,Peri-Urban / Sparse,0.3541,0.002412,0.8151,0.70,#FFAA00
0.3754,Moderate Risk,3,1.030756950378418,0.103990,Bare Land,Peri-Urban / Sparse,0.3541,0.002349,0.8153,0.70,#FFAA00
0.2919,Low Risk,2,0.4273108243942261,,Unknown,Rural / Scattered,0.3541,0.000974,0.5000,0.50,#FFDD88
0.3584,Moderate Risk,3,1.02532958984375,0.118558,Bare Land,Peri-Urban / Sparse,0.3541,0.002337,0.7304,0.70,#FFAA00
0.3581,Moderate Risk,3,1.4721156358718872,0.119079,Bare Land,Peri-Urban / Sparse,0.3541,0.003355,0.7273,0.70,#FFAA00
0.3574,Moderate Risk,3,1.4541213512420654,0.119680,Bare Land,Peri-Urban / Sparse,0.3541,0.003314,0.7238,0.70,#FFAA00
0.3563,Moderate Risk,3,1.4234422445297241,0.120603,Bare Land,Peri-Urban / Sparse,0.3541,0.003244,0.7184,0.70,#FFAA00
0.3558,Moderate Risk,3,1.3807296752929688,0.121002,Bare Land,Peri-Urban / Sparse,0.3541,0.003147,0.7161,0.70,#FFAA00
0.3559,Moderate Risk,3,1.3534916639328003,0.120872,Bare Land,Peri-Urban / Sparse,0.3541,0.003085,0.7169,0.70,#FFAA00
0.3570,Moderate Risk,3,1.3339893817901611,0.119996,Bare Land,Peri-Urban / Sparse,0.3541,0.003041,0.7220,0.70,#FFAA00
0.3601,Moderate Risk,3,1.3127589225769043,0.117263,Bare Land,Peri-Urban / Sparse,0.3541,0.002992,0.7379,0.70,#FFAA00
0.3630,Moderate Risk,3,1.3046880960464478,0.114823,Bare Land,Peri-Urban / Sparse,0.3541,0.002974,0.7521,0.70,#FFAA00
0.3636,Moderate Risk,3,1.2971903085708618,0.114273,Bare Land,Peri-Urban / Sparse,0.3541,0.002957,0.7553,0.70,#FFAA00
0.3674,Moderate Risk,3,1.2898285388946533,0.111046,Bare Land,Peri-Urban / Sparse,0.3541,0.002940,0.7742,0.70,#FFAA00
0.3690,Moderate Risk,3,1.2899590730667114,0.109634,Bare Land,Peri-Urban / Sparse,0.3541,0.002940,0.7824,0.70,#FFAA00
0.3716,Moderate Risk,3,1.2833608388900757,0.107396,Bare Land,Peri-Urban / Sparse,0.3541,0.002925,0.7954,0.70,#FFAA00
0.3714,Moderate Risk,3,1.233305811882019,0.107503,Bare Land,Peri-Urban / Sparse,0.3541,0.002811,0.7948,0.70,#FFAA00
0.3736,Moderate Risk,3,1.2123061418533325,0.105616,Bare Land,Peri-Urban / Sparse,0.3541,0.002763,0.8058,0.70,#FFAA00
0.3938,Moderate Risk,3,1.2054944038391113,0.105427,Minepits/Industry,Peri-Urban / Sparse,0.3541,0.002748,0.8069,0.90,#FFAA00
0.3747,Moderate Risk,3,1.2037757635116577,0.104700,Bare Land,Peri-Urban / Sparse,0.3541,0.002744,0.8112,0.70,#FFAA00
0.3749,Moderate Risk,3,1.2014095783233643,0.104495,Bare Land,Peri-Urban / Sparse,0.3541,0.002738,0.8123,0.70,#FFAA00
0.3949,Moderate Risk,3,1.1984800100326538,0.104546,Minepits/Industry,Peri-Urban / Sparse,0.3541,0.002732,0.8120,0.90,#FFAA00
0.3753,Moderate Risk,3,1.1937651634216309,0.104203,Bare Land,Peri-Urban / Sparse,0.3541,0.002721,0.8140,0.70,#FFAA00
0.3927,Moderate Risk,3,1.1903020143508911,0.106447,Minepits/Industry,Peri-Urban / Sparse,0.3541,0.002713,0.8010,0.90,#FFAA00
0.3744,Moderate Risk,3,1.1876308917999268,0.104975,Bare Land,Peri-Urban / Sparse,0.3541,0.002707,0.8095,0.70,#FFAA00
0.3778,Moderate Risk,3,1.1858922243118286,0.102031,Bare Land,Peri-Urban / Sparse,0.3541,0.002703,0.8267,0.70,#FFAA00
0.3978,Moderate Risk,3,1.1825509071350098,0.102027,Minepits/Industry,Peri-Urban / Sparse,0.3541,0.002695,0.8267,0.90,#FFAA00
0.3800,Moderate Risk,3,1.1754623651504517,0.100164,Bare Land,Peri-Urban / Sparse,0.3541,0.002679,0.8376,0.70,#FFAA00
0.3773,Moderate Risk,3,1.1749794483184814,0.102455,Bare Land,Peri-Urban / Sparse,0.3541,0.002678,0.8242,0.70,#FFAA00
0.3776,Moderate Risk,3,1.1816471815109253,0.102188,Bare Land,Peri-Urban / Sparse,0.3541,0.002693,0.8258,0.70,#FFAA00
0.3766,Moderate Risk,3,1.1827831268310547,0.103060,Bare Land,Peri-Urban / Sparse,0.3541,0.002696,0.8207,0.70,#FFAA00
0.3758,Moderate Risk,3,1.1759501695632935,0.103718,Bare Land,Peri-Urban / Sparse,0.3541,0.002680,0.8169,0.70,#FFAA00
0.3755,Moderate Risk,3,1.15752112865448,0.103958,Bare Land,Peri-Urban / Sparse,0.3541,0.002638,0.8155,0.70,#FFAA00
0.3751,Moderate Risk,3,1.130007028579712,0.104290,Bare Land,Peri-Urban / Sparse,0.3541,0.002576,0.8135,0.70,#FFAA00
0.3758,Moderate Risk,3,1.1132581233978271,0.103723,Bare Land,Peri-Urban / Sparse,0.3541,0.002537,0.8168,0.70,#FFAA00
0.3124,Moderate Risk,3,1.1082040071487427,,Bare Land,Peri-Urban / Sparse,0.3541,0.002526,0.5000,0.70,#FFAA00
0.3755,Moderate Risk,3,1.1053754091262817,0.103943,Bare Land,Peri-Urban / Sparse,0.3541,0.002519,0.8156,0.70,#FFAA00
0.3747,Moderate Risk,3,1.096737027168274,0.104614,Bare Land,Peri-Urban / Sparse,0.3541,0.002500,0.8117,0.70,#FFAA00
0.3749,Moderate Risk,3,1.0939425230026245,0.104433,Bare Land,Peri-Urban / Sparse,0.3541,0.002493,0.8127,0.70,#FFAA00
0.3747,Moderate Risk,3,1.0954986810684204,0.104640,Bare Land,Peri-Urban / Sparse,0.3541,0.002497,0.8115,0.70,#FFAA00
0.3747,Moderate Risk,3,1.0933454036712646,0.104620,Bare Land,Peri-Urban / Sparse,0.3541,0.002492,0.8116,0.70,#FFAA00
0.3745,Moderate Risk,3,1.0731661319732666,0.104772,Bare Land,Peri-Urban / Sparse,0.3541,0.002446,0.8107,0.70,#FFAA00
0.3749,Moderate Risk,3,1.03982412815094,0.104413,Bare Land,Peri-Urban / Sparse,0.3541,0.002370,0.8128,0.70,#FFAA00
0.3749,Moderate Risk,3,1.0182875394821167,0.104429,Bare Land,Peri-Urban / Sparse,0.3541,0.002321,0.8127,0.70,#FFAA00
0.3741,Moderate Risk,3,1.0120632648468018,0.105110,Bare Land,Peri-Urban / Sparse,0.3541,0.002307,0.8088,0.70,#FFAA00
0.3120,Moderate Risk,3,0.4579486846923828,,Bare Land,Rural / Scattered,0.3541,0.001044,0.5000,0.70,#FFAA00
0.3576,Moderate Risk,3,1.1948068141937256,0.119324,Bare Land,Peri-Urban / Sparse,0.3541,0.002723,0.7259,0.70,#FFAA00
0.3573,Moderate Risk,3,1.446414828300476,0.119776,Bare Land,Peri-Urban / Sparse,0.3541,0.003297,0.7233,0.70,#FFAA00
0.3568,Moderate Risk,3,1.4022388458251953,0.120171,Bare Land,Peri-Urban / Sparse,0.3541,0.003196,0.7210,0.70,#FFAA00
0.3568,Moderate Risk,3,1.3582810163497925,0.120119,Bare Land,Peri-Urban / Sparse,0.3541,0.003096,0.7213,0.70,#FFAA00
0.3574,Moderate Risk,3,1.3334821462631226,0.119604,Bare Land,Peri-Urban / Sparse,0.3541,0.003039,0.7243,0.70,#FFAA00
0.3581,Moderate Risk,3,1.3285304307937622,0.118980,Bare Land,Peri-Urban / Sparse,0.3541,0.003028,0.7279,0.70,#FFAA00
0.3622,Moderate Risk,3,1.3145097494125366,0.115498,Bare Land,Peri-Urban / Sparse,0.3541,0.002996,0.7482,0.70,#FFAA00
0.3650,Moderate Risk,3,1.2997320890426636,0.113049,Bare Land,Peri-Urban / Sparse,0.3541,0.002962,0.7625,0.70,#FFAA00
0.3661,Moderate Risk,3,1.2917510271072388,0.112141,Bare Land,Peri-Urban / Sparse,0.3541,0.002944,0.7678,0.70,#FFAA00
0.3678,Moderate Risk,3,1.2892040014266968,0.110643,Bare Land,Peri-Urban / Sparse,0.3541,0.002938,0.7765,0.70,#FFAA00
0.3704,Moderate Risk,3,1.289009928703308,0.108391,Bare Land,Peri-Urban / Sparse,0.3541,0.002938,0.7896,0.70,#FFAA00
0.3723,Moderate Risk,3,1.285915732383728,0.106771,Bare Land,Peri-Urban / Sparse,0.3541,0.002931,0.7991,0.70,#FFAA00
0.3735,Moderate Risk,3,1.245503306388855,0.105770,Bare Land,Peri-Urban / Sparse,0.3541,0.002839,0.8049,0.70,#FFAA00
0.3731,Moderate Risk,3,1.210103988647461,0.106050,Bare Land,Peri-Urban / Sparse,0.3541,0.002758,0.8033,0.70,#FFAA00
0.3748,Moderate Risk,3,1.2069259881973267,0.104629,Bare Land,Peri-Urban / Sparse,0.3541,0.002751,0.8116,0.70,#FFAA00
0.3160,Moderate Risk,3,1.205840826034546,0.103615,Natural Vegetation,Peri-Urban / Sparse,0.3541,0.002748,0.8175,0.10,#FFAA00
0.3766,Moderate Risk,3,1.2053842544555664,0.103035,Bare Land,Peri-Urban / Sparse,0.3541,0.002747,0.8209,0.70,#FFAA00
0.3736,Moderate Risk,3,1.2063544988632202,0.105672,Bare Land,Peri-Urban / Sparse,0.3541,0.002750,0.8055,0.70,#FFAA00
0.3735,Moderate Risk,3,1.2058982849121094,0.105748,Bare Land,Peri-Urban / Sparse,0.3541,0.002749,0.8050,0.70,#FFAA00
0.3750,Moderate Risk,3,1.1981580257415771,0.104438,Bare Land,Peri-Urban / Sparse,0.3541,0.002731,0.8127,0.70,#FFAA00
0.3971,Moderate Risk,3,1.1928958892822266,0.102622,Minepits/Industry,Peri-Urban / Sparse,0.3541,0.002719,0.8233,0.90,#FFAA00
0.3754,Moderate Risk,3,1.1866265535354614,0.104084,Bare Land,Peri-Urban / Sparse,0.3541,0.002705,0.8147,0.70,#FFAA00
0.3783,Moderate Risk,3,1.1831835508346558,0.101620,Bare Land,Peri-Urban / Sparse,0.3541,0.002697,0.8291,0.70,#FFAA00
0.3789,Moderate Risk,3,1.1706856489181519,0.101105,Bare Land,Peri-Urban / Sparse,0.3541,0.002668,0.8321,0.70,#FFAA00
0.3992,Moderate Risk,3,1.1632643938064575,0.100820,Minepits/Industry,Peri-Urban / Sparse,0.3541,0.002651,0.8338,0.90,#FFAA00
0.3766,Moderate Risk,3,1.1660343408584595,0.103026,Bare Land,Peri-Urban / Sparse,0.3541,0.002658,0.8209,0.70,#FFAA00
0.3767,Moderate Risk,3,1.1678273677825928,0.102961,Bare Land,Peri-Urban / Sparse,0.3541,0.002662,0.8213,0.70,#FFAA00
0.3772,Moderate Risk,3,1.137450098991394,0.102530,Bare Land,Peri-Urban / Sparse,0.3541,0.002593,0.8238,0.70,#FFAA00
0.3736,Moderate Risk,3,1.1099636554718018,0.105624,Bare Land,Peri-Urban / Sparse,0.3541,0.002530,0.8058,0.70,#FFAA00
0.3752,Moderate Risk,3,1.102693796157837,0.104203,Bare Land,Peri-Urban / Sparse,0.3541,0.002513,0.8140,0.70,#FFAA00
0.3761,Moderate Risk,3,1.1074541807174683,0.103444,Bare Land,Peri-Urban / Sparse,0.3541,0.002524,0.8185,0.70,#FFAA00
0.3753,Moderate Risk,3,1.1146125793457031,0.104089,Bare Land,Peri-Urban / Sparse,0.3541,0.002540,0.8147,0.70,#FFAA00
0.3755,Moderate Risk,3,1.1157232522964478,0.103913,Bare Land,Peri-Urban / Sparse,0.3541,0.002543,0.8157,0.70,#FFAA00
0.3753,Moderate Risk,3,1.101169466972351,0.104156,Bare Land,Peri-Urban / Sparse,0.3541,0.002510,0.8143,0.70,#FFAA00
0.3754,Moderate Risk,3,1.0963363647460938,0.104029,Bare Land,Peri-Urban / Sparse,0.3541,0.002499,0.8151,0.70,#FFAA00
0.3756,Moderate Risk,3,1.0961904525756836,0.103843,Bare Land,Peri-Urban / Sparse,0.3541,0.002499,0.8161,0.70,#FFAA00
0.3757,Moderate Risk,3,1.0883933305740356,0.103794,Bare Land,Peri-Urban / Sparse,0.3541,0.002481,0.8164,0.70,#FFAA00
0.3752,Moderate Risk,3,1.0551594495773315,0.104167,Bare Land,Peri-Urban / Sparse,0.3541,0.002405,0.8143,0.70,#FFAA00
0.3748,Moderate Risk,3,1.0283880233764648,0.104491,Bare Land,Peri-Urban / Sparse,0.3541,0.002344,0.8124,0.70,#FFAA00
0.3749,Moderate Risk,3,1.0176093578338623,0.104431,Bare Land,Peri-Urban / Sparse,0.3541,0.002319,0.8127,0.70,#FFAA00
0.3745,Moderate Risk,3,1.0140970945358276,0.104797,Bare Land,Peri-Urban / Sparse,0.3541,0.002311,0.8106,0.70,#FFAA00
0.3743,Moderate Risk,3,1.001164197921753,0.104883,Bare Land,Peri-Urban / Sparse,0.3541,0.002282,0.8101,0.70,#FFAA00
0.2919,Low Risk,2,0.41135239601135254,,Unknown,Rural / Scattered,0.3541,0.000938,0.5000,0.50,#FFDD88
0.3567,Moderate Risk,3,0.5390555262565613,0.119753,Bare Land,Rural / Scattered,0.3541,0.001229,0.7234,0.70,#FFAA00
0.3566,Moderate Risk,3,1.2719134092330933,0.120291,Bare Land,Peri-Urban / Sparse,0.3541,0.002899,0.7203,0.70,#FFAA00
0.3565,Moderate Risk,3,1.381216287612915,0.120419,Bare Land,Peri-Urban / Sparse,0.3541,0.003148,0.7195,0.70,#FFAA00
0.3570,Moderate Risk,3,1.358332633972168,0.119995,Bare Land,Peri-Urban / Sparse,0.3541,0.003096,0.7220,0.70,#FFAA00
0.3575,Moderate Risk,3,1.3480029106140137,0.119552,Bare Land,Peri-Urban / Sparse,0.3541,0.003072,0.7246,0.70,#FFAA00
0.3601,Moderate Risk,3,1.3347660303115845,0.117280,Bare Land,Peri-Urban / Sparse,0.3541,0.003042,0.7378,0.70,#FFAA00
0.3636,Moderate Risk,3,1.3195319175720215,0.114261,Bare Land,Peri-Urban / Sparse,0.3541,0.003008,0.7554,0.70,#FFAA00
0.3668,Moderate Risk,3,1.2972095012664795,0.111490,Bare Land,Peri-Urban / Sparse,0.3541,0.002957,0.7716,0.70,#FFAA00
0.3693,Moderate Risk,3,1.2920345067977905,0.109401,Bare Land,Peri-Urban / Sparse,0.3541,0.002945,0.7837,0.70,#FFAA00
0.3724,Moderate Risk,3,1.2908496856689453,0.106675,Bare Land,Peri-Urban / Sparse,0.3541,0.002942,0.7996,0.70,#FFAA00
0.3721,Moderate Risk,3,1.290333867073059,0.106936,Bare Land,Peri-Urban / Sparse,0.3541,0.002941,0.7981,0.70,#FFAA00
0.3740,Moderate Risk,3,1.2880357503890991,0.105377,Bare Land,Peri-Urban / Sparse,0.3541,0.002936,0.8072,0.70,#FFAA00
0.3745,Moderate Risk,3,1.257161259651184,0.104912,Bare Land,Peri-Urban / Sparse,0.3541,0.002865,0.8099,0.70,#FFAA00
0.3756,Moderate Risk,3,1.2094472646713257,0.103906,Bare Land,Peri-Urban / Sparse,0.3541,0.002757,0.8158,0.70,#FFAA00
0.3759,Moderate Risk,3,1.2046427726745605,0.103701,Bare Land,Peri-Urban / Sparse,0.3541,0.002746,0.8170,0.70,#FFAA00
0.3770,Moderate Risk,3,1.204175591468811,0.102705,Bare Land,Peri-Urban / Sparse,0.3541,0.002745,0.8228,0.70,#FFAA00
0.3154,Moderate Risk,3,1.202588438987732,0.104128,Natural Vegetation,Peri-Urban / Sparse,0.3541,0.002741,0.8145,0.10,#FFAA00
0.3737,Moderate Risk,3,1.202762484550476,0.105530,Bare Land,Peri-Urban / Sparse,0.3541,0.002741,0.8063,0.70,#FFAA00
0.3748,Moderate Risk,3,1.2008297443389893,0.104625,Bare Land,Peri-Urban / Sparse,0.3541,0.002737,0.8116,0.70,#FFAA00
0.3949,Moderate Risk,3,1.1978145837783813,0.104481,Minepits/Industry,Peri-Urban / Sparse,0.3541,0.002730,0.8124,0.90,#FFAA00
0.3758,Moderate Risk,3,1.1946942806243896,0.103764,Bare Land,Peri-Urban / Sparse,0.3541,0.002723,0.8166,0.70,#FFAA00
0.3764,Moderate Risk,3,1.1926947832107544,0.103275,Bare Land,Peri-Urban / Sparse,0.3541,0.002718,0.8195,0.70,#FFAA00
0.3766,Moderate Risk,3,1.190616488456726,0.103068,Bare Land,Peri-Urban / Sparse,0.3541,0.002714,0.8207,0.70,#FFAA00
0.3772,Moderate Risk,3,1.1918025016784668,0.102513,Bare Land,Peri-Urban / Sparse,0.3541,0.002716,0.8239,0.70,#FFAA00
0.3774,Moderate Risk,3,1.1810334920883179,0.102365,Bare Land,Peri-Urban / Sparse,0.3541,0.002692,0.8248,0.70,#FFAA00
0.3758,Moderate Risk,3,1.1534327268600464,0.103682,Bare Land,Peri-Urban / Sparse,0.3541,0.002629,0.8171,0.70,#FFAA00
0.3745,Moderate Risk,3,1.1244831085205078,0.104791,Bare Land,Peri-Urban / Sparse,0.3541,0.002563,0.8106,0.70,#FFAA00
0.3770,Moderate Risk,3,1.0962954759597778,0.102676,Bare Land,Peri-Urban / Sparse,0.3541,0.002499,0.8230,0.70,#FFAA00
0.3753,Moderate Risk,3,1.0856577157974243,0.104091,Bare Land,Peri-Urban / Sparse,0.3541,0.002474,0.8147,0.70,#FFAA00
0.3744,Moderate Risk,3,1.0966126918792725,0.104883,Bare Land,Peri-Urban / Sparse,0.3541,0.002499,0.8101,0.70,#FFAA00
0.3750,Moderate Risk,3,1.111771583557129,0.104350,Bare Land,Peri-Urban / Sparse,0.3541,0.002534,0.8132,0.70,#FFAA00
0.3756,Moderate Risk,3,1.116102695465088,0.103883,Bare Land,Peri-Urban / Sparse,0.3541,0.002544,0.8159,0.70,#FFAA00
0.3757,Moderate Risk,3,1.105830430984497,0.103815,Bare Land,Peri-Urban / Sparse,0.3541,0.002520,0.8163,0.70,#FFAA00
0.3756,Moderate Risk,3,1.0854994058609009,0.103878,Bare Land,Peri-Urban / Sparse,0.3541,0.002474,0.8159,0.70,#FFAA00
0.3746,Moderate Risk,3,1.0708749294281006,0.104748,Bare Land,Peri-Urban / Sparse,0.3541,0.002441,0.8109,0.70,#FFAA00
0.3940,Moderate Risk,3,1.065482497215271,0.105184,Minepits/Industry,Peri-Urban / Sparse,0.3541,0.002429,0.8083,0.90,#FFAA00
0.3741,Moderate Risk,3,1.0625755786895752,0.105091,Bare Land,Peri-Urban / Sparse,0.3541,0.002422,0.8089,0.70,#FFAA00
0.3743,Moderate Risk,3,1.0478177070617676,0.104964,Bare Land,Peri-Urban / Sparse,0.3541,0.002388,0.8096,0.70,#FFAA00
0.3741,Moderate Risk,3,1.0282459259033203,0.105078,Bare Land,Peri-Urban / Sparse,0.3541,0.002344,0.8089,0.70,#FFAA00
0.3745,Moderate Risk,3,1.019335150718689,0.104770,Bare Land,Peri-Urban / Sparse,0.3541,0.002323,0.8107,0.70,#FFAA00
0.3748,Moderate Risk,3,1.010668396949768,0.104513,Bare Land,Peri-Urban / Sparse,0.3541,0.002304,0.8122,0.70,#FFAA00
0.3752,Moderate Risk,3,0.9862992763519287,0.104179,Bare Land,Rural / Scattered,0.3541,0.002248,0.8142,0.70,#FFAA00
0.3739,Moderate Risk,3,0.9494288563728333,0.105190,Bare Land,Rural / Scattered,0.3541,0.002164,0.8083,0.70,#FFAA00
0.2929,Low Risk,2,1.7941031455993652,,Unknown,Peri-Urban / Sparse,0.3541,0.004089,0.5000,0.50,#FFDD88
0.3580,Moderate Risk,3,2.0924720764160156,0.119553,Bare Land,Peri-Urban / Sparse,0.3541,0.004769,0.7246,0.70,#FFAA00
0.3569,Moderate Risk,3,2.1766304969787598,0.120516,Bare Land,Peri-Urban / Sparse,0.3541,0.004961,0.7190,0.70,#FFAA00
0.3573,Moderate Risk,3,1.400826096534729,0.119752,Bare Land,Peri-Urban / Sparse,0.3541,0.003193,0.7234,0.70,#FFAA00
0.3568,Moderate Risk,3,1.3694783449172974,0.120128,Bare Land,Peri-Urban / Sparse,0.3541,0.003121,0.7212,0.70,#FFAA00
0.3573,Moderate Risk,3,1.366201639175415,0.119683,Bare Land,Peri-Urban / Sparse,0.3541,0.003114,0.7238,0.70,#FFAA00
0.3596,Moderate Risk,3,1.3526813983917236,0.117698,Bare Land,Peri-Urban / Sparse,0.3541,0.003083,0.7354,0.70,#FFAA00
0.3651,Moderate Risk,3,1.3218272924423218,0.112957,Bare Land,Peri-Urban / Sparse,0.3541,0.003013,0.7630,0.70,#FFAA00
0.3684,Moderate Risk,3,1.3010121583938599,0.110129,Bare Land,Peri-Urban / Sparse,0.3541,0.002965,0.7795,0.70,#FFAA00
0.3726,Moderate Risk,3,1.2957754135131836,0.106583,Bare Land,Peri-Urban / Sparse,0.3541,0.002953,0.8002,0.70,#FFAA00
0.3719,Moderate Risk,3,1.2942684888839722,0.107121,Bare Land,Peri-Urban / Sparse,0.3541,0.002950,0.7970,0.70,#FFAA00
0.3715,Moderate Risk,3,1.2922183275222778,0.107528,Bare Land,Peri-Urban / Sparse,0.3541,0.002945,0.7947,0.70,#FFAA00
0.3712,Moderate Risk,3,1.2888190746307373,0.107739,Bare Land,Peri-Urban / Sparse,0.3541,0.002938,0.7934,0.70,#FFAA00
0.3738,Moderate Risk,3,1.2652596235275269,0.105466,Bare Land,Peri-Urban / Sparse,0.3541,0.002884,0.8067,0.70,#FFAA00
0.3752,Moderate Risk,3,1.2194981575012207,0.104309,Bare Land,Peri-Urban / Sparse,0.3541,0.002780,0.8134,0.70,#FFAA00
0.3779,Moderate Risk,3,1.2064704895019531,0.101989,Bare Land,Peri-Urban / Sparse,0.3541,0.002750,0.8270,0.70,#FFAA00
0.3765,Moderate Risk,3,1.2041510343551636,0.103170,Bare Land,Peri-Urban / Sparse,0.3541,0.002745,0.8201,0.70,#FFAA00
0.3775,Moderate Risk,3,1.2008097171783447,0.102330,Bare Land,Peri-Urban / Sparse,0.3541,0.002737,0.8250,0.70,#FFAA00
0.3149,Moderate Risk,3,1.199120283126831,0.104542,Natural Vegetation,Peri-Urban / Sparse,0.3541,0.002733,0.8121,0.10,#FFAA00
0.3740,Moderate Risk,3,1.1951273679733276,0.105286,Bare Land,Peri-Urban / Sparse,0.3541,0.002724,0.8077,0.70,#FFAA00
0.3737,Moderate Risk,3,1.1910300254821777,0.105557,Bare Land,Peri-Urban / Sparse,0.3541,0.002715,0.8062,0.70,#FFAA00
0.3737,Moderate Risk,3,1.1880935430526733,0.105565,Bare Land,Peri-Urban / Sparse,0.3541,0.002708,0.8061,0.70,#FFAA00
0.3748,Moderate Risk,3,1.1838537454605103,0.104630,Bare Land,Peri-Urban / Sparse,0.3541,0.002698,0.8116,0.70,#FFAA00
0.3738,Moderate Risk,3,1.1726062297821045,0.105480,Bare Land,Peri-Urban / Sparse,0.3541,0.002673,0.8066,0.70,#FFAA00
0.3742,Moderate Risk,3,1.1589587926864624,0.105100,Bare Land,Peri-Urban / Sparse,0.3541,0.002642,0.8088,0.70,#FFAA00
0.3954,Moderate Risk,3,1.1353681087493896,0.104054,Minepits/Industry,Peri-Urban / Sparse,0.3541,0.002588,0.8149,0.90,#FFAA00
0.3754,Moderate Risk,3,1.1003508567810059,0.104037,Bare Land,Peri-Urban / Sparse,0.3541,0.002508,0.8150,0.70,#FFAA00
0.3940,Moderate Risk,3,1.086980938911438,0.105218,Minepits/Industry,Peri-Urban / Sparse,0.3541,0.002478,0.8081,0.90,#FFAA00
0.3746,Moderate Risk,3,1.0906492471694946,0.104668,Bare Land,Peri-Urban / Sparse,0.3541,0.002486,0.8113,0.70,#FFAA00
0.3745,Moderate Risk,3,1.0894445180892944,0.104755,Bare Land,Peri-Urban / Sparse,0.3541,0.002483,0.8108,0.70,#FFAA00
0.3738,Moderate Risk,3,1.0840739011764526,0.105399,Bare Land,Peri-Urban / Sparse,0.3541,0.002471,0.8071,0.70,#FFAA00
0.3737,Moderate Risk,3,1.068663239479065,0.105470,Bare Land,Peri-Urban / Sparse,0.3541,0.002436,0.8067,0.70,#FFAA00
0.3749,Moderate Risk,3,1.051049828529358,0.104398,Bare Land,Peri-Urban / Sparse,0.3541,0.002396,0.8129,0.70,#FFAA00
0.3748,Moderate Risk,3,1.0351917743682861,0.104502,Bare Land,Peri-Urban / Sparse,0.3541,0.002359,0.8123,0.70,#FFAA00
0.3750,Moderate Risk,3,1.021951675415039,0.104368,Bare Land,Peri-Urban / Sparse,0.3541,0.002329,0.8131,0.70,#FFAA00
0.3743,Moderate Risk,3,1.0137571096420288,0.104898,Bare Land,Peri-Urban / Sparse,0.3541,0.002311,0.8100,0.70,#FFAA00
0.3745,Moderate Risk,3,1.0066907405853271,0.104753,Bare Land,Peri-Urban / Sparse,0.3541,0.002295,0.8108,0.70,#FFAA00
0.3743,Moderate Risk,3,1.0038946866989136,0.104944,Bare Land,Peri-Urban / Sparse,0.3541,0.002288,0.8097,0.70,#FFAA00
0.3747,Moderate Risk,3,0.9988882541656494,0.104561,Bare Land,Rural / Scattered,0.3541,0.002277,0.8120,0.70,#FFAA00
0.3735,Moderate Risk,3,0.989421546459198,0.105595,Bare Land,Rural / Scattered,0.3541,0.002255,0.8059,0.70,#FFAA00
0.3738,Moderate Risk,3,0.9770345091819763,0.105326,Bare Land,Rural / Scattered,0.3541,0.002227,0.8075,0.70,#FFAA00
0.3747,Moderate Risk,3,0.9599823951721191,0.104595,Bare Land,Rural / Scattered,0.3541,0.002188,0.8118,0.70,#FFAA00
0.3744,Moderate Risk,3,0.93222975730896,0.104759,Bare Land,Rural / Scattered,0.3541,0.002125,0.8108,0.70,#FFAA00
0.3744,Moderate Risk,3,0.9027876257896423,0.104818,Bare Land,Rural / Scattered,0.3541,0.002058,0.8105,0.70,#FFAA00
0.3732,Moderate Risk,3,0.8843606114387512,0.105819,Bare Land,Rural / Scattered,0.3541,0.002016,0.8046,0.70,#FFAA00
0.2941,Low Risk,2,3.655930519104004,,Unknown,Peri-Urban / Sparse,0.3541,0.008333,0.5000,0.50,#FFDD88
0.3590,Moderate Risk,3,3.6488847732543945,0.119584,Bare Land,Peri-Urban / Sparse,0.3541,0.008317,0.7244,0.70,#FFAA00
0.3585,Moderate Risk,3,3.6497855186462402,0.120007,Bare Land,Peri-Urban / Sparse,0.3541,0.008319,0.7219,0.70,#FFAA00
0.3573,Moderate Risk,3,2.642585039138794,0.120452,Bare Land,Peri-Urban / Sparse,0.3541,0.006023,0.7193,0.70,#FFAA00
0.3571,Moderate Risk,3,1.3567942380905151,0.119882,Bare Land,Peri-Urban / Sparse,0.3541,0.003092,0.7226,0.70,#FFAA00
0.3575,Moderate Risk,3,1.3400896787643433,0.119526,Bare Land,Peri-Urban / Sparse,0.3541,0.003054,0.7247,0.70,#FFAA00
0.3601,Moderate Risk,3,1.3286559581756592,0.117248,Bare Land,Peri-Urban / Sparse,0.3541,0.003028,0.7380,0.70,#FFAA00
0.3670,Moderate Risk,3,1.304534912109375,0.111388,Bare Land,Peri-Urban / Sparse,0.3541,0.002973,0.7722,0.70,#FFAA00
0.3724,Moderate Risk,3,1.2842859029769897,0.106737,Bare Land,Peri-Urban / Sparse,0.3541,0.002927,0.7993,0.70,#FFAA00
0.3743,Moderate Risk,3,1.270654320716858,0.105100,Bare Land,Peri-Urban / Sparse,0.3541,0.002896,0.8088,0.70,#FFAA00
0.3713,Moderate Risk,3,1.2594566345214844,0.107648,Bare Land,Peri-Urban / Sparse,0.3541,0.002871,0.7940,0.70,#FFAA00
0.3708,Moderate Risk,3,1.2528616189956665,0.108054,Bare Land,Peri-Urban / Sparse,0.3541,0.002856,0.7916,0.70,#FFAA00
0.3728,Moderate Risk,3,1.2431296110153198,0.106323,Bare Land,Peri-Urban / Sparse,0.3541,0.002833,0.8017,0.70,#FFAA00
0.3728,Moderate Risk,3,1.2094687223434448,0.106303,Bare Land,Peri-Urban / Sparse,0.3541,0.002757,0.8018,0.70,#FFAA00
0.3755,Moderate Risk,3,1.1633867025375366,0.103959,Bare Land,Peri-Urban / Sparse,0.3541,0.002652,0.8155,0.70,#FFAA00
0.3766,Moderate Risk,3,1.1515417098999023,0.103053,Bare Land,Peri-Urban / Sparse,0.3541,0.002625,0.8208,0.70,#FFAA00
0.3758,Moderate Risk,3,1.1427180767059326,0.103682,Bare Land,Peri-Urban / Sparse,0.3541,0.002605,0.8171,0.70,#FFAA00
0.3745,Moderate Risk,3,1.136481761932373,0.104826,Bare Land,Peri-Urban / Sparse,0.3541,0.002590,0.8104,0.70,#FFAA00
0.3778,Moderate Risk,3,1.1331120729446411,0.101970,Bare Land,Peri-Urban / Sparse,0.3541,0.002583,0.8271,0.70,#FFAA00
0.3743,Moderate Risk,3,1.1287575960159302,0.105003,Bare Land,Peri-Urban / Sparse,0.3541,0.002573,0.8094,0.70,#FFAA00
0.3729,Moderate Risk,3,1.1235946416854858,0.106145,Bare Land,Peri-Urban / Sparse,0.3541,0.002561,0.8027,0.70,#FFAA00
0.3745,Moderate Risk,3,1.1130902767181396,0.104833,Bare Land,Peri-Urban / Sparse,0.3541,0.002537,0.8104,0.70,#FFAA00
0.3738,Moderate Risk,3,1.0932666063308716,0.105362,Bare Land,Peri-Urban / Sparse,0.3541,0.002492,0.8073,0.70,#FFAA00
0.3698,Moderate Risk,3,1.0642099380493164,0.108771,Bare Land,Peri-Urban / Sparse,0.3541,0.002426,0.7874,0.70,#FFAA00
0.3682,Moderate Risk,3,1.041721224784851,0.110166,Bare Land,Peri-Urban / Sparse,0.3541,0.002374,0.7793,0.70,#FFAA00
0.3745,Moderate Risk,3,1.0281919240951538,0.104772,Bare Land,Peri-Urban / Sparse,0.3541,0.002344,0.8107,0.70,#FFAA00
0.3736,Moderate Risk,3,1.0144023895263672,0.105508,Bare Land,Peri-Urban / Sparse,0.3541,0.002312,0.8064,0.70,#FFAA00
0.3728,Moderate Risk,3,1.0132290124893188,0.106257,Bare Land,Peri-Urban / Sparse,0.3541,0.002309,0.8021,0.70,#FFAA00
0.3732,Moderate Risk,3,1.018472671508789,0.105873,Bare Land,Peri-Urban / Sparse,0.3541,0.002321,0.8043,0.70,#FFAA00
0.3727,Moderate Risk,3,1.0136820077896118,0.106301,Bare Land,Peri-Urban / Sparse,0.3541,0.002310,0.8018,0.70,#FFAA00
0.3725,Moderate Risk,3,0.9879075288772583,0.106450,Bare Land,Rural / Scattered,0.3541,0.002252,0.8010,0.70,#FFAA00
0.3728,Moderate Risk,3,0.966544508934021,0.106186,Bare Land,Rural / Scattered,0.3541,0.002203,0.8025,0.70,#FFAA00
0.3721,Moderate Risk,3,0.9600749611854553,0.106765,Bare Land,Rural / Scattered,0.3541,0.002188,0.7991,0.70,#FFAA00
0.3736,Moderate Risk,3,0.9622094035148621,0.105527,Bare Land,Rural / Scattered,0.3541,0.002193,0.8063,0.70,#FFAA00
0.3740,Moderate Risk,3,0.9640979766845703,0.105197,Bare Land,Rural / Scattered,0.3541,0.002197,0.8083,0.70,#FFAA00
0.3731,Moderate Risk,3,0.9598760604858398,0.105916,Bare Land,Rural / Scattered,0.3541,0.002188,0.8041,0.70,#FFAA00
0.3740,Moderate Risk,3,0.951816976070404,0.105157,Bare Land,Rural / Scattered,0.3541,0.002169,0.8085,0.70,#FFAA00
0.3736,Moderate Risk,3,0.9414538741111755,0.105443,Bare Land,Rural / Scattered,0.3541,0.002146,0.8068,0.70,#FFAA00
0.3744,Moderate Risk,3,0.9318006634712219,0.104764,Bare Land,Rural / Scattered,0.3541,0.002124,0.8108,0.70,#FFAA00
0.3738,Moderate Risk,3,0.9222488403320312,0.105302,Bare Land,Rural / Scattered,0.3541,0.002102,0.8076,0.70,#FFAA00
0.3742,Moderate Risk,3,0.9068788886070251,0.104966,Bare Land,Rural / Scattered,0.3541,0.002067,0.8096,0.70,#FFAA00
0.3744,Moderate Risk,3,0.8910602927207947,0.104769,Bare Land,Rural / Scattered,0.3541,0.002031,0.8107,0.70,#FFAA00
0.3740,Moderate Risk,3,0.8801306486129761,0.105126,Bare Land,Rural / Scattered,0.3541,0.002006,0.8087,0.70,#FFAA00
0.3740,Moderate Risk,3,0.8638131022453308,0.105089,Bare Land,Rural / Scattered,0.3541,0.001969,0.8089,0.70,#FFAA00
0.3738,Moderate Risk,3,0.8500820398330688,0.105276,Bare Land,Rural / Scattered,0.3541,0.001938,0.8078,0.70,#FFAA00
0.3726,Moderate Risk,3,0.8478652238845825,0.106320,Bare Land,Rural / Scattered,0.3541,0.001933,0.8017,0.70,#FFAA00
0.3141,Moderate Risk,3,3.6676290035247803,,Bare Land,Peri-Urban / Sparse,0.3541,0.008359,0.5000,0.70,#FFAA00
0.3601,Moderate Risk,3,3.6386771202087402,0.118666,Bare Land,Peri-Urban / Sparse,0.3541,0.008294,0.7297,0.70,#FFAA00
0.3596,Moderate Risk,3,3.5833065509796143,0.119050,Bare Land,Peri-Urban / Sparse,0.3541,0.008167,0.7275,0.70,#FFAA00
0.3588,Moderate Risk,3,2.1771485805511475,0.118890,Bare Land,Peri-Urban / Sparse,0.3541,0.004962,0.7284,0.70,#FFAA00
0.3590,Moderate Risk,3,1.255087971687317,0.118174,Bare Land,Peri-Urban / Sparse,0.3541,0.002861,0.7326,0.70,#FFAA00
0.3609,Moderate Risk,3,1.2391133308410645,0.116582,Bare Land,Peri-Urban / Sparse,0.3541,0.002824,0.7419,0.70,#FFAA00
0.3668,Moderate Risk,3,1.2234808206558228,0.111482,Bare Land,Peri-Urban / Sparse,0.3541,0.002789,0.7716,0.70,#FFAA00
0.3687,Moderate Risk,3,1.219499111175537,0.109844,Bare Land,Peri-Urban / Sparse,0.3541,0.002780,0.7812,0.70,#FFAA00
0.3691,Moderate Risk,3,1.2156522274017334,0.109477,Bare Land,Peri-Urban / Sparse,0.3541,0.002771,0.7833,0.70,#FFAA00
0.3698,Moderate Risk,3,1.2066022157669067,0.108918,Bare Land,Peri-Urban / Sparse,0.3541,0.002750,0.7866,0.70,#FFAA00
0.3698,Moderate Risk,3,1.196943998336792,0.108868,Bare Land,Peri-Urban / Sparse,0.3541,0.002728,0.7869,0.70,#FFAA00
0.3695,Moderate Risk,3,1.187483310699463,0.109190,Bare Land,Peri-Urban / Sparse,0.3541,0.002707,0.7850,0.70,#FFAA00
0.3720,Moderate Risk,3,1.1653071641921997,0.106956,Bare Land,Peri-Urban / Sparse,0.3541,0.002656,0.7980,0.70,#FFAA00
0.3760,Moderate Risk,3,1.1182529926300049,0.103564,Bare Land,Peri-Urban / Sparse,0.3541,0.002549,0.8178,0.70,#FFAA00
0.3773,Moderate Risk,3,1.1061673164367676,0.102449,Bare Land,Peri-Urban / Sparse,0.3541,0.002521,0.8243,0.70,#FFAA00
0.3779,Moderate Risk,3,1.1015764474868774,0.101861,Bare Land,Peri-Urban / Sparse,0.3541,0.002511,0.8277,0.70,#FFAA00
0.3739,Moderate Risk,3,1.0974385738372803,0.105326,Bare Land,Peri-Urban / Sparse,0.3541,0.002501,0.8075,0.70,#FFAA00
0.3734,Moderate Risk,3,1.096024990081787,0.105704,Bare Land,Peri-Urban / Sparse,0.3541,0.002498,0.8053,0.70,#FFAA00
0.3772,Moderate Risk,3,1.0957585573196411,0.102501,Bare Land,Peri-Urban / Sparse,0.3541,0.002498,0.8240,0.70,#FFAA00
0.3736,Moderate Risk,3,1.0848381519317627,0.105526,Bare Land,Peri-Urban / Sparse,0.3541,0.002473,0.8063,0.70,#FFAA00
0.3749,Moderate Risk,3,1.052363634109497,0.104465,Bare Land,Peri-Urban / Sparse,0.3541,0.002399,0.8125,0.70,#FFAA00
0.3711,Moderate Risk,3,1.025625467300415,0.107712,Bare Land,Peri-Urban / Sparse,0.3541,0.002338,0.7936,0.70,#FFAA00
0.3706,Moderate Risk,3,1.0074374675750732,0.108120,Bare Land,Peri-Urban / Sparse,0.3541,0.002296,0.7912,0.70,#FFAA00
0.3697,Moderate Risk,3,1.0021532773971558,0.108884,Bare Land,Peri-Urban / Sparse,0.3541,0.002284,0.7868,0.70,#FFAA00
0.3687,Moderate Risk,3,0.9934710264205933,0.109723,Bare Land,Rural / Scattered,0.3541,0.002264,0.7819,0.70,#FFAA00
0.3748,Moderate Risk,3,0.9723160266876221,0.104477,Bare Land,Rural / Scattered,0.3541,0.002216,0.8125,0.70,#FFAA00
0.3744,Moderate Risk,3,0.9592509865760803,0.104853,Bare Land,Rural / Scattered,0.3541,0.002186,0.8103,0.70,#FFAA00
0.3718,Moderate Risk,3,0.964424192905426,0.107081,Bare Land,Rural / Scattered,0.3541,0.002198,0.7973,0.70,#FFAA00
0.3123,Moderate Risk,3,0.9755290150642395,,Bare Land,Rural / Scattered,0.3541,0.002223,0.5000,0.70,#FFAA00
0.3123,Moderate Risk,3,0.963570237159729,,Bare Land,Rural / Scattered,0.3541,0.002196,0.5000,0.70,#FFAA00
0.3123,Moderate Risk,3,0.9525497555732727,,Bare Land,Rural / Scattered,0.3541,0.002171,0.5000,0.70,#FFAA00
0.3123,Moderate Risk,3,0.9559857845306396,,Bare Land,Rural / Scattered,0.3541,0.002179,0.5000,0.70,#FFAA00
0.3123,Moderate Risk,3,0.9574296474456787,,Bare Land,Rural / Scattered,0.3541,0.002182,0.5000,0.70,#FFAA00
0.3123,Moderate Risk,3,0.9616488218307495,,Bare Land,Rural / Scattered,0.3541,0.002192,0.5000,0.70,#FFAA00
0.3123,Moderate Risk,3,0.9558477997779846,,Bare Land,Rural / Scattered,0.3541,0.002179,0.5000,0.70,#FFAA00
0.3549,Moderate Risk,3,1.6802616119384766,0.121955,Bare Land,Peri-Urban / Sparse,0.3541,0.003830,0.7106,0.70,#FFAA00
0.3549,Moderate Risk,3,1.6802616119384766,0.121955,Bare Land,Peri-Urban / Sparse,0.3541,0.003830,0.7106,0.70,#FFAA00
0.3643,Moderate Risk,3,1.714314341545105,0.113914,Bare Land,Peri-Urban / Sparse,0.3541,0.003907,0.7574,0.70,#FFAA00
0.3643,Moderate Risk,3,1.714314341545105,0.113914,Bare Land,Peri-Urban / Sparse,0.3541,0.003907,0.7574,0.70,#FFAA00
0.3038,Moderate Risk,3,1.7034153938293457,0.114366,Natural Vegetation,Peri-Urban / Sparse,0.3541,0.003883,0.7548,0.10,#FFAA00
0.3005,Moderate Risk,3,1.6812785863876343,0.117141,Natural Vegetation,Peri-Urban / Sparse,0.3541,0.003832,0.7386,0.10,#FFAA00
0.3669,Moderate Risk,3,1.6743093729019165,0.111667,Bare Land,Peri-Urban / Sparse,0.3541,0.003816,0.7705,0.70,#FFAA00
0.3671,Moderate Risk,3,1.6827073097229004,0.111534,Bare Land,Peri-Urban / Sparse,0.3541,0.003835,0.7713,0.70,#FFAA00
0.3678,Moderate Risk,3,1.6916621923446655,0.110920,Bare Land,Peri-Urban / Sparse,0.3541,0.003856,0.7749,0.70,#FFAA00
0.3692,Moderate Risk,3,1.6994601488113403,0.109710,Bare Land,Peri-Urban / Sparse,0.3541,0.003874,0.7819,0.70,#FFAA00
0.3655,Moderate Risk,3,1.7108392715454102,0.112907,Bare Land,Peri-Urban / Sparse,0.3541,0.003899,0.7633,0.70,#FFAA00
0.3659,Moderate Risk,3,1.7315281629562378,0.112588,Bare Land,Peri-Urban / Sparse,0.3541,0.003947,0.7652,0.70,#FFAA00
0.3858,Moderate Risk,3,1.7469385862350464,0.112646,Minepits/Industry,Peri-Urban / Sparse,0.3541,0.003982,0.7648,0.90,#FFAA00
0.3885,Moderate Risk,3,1.7621018886566162,0.110315,Minepits/Industry,Peri-Urban / Sparse,0.3541,0.004016,0.7784,0.90,#FFAA00
0.3668,Moderate Risk,3,1.7560360431671143,0.111782,Bare Land,Peri-Urban / Sparse,0.3541,0.004002,0.7699,0.70,#FFAA00
0.3600,Moderate Risk,3,1.7306097745895386,0.117636,Bare Land,Peri-Urban / Sparse,0.3541,0.003945,0.7357,0.70,#FFAA00
0.3611,Moderate Risk,3,1.7300821542739868,0.116696,Bare Land,Peri-Urban / Sparse,0.3541,0.003943,0.7412,0.70,#FFAA00
0.3682,Moderate Risk,3,1.7421096563339233,0.110602,Bare Land,Peri-Urban / Sparse,0.3541,0.003971,0.7767,0.70,#FFAA00
0.3888,Moderate Risk,3,1.7537896633148193,0.110076,Minepits/Industry,Peri-Urban / Sparse,0.3541,0.003997,0.7798,0.90,#FFAA00
0.2921,Low Risk,2,0.6310001015663147,,Unknown,Rural / Scattered,0.3541,0.001438,0.5000,0.50,#FFDD88
0.3513,Moderate Risk,3,0.6321031451225281,0.124410,Bare Land,Rural / Scattered,0.3541,0.001441,0.6963,0.70,#FFAA00
0.3454,Moderate Risk,3,0.6323584914207458,0.129497,Bare Land,Rural / Scattered,0.3541,0.001441,0.6666,0.70,#FFAA00
0.3339,Moderate Risk,3,0.6203828454017639,0.139345,Bare Land,Rural / Scattered,0.3541,0.001414,0.6092,0.70,#FFAA00
0.3286,Moderate Risk,3,0.9827463626861572,0.144146,Bare Land,Rural / Scattered,0.3541,0.002240,0.5812,0.70,#FFAA00
0.3331,Moderate Risk,3,1.7143791913986206,0.140646,Bare Land,Peri-Urban / Sparse,0.3541,0.003908,0.6016,0.70,#FFAA00
0.3334,Moderate Risk,3,1.7919790744781494,0.140482,Bare Land,Peri-Urban / Sparse,0.3541,0.004084,0.6026,0.70,#FFAA00
0.3313,Moderate Risk,3,1.916579246520996,0.142339,Bare Land,Peri-Urban / Sparse,0.3541,0.004368,0.5917,0.70,#FFAA00
0.3454,Moderate Risk,3,1.9777313470840454,0.130299,Bare Land,Peri-Urban / Sparse,0.3541,0.004508,0.6619,0.70,#FFAA00
0.3422,Moderate Risk,3,1.882194995880127,0.132996,Bare Land,Peri-Urban / Sparse,0.3541,0.004290,0.6462,0.70,#FFAA00
0.3494,Moderate Risk,3,1.8449954986572266,0.126801,Bare Land,Peri-Urban / Sparse,0.3541,0.004205,0.6823,0.70,#FFAA00
0.2904,Low Risk,2,1.8238475322723389,0.125918,Natural Vegetation,Peri-Urban / Sparse,0.3541,0.004157,0.6875,0.10,#FFDD88
0.3464,Moderate Risk,3,1.803227424621582,0.129293,Bare Land,Peri-Urban / Sparse,0.3541,0.004110,0.6678,0.70,#FFAA00
0.3485,Moderate Risk,3,1.7688696384429932,0.127460,Bare Land,Peri-Urban / Sparse,0.3541,0.004032,0.6785,0.70,#FFAA00
0.3496,Moderate Risk,3,1.6808654069900513,0.126473,Bare Land,Peri-Urban / Sparse,0.3541,0.003831,0.6842,0.70,#FFAA00
0.3725,Moderate Risk,3,1.670352578163147,0.123988,Minepits/Industry,Peri-Urban / Sparse,0.3541,0.003807,0.6987,0.90,#FFAA00
0.3535,Moderate Risk,3,1.6861447095870972,0.123150,Bare Land,Peri-Urban / Sparse,0.3541,0.003843,0.7036,0.70,#FFAA00
0.2961,Low Risk,2,1.6707119941711426,0.120943,Natural Vegetation,Peri-Urban / Sparse,0.3541,0.003808,0.7165,0.10,#FFDD88
0.2978,Low Risk,2,1.6462279558181763,0.119424,Natural Vegetation,Peri-Urban / Sparse,0.3541,0.003752,0.7253,0.10,#FFDD88
0.2958,Low Risk,2,1.6430584192276,0.121161,Natural Vegetation,Peri-Urban / Sparse,0.3541,0.003745,0.7152,0.10,#FFDD88
0.3572,Moderate Risk,3,1.6443595886230469,0.120000,Bare Land,Peri-Urban / Sparse,0.3541,0.003748,0.7220,0.70,#FFAA00
0.3678,Moderate Risk,3,1.6497024297714233,0.110851,Bare Land,Peri-Urban / Sparse,0.3541,0.003760,0.7753,0.70,#FFAA00
0.3899,Moderate Risk,3,1.691485047340393,0.109117,Minepits/Industry,Peri-Urban / Sparse,0.3541,0.003855,0.7854,0.90,#FFAA00
0.3836,Moderate Risk,3,1.7108154296875,0.114543,Minepits/Industry,Peri-Urban / Sparse,0.3541,0.003899,0.7538,0.90,#FFAA00
0.3627,Moderate Risk,3,1.7056653499603271,0.115253,Bare Land,Peri-Urban / Sparse,0.3541,0.003888,0.7496,0.70,#FFAA00
0.3680,Moderate Risk,3,1.699647068977356,0.110724,Bare Land,Peri-Urban / Sparse,0.3541,0.003874,0.7760,0.70,#FFAA00
0.3657,Moderate Risk,3,1.703466773033142,0.112712,Bare Land,Peri-Urban / Sparse,0.3541,0.003883,0.7644,0.70,#FFAA00
0.3641,Moderate Risk,3,1.7039244174957275,0.114065,Bare Land,Peri-Urban / Sparse,0.3541,0.003884,0.7566,0.70,#FFAA00
0.3665,Moderate Risk,3,1.711693525314331,0.112024,Bare Land,Peri-Urban / Sparse,0.3541,0.003901,0.7685,0.70,#FFAA00
0.3679,Moderate Risk,3,1.7293696403503418,0.110850,Bare Land,Peri-Urban / Sparse,0.3541,0.003942,0.7753,0.70,#FFAA00
0.3877,Moderate Risk,3,1.7393780946731567,0.110967,Minepits/Industry,Peri-Urban / Sparse,0.3541,0.003965,0.7746,0.90,#FFAA00
0.3856,Moderate Risk,3,1.7535288333892822,0.112782,Minepits/Industry,Peri-Urban / Sparse,0.3541,0.003997,0.7640,0.90,#FFAA00
0.3699,Moderate Risk,3,1.7702583074569702,0.109190,Bare Land,Peri-Urban / Sparse,0.3541,0.004035,0.7850,0.70,#FFAA00
0.3627,Moderate Risk,3,1.7674171924591064,0.115303,Bare Land,Peri-Urban / Sparse,0.3541,0.004028,0.7493,0.70,#FFAA00
0.3611,Moderate Risk,3,1.768477201461792,0.116701,Bare Land,Peri-Urban / Sparse,0.3541,0.004031,0.7412,0.70,#FFAA00
0.3636,Moderate Risk,3,1.7624775171279907,0.114511,Bare Land,Peri-Urban / Sparse,0.3541,0.004017,0.7540,0.70,#FFAA00
0.3676,Moderate Risk,3,1.7491545677185059,0.111098,Bare Land,Peri-Urban / Sparse,0.3541,0.003987,0.7739,0.70,#FFAA00
0.3759,Moderate Risk,3,1.7888692617416382,0.104010,Bare Land,Peri-Urban / Sparse,0.3541,0.004077,0.8152,0.70,#FFAA00
0.3121,Moderate Risk,3,0.624686598777771,,Bare Land,Rural / Scattered,0.3541,0.001424,0.5000,0.70,#FFAA00
0.3470,Moderate Risk,3,0.6235002279281616,0.128089,Bare Land,Rural / Scattered,0.3541,0.001421,0.6748,0.70,#FFAA00
0.3370,Moderate Risk,3,0.6209168434143066,0.136716,Bare Land,Rural / Scattered,0.3541,0.001415,0.6245,0.70,#FFAA00
0.3283,Moderate Risk,3,0.6172809600830078,0.144160,Bare Land,Rural / Scattered,0.3541,0.001407,0.5811,0.70,#FFAA00
0.3297,Moderate Risk,3,1.1101480722427368,0.143256,Bare Land,Peri-Urban / Sparse,0.3541,0.002530,0.5864,0.70,#FFAA00
0.3360,Moderate Risk,3,1.7191269397735596,0.138166,Bare Land,Peri-Urban / Sparse,0.3541,0.003918,0.6161,0.70,#FFAA00
0.3339,Moderate Risk,3,1.7563177347183228,0.140007,Bare Land,Peri-Urban / Sparse,0.3541,0.004003,0.6053,0.70,#FFAA00
0.3395,Moderate Risk,3,1.8548095226287842,0.135300,Bare Land,Peri-Urban / Sparse,0.3541,0.004228,0.6328,0.70,#FFAA00
0.3461,Moderate Risk,3,1.9038208723068237,0.129629,Bare Land,Peri-Urban / Sparse,0.3541,0.004339,0.6658,0.70,#FFAA00
0.3448,Moderate Risk,3,1.8698145151138306,0.130745,Bare Land,Peri-Urban / Sparse,0.3541,0.004262,0.6593,0.70,#FFAA00
0.3502,Moderate Risk,3,1.8157007694244385,0.126093,Bare Land,Peri-Urban / Sparse,0.3541,0.004138,0.6864,0.70,#FFAA00
0.3502,Moderate Risk,3,1.8222761154174805,0.126073,Bare Land,Peri-Urban / Sparse,0.3541,0.004153,0.6866,0.70,#FFAA00
0.3487,Moderate Risk,3,1.8809266090393066,0.127394,Bare Land,Peri-Urban / Sparse,0.3541,0.004287,0.6789,0.70,#FFAA00
0.3480,Moderate Risk,3,2.0117640495300293,0.128066,Bare Land,Peri-Urban / Sparse,0.3541,0.004585,0.6749,0.70,#FFAA00
0.3508,Moderate Risk,3,2.3552963733673096,0.125855,Bare Land,Peri-Urban / Sparse,0.3541,0.005368,0.6878,0.70,#FFAA00
0.3555,Moderate Risk,3,2.613673448562622,0.121963,Bare Land,Peri-Urban / Sparse,0.3541,0.005957,0.7105,0.70,#FFAA00
0.3566,Moderate Risk,3,2.5577733516693115,0.120995,Bare Land,Peri-Urban / Sparse,0.3541,0.005830,0.7162,0.70,#FFAA00
0.2981,Low Risk,2,2.178581476211548,0.119503,Natural Vegetation,Peri-Urban / Sparse,0.3541,0.004966,0.7249,0.10,#FFDD88
0.2985,Low Risk,2,1.807407259941101,0.118989,Natural Vegetation,Peri-Urban / Sparse,0.3541,0.004120,0.7279,0.10,#FFDD88
0.2976,Low Risk,2,1.69625723361969,0.119652,Natural Vegetation,Peri-Urban / Sparse,0.3541,0.003866,0.7240,0.10,#FFDD88
0.2964,Low Risk,2,1.6450191736221313,0.120672,Natural Vegetation,Peri-Urban / Sparse,0.3541,0.003749,0.7180,0.10,#FFDD88
0.3537,Moderate Risk,3,1.625980019569397,0.122947,Bare Land,Peri-Urban / Sparse,0.3541,0.003706,0.7048,0.70,#FFAA00
0.3569,Moderate Risk,3,1.6330171823501587,0.120208,Bare Land,Peri-Urban / Sparse,0.3541,0.003722,0.7207,0.70,#FFAA00
0.3574,Moderate Risk,3,1.669390082359314,0.119803,Bare Land,Peri-Urban / Sparse,0.3541,0.003805,0.7231,0.70,#FFAA00
0.3659,Moderate Risk,3,1.7072621583938599,0.112533,Bare Land,Peri-Urban / Sparse,0.3541,0.003891,0.7655,0.70,#FFAA00
0.3865,Moderate Risk,3,1.7063783407211304,0.112049,Minepits/Industry,Peri-Urban / Sparse,0.3541,0.003889,0.7683,0.90,#FFAA00
0.3648,Moderate Risk,3,1.7012885808944702,0.113484,Bare Land,Peri-Urban / Sparse,0.3541,0.003878,0.7599,0.70,#FFAA00
0.3690,Moderate Risk,3,1.7176601886749268,0.109927,Bare Land,Peri-Urban / Sparse,0.3541,0.003915,0.7807,0.70,#FFAA00
0.3846,Moderate Risk,3,1.7233071327209473,0.113640,Minepits/Industry,Peri-Urban / Sparse,0.3541,0.003928,0.7590,0.90,#FFAA00
0.3885,Moderate Risk,3,1.7313486337661743,0.110335,Minepits/Industry,Peri-Urban / Sparse,0.3541,0.003946,0.7783,0.90,#FFAA00
0.3868,Moderate Risk,3,1.7316025495529175,0.111800,Minepits/Industry,Peri-Urban / Sparse,0.3541,0.003947,0.7698,0.90,#FFAA00
0.3874,Moderate Risk,3,1.7381062507629395,0.111226,Minepits/Industry,Peri-Urban / Sparse,0.3541,0.003962,0.7731,0.90,#FFAA00
0.3650,Moderate Risk,3,1.7478431463241577,0.113334,Bare Land,Peri-Urban / Sparse,0.3541,0.003984,0.7608,0.70,#FFAA00
0.3629,Moderate Risk,3,1.7546684741973877,0.115118,Bare Land,Peri-Urban / Sparse,0.3541,0.003999,0.7504,0.70,#FFAA00
0.3630,Moderate Risk,3,1.7663114070892334,0.115081,Bare Land,Peri-Urban / Sparse,0.3541,0.004026,0.7506,0.70,#FFAA00
0.3636,Moderate Risk,3,1.7829995155334473,0.114579,Bare Land,Peri-Urban / Sparse,0.3541,0.004064,0.7536,0.70,#FFAA00
0.3631,Moderate Risk,3,1.7965490818023682,0.114988,Bare Land,Peri-Urban / Sparse,0.3541,0.004095,0.7512,0.70,#FFAA00
0.3852,Moderate Risk,3,1.8353221416473389,0.113233,Minepits/Industry,Peri-Urban / Sparse,0.3541,0.004183,0.7614,0.90,#FFAA00
0.2921,Low Risk,2,0.6125511527061462,,Unknown,Rural / Scattered,0.3541,0.001396,0.5000,0.50,#FFDD88
0.3488,Moderate Risk,3,0.6234682202339172,0.126553,Bare Land,Rural / Scattered,0.3541,0.001421,0.6838,0.70,#FFAA00
0.3440,Moderate Risk,3,0.6154396533966064,0.130706,Bare Land,Rural / Scattered,0.3541,0.001403,0.6595,0.70,#FFAA00
0.3304,Moderate Risk,3,0.6130410432815552,0.142325,Bare Land,Rural / Scattered,0.3541,0.001397,0.5918,0.70,#FFAA00
0.3305,Moderate Risk,3,0.6168489456176758,0.142274,Bare Land,Rural / Scattered,0.3541,0.001406,0.5921,0.70,#FFAA00
0.3376,Moderate Risk,3,1.266523838043213,0.136545,Bare Land,Peri-Urban / Sparse,0.3541,0.002887,0.6255,0.70,#FFAA00
0.3368,Moderate Risk,3,1.717026948928833,0.137485,Bare Land,Peri-Urban / Sparse,0.3541,0.003914,0.6200,0.70,#FFAA00
0.3319,Moderate Risk,3,1.7311025857925415,0.141706,Bare Land,Peri-Urban / Sparse,0.3541,0.003946,0.5954,0.70,#FFAA00
0.3444,Moderate Risk,3,1.7853875160217285,0.131054,Bare Land,Peri-Urban / Sparse,0.3541,0.004069,0.6575,0.70,#FFAA00
0.3434,Moderate Risk,3,1.8437442779541016,0.131918,Bare Land,Peri-Urban / Sparse,0.3541,0.004202,0.6525,0.70,#FFAA00
0.3469,Moderate Risk,3,1.8649392127990723,0.128953,Bare Land,Peri-Urban / Sparse,0.3541,0.004251,0.6698,0.70,#FFAA00
0.3552,Moderate Risk,3,1.8486155271530151,0.121835,Bare Land,Peri-Urban / Sparse,0.3541,0.004213,0.7113,0.70,#FFAA00
0.3466,Moderate Risk,3,1.8243564367294312,0.129124,Bare Land,Peri-Urban / Sparse,0.3541,0.004158,0.6688,0.70,#FFAA00
0.3465,Moderate Risk,3,1.8791699409484863,0.129248,Bare Land,Peri-Urban / Sparse,0.3541,0.004283,0.6680,0.70,#FFAA00
0.3481,Moderate Risk,3,2.322983980178833,0.128198,Bare Land,Peri-Urban / Sparse,0.3541,0.005295,0.6742,0.70,#FFAA00
0.3539,Moderate Risk,3,3.386094570159912,0.123821,Bare Land,Peri-Urban / Sparse,0.3541,0.007718,0.6997,0.70,#FFAA00
0.3583,Moderate Risk,3,4.243818759918213,0.120530,Bare Land,Peri-Urban / Sparse,0.3541,0.009673,0.7189,0.70,#FFAA00
0.3018,Moderate Risk,3,4.141345977783203,0.117510,Natural Vegetation,Peri-Urban / Sparse,0.3541,0.009439,0.7365,0.10,#FFAA00
0.3003,Moderate Risk,3,3.1962313652038574,0.118186,Natural Vegetation,Peri-Urban / Sparse,0.3541,0.007285,0.7325,0.10,#FFAA00
0.2972,Low Risk,2,2.1460561752319336,0.120246,Natural Vegetation,Peri-Urban / Sparse,0.3541,0.004891,0.7205,0.10,#FFDD88
0.3645,Moderate Risk,3,1.7722790241241455,0.113785,Bare Land,Peri-Urban / Sparse,0.3541,0.004039,0.7582,0.70,#FFAA00
0.3538,Moderate Risk,3,1.7094930410385132,0.122923,Bare Land,Peri-Urban / Sparse,0.3541,0.003896,0.7049,0.70,#FFAA00
0.3567,Moderate Risk,3,1.691590428352356,0.120387,Bare Land,Peri-Urban / Sparse,0.3541,0.003856,0.7197,0.70,#FFAA00
0.3537,Moderate Risk,3,1.6894865036010742,0.122956,Bare Land,Peri-Urban / Sparse,0.3541,0.003851,0.7047,0.70,#FFAA00
0.3614,Moderate Risk,3,1.6928613185882568,0.116390,Bare Land,Peri-Urban / Sparse,0.3541,0.003858,0.7430,0.70,#FFAA00
0.3838,Moderate Risk,3,1.7043169736862183,0.114298,Minepits/Industry,Peri-Urban / Sparse,0.3541,0.003885,0.7552,0.90,#FFAA00
0.3662,Moderate Risk,3,1.7309577465057373,0.112300,Bare Land,Peri-Urban / Sparse,0.3541,0.003945,0.7668,0.70,#FFAA00
0.3655,Moderate Risk,3,1.7435216903686523,0.112946,Bare Land,Peri-Urban / Sparse,0.3541,0.003974,0.7631,0.70,#FFAA00
0.3645,Moderate Risk,3,1.7541797161102295,0.113778,Bare Land,Peri-Urban / Sparse,0.3541,0.003998,0.7582,0.70,#FFAA00
0.3666,Moderate Risk,3,1.7523483037948608,0.111986,Bare Land,Peri-Urban / Sparse,0.3541,0.003994,0.7687,0.70,#FFAA00
0.3863,Moderate Risk,3,1.760208249092102,0.112245,Minepits/Industry,Peri-Urban / Sparse,0.3541,0.004012,0.7672,0.90,#FFAA00
0.3879,Moderate Risk,3,1.7626683712005615,0.110850,Minepits/Industry,Peri-Urban / Sparse,0.3541,0.004018,0.7753,0.90,#FFAA00
0.3630,Moderate Risk,3,1.7722066640853882,0.115083,Bare Land,Peri-Urban / Sparse,0.3541,0.004039,0.7506,0.70,#FFAA00
0.3646,Moderate Risk,3,1.7752646207809448,0.113726,Bare Land,Peri-Urban / Sparse,0.3541,0.004046,0.7585,0.70,#FFAA00
0.3615,Moderate Risk,3,1.7982141971588135,0.116392,Bare Land,Peri-Urban / Sparse,0.3541,0.004099,0.7430,0.70,#FFAA00
0.3623,Moderate Risk,3,1.829150676727295,0.115711,Bare Land,Peri-Urban / Sparse,0.3541,0.004169,0.7470,0.70,#FFAA00
0.3653,Moderate Risk,3,1.8453247547149658,0.113128,Bare Land,Peri-Urban / Sparse,0.3541,0.004206,0.7620,0.70,#FFAA00
0.3665,Moderate Risk,3,1.8516685962677002,0.112063,Bare Land,Peri-Urban / Sparse,0.3541,0.004220,0.7682,0.70,#FFAA00
0.3658,Moderate Risk,3,1.8656032085418701,0.112679,Bare Land,Peri-Urban / Sparse,0.3541,0.004252,0.7646,0.70,#FFAA00
0.3528,Moderate Risk,3,0.6064061522483826,0.123152,Bare Land,Rural / Scattered,0.3541,0.001382,0.7036,0.70,#FFAA00
0.3479,Moderate Risk,3,0.6050982475280762,0.127373,Bare Land,Rural / Scattered,0.3541,0.001379,0.6790,0.70,#FFAA00
0.3333,Moderate Risk,3,0.5946899056434631,0.139845,Bare Land,Rural / Scattered,0.3541,0.001355,0.6063,0.70,#FFAA00
0.3340,Moderate Risk,3,0.5972366333007812,0.139270,Bare Land,Rural / Scattered,0.3541,0.001361,0.6096,0.70,#FFAA00
0.3359,Moderate Risk,3,0.6407167315483093,0.137607,Bare Land,Rural / Scattered,0.3541,0.001460,0.6193,0.70,#FFAA00
0.3365,Moderate Risk,3,1.4559078216552734,0.137653,Bare Land,Peri-Urban / Sparse,0.3541,0.003318,0.6191,0.70,#FFAA00
0.3381,Moderate Risk,3,1.7648100852966309,0.136395,Bare Land,Peri-Urban / Sparse,0.3541,0.004022,0.6264,0.70,#FFAA00
0.3423,Moderate Risk,3,1.7592424154281616,0.132769,Bare Land,Peri-Urban / Sparse,0.3541,0.004010,0.6475,0.70,#FFAA00
0.3466,Moderate Risk,3,1.7602921724319458,0.129099,Bare Land,Peri-Urban / Sparse,0.3541,0.004012,0.6689,0.70,#FFAA00
0.3515,Moderate Risk,3,1.8201241493225098,0.124923,Bare Land,Peri-Urban / Sparse,0.3541,0.004149,0.6933,0.70,#FFAA00
0.3561,Moderate Risk,3,1.8238532543182373,0.120998,Bare Land,Peri-Urban / Sparse,0.3541,0.004157,0.7161,0.70,#FFAA00
0.3726,Moderate Risk,3,1.7998615503311157,0.123996,Minepits/Industry,Peri-Urban / Sparse,0.3541,0.004102,0.6987,0.90,#FFAA00
0.3492,Moderate Risk,3,1.758619785308838,0.126918,Bare Land,Peri-Urban / Sparse,0.3541,0.004008,0.6816,0.70,#FFAA00
0.3500,Moderate Risk,3,1.7485058307647705,0.126167,Bare Land,Peri-Urban / Sparse,0.3541,0.003985,0.6860,0.70,#FFAA00
0.3525,Moderate Risk,3,2.0262067317962646,0.124249,Bare Land,Peri-Urban / Sparse,0.3541,0.004618,0.6972,0.70,#FFAA00
0.3581,Moderate Risk,3,2.7660131454467773,0.119862,Bare Land,Peri-Urban / Sparse,0.3541,0.006304,0.7228,0.70,#FFAA00
0.3064,Moderate Risk,3,3.3457937240600586,0.113056,Natural Vegetation,Peri-Urban / Sparse,0.3541,0.007626,0.7624,0.10,#FFAA00
0.4015,Moderate Risk,3,3.086643695831299,0.108550,Built_up,Peri-Urban / Sparse,0.3541,0.007035,0.7887,1.00,#FFAA00
0.3912,Moderate Risk,3,2.4438772201538086,0.108420,Minepits/Industry,Peri-Urban / Sparse,0.3541,0.005570,0.7895,0.90,#FFAA00
0.3841,Moderate Risk,3,1.9403448104858398,0.114183,Minepits/Industry,Peri-Urban / Sparse,0.3541,0.004423,0.7559,0.90,#FFAA00
0.3556,Moderate Risk,3,1.8129329681396484,0.121418,Bare Land,Peri-Urban / Sparse,0.3541,0.004132,0.7137,0.70,#FFAA00
0.3528,Moderate Risk,3,1.7543108463287354,0.123839,Bare Land,Peri-Urban / Sparse,0.3541,0.003999,0.6996,0.70,#FFAA00
0.3546,Moderate Risk,3,1.7283645868301392,0.122236,Bare Land,Peri-Urban / Sparse,0.3541,0.003939,0.7089,0.70,#FFAA00
0.3606,Moderate Risk,3,1.7286611795425415,0.117110,Bare Land,Peri-Urban / Sparse,0.3541,0.003940,0.7388,0.70,#FFAA00
0.3609,Moderate Risk,3,1.7301496267318726,0.116860,Bare Land,Peri-Urban / Sparse,0.3541,0.003943,0.7403,0.70,#FFAA00
0.3641,Moderate Risk,3,1.7319138050079346,0.114124,Bare Land,Peri-Urban / Sparse,0.3541,0.003947,0.7562,0.70,#FFAA00
0.3641,Moderate Risk,3,1.7415815591812134,0.114127,Bare Land,Peri-Urban / Sparse,0.3541,0.003970,0.7562,0.70,#FFAA00
0.3632,Moderate Risk,3,1.7740734815597534,0.114925,Bare Land,Peri-Urban / Sparse,0.3541,0.004044,0.7515,0.70,#FFAA00
0.3666,Moderate Risk,3,1.7984917163848877,0.111996,Bare Land,Peri-Urban / Sparse,0.3541,0.004099,0.7686,0.70,#FFAA00
0.3666,Moderate Risk,3,1.7970271110534668,0.111987,Bare Land,Peri-Urban / Sparse,0.3541,0.004096,0.7687,0.70,#FFAA00
0.3663,Moderate Risk,3,1.8087576627731323,0.112245,Bare Land,Peri-Urban / Sparse,0.3541,0.004123,0.7672,0.70,#FFAA00
0.3852,Moderate Risk,3,1.8166053295135498,0.113220,Minepits/Industry,Peri-Urban / Sparse,0.3541,0.004141,0.7615,0.90,#FFAA00
0.3649,Moderate Risk,3,1.8228819370269775,0.113419,Bare Land,Peri-Urban / Sparse,0.3541,0.004155,0.7603,0.70,#FFAA00
0.3642,Moderate Risk,3,1.8319834470748901,0.114041,Bare Land,Peri-Urban / Sparse,0.3541,0.004176,0.7567,0.70,#FFAA00
0.3654,Moderate Risk,3,1.8460887670516968,0.113032,Bare Land,Peri-Urban / Sparse,0.3541,0.004208,0.7626,0.70,#FFAA00
0.3878,Moderate Risk,3,1.8502086400985718,0.111001,Minepits/Industry,Peri-Urban / Sparse,0.3541,0.004217,0.7744,0.90,#FFAA00
0.3645,Moderate Risk,3,1.8618050813674927,0.113864,Bare Land,Peri-Urban / Sparse,0.3541,0.004244,0.7577,0.70,#FFAA00
0.3849,Moderate Risk,3,1.893325924873352,0.113549,Minepits/Industry,Peri-Urban / Sparse,0.3541,0.004315,0.7596,0.90,#FFAA00
0.3837,Moderate Risk,3,1.9794377088546753,0.114626,Minepits/Industry,Peri-Urban / Sparse,0.3541,0.004512,0.7533,0.90,#FFAA00
0.2920,Low Risk,2,0.5848674178123474,,Unknown,Rural / Scattered,0.3541,0.001333,0.5000,0.50,#FFDD88
0.3514,Moderate Risk,3,0.5934454798698425,0.124316,Bare Land,Rural / Scattered,0.3541,0.001353,0.6968,0.70,#FFAA00
0.3371,Moderate Risk,3,0.5878267884254456,0.136581,Bare Land,Rural / Scattered,0.3541,0.001340,0.6253,0.70,#FFAA00
0.3335,Moderate Risk,3,0.58995521068573,0.139652,Bare Land,Rural / Scattered,0.3541,0.001345,0.6074,0.70,#FFAA00
0.3365,Moderate Risk,3,0.5941193103790283,0.137119,Bare Land,Rural / Scattered,0.3541,0.001354,0.6222,0.70,#FFAA00
0.3380,Moderate Risk,3,0.7311227321624756,0.135873,Bare Land,Rural / Scattered,0.3541,0.001666,0.6294,0.70,#FFAA00
0.3433,Moderate Risk,3,1.6122857332229614,0.131832,Bare Land,Peri-Urban / Sparse,0.3541,0.003675,0.6530,0.70,#FFAA00
0.3418,Moderate Risk,3,1.7648613452911377,0.133235,Bare Land,Peri-Urban / Sparse,0.3541,0.004023,0.6448,0.70,#FFAA00
0.3523,Moderate Risk,3,1.762901782989502,0.124240,Bare Land,Peri-Urban / Sparse,0.3541,0.004018,0.6972,0.70,#FFAA00
0.3560,Moderate Risk,3,1.7441787719726562,0.121020,Bare Land,Peri-Urban / Sparse,0.3541,0.003975,0.7160,0.70,#FFAA00
0.3503,Moderate Risk,3,1.727660059928894,0.125958,Bare Land,Peri-Urban / Sparse,0.3541,0.003938,0.6872,0.70,#FFAA00
0.3548,Moderate Risk,3,1.6950756311416626,0.122061,Bare Land,Peri-Urban / Sparse,0.3541,0.003864,0.7099,0.70,#FFAA00
0.3668,Moderate Risk,3,1.6624386310577393,0.111703,Bare Land,Peri-Urban / Sparse,0.3541,0.003789,0.7703,0.70,#FFAA00
0.3699,Moderate Risk,3,1.652847170829773,0.109107,Bare Land,Peri-Urban / Sparse,0.3541,0.003767,0.7855,0.70,#FFAA00
0.3688,Moderate Risk,3,1.6212955713272095,0.109981,Bare Land,Peri-Urban / Sparse,0.3541,0.003695,0.7804,0.70,#FFAA00
0.3129,Moderate Risk,3,1.5907561779022217,0.106463,Natural Vegetation,Peri-Urban / Sparse,0.3541,0.003626,0.8009,0.10,#FFAA00
0.3785,Moderate Risk,3,1.698696494102478,0.101738,Bare Land,Peri-Urban / Sparse,0.3541,0.003872,0.8284,0.70,#FFAA00
0.3200,Moderate Risk,3,1.817974328994751,0.100525,Natural Vegetation,Peri-Urban / Sparse,0.3541,0.004144,0.8355,0.10,#FFAA00
0.3926,Moderate Risk,3,1.763536810874939,0.106812,Minepits/Industry,Peri-Urban / Sparse,0.3541,0.004020,0.7988,0.90,#FFAA00
0.3790,Moderate Risk,3,1.676952600479126,0.118471,Minepits/Industry,Peri-Urban / Sparse,0.3541,0.003822,0.7309,0.90,#FFAA00
0.3792,Moderate Risk,3,1.6620818376541138,0.118287,Minepits/Industry,Peri-Urban / Sparse,0.3541,0.003788,0.7319,0.90,#FFAA00
0.3589,Moderate Risk,3,1.6736949682235718,0.118503,Bare Land,Peri-Urban / Sparse,0.3541,0.003815,0.7307,0.70,#FFAA00
0.3625,Moderate Risk,3,1.6706416606903076,0.115436,Bare Land,Peri-Urban / Sparse,0.3541,0.003808,0.7486,0.70,#FFAA00
0.3598,Moderate Risk,3,1.6771905422210693,0.117734,Bare Land,Peri-Urban / Sparse,0.3541,0.003823,0.7352,0.70,#FFAA00
0.3624,Moderate Risk,3,1.678213357925415,0.115489,Bare Land,Peri-Urban / Sparse,0.3541,0.003825,0.7483,0.70,#FFAA00
0.3598,Moderate Risk,3,1.6770554780960083,0.117713,Bare Land,Peri-Urban / Sparse,0.3541,0.003822,0.7353,0.70,#FFAA00
0.3645,Moderate Risk,3,1.6757210493087769,0.113697,Bare Land,Peri-Urban / Sparse,0.3541,0.003819,0.7587,0.70,#FFAA00
0.3602,Moderate Risk,3,1.6653045415878296,0.117364,Bare Land,Peri-Urban / Sparse,0.3541,0.003796,0.7373,0.70,#FFAA00
0.3643,Moderate Risk,3,1.6614863872528076,0.113857,Bare Land,Peri-Urban / Sparse,0.3541,0.003787,0.7578,0.70,#FFAA00
0.3662,Moderate Risk,3,1.6622416973114014,0.112215,Bare Land,Peri-Urban / Sparse,0.3541,0.003789,0.7673,0.70,#FFAA00
0.3619,Moderate Risk,3,1.6866811513900757,0.115985,Bare Land,Peri-Urban / Sparse,0.3541,0.003844,0.7454,0.70,#FFAA00
0.3621,Moderate Risk,3,1.7101627588272095,0.115768,Bare Land,Peri-Urban / Sparse,0.3541,0.003898,0.7466,0.70,#FFAA00
0.3631,Moderate Risk,3,1.731283187866211,0.114931,Bare Land,Peri-Urban / Sparse,0.3541,0.003946,0.7515,0.70,#FFAA00
0.3649,Moderate Risk,3,1.7588205337524414,0.113404,Bare Land,Peri-Urban / Sparse,0.3541,0.004009,0.7604,0.70,#FFAA00
0.3039,Moderate Risk,3,1.778695821762085,0.114271,Natural Vegetation,Peri-Urban / Sparse,0.3541,0.004054,0.7554,0.10,#FFAA00
0.3668,Moderate Risk,3,1.7824630737304688,0.111823,Bare Land,Peri-Urban / Sparse,0.3541,0.004063,0.7696,0.70,#FFAA00
0.3662,Moderate Risk,3,1.7888338565826416,0.112357,Bare Land,Peri-Urban / Sparse,0.3541,0.004077,0.7665,0.70,#FFAA00
0.3636,Moderate Risk,3,1.8103935718536377,0.114606,Bare Land,Peri-Urban / Sparse,0.3541,0.004126,0.7534,0.70,#FFAA00
0.3622,Moderate Risk,3,1.8805627822875977,0.115842,Bare Land,Peri-Urban / Sparse,0.3541,0.004286,0.7462,0.70,#FFAA00
0.3674,Moderate Risk,3,1.9914698600769043,0.111426,Bare Land,Peri-Urban / Sparse,0.3541,0.004539,0.7719,0.70,#FFAA00
0.3120,Moderate Risk,3,0.5833596587181091,,Bare Land,Rural / Scattered,0.3541,0.001330,0.5000,0.70,#FFAA00
0.3372,Moderate Risk,3,0.5861136317253113,0.136527,Bare Land,Rural / Scattered,0.3541,0.001336,0.6256,0.70,#FFAA00
0.3390,Moderate Risk,3,0.5885873436927795,0.134942,Bare Land,Rural / Scattered,0.3541,0.001342,0.6349,0.70,#FFAA00
0.3405,Moderate Risk,3,0.8517123460769653,0.133781,Bare Land,Rural / Scattered,0.3541,0.001941,0.6416,0.70,#FFAA00
0.3423,Moderate Risk,3,1.6280971765518188,0.132736,Bare Land,Peri-Urban / Sparse,0.3541,0.003711,0.6477,0.70,#FFAA00
0.3395,Moderate Risk,3,1.6513350009918213,0.135130,Bare Land,Peri-Urban / Sparse,0.3541,0.003764,0.6338,0.70,#FFAA00
0.3497,Moderate Risk,3,1.6429804563522339,0.126400,Bare Land,Peri-Urban / Sparse,0.3541,0.003745,0.6847,0.70,#FFAA00
0.3128,Moderate Risk,3,1.6758495569229126,,Bare Land,Peri-Urban / Sparse,0.3541,0.003820,0.5000,0.70,#FFAA00
0.3128,Moderate Risk,3,1.6958096027374268,,Bare Land,Peri-Urban / Sparse,0.3541,0.003865,0.5000,0.70,#FFAA00
0.3851,Moderate Risk,3,1.6246944665908813,0.113205,Minepits/Industry,Peri-Urban / Sparse,0.3541,0.003703,0.7616,0.90,#FFAA00
0.3667,Moderate Risk,3,1.5713706016540527,0.111783,Bare Land,Peri-Urban / Sparse,0.3541,0.003582,0.7699,0.70,#FFAA00
0.3675,Moderate Risk,3,1.5473021268844604,0.111086,Bare Land,Peri-Urban / Sparse,0.3541,0.003527,0.7739,0.70,#FFAA00
0.3623,Moderate Risk,3,1.52426278591156,0.115518,Bare Land,Peri-Urban / Sparse,0.3541,0.003474,0.7481,0.70,#FFAA00
0.3842,Moderate Risk,3,1.4483985900878906,0.113816,Minepits/Industry,Peri-Urban / Sparse,0.3541,0.003301,0.7580,0.90,#FFAA00
0.3733,Moderate Risk,3,1.4489822387695312,0.106049,Bare Land,Peri-Urban / Sparse,0.3541,0.003303,0.8033,0.70,#FFAA00
0.3897,Moderate Risk,3,1.4693925380706787,0.109151,Minepits/Industry,Peri-Urban / Sparse,0.3541,0.003349,0.7852,0.90,#FFAA00
0.3799,Moderate Risk,3,1.4709690809249878,0.117518,Minepits/Industry,Peri-Urban / Sparse,0.3541,0.003353,0.7364,0.90,#FFAA00
0.3643,Moderate Risk,3,1.4753230810165405,0.113758,Bare Land,Peri-Urban / Sparse,0.3541,0.003363,0.7583,0.70,#FFAA00
0.3633,Moderate Risk,3,1.510054588317871,0.114661,Bare Land,Peri-Urban / Sparse,0.3541,0.003442,0.7531,0.70,#FFAA00
0.3668,Moderate Risk,3,1.5428462028503418,0.111654,Bare Land,Peri-Urban / Sparse,0.3541,0.003517,0.7706,0.70,#FFAA00
0.3557,Moderate Risk,3,1.556984782218933,0.121170,Bare Land,Peri-Urban / Sparse,0.3541,0.003549,0.7151,0.70,#FFAA00
0.3626,Moderate Risk,3,1.5717540979385376,0.115297,Bare Land,Peri-Urban / Sparse,0.3541,0.003582,0.7494,0.70,#FFAA00
0.3650,Moderate Risk,3,1.5855399370193481,0.113213,Bare Land,Peri-Urban / Sparse,0.3541,0.003614,0.7615,0.70,#FFAA00
0.3623,Moderate Risk,3,1.5949976444244385,0.115588,Bare Land,Peri-Urban / Sparse,0.3541,0.003635,0.7477,0.70,#FFAA00
0.3599,Moderate Risk,3,1.5866413116455078,0.117624,Bare Land,Peri-Urban / Sparse,0.3541,0.003616,0.7358,0.70,#FFAA00
0.3629,Moderate Risk,3,1.5835542678833008,0.115027,Bare Land,Peri-Urban / Sparse,0.3541,0.003609,0.7510,0.70,#FFAA00
0.3673,Moderate Risk,3,1.5791553258895874,0.111227,Bare Land,Peri-Urban / Sparse,0.3541,0.003599,0.7731,0.70,#FFAA00
0.3602,Moderate Risk,3,1.5666546821594238,0.117356,Bare Land,Peri-Urban / Sparse,0.3541,0.003571,0.7374,0.70,#FFAA00
0.3595,Moderate Risk,3,1.5780667066574097,0.117974,Bare Land,Peri-Urban / Sparse,0.3541,0.003597,0.7338,0.70,#FFAA00
0.3625,Moderate Risk,3,1.61043381690979,0.115390,Bare Land,Peri-Urban / Sparse,0.3541,0.003671,0.7488,0.70,#FFAA00
0.3631,Moderate Risk,3,1.644376516342163,0.114872,Bare Land,Peri-Urban / Sparse,0.3541,0.003748,0.7519,0.70,#FFAA00
0.3621,Moderate Risk,3,1.6576180458068848,0.115739,Bare Land,Peri-Urban / Sparse,0.3541,0.003778,0.7468,0.70,#FFAA00
0.3629,Moderate Risk,3,1.6653742790222168,0.115120,Bare Land,Peri-Urban / Sparse,0.3541,0.003796,0.7504,0.70,#FFAA00
0.3636,Moderate Risk,3,1.681174635887146,0.114502,Bare Land,Peri-Urban / Sparse,0.3541,0.003832,0.7540,0.70,#FFAA00
0.3625,Moderate Risk,3,1.7300693988800049,0.115437,Bare Land,Peri-Urban / Sparse,0.3541,0.003943,0.7486,0.70,#FFAA00
0.3602,Moderate Risk,3,1.7815879583358765,0.117446,Bare Land,Peri-Urban / Sparse,0.3541,0.004061,0.7368,0.70,#FFAA00
0.3602,Moderate Risk,3,1.822879672050476,0.117461,Bare Land,Peri-Urban / Sparse,0.3541,0.004155,0.7368,0.70,#FFAA00
0.3667,Moderate Risk,3,1.8707491159439087,0.111944,Bare Land,Peri-Urban / Sparse,0.3541,0.004264,0.7689,0.70,#FFAA00
0.3458,Moderate Risk,3,1.5777019262313843,0.112544,Unknown,Peri-Urban / Sparse,0.3541,0.003596,0.7654,0.50,#FFAA00
0.3644,Moderate Risk,3,1.602903127670288,0.113764,Bare Land,Peri-Urban / Sparse,0.3541,0.003653,0.7583,0.70,#FFAA00
0.3632,Moderate Risk,3,1.5965651273727417,0.114824,Bare Land,Peri-Urban / Sparse,0.3541,0.003639,0.7521,0.70,#FFAA00
0.3633,Moderate Risk,3,1.5768322944641113,0.114712,Bare Land,Peri-Urban / Sparse,0.3541,0.003594,0.7528,0.70,#FFAA00
0.3635,Moderate Risk,3,1.5482172966003418,0.114532,Bare Land,Peri-Urban / Sparse,0.3541,0.003529,0.7538,0.70,#FFAA00
0.3872,Moderate Risk,3,1.497677206993103,0.111272,Minepits/Industry,Peri-Urban / Sparse,0.3541,0.003414,0.7728,0.90,#FFAA00
0.3916,Moderate Risk,3,1.4388481378555298,0.107483,Minepits/Industry,Peri-Urban / Sparse,0.3541,0.003280,0.7949,0.90,#FFAA00
0.3917,Moderate Risk,3,1.4054388999938965,0.107386,Minepits/Industry,Peri-Urban / Sparse,0.3541,0.003203,0.7955,0.90,#FFAA00
0.3612,Moderate Risk,3,1.4005277156829834,0.116388,Bare Land,Peri-Urban / Sparse,0.3541,0.003192,0.7430,0.70,#FFAA00
0.3614,Moderate Risk,3,1.40757417678833,0.116260,Bare Land,Peri-Urban / Sparse,0.3541,0.003208,0.7438,0.70,#FFAA00
0.3615,Moderate Risk,3,1.4271374940872192,0.116160,Bare Land,Peri-Urban / Sparse,0.3541,0.003253,0.7443,0.70,#FFAA00
0.3636,Moderate Risk,3,1.4702054262161255,0.114391,Bare Land,Peri-Urban / Sparse,0.3541,0.003351,0.7547,0.70,#FFAA00
0.3623,Moderate Risk,3,1.4903408288955688,0.115519,Bare Land,Peri-Urban / Sparse,0.3541,0.003397,0.7481,0.70,#FFAA00
0.3724,Moderate Risk,3,1.502131462097168,0.106841,Bare Land,Peri-Urban / Sparse,0.3541,0.003424,0.7987,0.70,#FFAA00
0.3665,Moderate Risk,3,1.5154718160629272,0.111918,Bare Land,Peri-Urban / Sparse,0.3541,0.003454,0.7691,0.70,#FFAA00
0.3619,Moderate Risk,3,1.5178519487380981,0.115837,Bare Land,Peri-Urban / Sparse,0.3541,0.003460,0.7462,0.70,#FFAA00
0.3591,Moderate Risk,3,1.5119969844818115,0.118297,Bare Land,Peri-Urban / Sparse,0.3541,0.003446,0.7319,0.70,#FFAA00
0.3622,Moderate Risk,3,1.5015531778335571,0.115596,Bare Land,Peri-Urban / Sparse,0.3541,0.003422,0.7476,0.70,#FFAA00
0.3665,Moderate Risk,3,1.4960733652114868,0.111921,Bare Land,Peri-Urban / Sparse,0.3541,0.003410,0.7691,0.70,#FFAA00
0.3596,Moderate Risk,3,1.4869400262832642,0.117838,Bare Land,Peri-Urban / Sparse,0.3541,0.003389,0.7346,0.70,#FFAA00
0.3580,Moderate Risk,3,1.478525996208191,0.119148,Bare Land,Peri-Urban / Sparse,0.3541,0.003370,0.7269,0.70,#FFAA00
0.3600,Moderate Risk,3,1.4752739667892456,0.117460,Bare Land,Peri-Urban / Sparse,0.3541,0.003363,0.7368,0.70,#FFAA00
0.3611,Moderate Risk,3,1.4738661050796509,0.116549,Bare Land,Peri-Urban / Sparse,0.3541,0.003359,0.7421,0.70,#FFAA00
0.3632,Moderate Risk,3,1.4955414533615112,0.114704,Bare Land,Peri-Urban / Sparse,0.3541,0.003409,0.7528,0.70,#FFAA00
0.3614,Moderate Risk,3,1.539788842201233,0.116263,Bare Land,Peri-Urban / Sparse,0.3541,0.003510,0.7437,0.70,#FFAA00
0.3611,Moderate Risk,3,1.5903587341308594,0.116609,Bare Land,Peri-Urban / Sparse,0.3541,0.003625,0.7417,0.70,#FFAA00
0.3632,Moderate Risk,3,1.63948392868042,0.114822,Bare Land,Peri-Urban / Sparse,0.3541,0.003737,0.7521,0.70,#FFAA00
0.3604,Moderate Risk,3,1.6767994165420532,0.117238,Bare Land,Peri-Urban / Sparse,0.3541,0.003822,0.7381,0.70,#FFAA00
0.3604,Moderate Risk,3,1.6964263916015625,0.117272,Bare Land,Peri-Urban / Sparse,0.3541,0.003867,0.7379,0.70,#FFAA00
0.3641,Moderate Risk,3,1.7229347229003906,0.114110,Bare Land,Peri-Urban / Sparse,0.3541,0.003927,0.7563,0.70,#FFAA00
0.3678,Moderate Risk,3,1.7654662132263184,0.110963,Bare Land,Peri-Urban / Sparse,0.3541,0.004024,0.7746,0.70,#FFAA00
0.3316,Moderate Risk,3,1.387376308441162,0.124643,Unknown,Peri-Urban / Sparse,0.3541,0.003162,0.6949,0.50,#FFAA00
0.3582,Moderate Risk,3,1.4050551652908325,0.118950,Bare Land,Peri-Urban / Sparse,0.3541,0.003202,0.7281,0.70,#FFAA00
0.3639,Moderate Risk,3,1.456838607788086,0.114138,Bare Land,Peri-Urban / Sparse,0.3541,0.003321,0.7561,0.70,#FFAA00
0.3650,Moderate Risk,3,1.5298665761947632,0.113218,Bare Land,Peri-Urban / Sparse,0.3541,0.003487,0.7615,0.70,#FFAA00
0.3716,Moderate Risk,3,1.55918550491333,0.107592,Bare Land,Peri-Urban / Sparse,0.3541,0.003554,0.7943,0.70,#FFAA00
0.3736,Moderate Risk,3,1.5664931535720825,0.105855,Bare Land,Peri-Urban / Sparse,0.3541,0.003570,0.8044,0.70,#FFAA00
0.3962,Moderate Risk,3,1.5786691904067993,0.103595,Minepits/Industry,Peri-Urban / Sparse,0.3541,0.003598,0.8176,0.90,#FFAA00
0.4006,Moderate Risk,3,1.5765162706375122,0.099840,Minepits/Industry,Peri-Urban / Sparse,0.3541,0.003593,0.8395,0.90,#FFAA00
0.3963,Moderate Risk,3,1.5271106958389282,0.103546,Minepits/Industry,Peri-Urban / Sparse,0.3541,0.003481,0.8179,0.90,#FFAA00
0.3905,Moderate Risk,3,1.5030287504196167,0.108451,Minepits/Industry,Peri-Urban / Sparse,0.3541,0.003426,0.7893,0.90,#FFAA00
0.3646,Moderate Risk,3,1.4613550901412964,0.113488,Bare Land,Peri-Urban / Sparse,0.3541,0.003331,0.7599,0.70,#FFAA00
0.3660,Moderate Risk,3,1.4130812883377075,0.112306,Bare Land,Peri-Urban / Sparse,0.3541,0.003221,0.7668,0.70,#FFAA00
0.3635,Moderate Risk,3,1.402410864830017,0.114392,Bare Land,Peri-Urban / Sparse,0.3541,0.003196,0.7547,0.70,#FFAA00
0.3628,Moderate Risk,3,1.4240344762802124,0.115060,Bare Land,Peri-Urban / Sparse,0.3541,0.003246,0.7508,0.70,#FFAA00
0.3623,Moderate Risk,3,1.4531309604644775,0.115469,Bare Land,Peri-Urban / Sparse,0.3541,0.003312,0.7484,0.70,#FFAA00
0.3598,Moderate Risk,3,1.4670162200927734,0.117608,Bare Land,Peri-Urban / Sparse,0.3541,0.003344,0.7359,0.70,#FFAA00
0.3846,Moderate Risk,3,1.4803411960601807,0.113562,Minepits/Industry,Peri-Urban / Sparse,0.3541,0.003374,0.7595,0.90,#FFAA00
0.3557,Moderate Risk,3,1.47896146774292,0.121129,Bare Land,Peri-Urban / Sparse,0.3541,0.003371,0.7154,0.70,#FFAA00
0.3547,Moderate Risk,3,1.472186803817749,0.121962,Bare Land,Peri-Urban / Sparse,0.3541,0.003356,0.7105,0.70,#FFAA00
0.3608,Moderate Risk,3,1.46901273727417,0.116791,Bare Land,Peri-Urban / Sparse,0.3541,0.003348,0.7407,0.70,#FFAA00
0.3593,Moderate Risk,3,1.4650670289993286,0.118090,Bare Land,Peri-Urban / Sparse,0.3541,0.003339,0.7331,0.70,#FFAA00
0.3590,Moderate Risk,3,1.4617363214492798,0.118300,Bare Land,Peri-Urban / Sparse,0.3541,0.003332,0.7319,0.70,#FFAA00
0.3596,Moderate Risk,3,1.459014892578125,0.117771,Bare Land,Peri-Urban / Sparse,0.3541,0.003325,0.7350,0.70,#FFAA00
0.3565,Moderate Risk,3,1.4535722732543945,0.120448,Bare Land,Peri-Urban / Sparse,0.3541,0.003313,0.7193,0.70,#FFAA00
0.3610,Moderate Risk,3,1.4654443264007568,0.116626,Bare Land,Peri-Urban / Sparse,0.3541,0.003340,0.7416,0.70,#FFAA00
0.3606,Moderate Risk,3,1.4864853620529175,0.116936,Bare Land,Peri-Urban / Sparse,0.3541,0.003388,0.7398,0.70,#FFAA00
0.3640,Moderate Risk,3,1.519463062286377,0.114042,Bare Land,Peri-Urban / Sparse,0.3541,0.003463,0.7567,0.70,#FFAA00
0.3593,Moderate Risk,3,1.5514445304870605,0.118092,Bare Land,Peri-Urban / Sparse,0.3541,0.003536,0.7331,0.70,#FFAA00
0.3644,Moderate Risk,3,1.5886266231536865,0.113748,Bare Land,Peri-Urban / Sparse,0.3541,0.003621,0.7584,0.70,#FFAA00
0.3649,Moderate Risk,3,1.6314470767974854,0.113355,Bare Land,Peri-Urban / Sparse,0.3541,0.003718,0.7607,0.70,#FFAA00
0.3692,Moderate Risk,3,1.661009669303894,0.109673,Bare Land,Peri-Urban / Sparse,0.3541,0.003786,0.7822,0.70,#FFAA00
0.3665,Moderate Risk,3,1.6747088432312012,0.112011,Bare Land,Peri-Urban / Sparse,0.3541,0.003817,0.7685,0.70,#FFAA00
0.3697,Moderate Risk,3,1.6914913654327393,0.109264,Bare Land,Peri-Urban / Sparse,0.3541,0.003855,0.7845,0.70,#FFAA00
0.3631,Moderate Risk,3,1.709760308265686,0.114927,Bare Land,Peri-Urban / Sparse,0.3541,0.003897,0.7515,0.70,#FFAA00
0.2920,Low Risk,2,0.48176875710487366,,Unknown,Rural / Scattered,0.3541,0.001098,0.5000,0.50,#FFDD88
0.3361,Moderate Risk,3,0.4921630024909973,0.120276,Unknown,Rural / Scattered,0.3541,0.001122,0.7204,0.50,#FFAA00
0.3496,Moderate Risk,3,1.0631004571914673,0.126154,Bare Land,Peri-Urban / Sparse,0.3541,0.002423,0.6861,0.70,#FFAA00
0.3643,Moderate Risk,3,1.3681726455688477,0.113723,Bare Land,Peri-Urban / Sparse,0.3541,0.003118,0.7586,0.70,#FFAA00
0.3649,Moderate Risk,3,1.3956317901611328,0.113256,Bare Land,Peri-Urban / Sparse,0.3541,0.003181,0.7613,0.70,#FFAA00
0.3712,Moderate Risk,3,1.4332833290100098,0.107791,Bare Land,Peri-Urban / Sparse,0.3541,0.003267,0.7931,0.70,#FFAA00
0.3745,Moderate Risk,3,1.4950956106185913,0.104992,Bare Land,Peri-Urban / Sparse,0.3541,0.003408,0.8094,0.70,#FFAA00
0.3973,Moderate Risk,3,1.5311521291732788,0.102646,Minepits/Industry,Peri-Urban / Sparse,0.3541,0.003490,0.8231,0.90,#FFAA00
0.3788,Moderate Risk,3,1.5565112829208374,0.101395,Bare Land,Peri-Urban / Sparse,0.3541,0.003548,0.8304,0.70,#FFAA00
0.4015,Moderate Risk,3,1.5717295408248901,0.099065,Minepits/Industry,Peri-Urban / Sparse,0.3541,0.003582,0.8440,0.90,#FFAA00
0.4025,Moderate Risk,3,1.551247477531433,0.098196,Minepits/Industry,Peri-Urban / Sparse,0.3541,0.003536,0.8491,0.90,#FFAA00
0.3969,Moderate Risk,3,1.5306004285812378,0.102959,Minepits/Industry,Peri-Urban / Sparse,0.3541,0.003489,0.8213,0.90,#FFAA00
0.3866,Moderate Risk,3,1.5345087051391602,0.111823,Minepits/Industry,Peri-Urban / Sparse,0.3541,0.003498,0.7696,0.90,#FFAA00
0.3892,Moderate Risk,3,1.5312387943267822,0.109622,Minepits/Industry,Peri-Urban / Sparse,0.3541,0.003490,0.7825,0.90,#FFAA00
0.3669,Moderate Risk,3,1.4927252531051636,0.111590,Bare Land,Peri-Urban / Sparse,0.3541,0.003402,0.7710,0.70,#FFAA00
0.3885,Moderate Risk,3,1.4789066314697266,0.110212,Minepits/Industry,Peri-Urban / Sparse,0.3541,0.003371,0.7790,0.90,#FFAA00
0.3758,Moderate Risk,3,1.5006706714630127,0.103950,Bare Land,Peri-Urban / Sparse,0.3541,0.003420,0.8155,0.70,#FFAA00
0.3819,Moderate Risk,3,1.507097601890564,0.115839,Minepits/Industry,Peri-Urban / Sparse,0.3541,0.003435,0.7462,0.90,#FFAA00
0.3650,Moderate Risk,3,1.5001521110534668,0.113166,Bare Land,Peri-Urban / Sparse,0.3541,0.003419,0.7618,0.70,#FFAA00
0.3541,Moderate Risk,3,1.4985175132751465,0.122513,Bare Land,Peri-Urban / Sparse,0.3541,0.003416,0.7073,0.70,#FFAA00
0.3561,Moderate Risk,3,1.4957036972045898,0.120834,Bare Land,Peri-Urban / Sparse,0.3541,0.003409,0.7171,0.70,#FFAA00
0.3654,Moderate Risk,3,1.4963715076446533,0.112850,Bare Land,Peri-Urban / Sparse,0.3541,0.003411,0.7636,0.70,#FFAA00
0.3596,Moderate Risk,3,1.4944846630096436,0.117793,Bare Land,Peri-Urban / Sparse,0.3541,0.003406,0.7348,0.70,#FFAA00
0.3628,Moderate Risk,3,1.4950346946716309,0.115033,Bare Land,Peri-Urban / Sparse,0.3541,0.003408,0.7509,0.70,#FFAA00
0.3610,Moderate Risk,3,1.5104576349258423,0.116618,Bare Land,Peri-Urban / Sparse,0.3541,0.003443,0.7417,0.70,#FFAA00
0.3570,Moderate Risk,3,1.5239121913909912,0.120073,Bare Land,Peri-Urban / Sparse,0.3541,0.003473,0.7215,0.70,#FFAA00
0.3594,Moderate Risk,3,1.5328313112258911,0.117975,Bare Land,Peri-Urban / Sparse,0.3541,0.003494,0.7338,0.70,#FFAA00
0.3622,Moderate Risk,3,1.547561764717102,0.115593,Bare Land,Peri-Urban / Sparse,0.3541,0.003527,0.7477,0.70,#FFAA00
0.3655,Moderate Risk,3,1.557746171951294,0.112805,Bare Land,Peri-Urban / Sparse,0.3541,0.003551,0.7639,0.70,#FFAA00
0.3621,Moderate Risk,3,1.5653603076934814,0.115692,Bare Land,Peri-Urban / Sparse,0.3541,0.003568,0.7471,0.70,#FFAA00
0.3677,Moderate Risk,3,1.5769964456558228,0.110879,Bare Land,Peri-Urban / Sparse,0.3541,0.003594,0.7751,0.70,#FFAA00
0.3664,Moderate Risk,3,1.590636134147644,0.112036,Bare Land,Peri-Urban / Sparse,0.3541,0.003625,0.7684,0.70,#FFAA00
0.3700,Moderate Risk,3,1.599329948425293,0.108985,Bare Land,Peri-Urban / Sparse,0.3541,0.003645,0.7862,0.70,#FFAA00
0.3664,Moderate Risk,3,1.6157368421554565,0.112017,Bare Land,Peri-Urban / Sparse,0.3541,0.003683,0.7685,0.70,#FFAA00
0.3686,Moderate Risk,3,1.6491023302078247,0.110156,Bare Land,Peri-Urban / Sparse,0.3541,0.003759,0.7793,0.70,#FFAA00
0.3643,Moderate Risk,3,1.6794297695159912,0.113903,Bare Land,Peri-Urban / Sparse,0.3541,0.003828,0.7575,0.70,#FFAA00
0.3663,Moderate Risk,3,1.695966362953186,0.112188,Bare Land,Peri-Urban / Sparse,0.3541,0.003866,0.7675,0.70,#FFAA00
0.3496,Moderate Risk,3,0.47272196412086487,0.125828,Bare Land,Rural / Scattered,0.3541,0.001077,0.6880,0.70,#FFAA00
0.3450,Moderate Risk,3,0.531359851360321,0.129782,Bare Land,Rural / Scattered,0.3541,0.001211,0.6649,0.70,#FFAA00
0.3532,Moderate Risk,3,1.1902554035186768,0.123114,Bare Land,Peri-Urban / Sparse,0.3541,0.002713,0.7038,0.70,#FFAA00
0.3621,Moderate Risk,3,1.3984001874923706,0.115621,Bare Land,Peri-Urban / Sparse,0.3541,0.003187,0.7475,0.70,#FFAA00
0.3649,Moderate Risk,3,1.4244084358215332,0.113228,Bare Land,Peri-Urban / Sparse,0.3541,0.003247,0.7614,0.70,#FFAA00
0.3690,Moderate Risk,3,1.467586636543274,0.109723,Bare Land,Peri-Urban / Sparse,0.3541,0.003345,0.7819,0.70,#FFAA00
0.3933,Moderate Risk,3,1.4922406673431396,0.106086,Minepits/Industry,Peri-Urban / Sparse,0.3541,0.003401,0.8031,0.90,#FFAA00
0.3975,Moderate Risk,3,1.502708911895752,0.102438,Minepits/Industry,Peri-Urban / Sparse,0.3541,0.003425,0.8243,0.90,#FFAA00
0.3962,Moderate Risk,3,1.527542233467102,0.103579,Minepits/Industry,Peri-Urban / Sparse,0.3541,0.003482,0.8177,0.90,#FFAA00
0.3959,Moderate Risk,3,1.5422518253326416,0.103870,Minepits/Industry,Peri-Urban / Sparse,0.3541,0.003515,0.8160,0.90,#FFAA00
0.3985,Moderate Risk,3,1.5147969722747803,0.101642,Minepits/Industry,Peri-Urban / Sparse,0.3541,0.003453,0.8290,0.90,#FFAA00
0.3936,Moderate Risk,3,1.5155854225158691,0.105802,Minepits/Industry,Peri-Urban / Sparse,0.3541,0.003454,0.8047,0.90,#FFAA00
0.3920,Moderate Risk,3,1.5159921646118164,0.107228,Minepits/Industry,Peri-Urban / Sparse,0.3541,0.003455,0.7964,0.90,#FFAA00
0.3869,Moderate Risk,3,1.5151475667953491,0.111568,Minepits/Industry,Peri-Urban / Sparse,0.3541,0.003453,0.7711,0.90,#FFAA00
0.3850,Moderate Risk,3,1.500084638595581,0.113161,Minepits/Industry,Peri-Urban / Sparse,0.3541,0.003419,0.7618,0.90,#FFAA00
0.3914,Moderate Risk,3,1.491417646408081,0.107671,Minepits/Industry,Peri-Urban / Sparse,0.3541,0.003399,0.7938,0.90,#FFAA00
0.3848,Moderate Risk,3,1.5204007625579834,0.113409,Minepits/Industry,Peri-Urban / Sparse,0.3541,0.003465,0.7604,0.90,#FFAA00
0.3813,Moderate Risk,3,1.531686544418335,0.116341,Minepits/Industry,Peri-Urban / Sparse,0.3541,0.003491,0.7433,0.90,#FFAA00
0.3676,Moderate Risk,3,1.5329135656356812,0.110976,Bare Land,Peri-Urban / Sparse,0.3541,0.003494,0.7746,0.70,#FFAA00
0.3704,Moderate Risk,3,1.5265388488769531,0.108599,Bare Land,Peri-Urban / Sparse,0.3541,0.003479,0.7884,0.70,#FFAA00
0.3674,Moderate Risk,3,1.519240140914917,0.111180,Bare Land,Peri-Urban / Sparse,0.3541,0.003463,0.7734,0.70,#FFAA00
0.3850,Moderate Risk,3,1.5234110355377197,0.113187,Minepits/Industry,Peri-Urban / Sparse,0.3541,0.003472,0.7617,0.90,#FFAA00
0.3661,Moderate Risk,3,1.5299206972122192,0.112228,Bare Land,Peri-Urban / Sparse,0.3541,0.003487,0.7673,0.70,#FFAA00
0.3589,Moderate Risk,3,1.5388840436935425,0.118416,Bare Land,Peri-Urban / Sparse,0.3541,0.003508,0.7312,0.70,#FFAA00
0.3613,Moderate Risk,3,1.5497692823410034,0.116428,Bare Land,Peri-Urban / Sparse,0.3541,0.003532,0.7428,0.70,#FFAA00
0.3603,Moderate Risk,3,1.549533724784851,0.117219,Bare Land,Peri-Urban / Sparse,0.3541,0.003532,0.7382,0.70,#FFAA00
0.3636,Moderate Risk,3,1.5535643100738525,0.114431,Bare Land,Peri-Urban / Sparse,0.3541,0.003541,0.7544,0.70,#FFAA00
0.3637,Moderate Risk,3,1.5600271224975586,0.114312,Bare Land,Peri-Urban / Sparse,0.3541,0.003556,0.7551,0.70,#FFAA00
0.3662,Moderate Risk,3,1.571748971939087,0.112171,Bare Land,Peri-Urban / Sparse,0.3541,0.003582,0.7676,0.70,#FFAA00
0.3702,Moderate Risk,3,1.586515188217163,0.108794,Bare Land,Peri-Urban / Sparse,0.3541,0.003616,0.7873,0.70,#FFAA00
0.3665,Moderate Risk,3,1.5949455499649048,0.112002,Bare Land,Peri-Urban / Sparse,0.3541,0.003635,0.7686,0.70,#FFAA00
0.3746,Moderate Risk,3,1.598700761795044,0.104996,Bare Land,Peri-Urban / Sparse,0.3541,0.003644,0.8094,0.70,#FFAA00
0.3704,Moderate Risk,3,1.6021775007247925,0.108653,Bare Land,Peri-Urban / Sparse,0.3541,0.003652,0.7881,0.70,#FFAA00
0.3717,Moderate Risk,3,1.6083167791366577,0.107503,Bare Land,Peri-Urban / Sparse,0.3541,0.003666,0.7948,0.70,#FFAA00
0.3658,Moderate Risk,3,1.6144182682037354,0.112544,Bare Land,Peri-Urban / Sparse,0.3541,0.003680,0.7654,0.70,#FFAA00
0.3704,Moderate Risk,3,1.6241191625595093,0.108653,Bare Land,Peri-Urban / Sparse,0.3541,0.003702,0.7881,0.70,#FFAA00
0.3661,Moderate Risk,3,1.6819483041763306,0.112319,Bare Land,Peri-Urban / Sparse,0.3541,0.003834,0.7667,0.70,#FFAA00
0.3592,Moderate Risk,3,1.7538787126541138,0.118273,Bare Land,Peri-Urban / Sparse,0.3541,0.003998,0.7320,0.70,#FFAA00
0.3507,Moderate Risk,3,0.45339155197143555,0.124823,Bare Land,Rural / Scattered,0.3541,0.001033,0.6938,0.70,#FFAA00
0.3489,Moderate Risk,3,0.45552200078964233,0.126394,Bare Land,Rural / Scattered,0.3541,0.001038,0.6847,0.70,#FFAA00
0.3541,Moderate Risk,3,0.5395331382751465,0.121972,Bare Land,Rural / Scattered,0.3541,0.001230,0.7105,0.70,#FFAA00
0.3614,Moderate Risk,3,1.2431716918945312,0.116121,Bare Land,Peri-Urban / Sparse,0.3541,0.002834,0.7446,0.70,#FFAA00
0.3658,Moderate Risk,3,1.4440137147903442,0.112437,Bare Land,Peri-Urban / Sparse,0.3541,0.003291,0.7660,0.70,#FFAA00
0.3671,Moderate Risk,3,1.4843138456344604,0.111368,Bare Land,Peri-Urban / Sparse,0.3541,0.003383,0.7723,0.70,#FFAA00
0.3724,Moderate Risk,3,1.508304476737976,0.106831,Bare Land,Peri-Urban / Sparse,0.3541,0.003438,0.7987,0.70,#FFAA00
0.3995,Moderate Risk,3,1.5017039775848389,0.100786,Minepits/Industry,Peri-Urban / Sparse,0.3541,0.003423,0.8340,0.90,#FFAA00
0.3997,Moderate Risk,3,1.5011576414108276,0.100538,Minepits/Industry,Peri-Urban / Sparse,0.3541,0.003422,0.8354,0.90,#FFAA00
0.3999,Moderate Risk,3,1.4970452785491943,0.100399,Minepits/Industry,Peri-Urban / Sparse,0.3541,0.003412,0.8362,0.90,#FFAA00
0.4015,Moderate Risk,3,1.463269829750061,0.099019,Minepits/Industry,Peri-Urban / Sparse,0.3541,0.003335,0.8443,0.90,#FFAA00
0.3961,Moderate Risk,3,1.4662660360336304,0.103659,Minepits/Industry,Peri-Urban / Sparse,0.3541,0.003342,0.8172,0.90,#FFAA00
0.3930,Moderate Risk,3,1.484724998474121,0.106334,Minepits/Industry,Peri-Urban / Sparse,0.3541,0.003384,0.8016,0.90,#FFAA00
0.3865,Moderate Risk,3,1.493465542793274,0.111904,Minepits/Industry,Peri-Urban / Sparse,0.3541,0.003404,0.7692,0.90,#FFAA00
0.3663,Moderate Risk,3,1.501007318496704,0.112093,Bare Land,Peri-Urban / Sparse,0.3541,0.003421,0.7681,0.70,#FFAA00
0.3880,Moderate Risk,3,1.5116934776306152,0.110596,Minepits/Industry,Peri-Urban / Sparse,0.3541,0.003446,0.7768,0.90,#FFAA00
0.3850,Moderate Risk,3,1.5061248540878296,0.113197,Minepits/Industry,Peri-Urban / Sparse,0.3541,0.003433,0.7616,0.90,#FFAA00
0.3817,Moderate Risk,3,1.493611454963684,0.116031,Minepits/Industry,Peri-Urban / Sparse,0.3541,0.003404,0.7451,0.90,#FFAA00
0.3724,Moderate Risk,3,1.5061016082763672,0.106805,Bare Land,Peri-Urban / Sparse,0.3541,0.003433,0.7989,0.70,#FFAA00
0.3965,Moderate Risk,3,1.5102081298828125,0.103348,Minepits/Industry,Peri-Urban / Sparse,0.3541,0.003442,0.8190,0.90,#FFAA00
0.3847,Moderate Risk,3,1.4982233047485352,0.113406,Minepits/Industry,Peri-Urban / Sparse,0.3541,0.003415,0.7604,0.90,#FFAA00
0.3688,Moderate Risk,3,1.4957255125045776,0.109907,Bare Land,Peri-Urban / Sparse,0.3541,0.003409,0.7808,0.70,#FFAA00
0.3715,Moderate Risk,3,1.4953498840332031,0.107578,Bare Land,Peri-Urban / Sparse,0.3541,0.003408,0.7944,0.70,#FFAA00
0.3683,Moderate Risk,3,1.5009782314300537,0.110342,Bare Land,Peri-Urban / Sparse,0.3541,0.003421,0.7783,0.70,#FFAA00
0.3720,Moderate Risk,3,1.5070098638534546,0.107197,Bare Land,Peri-Urban / Sparse,0.3541,0.003435,0.7966,0.70,#FFAA00
0.3627,Moderate Risk,3,1.5109864473342896,0.115135,Bare Land,Peri-Urban / Sparse,0.3541,0.003444,0.7503,0.70,#FFAA00
0.3642,Moderate Risk,3,1.5213218927383423,0.113921,Bare Land,Peri-Urban / Sparse,0.3541,0.003467,0.7574,0.70,#FFAA00
0.3629,Moderate Risk,3,1.5410664081573486,0.115005,Bare Land,Peri-Urban / Sparse,0.3541,0.003512,0.7511,0.70,#FFAA00
0.3580,Moderate Risk,3,1.5546904802322388,0.119232,Bare Land,Peri-Urban / Sparse,0.3541,0.003544,0.7264,0.70,#FFAA00
0.3662,Moderate Risk,3,1.566282868385315,0.112191,Bare Land,Peri-Urban / Sparse,0.3541,0.003570,0.7675,0.70,#FFAA00
0.3658,Moderate Risk,3,1.5740834474563599,0.112528,Bare Land,Peri-Urban / Sparse,0.3541,0.003588,0.7655,0.70,#FFAA00
0.3703,Moderate Risk,3,1.5752296447753906,0.108667,Bare Land,Peri-Urban / Sparse,0.3541,0.003590,0.7880,0.70,#FFAA00
0.3707,Moderate Risk,3,1.5798698663711548,0.108350,Bare Land,Peri-Urban / Sparse,0.3541,0.003601,0.7899,0.70,#FFAA00
0.3739,Moderate Risk,3,1.586134910583496,0.105640,Bare Land,Peri-Urban / Sparse,0.3541,0.003615,0.8057,0.70,#FFAA00
0.3720,Moderate Risk,3,1.591729998588562,0.107195,Bare Land,Peri-Urban / Sparse,0.3541,0.003628,0.7966,0.70,#FFAA00
0.3736,Moderate Risk,3,1.5938658714294434,0.105860,Bare Land,Peri-Urban / Sparse,0.3541,0.003633,0.8044,0.70,#FFAA00
0.3669,Moderate Risk,3,1.6289947032928467,0.111654,Bare Land,Peri-Urban / Sparse,0.3541,0.003713,0.7706,0.70,#FFAA00
0.3617,Moderate Risk,3,1.685498833656311,0.116170,Bare Land,Peri-Urban / Sparse,0.3541,0.003842,0.7443,0.70,#FFAA00
0.3557,Moderate Risk,3,1.7016017436981201,0.121241,Bare Land,Peri-Urban / Sparse,0.3541,0.003878,0.7147,0.70,#FFAA00
0.3557,Moderate Risk,3,1.7016017436981201,0.121241,Bare Land,Peri-Urban / Sparse,0.3541,0.003878,0.7147,0.70,#FFAA00
0.2920,Low Risk,2,0.46130117774009705,,Unknown,Rural / Scattered,0.3541,0.001051,0.5000,0.50,#FFDD88
0.3529,Moderate Risk,3,0.45918285846710205,0.122978,Bare Land,Rural / Scattered,0.3541,0.001047,0.7046,0.70,#FFAA00
0.3520,Moderate Risk,3,0.46261295676231384,0.123732,Bare Land,Rural / Scattered,0.3541,0.001054,0.7002,0.70,#FFAA00
0.3530,Moderate Risk,3,0.6086414456367493,0.122956,Bare Land,Rural / Scattered,0.3541,0.001387,0.7047,0.70,#FFAA00
0.3591,Moderate Risk,3,1.291833519935608,0.118157,Bare Land,Peri-Urban / Sparse,0.3541,0.002944,0.7327,0.70,#FFAA00
0.3653,Moderate Risk,3,1.435219168663025,0.112927,Bare Land,Peri-Urban / Sparse,0.3541,0.003271,0.7632,0.70,#FFAA00
0.3721,Moderate Risk,3,1.503656029701233,0.107119,Bare Land,Peri-Urban / Sparse,0.3541,0.003427,0.7971,0.70,#FFAA00
0.3789,Moderate Risk,3,1.5148906707763672,0.101244,Bare Land,Peri-Urban / Sparse,0.3541,0.003453,0.8313,0.70,#FFAA00
0.4043,Moderate Risk,3,1.5149013996124268,0.096673,Minepits/Industry,Peri-Urban / Sparse,0.3541,0.003453,0.8579,0.90,#FFAA00
0.4100,Moderate Risk,3,1.5117793083190918,0.091750,Minepits/Industry,Peri-Urban / Sparse,0.3541,0.003446,0.8866,0.90,#FFAA00
0.4049,Moderate Risk,3,1.4676401615142822,0.096066,Minepits/Industry,Peri-Urban / Sparse,0.3541,0.003345,0.8615,0.90,#FFAA00
0.3955,Moderate Risk,3,1.4352291822433472,0.104125,Minepits/Industry,Peri-Urban / Sparse,0.3541,0.003271,0.8145,0.90,#FFAA00
0.3901,Moderate Risk,3,1.4373613595962524,0.108801,Minepits/Industry,Peri-Urban / Sparse,0.3541,0.003276,0.7872,0.90,#FFAA00
0.3882,Moderate Risk,3,1.4475481510162354,0.110424,Minepits/Industry,Peri-Urban / Sparse,0.3541,0.003299,0.7778,0.90,#FFAA00
0.3678,Moderate Risk,3,1.4673477411270142,0.110771,Bare Land,Peri-Urban / Sparse,0.3541,0.003344,0.7758,0.70,#FFAA00
0.3905,Moderate Risk,3,1.4923200607299805,0.108496,Minepits/Industry,Peri-Urban / Sparse,0.3541,0.003401,0.7890,0.90,#FFAA00
0.3829,Moderate Risk,3,1.5232800245285034,0.114985,Minepits/Industry,Peri-Urban / Sparse,0.3541,0.003472,0.7512,0.90,#FFAA00
0.3676,Moderate Risk,3,1.5301690101623535,0.110957,Bare Land,Peri-Urban / Sparse,0.3541,0.003488,0.7747,0.70,#FFAA00
0.3693,Moderate Risk,3,1.49434494972229,0.109464,Bare Land,Peri-Urban / Sparse,0.3541,0.003406,0.7834,0.70,#FFAA00
0.3876,Moderate Risk,3,1.4989186525344849,0.110938,Minepits/Industry,Peri-Urban / Sparse,0.3541,0.003416,0.7748,0.90,#FFAA00
0.3838,Moderate Risk,3,1.4997364282608032,0.114198,Minepits/Industry,Peri-Urban / Sparse,0.3541,0.003418,0.7558,0.90,#FFAA00
0.3691,Moderate Risk,3,1.4987865686416626,0.109630,Bare Land,Peri-Urban / Sparse,0.3541,0.003416,0.7824,0.70,#FFAA00
0.3684,Moderate Risk,3,1.4931162595748901,0.110288,Bare Land,Peri-Urban / Sparse,0.3541,0.003403,0.7786,0.70,#FFAA00
0.3705,Moderate Risk,3,1.4927003383636475,0.108472,Bare Land,Peri-Urban / Sparse,0.3541,0.003402,0.7892,0.70,#FFAA00
0.3679,Moderate Risk,3,1.4929813146591187,0.110725,Bare Land,Peri-Urban / Sparse,0.3541,0.003403,0.7760,0.70,#FFAA00
0.3845,Moderate Risk,3,1.4903273582458496,0.113634,Minepits/Industry,Peri-Urban / Sparse,0.3541,0.003397,0.7591,0.90,#FFAA00
0.3703,Moderate Risk,3,1.4869476556777954,0.108609,Bare Land,Peri-Urban / Sparse,0.3541,0.003389,0.7884,0.70,#FFAA00
0.3630,Moderate Risk,3,1.4951622486114502,0.114862,Bare Land,Peri-Urban / Sparse,0.3541,0.003408,0.7519,0.70,#FFAA00
0.3639,Moderate Risk,3,1.5111335515975952,0.114138,Bare Land,Peri-Urban / Sparse,0.3541,0.003444,0.7561,0.70,#FFAA00
0.3616,Moderate Risk,3,1.5280001163482666,0.116122,Bare Land,Peri-Urban / Sparse,0.3541,0.003483,0.7446,0.70,#FFAA00
0.3646,Moderate Risk,3,1.5479626655578613,0.113592,Bare Land,Peri-Urban / Sparse,0.3541,0.003528,0.7593,0.70,#FFAA00
0.3673,Moderate Risk,3,1.56009840965271,0.111248,Bare Land,Peri-Urban / Sparse,0.3541,0.003556,0.7730,0.70,#FFAA00
0.3685,Moderate Risk,3,1.5594124794006348,0.110179,Bare Land,Peri-Urban / Sparse,0.3541,0.003554,0.7792,0.70,#FFAA00
0.3746,Moderate Risk,3,1.5649429559707642,0.105012,Bare Land,Peri-Urban / Sparse,0.3541,0.003567,0.8093,0.70,#FFAA00
0.3675,Moderate Risk,3,1.5378105640411377,0.111113,Bare Land,Peri-Urban / Sparse,0.3541,0.003505,0.7738,0.70,#FFAA00
0.3707,Moderate Risk,3,1.532963752746582,0.108271,Bare Land,Peri-Urban / Sparse,0.3541,0.003494,0.7903,0.70,#FFAA00
0.3683,Moderate Risk,3,1.5740351676940918,0.110364,Bare Land,Peri-Urban / Sparse,0.3541,0.003588,0.7781,0.70,#FFAA00
0.3635,Moderate Risk,3,1.6253728866577148,0.114582,Bare Land,Peri-Urban / Sparse,0.3541,0.003705,0.7535,0.70,#FFAA00
0.3571,Moderate Risk,3,1.6404914855957031,0.120011,Bare Land,Peri-Urban / Sparse,0.3541,0.003739,0.7219,0.70,#FFAA00
0.3551,Moderate Risk,3,1.6417760848999023,0.121782,Bare Land,Peri-Urban / Sparse,0.3541,0.003742,0.7116,0.70,#FFAA00
0.2920,Low Risk,2,0.4689832329750061,,Unknown,Rural / Scattered,0.3541,0.001069,0.5000,0.50,#FFDD88
0.3120,Moderate Risk,3,0.47059598565101624,,Bare Land,Rural / Scattered,0.3541,0.001073,0.5000,0.70,#FFAA00
0.3541,Moderate Risk,3,0.4766678214073181,0.121965,Bare Land,Rural / Scattered,0.3541,0.001086,0.7105,0.70,#FFAA00
0.3582,Moderate Risk,3,0.7503169775009155,0.118617,Bare Land,Rural / Scattered,0.3541,0.001710,0.7300,0.70,#FFAA00
0.3655,Moderate Risk,3,1.369925618171692,0.112651,Bare Land,Peri-Urban / Sparse,0.3541,0.003122,0.7648,0.70,#FFAA00
0.3707,Moderate Risk,3,1.4268020391464233,0.108299,Bare Land,Peri-Urban / Sparse,0.3541,0.003252,0.7902,0.70,#FFAA00
0.3774,Moderate Risk,3,1.4452834129333496,0.102488,Bare Land,Peri-Urban / Sparse,0.3541,0.003294,0.8240,0.70,#FFAA00
0.4025,Moderate Risk,3,1.4946634769439697,0.098202,Minepits/Industry,Peri-Urban / Sparse,0.3541,0.003407,0.8490,0.90,#FFAA00
0.4074,Moderate Risk,3,1.5210686922073364,0.094012,Minepits/Industry,Peri-Urban / Sparse,0.3541,0.003467,0.8735,0.90,#FFAA00
0.4058,Moderate Risk,3,1.486114740371704,0.095359,Minepits/Industry,Peri-Urban / Sparse,0.3541,0.003387,0.8656,0.90,#FFAA00
0.3974,Moderate Risk,3,1.4393537044525146,0.102511,Minepits/Industry,Peri-Urban / Sparse,0.3541,0.003281,0.8239,0.90,#FFAA00
0.3910,Moderate Risk,3,1.4359934329986572,0.107990,Minepits/Industry,Peri-Urban / Sparse,0.3541,0.003273,0.7920,0.90,#FFAA00
0.3881,Moderate Risk,3,1.4362382888793945,0.110473,Minepits/Industry,Peri-Urban / Sparse,0.3541,0.003274,0.7775,0.90,#FFAA00
0.3721,Moderate Risk,3,1.4402891397476196,0.107039,Bare Land,Peri-Urban / Sparse,0.3541,0.003283,0.7975,0.70,#FFAA00
0.3719,Moderate Risk,3,1.4497509002685547,0.107206,Bare Land,Peri-Urban / Sparse,0.3541,0.003304,0.7965,0.70,#FFAA00
0.3836,Moderate Risk,3,1.472035527229309,0.114368,Minepits/Industry,Peri-Urban / Sparse,0.3541,0.003355,0.7548,0.90,#FFAA00
0.3733,Moderate Risk,3,1.5002195835113525,0.106065,Bare Land,Peri-Urban / Sparse,0.3541,0.003419,0.8032,0.70,#FFAA00
0.3721,Moderate Risk,3,1.5204046964645386,0.107128,Bare Land,Peri-Urban / Sparse,0.3541,0.003465,0.7970,0.70,#FFAA00
0.3694,Moderate Risk,3,1.501387596130371,0.109394,Bare Land,Peri-Urban / Sparse,0.3541,0.003422,0.7838,0.70,#FFAA00
0.3694,Moderate Risk,3,1.4875404834747314,0.109391,Bare Land,Peri-Urban / Sparse,0.3541,0.003390,0.7838,0.70,#FFAA00
0.3661,Moderate Risk,3,1.4866904020309448,0.112269,Bare Land,Peri-Urban / Sparse,0.3541,0.003389,0.7670,0.70,#FFAA00
0.3873,Moderate Risk,3,1.483455777168274,0.111247,Minepits/Industry,Peri-Urban / Sparse,0.3541,0.003381,0.7730,0.90,#FFAA00
0.3730,Moderate Risk,3,1.480361819267273,0.106304,Bare Land,Peri-Urban / Sparse,0.3541,0.003374,0.8018,0.70,#FFAA00
0.3701,Moderate Risk,3,1.4835337400436401,0.108807,Bare Land,Peri-Urban / Sparse,0.3541,0.003381,0.7872,0.70,#FFAA00
0.3676,Moderate Risk,3,1.4886761903762817,0.110957,Bare Land,Peri-Urban / Sparse,0.3541,0.003393,0.7747,0.70,#FFAA00
0.3696,Moderate Risk,3,1.4880409240722656,0.109277,Bare Land,Peri-Urban / Sparse,0.3541,0.003392,0.7845,0.70,#FFAA00
0.3592,Moderate Risk,3,1.4879395961761475,0.118152,Bare Land,Peri-Urban / Sparse,0.3541,0.003391,0.7327,0.70,#FFAA00
0.3682,Moderate Risk,3,1.4968161582946777,0.110474,Bare Land,Peri-Urban / Sparse,0.3541,0.003412,0.7775,0.70,#FFAA00
0.3636,Moderate Risk,3,1.504446268081665,0.114399,Bare Land,Peri-Urban / Sparse,0.3541,0.003429,0.7546,0.70,#FFAA00
0.3617,Moderate Risk,3,1.5119364261627197,0.116035,Bare Land,Peri-Urban / Sparse,0.3541,0.003446,0.7451,0.70,#FFAA00
0.3632,Moderate Risk,3,1.5216535329818726,0.114768,Bare Land,Peri-Urban / Sparse,0.3541,0.003468,0.7525,0.70,#FFAA00
0.3631,Moderate Risk,3,1.5288468599319458,0.114815,Bare Land,Peri-Urban / Sparse,0.3541,0.003485,0.7522,0.70,#FFAA00
0.3743,Moderate Risk,3,1.5447700023651123,0.105277,Bare Land,Peri-Urban / Sparse,0.3541,0.003521,0.8078,0.70,#FFAA00
0.3711,Moderate Risk,3,1.5416860580444336,0.107976,Bare Land,Peri-Urban / Sparse,0.3541,0.003514,0.7921,0.70,#FFAA00
0.3712,Moderate Risk,3,1.5269824266433716,0.107906,Bare Land,Peri-Urban / Sparse,0.3541,0.003480,0.7925,0.70,#FFAA00
0.3724,Moderate Risk,3,1.5729007720947266,0.106853,Bare Land,Peri-Urban / Sparse,0.3541,0.003585,0.7986,0.70,#FFAA00
0.3651,Moderate Risk,3,1.6045011281967163,0.113186,Bare Land,Peri-Urban / Sparse,0.3541,0.003657,0.7617,0.70,#FFAA00
0.3556,Moderate Risk,3,1.6176302433013916,0.121314,Bare Land,Peri-Urban / Sparse,0.3541,0.003687,0.7143,0.70,#FFAA00
0.3554,Moderate Risk,3,1.6220567226409912,0.121524,Bare Land,Peri-Urban / Sparse,0.3541,0.003697,0.7131,0.70,#FFAA00
0.3563,Moderate Risk,3,1.6236966848373413,0.120744,Bare Land,Peri-Urban / Sparse,0.3541,0.003701,0.7176,0.70,#FFAA00
0.3592,Moderate Risk,3,0.48904934525489807,0.117560,Bare Land,Rural / Scattered,0.3541,0.001115,0.7362,0.70,#FFAA00
0.3645,Moderate Risk,3,0.9557157158851624,0.113307,Bare Land,Rural / Scattered,0.3541,0.002178,0.7610,0.70,#FFAA00
0.3705,Moderate Risk,3,1.4316551685333252,0.108436,Bare Land,Peri-Urban / Sparse,0.3541,0.003263,0.7894,0.70,#FFAA00
0.3770,Moderate Risk,3,1.431701421737671,0.102830,Bare Land,Peri-Urban / Sparse,0.3541,0.003263,0.8221,0.70,#FFAA00
0.3821,Moderate Risk,3,1.4322445392608643,0.098449,Bare Land,Peri-Urban / Sparse,0.3541,0.003264,0.8476,0.70,#FFAA00
0.4047,Moderate Risk,3,1.4326550960540771,0.096239,Minepits/Industry,Peri-Urban / Sparse,0.3541,0.003265,0.8605,0.90,#FFAA00
0.4053,Moderate Risk,3,1.4278713464736938,0.095695,Minepits/Industry,Peri-Urban / Sparse,0.3541,0.003254,0.8636,0.90,#FFAA00
0.3995,Moderate Risk,3,1.43540358543396,0.100748,Minepits/Industry,Peri-Urban / Sparse,0.3541,0.003272,0.8342,0.90,#FFAA00
0.3926,Moderate Risk,3,1.4496564865112305,0.106650,Minepits/Industry,Peri-Urban / Sparse,0.3541,0.003304,0.7998,0.90,#FFAA00
0.3873,Moderate Risk,3,1.4513742923736572,0.111171,Minepits/Industry,Peri-Urban / Sparse,0.3541,0.003308,0.7734,0.90,#FFAA00
0.3911,Moderate Risk,3,1.4501333236694336,0.107939,Minepits/Industry,Peri-Urban / Sparse,0.3541,0.003305,0.7923,0.90,#FFAA00
0.3923,Moderate Risk,3,1.448876976966858,0.106905,Minepits/Industry,Peri-Urban / Sparse,0.3541,0.003302,0.7983,0.90,#FFAA00
0.3869,Moderate Risk,3,1.4605342149734497,0.111523,Minepits/Industry,Peri-Urban / Sparse,0.3541,0.003329,0.7714,0.90,#FFAA00
0.3888,Moderate Risk,3,1.4659603834152222,0.109935,Minepits/Industry,Peri-Urban / Sparse,0.3541,0.003341,0.7806,0.90,#FFAA00
0.3882,Moderate Risk,3,1.466847538948059,0.110404,Minepits/Industry,Peri-Urban / Sparse,0.3541,0.003343,0.7779,0.90,#FFAA00
0.3874,Moderate Risk,3,1.4815027713775635,0.111085,Minepits/Industry,Peri-Urban / Sparse,0.3541,0.003377,0.7739,0.90,#FFAA00
0.3909,Moderate Risk,3,1.4954346418380737,0.108126,Minepits/Industry,Peri-Urban / Sparse,0.3541,0.003408,0.7912,0.90,#FFAA00
0.3906,Moderate Risk,3,1.4746226072311401,0.108392,Minepits/Industry,Peri-Urban / Sparse,0.3541,0.003361,0.7896,0.90,#FFAA00
0.3721,Moderate Risk,3,1.4784924983978271,0.107136,Bare Land,Peri-Urban / Sparse,0.3541,0.003370,0.7970,0.70,#FFAA00
0.3925,Moderate Risk,3,1.4806491136550903,0.106772,Minepits/Industry,Peri-Urban / Sparse,0.3541,0.003375,0.7991,0.90,#FFAA00
0.3934,Moderate Risk,3,1.4826922416687012,0.105946,Minepits/Industry,Peri-Urban / Sparse,0.3541,0.003379,0.8039,0.90,#FFAA00
0.3788,Moderate Risk,3,1.484519124031067,0.101346,Bare Land,Peri-Urban / Sparse,0.3541,0.003384,0.8307,0.70,#FFAA00
0.3761,Moderate Risk,3,1.4838870763778687,0.103651,Bare Land,Peri-Urban / Sparse,0.3541,0.003382,0.8173,0.70,#FFAA00
0.3645,Moderate Risk,3,1.4815301895141602,0.113606,Bare Land,Peri-Urban / Sparse,0.3541,0.003377,0.7592,0.70,#FFAA00
0.3747,Moderate Risk,3,1.4888134002685547,0.104846,Bare Land,Peri-Urban / Sparse,0.3541,0.003393,0.8103,0.70,#FFAA00
0.3663,Moderate Risk,3,1.4961028099060059,0.112041,Bare Land,Peri-Urban / Sparse,0.3541,0.003410,0.7684,0.70,#FFAA00
0.3644,Moderate Risk,3,1.5003350973129272,0.113703,Bare Land,Peri-Urban / Sparse,0.3541,0.003420,0.7587,0.70,#FFAA00
0.3655,Moderate Risk,3,1.5056010484695435,0.112767,Bare Land,Peri-Urban / Sparse,0.3541,0.003432,0.7641,0.70,#FFAA00
0.3628,Moderate Risk,3,1.507182240486145,0.115065,Bare Land,Peri-Urban / Sparse,0.3541,0.003435,0.7507,0.70,#FFAA00
0.3692,Moderate Risk,3,1.5142552852630615,0.109587,Bare Land,Peri-Urban / Sparse,0.3541,0.003451,0.7827,0.70,#FFAA00
0.3701,Moderate Risk,3,1.534911036491394,0.108828,Bare Land,Peri-Urban / Sparse,0.3541,0.003498,0.7871,0.70,#FFAA00
0.3614,Moderate Risk,3,1.533708095550537,0.116258,Bare Land,Peri-Urban / Sparse,0.3541,0.003496,0.7438,0.70,#FFAA00
0.3603,Moderate Risk,3,1.5596171617507935,0.117253,Bare Land,Peri-Urban / Sparse,0.3541,0.003555,0.7380,0.70,#FFAA00
0.3608,Moderate Risk,3,1.5863971710205078,0.116879,Bare Land,Peri-Urban / Sparse,0.3541,0.003616,0.7402,0.70,#FFAA00
0.3546,Moderate Risk,3,1.5994739532470703,0.122135,Bare Land,Peri-Urban / Sparse,0.3541,0.003646,0.7095,0.70,#FFAA00
0.3559,Moderate Risk,3,1.6067537069320679,0.121017,Bare Land,Peri-Urban / Sparse,0.3541,0.003662,0.7160,0.70,#FFAA00
0.3568,Moderate Risk,3,1.6116912364959717,0.120263,Bare Land,Peri-Urban / Sparse,0.3541,0.003673,0.7204,0.70,#FFAA00
0.3581,Moderate Risk,3,1.6137197017669678,0.119138,Bare Land,Peri-Urban / Sparse,0.3541,0.003678,0.7270,0.70,#FFAA00
0.3646,Moderate Risk,3,0.49142029881477356,0.112927,Bare Land,Rural / Scattered,0.3541,0.001120,0.7632,0.70,#FFAA00
0.3716,Moderate Risk,3,1.1414376497268677,0.107290,Bare Land,Peri-Urban / Sparse,0.3541,0.002602,0.7961,0.70,#FFAA00
0.3767,Moderate Risk,3,1.4592950344085693,0.103095,Bare Land,Peri-Urban / Sparse,0.3541,0.003326,0.8205,0.70,#FFAA00
0.4000,Moderate Risk,3,1.4542951583862305,0.100342,Minepits/Industry,Peri-Urban / Sparse,0.3541,0.003315,0.8366,0.90,#FFAA00
0.3814,Moderate Risk,3,1.4333268404006958,0.099108,Bare Land,Peri-Urban / Sparse,0.3541,0.003267,0.8438,0.70,#FFAA00
0.4030,Moderate Risk,3,1.3893898725509644,0.097704,Minepits/Industry,Peri-Urban / Sparse,0.3541,0.003167,0.8519,0.90,#FFAA00
0.3980,Moderate Risk,3,1.3670092821121216,0.101943,Minepits/Industry,Peri-Urban / Sparse,0.3541,0.003116,0.8272,0.90,#FFAA00
0.3922,Moderate Risk,3,1.3829411268234253,0.106931,Minepits/Industry,Peri-Urban / Sparse,0.3541,0.003152,0.7981,0.90,#FFAA00
0.3684,Moderate Risk,3,1.4164255857467651,0.110199,Bare Land,Peri-Urban / Sparse,0.3541,0.003228,0.7791,0.70,#FFAA00
0.3701,Moderate Risk,3,1.4529600143432617,0.108781,Bare Land,Peri-Urban / Sparse,0.3541,0.003312,0.7874,0.70,#FFAA00
0.3709,Moderate Risk,3,1.4654722213745117,0.108065,Bare Land,Peri-Urban / Sparse,0.3541,0.003340,0.7915,0.70,#FFAA00
0.3901,Moderate Risk,3,1.475914478302002,0.108818,Minepits/Industry,Peri-Urban / Sparse,0.3541,0.003364,0.7871,0.90,#FFAA00
0.3709,Moderate Risk,3,1.483473539352417,0.108140,Bare Land,Peri-Urban / Sparse,0.3541,0.003381,0.7911,0.70,#FFAA00
0.3892,Moderate Risk,3,1.473067283630371,0.109523,Minepits/Industry,Peri-Urban / Sparse,0.3541,0.003358,0.7830,0.90,#FFAA00
0.3879,Moderate Risk,3,1.4698505401611328,0.110656,Minepits/Industry,Peri-Urban / Sparse,0.3541,0.003350,0.7764,0.90,#FFAA00
0.3658,Moderate Risk,3,1.4707274436950684,0.112461,Bare Land,Peri-Urban / Sparse,0.3541,0.003352,0.7659,0.70,#FFAA00
0.3656,Moderate Risk,3,1.4771475791931152,0.112665,Bare Land,Peri-Urban / Sparse,0.3541,0.003367,0.7647,0.70,#FFAA00
0.3719,Moderate Risk,3,1.464013934135437,0.107207,Bare Land,Peri-Urban / Sparse,0.3541,0.003337,0.7965,0.70,#FFAA00
0.3697,Moderate Risk,3,1.4584746360778809,0.109159,Bare Land,Peri-Urban / Sparse,0.3541,0.003324,0.7852,0.70,#FFAA00
0.3701,Moderate Risk,3,1.474008321762085,0.108787,Bare Land,Peri-Urban / Sparse,0.3541,0.003360,0.7873,0.70,#FFAA00
0.3733,Moderate Risk,3,1.4848191738128662,0.106069,Bare Land,Peri-Urban / Sparse,0.3541,0.003384,0.8032,0.70,#FFAA00
0.3674,Moderate Risk,3,1.4907373189926147,0.111119,Bare Land,Peri-Urban / Sparse,0.3541,0.003398,0.7737,0.70,#FFAA00
0.3704,Moderate Risk,3,1.4843114614486694,0.108566,Bare Land,Peri-Urban / Sparse,0.3541,0.003383,0.7886,0.70,#FFAA00
0.3638,Moderate Risk,3,1.4859752655029297,0.114197,Bare Land,Peri-Urban / Sparse,0.3541,0.003387,0.7558,0.70,#FFAA00
0.3652,Moderate Risk,3,1.4924204349517822,0.113050,Bare Land,Peri-Urban / Sparse,0.3541,0.003402,0.7625,0.70,#FFAA00
0.3708,Moderate Risk,3,1.4993222951889038,0.108216,Bare Land,Peri-Urban / Sparse,0.3541,0.003417,0.7907,0.70,#FFAA00
0.3650,Moderate Risk,3,1.5050691366195679,0.113141,Bare Land,Peri-Urban / Sparse,0.3541,0.003430,0.7619,0.70,#FFAA00
0.3675,Moderate Risk,3,1.5137954950332642,0.111030,Bare Land,Peri-Urban / Sparse,0.3541,0.003450,0.7743,0.70,#FFAA00
0.3723,Moderate Risk,3,1.530672311782837,0.106939,Bare Land,Peri-Urban / Sparse,0.3541,0.003489,0.7981,0.70,#FFAA00
0.3714,Moderate Risk,3,1.57449471950531,0.107771,Bare Land,Peri-Urban / Sparse,0.3541,0.003589,0.7932,0.70,#FFAA00
0.3595,Moderate Risk,3,1.5752308368682861,0.117934,Bare Land,Peri-Urban / Sparse,0.3541,0.003590,0.7340,0.70,#FFAA00
0.3562,Moderate Risk,3,1.5598424673080444,0.120747,Bare Land,Peri-Urban / Sparse,0.3541,0.003555,0.7176,0.70,#FFAA00
0.3565,Moderate Risk,3,1.5680323839187622,0.120505,Bare Land,Peri-Urban / Sparse,0.3541,0.003574,0.7190,0.70,#FFAA00
0.3539,Moderate Risk,3,1.5736454725265503,0.122770,Bare Land,Peri-Urban / Sparse,0.3541,0.003587,0.7058,0.70,#FFAA00
0.3564,Moderate Risk,3,1.5781984329223633,0.120574,Bare Land,Peri-Urban / Sparse,0.3541,0.003597,0.7186,0.70,#FFAA00
0.3580,Moderate Risk,3,1.5831661224365234,0.119213,Bare Land,Peri-Urban / Sparse,0.3541,0.003608,0.7265,0.70,#FFAA00
0.3580,Moderate Risk,3,1.5846792459487915,0.119240,Bare Land,Peri-Urban / Sparse,0.3541,0.003612,0.7264,0.70,#FFAA00
0.3582,Moderate Risk,3,1.580834150314331,0.119032,Bare Land,Peri-Urban / Sparse,0.3541,0.003603,0.7276,0.70,#FFAA00
0.2920,Low Risk,2,0.46431368589401245,,Unknown,Rural / Scattered,0.3541,0.001058,0.5000,0.50,#FFDD88
0.3718,Moderate Risk,3,0.5103174448013306,0.106802,Bare Land,Rural / Scattered,0.3541,0.001163,0.7989,0.70,#FFAA00
0.3753,Moderate Risk,3,1.2818516492843628,0.104263,Bare Land,Peri-Urban / Sparse,0.3541,0.002922,0.8137,0.70,#FFAA00
0.3775,Moderate Risk,3,1.514618158340454,0.102497,Bare Land,Peri-Urban / Sparse,0.3541,0.003452,0.8240,0.70,#FFAA00
0.3995,Moderate Risk,3,1.4753451347351074,0.100702,Minepits/Industry,Peri-Urban / Sparse,0.3541,0.003363,0.8345,0.90,#FFAA00
0.4011,Moderate Risk,3,1.4275470972061157,0.099369,Minepits/Industry,Peri-Urban / Sparse,0.3541,0.003254,0.8422,0.90,#FFAA00
0.3956,Moderate Risk,3,1.3904057741165161,0.104052,Minepits/Industry,Peri-Urban / Sparse,0.3541,0.003169,0.8149,0.90,#FFAA00
0.3688,Moderate Risk,3,1.3794907331466675,0.109883,Bare Land,Peri-Urban / Sparse,0.3541,0.003144,0.7809,0.70,#FFAA00
0.3674,Moderate Risk,3,1.3774850368499756,0.111070,Bare Land,Peri-Urban / Sparse,0.3541,0.003140,0.7740,0.70,#FFAA00
0.3664,Moderate Risk,3,1.3772822618484497,0.111917,Bare Land,Peri-Urban / Sparse,0.3541,0.003139,0.7691,0.70,#FFAA00
0.3686,Moderate Risk,3,1.3952263593673706,0.110072,Bare Land,Peri-Urban / Sparse,0.3541,0.003180,0.7798,0.70,#FFAA00
0.3888,Moderate Risk,3,1.4441139698028564,0.109918,Minepits/Industry,Peri-Urban / Sparse,0.3541,0.003292,0.7807,0.90,#FFAA00
0.3875,Moderate Risk,3,1.4904965162277222,0.111031,Minepits/Industry,Peri-Urban / Sparse,0.3541,0.003397,0.7742,0.90,#FFAA00
0.3693,Moderate Risk,3,1.4941903352737427,0.109493,Bare Land,Peri-Urban / Sparse,0.3541,0.003406,0.7832,0.70,#FFAA00
0.3665,Moderate Risk,3,1.4852995872497559,0.111890,Bare Land,Peri-Urban / Sparse,0.3541,0.003385,0.7692,0.70,#FFAA00
0.3688,Moderate Risk,3,1.4814789295196533,0.109933,Bare Land,Peri-Urban / Sparse,0.3541,0.003377,0.7806,0.70,#FFAA00
0.3716,Moderate Risk,3,1.4673497676849365,0.107507,Bare Land,Peri-Urban / Sparse,0.3541,0.003344,0.7948,0.70,#FFAA00
0.3734,Moderate Risk,3,1.4481991529464722,0.105951,Bare Land,Peri-Urban / Sparse,0.3541,0.003301,0.8039,0.70,#FFAA00
0.3725,Moderate Risk,3,1.4427741765975952,0.106740,Bare Land,Peri-Urban / Sparse,0.3541,0.003288,0.7993,0.70,#FFAA00
0.3719,Moderate Risk,3,1.4196476936340332,0.107222,Bare Land,Peri-Urban / Sparse,0.3541,0.003236,0.7964,0.70,#FFAA00
0.3727,Moderate Risk,3,1.4372429847717285,0.106502,Bare Land,Peri-Urban / Sparse,0.3541,0.003276,0.8006,0.70,#FFAA00
0.3631,Moderate Risk,3,1.4614628553390503,0.114809,Bare Land,Peri-Urban / Sparse,0.3541,0.003331,0.7522,0.70,#FFAA00
0.3601,Moderate Risk,3,1.46892249584198,0.117365,Bare Land,Peri-Urban / Sparse,0.3541,0.003348,0.7373,0.70,#FFAA00
0.3649,Moderate Risk,3,1.4766411781311035,0.113253,Bare Land,Peri-Urban / Sparse,0.3541,0.003366,0.7613,0.70,#FFAA00
0.3661,Moderate Risk,3,1.4875593185424805,0.112256,Bare Land,Peri-Urban / Sparse,0.3541,0.003391,0.7671,0.70,#FFAA00
0.3750,Moderate Risk,3,1.5021618604660034,0.104617,Bare Land,Peri-Urban / Sparse,0.3541,0.003424,0.8116,0.70,#FFAA00
0.3660,Moderate Risk,3,1.5288482904434204,0.112354,Bare Land,Peri-Urban / Sparse,0.3541,0.003485,0.7665,0.70,#FFAA00
0.3715,Moderate Risk,3,1.5620228052139282,0.107679,Bare Land,Peri-Urban / Sparse,0.3541,0.003560,0.7938,0.70,#FFAA00
0.3774,Moderate Risk,3,1.5865705013275146,0.102604,Bare Land,Peri-Urban / Sparse,0.3541,0.003616,0.8234,0.70,#FFAA00
0.3747,Moderate Risk,3,1.6081454753875732,0.104936,Bare Land,Peri-Urban / Sparse,0.3541,0.003665,0.8098,0.70,#FFAA00
0.3572,Moderate Risk,3,1.5993905067443848,0.119967,Bare Land,Peri-Urban / Sparse,0.3541,0.003645,0.7222,0.70,#FFAA00
0.3542,Moderate Risk,3,1.5550020933151245,0.122449,Bare Land,Peri-Urban / Sparse,0.3541,0.003544,0.7077,0.70,#FFAA00
0.3541,Moderate Risk,3,1.5532238483428955,0.122599,Bare Land,Peri-Urban / Sparse,0.3541,0.003540,0.7068,0.70,#FFAA00
0.3540,Moderate Risk,3,1.5541497468948364,0.122679,Bare Land,Peri-Urban / Sparse,0.3541,0.003542,0.7063,0.70,#FFAA00
0.3546,Moderate Risk,3,1.554800033569336,0.122145,Bare Land,Peri-Urban / Sparse,0.3541,0.003544,0.7095,0.70,#FFAA00
0.3570,Moderate Risk,3,1.5537493228912354,0.120038,Bare Land,Peri-Urban / Sparse,0.3541,0.003541,0.7217,0.70,#FFAA00
0.3584,Moderate Risk,3,1.547690749168396,0.118864,Bare Land,Peri-Urban / Sparse,0.3541,0.003528,0.7286,0.70,#FFAA00
0.3581,Moderate Risk,3,1.5403748750686646,0.119103,Bare Land,Peri-Urban / Sparse,0.3541,0.003511,0.7272,0.70,#FFAA00
0.3579,Moderate Risk,3,1.5372837781906128,0.119272,Bare Land,Peri-Urban / Sparse,0.3541,0.003504,0.7262,0.70,#FFAA00
0.2920,Low Risk,2,0.4631870687007904,,Unknown,Rural / Scattered,0.3541,0.001056,0.5000,0.50,#FFDD88
0.3716,Moderate Risk,3,0.6086404919624329,0.106966,Bare Land,Rural / Scattered,0.3541,0.001387,0.7979,0.70,#FFAA00
0.3754,Moderate Risk,3,1.443067193031311,0.104203,Bare Land,Peri-Urban / Sparse,0.3541,0.003289,0.8140,0.70,#FFAA00
0.3793,Moderate Risk,3,1.5662158727645874,0.100968,Bare Land,Peri-Urban / Sparse,0.3541,0.003570,0.8329,0.70,#FFAA00
0.3782,Moderate Risk,3,1.5353724956512451,0.101906,Bare Land,Peri-Urban / Sparse,0.3541,0.003500,0.8274,0.70,#FFAA00
0.3964,Moderate Risk,3,1.5068020820617676,0.103463,Minepits/Industry,Peri-Urban / Sparse,0.3541,0.003434,0.8184,0.90,#FFAA00
0.3716,Moderate Risk,3,1.4861811399459839,0.107531,Bare Land,Peri-Urban / Sparse,0.3541,0.003387,0.7946,0.70,#FFAA00
0.3657,Moderate Risk,3,1.4482476711273193,0.112556,Bare Land,Peri-Urban / Sparse,0.3541,0.003301,0.7654,0.70,#FFAA00
0.3648,Moderate Risk,3,1.420289158821106,0.113301,Bare Land,Peri-Urban / Sparse,0.3541,0.003237,0.7610,0.70,#FFAA00
0.3656,Moderate Risk,3,1.4053919315338135,0.112653,Bare Land,Peri-Urban / Sparse,0.3541,0.003203,0.7648,0.70,#FFAA00
0.3680,Moderate Risk,3,1.4045041799545288,0.110583,Bare Land,Peri-Urban / Sparse,0.3541,0.003201,0.7769,0.70,#FFAA00
0.3699,Moderate Risk,3,1.41465425491333,0.108969,Bare Land,Peri-Urban / Sparse,0.3541,0.003224,0.7863,0.70,#FFAA00
0.3699,Moderate Risk,3,1.4318931102752686,0.108987,Bare Land,Peri-Urban / Sparse,0.3541,0.003264,0.7862,0.70,#FFAA00
0.3750,Moderate Risk,3,1.4622039794921875,0.104577,Bare Land,Peri-Urban / Sparse,0.3541,0.003333,0.8119,0.70,#FFAA00
0.3753,Moderate Risk,3,1.4842449426651,0.104384,Bare Land,Peri-Urban / Sparse,0.3541,0.003383,0.8130,0.70,#FFAA00
0.3891,Moderate Risk,3,1.4689184427261353,0.109644,Minepits/Industry,Peri-Urban / Sparse,0.3541,0.003348,0.7823,0.90,#FFAA00
0.3704,Moderate Risk,3,1.4515516757965088,0.108512,Bare Land,Peri-Urban / Sparse,0.3541,0.003308,0.7889,0.70,#FFAA00
0.3705,Moderate Risk,3,1.442845106124878,0.108423,Bare Land,Peri-Urban / Sparse,0.3541,0.003289,0.7894,0.70,#FFAA00
0.3693,Moderate Risk,3,1.4438259601593018,0.109500,Bare Land,Peri-Urban / Sparse,0.3541,0.003291,0.7832,0.70,#FFAA00
0.3702,Moderate Risk,3,1.4242991209030151,0.108701,Bare Land,Peri-Urban / Sparse,0.3541,0.003246,0.7878,0.70,#FFAA00
0.3585,Moderate Risk,3,1.412542700767517,0.118673,Bare Land,Peri-Urban / Sparse,0.3541,0.003220,0.7297,0.70,#FFAA00
0.3579,Moderate Risk,3,1.42316734790802,0.119247,Bare Land,Peri-Urban / Sparse,0.3541,0.003244,0.7263,0.70,#FFAA00
0.3591,Moderate Risk,3,1.4375889301300049,0.118208,Bare Land,Peri-Urban / Sparse,0.3541,0.003277,0.7324,0.70,#FFAA00
0.3622,Moderate Risk,3,1.4697167873382568,0.115540,Bare Land,Peri-Urban / Sparse,0.3541,0.003350,0.7480,0.70,#FFAA00
0.3680,Moderate Risk,3,1.507672905921936,0.110665,Bare Land,Peri-Urban / Sparse,0.3541,0.003436,0.7764,0.70,#FFAA00
0.3706,Moderate Risk,3,1.5567400455474854,0.108387,Bare Land,Peri-Urban / Sparse,0.3541,0.003548,0.7897,0.70,#FFAA00
0.3711,Moderate Risk,3,1.58225417137146,0.107983,Bare Land,Peri-Urban / Sparse,0.3541,0.003606,0.7920,0.70,#FFAA00
0.3733,Moderate Risk,3,1.5872933864593506,0.106076,Bare Land,Peri-Urban / Sparse,0.3541,0.003618,0.8031,0.70,#FFAA00
0.3630,Moderate Risk,3,1.5856021642684937,0.114934,Bare Land,Peri-Urban / Sparse,0.3541,0.003614,0.7515,0.70,#FFAA00
0.3523,Moderate Risk,3,1.574038028717041,0.124099,Bare Land,Peri-Urban / Sparse,0.3541,0.003588,0.6981,0.70,#FFAA00
0.3525,Moderate Risk,3,1.5249886512756348,0.123882,Bare Land,Peri-Urban / Sparse,0.3541,0.003476,0.6993,0.70,#FFAA00
0.3544,Moderate Risk,3,1.5119473934173584,0.122257,Bare Land,Peri-Urban / Sparse,0.3541,0.003446,0.7088,0.70,#FFAA00
0.3536,Moderate Risk,3,1.5129203796386719,0.123004,Bare Land,Peri-Urban / Sparse,0.3541,0.003448,0.7044,0.70,#FFAA00
0.3554,Moderate Risk,3,1.5102165937423706,0.121419,Bare Land,Peri-Urban / Sparse,0.3541,0.003442,0.7137,0.70,#FFAA00
0.3571,Moderate Risk,3,1.50384521484375,0.119919,Bare Land,Peri-Urban / Sparse,0.3541,0.003428,0.7224,0.70,#FFAA00
0.3584,Moderate Risk,3,1.4978529214859009,0.118880,Bare Land,Peri-Urban / Sparse,0.3541,0.003414,0.7285,0.70,#FFAA00
0.3587,Moderate Risk,3,1.4958009719848633,0.118596,Bare Land,Peri-Urban / Sparse,0.3541,0.003409,0.7301,0.70,#FFAA00
0.3591,Moderate Risk,3,1.4916218519210815,0.118235,Bare Land,Peri-Urban / Sparse,0.3541,0.003400,0.7322,0.70,#FFAA00
0.3590,Moderate Risk,3,1.4876104593276978,0.118371,Bare Land,Peri-Urban / Sparse,0.3541,0.003391,0.7315,0.70,#FFAA00
0.3122,Moderate Risk,3,0.794391393661499,,Bare Land,Rural / Scattered,0.3541,0.001811,0.5000,0.70,#FFAA00
0.3791,Moderate Risk,3,1.5315150022506714,0.101148,Bare Land,Peri-Urban / Sparse,0.3541,0.003491,0.8319,0.70,#FFAA00
0.3789,Moderate Risk,3,1.5494120121002197,0.101278,Bare Land,Peri-Urban / Sparse,0.3541,0.003532,0.8311,0.70,#FFAA00
0.3785,Moderate Risk,3,1.5354946851730347,0.101606,Bare Land,Peri-Urban / Sparse,0.3541,0.003500,0.8292,0.70,#FFAA00
0.3745,Moderate Risk,3,1.537230372428894,0.105055,Bare Land,Peri-Urban / Sparse,0.3541,0.003504,0.8091,0.70,#FFAA00
0.3698,Moderate Risk,3,1.5352305173873901,0.109096,Bare Land,Peri-Urban / Sparse,0.3541,0.003499,0.7855,0.70,#FFAA00
0.3702,Moderate Risk,3,1.5268335342407227,0.108765,Bare Land,Peri-Urban / Sparse,0.3541,0.003480,0.7875,0.70,#FFAA00
0.3715,Moderate Risk,3,1.5233831405639648,0.107598,Bare Land,Peri-Urban / Sparse,0.3541,0.003472,0.7943,0.70,#FFAA00
0.3708,Moderate Risk,3,1.5224040746688843,0.108258,Bare Land,Peri-Urban / Sparse,0.3541,0.003470,0.7904,0.70,#FFAA00
0.3755,Moderate Risk,3,1.5185374021530151,0.104203,Bare Land,Peri-Urban / Sparse,0.3541,0.003461,0.8140,0.70,#FFAA00
0.3732,Moderate Risk,3,1.5025910139083862,0.106167,Bare Land,Peri-Urban / Sparse,0.3541,0.003425,0.8026,0.70,#FFAA00
0.3715,Moderate Risk,3,1.4833160638809204,0.107631,Bare Land,Peri-Urban / Sparse,0.3541,0.003381,0.7941,0.70,#FFAA00
0.3891,Moderate Risk,3,1.4653801918029785,0.109674,Minepits/Industry,Peri-Urban / Sparse,0.3541,0.003340,0.7822,0.90,#FFAA00
0.3891,Moderate Risk,3,1.4599443674087524,0.109621,Minepits/Industry,Peri-Urban / Sparse,0.3541,0.003328,0.7825,0.90,#FFAA00
0.3708,Moderate Risk,3,1.4904475212097168,0.108199,Bare Land,Peri-Urban / Sparse,0.3541,0.003397,0.7908,0.70,#FFAA00
0.3793,Moderate Risk,3,1.5228161811828613,0.100967,Bare Land,Peri-Urban / Sparse,0.3541,0.003471,0.8329,0.70,#FFAA00
0.3720,Moderate Risk,3,1.5356577634811401,0.107234,Bare Land,Peri-Urban / Sparse,0.3541,0.003500,0.7964,0.70,#FFAA00
0.3633,Moderate Risk,3,1.5404155254364014,0.114676,Bare Land,Peri-Urban / Sparse,0.3541,0.003511,0.7530,0.70,#FFAA00
0.3536,Moderate Risk,3,1.5351606607437134,0.122942,Bare Land,Peri-Urban / Sparse,0.3541,0.003499,0.7048,0.70,#FFAA00
0.3561,Moderate Risk,3,1.4947322607040405,0.120827,Bare Land,Peri-Urban / Sparse,0.3541,0.003407,0.7171,0.70,#FFAA00
0.3552,Moderate Risk,3,1.4889860153198242,0.121553,Bare Land,Peri-Urban / Sparse,0.3541,0.003394,0.7129,0.70,#FFAA00
0.3587,Moderate Risk,3,1.4952783584594727,0.118578,Bare Land,Peri-Urban / Sparse,0.3541,0.003408,0.7302,0.70,#FFAA00
0.3591,Moderate Risk,3,1.5039716958999634,0.118275,Bare Land,Peri-Urban / Sparse,0.3541,0.003428,0.7320,0.70,#FFAA00
0.3681,Moderate Risk,3,1.518385410308838,0.110559,Bare Land,Peri-Urban / Sparse,0.3541,0.003461,0.7770,0.70,#FFAA00
0.3625,Moderate Risk,3,1.5388820171356201,0.115350,Bare Land,Peri-Urban / Sparse,0.3541,0.003508,0.7491,0.70,#FFAA00
0.3693,Moderate Risk,3,1.552281141281128,0.109516,Bare Land,Peri-Urban / Sparse,0.3541,0.003538,0.7831,0.70,#FFAA00
0.3546,Moderate Risk,3,1.5594420433044434,0.122176,Bare Land,Peri-Urban / Sparse,0.3541,0.003554,0.7093,0.70,#FFAA00
0.3516,Moderate Risk,3,1.5618473291397095,0.124698,Bare Land,Peri-Urban / Sparse,0.3541,0.003560,0.6946,0.70,#FFAA00
0.3127,Moderate Risk,3,1.518486499786377,,Bare Land,Peri-Urban / Sparse,0.3541,0.003461,0.5000,0.70,#FFAA00
0.3552,Moderate Risk,3,1.49591863155365,0.121577,Bare Land,Peri-Urban / Sparse,0.3541,0.003410,0.7128,0.70,#FFAA00
0.3548,Moderate Risk,3,1.493929386138916,0.121919,Bare Land,Peri-Urban / Sparse,0.3541,0.003405,0.7108,0.70,#FFAA00
0.3556,Moderate Risk,3,1.48835027217865,0.121280,Bare Land,Peri-Urban / Sparse,0.3541,0.003392,0.7145,0.70,#FFAA00
0.3564,Moderate Risk,3,1.4833275079727173,0.120546,Bare Land,Peri-Urban / Sparse,0.3541,0.003381,0.7188,0.70,#FFAA00
0.3584,Moderate Risk,3,1.4811865091323853,0.118802,Bare Land,Peri-Urban / Sparse,0.3541,0.003376,0.7289,0.70,#FFAA00
0.3589,Moderate Risk,3,1.4795695543289185,0.118440,Bare Land,Peri-Urban / Sparse,0.3541,0.003372,0.7311,0.70,#FFAA00
0.3586,Moderate Risk,3,1.4728201627731323,0.118627,Bare Land,Peri-Urban / Sparse,0.3541,0.003357,0.7300,0.70,#FFAA00
0.3581,Moderate Risk,3,1.4636754989624023,0.119114,Bare Land,Peri-Urban / Sparse,0.3541,0.003336,0.7271,0.70,#FFAA00
0.3584,Moderate Risk,3,1.463235855102539,0.118786,Bare Land,Peri-Urban / Sparse,0.3541,0.003335,0.7290,0.70,#FFAA00
0.3127,Moderate Risk,3,1.5354901552200317,,Bare Land,Peri-Urban / Sparse,0.3541,0.003500,0.5000,0.70,#FFAA00
0.3819,Moderate Risk,3,1.5267510414123535,0.098723,Bare Land,Peri-Urban / Sparse,0.3541,0.003480,0.8460,0.70,#FFAA00
0.3791,Moderate Risk,3,1.5300424098968506,0.101073,Bare Land,Peri-Urban / Sparse,0.3541,0.003487,0.8323,0.70,#FFAA00
0.3742,Moderate Risk,3,1.5371712446212769,0.105294,Bare Land,Peri-Urban / Sparse,0.3541,0.003504,0.8077,0.70,#FFAA00
0.3736,Moderate Risk,3,1.5461806058883667,0.105883,Bare Land,Peri-Urban / Sparse,0.3541,0.003524,0.8043,0.70,#FFAA00
0.3721,Moderate Risk,3,1.5470914840698242,0.107126,Bare Land,Peri-Urban / Sparse,0.3541,0.003526,0.7970,0.70,#FFAA00
0.3785,Moderate Risk,3,1.5439037084579468,0.101635,Bare Land,Peri-Urban / Sparse,0.3541,0.003519,0.8290,0.70,#FFAA00
0.3729,Moderate Risk,3,1.5559947490692139,0.106429,Bare Land,Peri-Urban / Sparse,0.3541,0.003547,0.8011,0.70,#FFAA00
0.3843,Moderate Risk,3,1.5532902479171753,0.096651,Bare Land,Peri-Urban / Sparse,0.3541,0.003540,0.8581,0.70,#FFAA00
0.3808,Moderate Risk,3,1.530854344367981,0.099640,Bare Land,Peri-Urban / Sparse,0.3541,0.003489,0.8406,0.70,#FFAA00
0.3811,Moderate Risk,3,1.4968819618225098,0.099387,Bare Land,Peri-Urban / Sparse,0.3541,0.003412,0.8421,0.70,#FFAA00
0.3728,Moderate Risk,3,1.480475902557373,0.106490,Bare Land,Peri-Urban / Sparse,0.3541,0.003374,0.8007,0.70,#FFAA00
0.3965,Moderate Risk,3,1.4787389039993286,0.103285,Minepits/Industry,Peri-Urban / Sparse,0.3541,0.003370,0.8194,0.90,#FFAA00
0.3754,Moderate Risk,3,1.4807320833206177,0.104302,Bare Land,Peri-Urban / Sparse,0.3541,0.003375,0.8135,0.70,#FFAA00
0.3806,Moderate Risk,3,1.496647596359253,0.116927,Minepits/Industry,Peri-Urban / Sparse,0.3541,0.003411,0.7399,0.90,#FFAA00
0.3574,Moderate Risk,3,1.5394004583358765,0.119759,Bare Land,Peri-Urban / Sparse,0.3541,0.003509,0.7234,0.70,#FFAA00
0.3535,Moderate Risk,3,1.5744200944900513,0.123078,Bare Land,Peri-Urban / Sparse,0.3541,0.003589,0.7040,0.70,#FFAA00
0.3522,Moderate Risk,3,1.5720499753952026,0.124191,Bare Land,Peri-Urban / Sparse,0.3541,0.003583,0.6975,0.70,#FFAA00
0.3511,Moderate Risk,3,1.5234614610671997,0.125084,Bare Land,Peri-Urban / Sparse,0.3541,0.003472,0.6923,0.70,#FFAA00
0.3498,Moderate Risk,3,1.5005147457122803,0.126230,Bare Land,Peri-Urban / Sparse,0.3541,0.003420,0.6856,0.70,#FFAA00
0.3531,Moderate Risk,3,1.497405767440796,0.123375,Bare Land,Peri-Urban / Sparse,0.3541,0.003413,0.7023,0.70,#FFAA00
0.3542,Moderate Risk,3,1.4962875843048096,0.122476,Bare Land,Peri-Urban / Sparse,0.3541,0.003410,0.7075,0.70,#FFAA00
0.3572,Moderate Risk,3,1.5003862380981445,0.119857,Bare Land,Peri-Urban / Sparse,0.3541,0.003420,0.7228,0.70,#FFAA00
0.3555,Moderate Risk,3,1.499801754951477,0.121352,Bare Land,Peri-Urban / Sparse,0.3541,0.003418,0.7141,0.70,#FFAA00
0.3504,Moderate Risk,3,1.5052573680877686,0.125748,Bare Land,Peri-Urban / Sparse,0.3541,0.003431,0.6885,0.70,#FFAA00
0.3520,Moderate Risk,3,1.5151208639144897,0.124323,Bare Land,Peri-Urban / Sparse,0.3541,0.003453,0.6968,0.70,#FFAA00
0.3537,Moderate Risk,3,1.4933894872665405,0.122882,Bare Land,Peri-Urban / Sparse,0.3541,0.003404,0.7052,0.70,#FFAA00
0.3553,Moderate Risk,3,1.4675291776657104,0.121515,Bare Land,Peri-Urban / Sparse,0.3541,0.003345,0.7131,0.70,#FFAA00
0.3561,Moderate Risk,3,1.4714809656143188,0.120814,Bare Land,Peri-Urban / Sparse,0.3541,0.003354,0.7172,0.70,#FFAA00
0.3563,Moderate Risk,3,1.4726848602294922,0.120669,Bare Land,Peri-Urban / Sparse,0.3541,0.003357,0.7181,0.70,#FFAA00
0.3566,Moderate Risk,3,1.4732074737548828,0.120413,Bare Land,Peri-Urban / Sparse,0.3541,0.003358,0.7196,0.70,#FFAA00
0.3574,Moderate Risk,3,1.4721214771270752,0.119686,Bare Land,Peri-Urban / Sparse,0.3541,0.003355,0.7238,0.70,#FFAA00
0.3587,Moderate Risk,3,1.468837857246399,0.118610,Bare Land,Peri-Urban / Sparse,0.3541,0.003348,0.7301,0.70,#FFAA00
0.3584,Moderate Risk,3,1.4586868286132812,0.118810,Bare Land,Peri-Urban / Sparse,0.3541,0.003325,0.7289,0.70,#FFAA00
0.3582,Moderate Risk,3,1.4535632133483887,0.119019,Bare Land,Peri-Urban / Sparse,0.3541,0.003313,0.7277,0.70,#FFAA00
0.3578,Moderate Risk,3,1.451735019683838,0.119325,Bare Land,Peri-Urban / Sparse,0.3541,0.003309,0.7259,0.70,#FFAA00
0.3576,Moderate Risk,3,1.4459775686264038,0.119514,Bare Land,Peri-Urban / Sparse,0.3541,0.003296,0.7248,0.70,#FFAA00
0.3127,Moderate Risk,3,1.4983941316604614,,Bare Land,Peri-Urban / Sparse,0.3541,0.003415,0.5000,0.70,#FFAA00
0.3753,Moderate Risk,3,1.5090638399124146,0.104391,Bare Land,Peri-Urban / Sparse,0.3541,0.003440,0.8130,0.70,#FFAA00
0.3735,Moderate Risk,3,1.5275676250457764,0.105904,Bare Land,Peri-Urban / Sparse,0.3541,0.003482,0.8041,0.70,#FFAA00
0.3721,Moderate Risk,3,1.540188193321228,0.107094,Bare Land,Peri-Urban / Sparse,0.3541,0.003510,0.7972,0.70,#FFAA00
0.3944,Moderate Risk,3,1.5532143115997314,0.105118,Minepits/Industry,Peri-Urban / Sparse,0.3541,0.003540,0.8087,0.90,#FFAA00
0.3796,Moderate Risk,3,1.550365924835205,0.100713,Bare Land,Peri-Urban / Sparse,0.3541,0.003534,0.8344,0.70,#FFAA00
0.3810,Moderate Risk,3,1.5348162651062012,0.099484,Bare Land,Peri-Urban / Sparse,0.3541,0.003498,0.8416,0.70,#FFAA00
0.3979,Moderate Risk,3,1.5147099494934082,0.102166,Minepits/Industry,Peri-Urban / Sparse,0.3541,0.003452,0.8259,0.90,#FFAA00
0.4000,Moderate Risk,3,1.4991439580917358,0.100315,Minepits/Industry,Peri-Urban / Sparse,0.3541,0.003417,0.8367,0.90,#FFAA00
0.3893,Moderate Risk,3,1.492685317993164,0.109531,Minepits/Industry,Peri-Urban / Sparse,0.3541,0.003402,0.7830,0.90,#FFAA00
0.3751,Moderate Risk,3,1.4906741380691528,0.104545,Bare Land,Peri-Urban / Sparse,0.3541,0.003398,0.8121,0.70,#FFAA00
0.3621,Moderate Risk,3,1.4839037656784058,0.115633,Bare Land,Peri-Urban / Sparse,0.3541,0.003382,0.7474,0.70,#FFAA00
0.3566,Moderate Risk,3,1.4784395694732666,0.120400,Bare Land,Peri-Urban / Sparse,0.3541,0.003370,0.7196,0.70,#FFAA00
0.3537,Moderate Risk,3,1.4779585599899292,0.122874,Bare Land,Peri-Urban / Sparse,0.3541,0.003369,0.7052,0.70,#FFAA00
0.3520,Moderate Risk,3,1.4790797233581543,0.124305,Bare Land,Peri-Urban / Sparse,0.3541,0.003371,0.6969,0.70,#FFAA00
0.3502,Moderate Risk,3,1.4807815551757812,0.125900,Bare Land,Peri-Urban / Sparse,0.3541,0.003375,0.6876,0.70,#FFAA00
0.3499,Moderate Risk,3,1.5034023523330688,0.126100,Bare Land,Peri-Urban / Sparse,0.3541,0.003427,0.6864,0.70,#FFAA00
0.3505,Moderate Risk,3,1.5163792371749878,0.125675,Bare Land,Peri-Urban / Sparse,0.3541,0.003456,0.6889,0.70,#FFAA00
0.3495,Moderate Risk,3,1.4981156587600708,0.126518,Bare Land,Peri-Urban / Sparse,0.3541,0.003415,0.6840,0.70,#FFAA00
0.3533,Moderate Risk,3,1.4930741786956787,0.123181,Bare Land,Peri-Urban / Sparse,0.3541,0.003403,0.7034,0.70,#FFAA00
0.3518,Moderate Risk,3,1.4908908605575562,0.124517,Bare Land,Peri-Urban / Sparse,0.3541,0.003398,0.6956,0.70,#FFAA00
0.3481,Moderate Risk,3,1.4829672574996948,0.127720,Bare Land,Peri-Urban / Sparse,0.3541,0.003380,0.6770,0.70,#FFAA00
0.3490,Moderate Risk,3,1.4741947650909424,0.126918,Bare Land,Peri-Urban / Sparse,0.3541,0.003360,0.6816,0.70,#FFAA00
0.3530,Moderate Risk,3,1.4711719751358032,0.123498,Bare Land,Peri-Urban / Sparse,0.3541,0.003353,0.7016,0.70,#FFAA00
0.3544,Moderate Risk,3,1.4380759000778198,0.122228,Bare Land,Peri-Urban / Sparse,0.3541,0.003278,0.7090,0.70,#FFAA00
0.3556,Moderate Risk,3,1.4102641344070435,0.121154,Bare Land,Peri-Urban / Sparse,0.3541,0.003214,0.7152,0.70,#FFAA00
0.3560,Moderate Risk,3,1.4165537357330322,0.120871,Bare Land,Peri-Urban / Sparse,0.3541,0.003229,0.7169,0.70,#FFAA00
0.3575,Moderate Risk,3,1.4313054084777832,0.119569,Bare Land,Peri-Urban / Sparse,0.3541,0.003262,0.7245,0.70,#FFAA00
0.3566,Moderate Risk,3,1.4473280906677246,0.120320,Bare Land,Peri-Urban / Sparse,0.3541,0.003299,0.7201,0.70,#FFAA00
0.3575,Moderate Risk,3,1.4573982954025269,0.119578,Bare Land,Peri-Urban / Sparse,0.3541,0.003322,0.7244,0.70,#FFAA00
0.3576,Moderate Risk,3,1.4540563821792603,0.119529,Bare Land,Peri-Urban / Sparse,0.3541,0.003314,0.7247,0.70,#FFAA00
0.3590,Moderate Risk,3,1.4447650909423828,0.118303,Bare Land,Peri-Urban / Sparse,0.3541,0.003293,0.7319,0.70,#FFAA00
0.3593,Moderate Risk,3,1.440451979637146,0.118074,Bare Land,Peri-Urban / Sparse,0.3541,0.003283,0.7332,0.70,#FFAA00
0.3583,Moderate Risk,3,1.434493064880371,0.118857,Bare Land,Peri-Urban / Sparse,0.3541,0.003270,0.7286,0.70,#FFAA00
0.3591,Moderate Risk,3,1.4266942739486694,0.118237,Bare Land,Peri-Urban / Sparse,0.3541,0.003252,0.7322,0.70,#FFAA00
0.3606,Moderate Risk,3,1.4221915006637573,0.116904,Bare Land,Peri-Urban / Sparse,0.3541,0.003242,0.7400,0.70,#FFAA00
0.3327,Moderate Risk,3,1.505051851272583,,Minepits/Industry,Peri-Urban / Sparse,0.3541,0.003430,0.5000,0.90,#FFAA00
0.3774,Moderate Risk,3,1.5209275484085083,0.102591,Bare Land,Peri-Urban / Sparse,0.3541,0.003467,0.8234,0.70,#FFAA00
0.3850,Moderate Risk,3,1.5236905813217163,0.096046,Bare Land,Peri-Urban / Sparse,0.3541,0.003473,0.8616,0.70,#FFAA00
0.3831,Moderate Risk,3,1.502252459526062,0.097642,Bare Land,Peri-Urban / Sparse,0.3541,0.003424,0.8523,0.70,#FFAA00
0.4025,Moderate Risk,3,1.4892618656158447,0.098175,Minepits/Industry,Peri-Urban / Sparse,0.3541,0.003394,0.8492,0.90,#FFAA00
0.3739,Moderate Risk,3,1.4887360334396362,0.105549,Bare Land,Peri-Urban / Sparse,0.3541,0.003393,0.8062,0.70,#FFAA00
0.3616,Moderate Risk,3,1.4830361604690552,0.116086,Bare Land,Peri-Urban / Sparse,0.3541,0.003380,0.7448,0.70,#FFAA00
0.3630,Moderate Risk,3,1.4784222841262817,0.114856,Bare Land,Peri-Urban / Sparse,0.3541,0.003370,0.7519,0.70,#FFAA00
0.3540,Moderate Risk,3,1.4767545461654663,0.122589,Bare Land,Peri-Urban / Sparse,0.3541,0.003366,0.7069,0.70,#FFAA00
0.3532,Moderate Risk,3,1.475385308265686,0.123329,Bare Land,Peri-Urban / Sparse,0.3541,0.003363,0.7026,0.70,#FFAA00
0.3530,Moderate Risk,3,1.473340392112732,0.123488,Bare Land,Peri-Urban / Sparse,0.3541,0.003358,0.7016,0.70,#FFAA00
0.3522,Moderate Risk,3,1.4665497541427612,0.124143,Bare Land,Peri-Urban / Sparse,0.3541,0.003343,0.6978,0.70,#FFAA00
0.3503,Moderate Risk,3,1.4493489265441895,0.125761,Bare Land,Peri-Urban / Sparse,0.3541,0.003303,0.6884,0.70,#FFAA00
0.3506,Moderate Risk,3,1.4402589797973633,0.125520,Bare Land,Peri-Urban / Sparse,0.3541,0.003283,0.6898,0.70,#FFAA00
0.3474,Moderate Risk,3,1.4372864961624146,0.128277,Bare Land,Peri-Urban / Sparse,0.3541,0.003276,0.6737,0.70,#FFAA00
0.3486,Moderate Risk,3,1.431325912475586,0.127199,Bare Land,Peri-Urban / Sparse,0.3541,0.003262,0.6800,0.70,#FFAA00
0.3524,Moderate Risk,3,1.4171710014343262,0.123951,Bare Land,Peri-Urban / Sparse,0.3541,0.003230,0.6989,0.70,#FFAA00
0.3513,Moderate Risk,3,1.446378231048584,0.124926,Bare Land,Peri-Urban / Sparse,0.3541,0.003297,0.6932,0.70,#FFAA00
0.3481,Moderate Risk,3,1.4646124839782715,0.127695,Bare Land,Peri-Urban / Sparse,0.3541,0.003338,0.6771,0.70,#FFAA00
0.3494,Moderate Risk,3,1.4648537635803223,0.126514,Bare Land,Peri-Urban / Sparse,0.3541,0.003339,0.6840,0.70,#FFAA00
0.3543,Moderate Risk,3,1.460900068283081,0.122383,Bare Land,Peri-Urban / Sparse,0.3541,0.003330,0.7081,0.70,#FFAA00
0.3558,Moderate Risk,3,1.4280608892440796,0.121057,Bare Land,Peri-Urban / Sparse,0.3541,0.003255,0.7158,0.70,#FFAA00
0.3567,Moderate Risk,3,1.3935140371322632,0.120277,Bare Land,Peri-Urban / Sparse,0.3541,0.003176,0.7203,0.70,#FFAA00
0.3573,Moderate Risk,3,1.391341209411621,0.119706,Bare Land,Peri-Urban / Sparse,0.3541,0.003171,0.7237,0.70,#FFAA00
0.3572,Moderate Risk,3,1.3938627243041992,0.119841,Bare Land,Peri-Urban / Sparse,0.3541,0.003177,0.7229,0.70,#FFAA00
0.3572,Moderate Risk,3,1.397576093673706,0.119858,Bare Land,Peri-Urban / Sparse,0.3541,0.003185,0.7228,0.70,#FFAA00
0.3567,Moderate Risk,3,1.4021426439285278,0.120277,Bare Land,Peri-Urban / Sparse,0.3541,0.003196,0.7203,0.70,#FFAA00
0.3577,Moderate Risk,3,1.4011362791061401,0.119369,Bare Land,Peri-Urban / Sparse,0.3541,0.003194,0.7256,0.70,#FFAA00
0.3595,Moderate Risk,3,1.4010162353515625,0.117843,Bare Land,Peri-Urban / Sparse,0.3541,0.003193,0.7345,0.70,#FFAA00
0.3590,Moderate Risk,3,1.4024443626403809,0.118244,Bare Land,Peri-Urban / Sparse,0.3541,0.003197,0.7322,0.70,#FFAA00
0.3586,Moderate Risk,3,1.4020683765411377,0.118604,Bare Land,Peri-Urban / Sparse,0.3541,0.003196,0.7301,0.70,#FFAA00
0.3589,Moderate Risk,3,1.4052120447158813,0.118362,Bare Land,Peri-Urban / Sparse,0.3541,0.003203,0.7315,0.70,#FFAA00
0.3606,Moderate Risk,3,1.4078640937805176,0.116939,Bare Land,Peri-Urban / Sparse,0.3541,0.003209,0.7398,0.70,#FFAA00
0.3623,Moderate Risk,3,1.407631278038025,0.115454,Bare Land,Peri-Urban / Sparse,0.3541,0.003208,0.7485,0.70,#FFAA00
0.3327,Moderate Risk,3,1.4978138208389282,,Minepits/Industry,Peri-Urban / Sparse,0.3541,0.003414,0.5000,0.90,#FFAA00
0.4030,Moderate Risk,3,1.480812907218933,0.097764,Minepits/Industry,Peri-Urban / Sparse,0.3541,0.003375,0.8516,0.90,#FFAA00
0.3951,Moderate Risk,3,1.4800597429275513,0.104500,Minepits/Industry,Peri-Urban / Sparse,0.3541,0.003373,0.8123,0.90,#FFAA00
0.3659,Moderate Risk,3,1.4729923009872437,0.112429,Bare Land,Peri-Urban / Sparse,0.3541,0.003357,0.7661,0.70,#FFAA00
0.3583,Moderate Risk,3,1.4700109958648682,0.118924,Bare Land,Peri-Urban / Sparse,0.3541,0.003351,0.7282,0.70,#FFAA00
0.3567,Moderate Risk,3,1.4690932035446167,0.120279,Bare Land,Peri-Urban / Sparse,0.3541,0.003348,0.7203,0.70,#FFAA00
0.3532,Moderate Risk,3,1.4649137258529663,0.123289,Bare Land,Peri-Urban / Sparse,0.3541,0.003339,0.7028,0.70,#FFAA00
0.3524,Moderate Risk,3,1.4631156921386719,0.123935,Bare Land,Peri-Urban / Sparse,0.3541,0.003335,0.6990,0.70,#FFAA00
0.3533,Moderate Risk,3,1.4627962112426758,0.123183,Bare Land,Peri-Urban / Sparse,0.3541,0.003334,0.7034,0.70,#FFAA00
0.3539,Moderate Risk,3,1.4598209857940674,0.122719,Bare Land,Peri-Urban / Sparse,0.3541,0.003327,0.7061,0.70,#FFAA00
0.3488,Moderate Risk,3,1.4449207782745361,0.127012,Bare Land,Peri-Urban / Sparse,0.3541,0.003293,0.6811,0.70,#FFAA00
0.3480,Moderate Risk,3,1.4363738298416138,0.127714,Bare Land,Peri-Urban / Sparse,0.3541,0.003274,0.6770,0.70,#FFAA00
0.3529,Moderate Risk,3,1.4320670366287231,0.123542,Bare Land,Peri-Urban / Sparse,0.3541,0.003264,0.7013,0.70,#FFAA00
0.3553,Moderate Risk,3,1.4257692098617554,0.121489,Bare Land,Peri-Urban / Sparse,0.3541,0.003250,0.7133,0.70,#FFAA00
0.3493,Moderate Risk,3,1.4213981628417969,0.126593,Bare Land,Peri-Urban / Sparse,0.3541,0.003240,0.6835,0.70,#FFAA00
0.3490,Moderate Risk,3,1.3929911851882935,0.126847,Bare Land,Peri-Urban / Sparse,0.3541,0.003175,0.6820,0.70,#FFAA00
0.3486,Moderate Risk,3,1.3688560724258423,0.127152,Bare Land,Peri-Urban / Sparse,0.3541,0.003120,0.6803,0.70,#FFAA00
0.3504,Moderate Risk,3,1.3788584470748901,0.125624,Bare Land,Peri-Urban / Sparse,0.3541,0.003143,0.6892,0.70,#FFAA00
0.3522,Moderate Risk,3,1.4062588214874268,0.124125,Bare Land,Peri-Urban / Sparse,0.3541,0.003205,0.6979,0.70,#FFAA00
0.3549,Moderate Risk,3,1.4070628881454468,0.121808,Bare Land,Peri-Urban / Sparse,0.3541,0.003207,0.7114,0.70,#FFAA00
0.3566,Moderate Risk,3,1.391377329826355,0.120372,Bare Land,Peri-Urban / Sparse,0.3541,0.003171,0.7198,0.70,#FFAA00
0.3561,Moderate Risk,3,1.3903255462646484,0.120744,Bare Land,Peri-Urban / Sparse,0.3541,0.003169,0.7176,0.70,#FFAA00
0.3576,Moderate Risk,3,1.3873028755187988,0.119453,Bare Land,Peri-Urban / Sparse,0.3541,0.003162,0.7251,0.70,#FFAA00
0.3580,Moderate Risk,3,1.3830208778381348,0.119109,Bare Land,Peri-Urban / Sparse,0.3541,0.003152,0.7272,0.70,#FFAA00
0.3578,Moderate Risk,3,1.3701211214065552,0.119286,Bare Land,Peri-Urban / Sparse,0.3541,0.003123,0.7261,0.70,#FFAA00
0.3583,Moderate Risk,3,1.3516491651535034,0.118882,Bare Land,Peri-Urban / Sparse,0.3541,0.003081,0.7285,0.70,#FFAA00
0.3572,Moderate Risk,3,1.3448561429977417,0.119758,Bare Land,Peri-Urban / Sparse,0.3541,0.003065,0.7234,0.70,#FFAA00
0.3584,Moderate Risk,3,1.3444139957427979,0.118734,Bare Land,Peri-Urban / Sparse,0.3541,0.003064,0.7293,0.70,#FFAA00
0.3588,Moderate Risk,3,1.35116708278656,0.118438,Bare Land,Peri-Urban / Sparse,0.3541,0.003080,0.7311,0.70,#FFAA00
0.3605,Moderate Risk,3,1.3587369918823242,0.116915,Bare Land,Peri-Urban / Sparse,0.3541,0.003097,0.7399,0.70,#FFAA00
0.3608,Moderate Risk,3,1.3654004335403442,0.116715,Bare Land,Peri-Urban / Sparse,0.3541,0.003112,0.7411,0.70,#FFAA00
0.3630,Moderate Risk,3,1.3689113855361938,0.114840,Bare Land,Peri-Urban / Sparse,0.3541,0.003120,0.7520,0.70,#FFAA00
0.3649,Moderate Risk,3,1.3709992170333862,0.113183,Bare Land,Peri-Urban / Sparse,0.3541,0.003125,0.7617,0.70,#FFAA00
0.3126,Moderate Risk,3,1.4742999076843262,,Bare Land,Peri-Urban / Sparse,0.3541,0.003360,0.5000,0.70,#FFAA00
0.3569,Moderate Risk,3,1.474692463874817,0.120134,Bare Land,Peri-Urban / Sparse,0.3541,0.003361,0.7212,0.70,#FFAA00
0.3544,Moderate Risk,3,1.462764024734497,0.122300,Bare Land,Peri-Urban / Sparse,0.3541,0.003334,0.7086,0.70,#FFAA00
0.3533,Moderate Risk,3,1.4538944959640503,0.123183,Bare Land,Peri-Urban / Sparse,0.3541,0.003314,0.7034,0.70,#FFAA00
0.3505,Moderate Risk,3,1.4562047719955444,0.125639,Bare Land,Peri-Urban / Sparse,0.3541,0.003319,0.6891,0.70,#FFAA00
0.3530,Moderate Risk,3,1.459775686264038,0.123463,Bare Land,Peri-Urban / Sparse,0.3541,0.003327,0.7018,0.70,#FFAA00
0.3553,Moderate Risk,3,1.4609912633895874,0.121464,Bare Land,Peri-Urban / Sparse,0.3541,0.003330,0.7134,0.70,#FFAA00
0.3599,Moderate Risk,3,1.4577597379684448,0.117515,Bare Land,Peri-Urban / Sparse,0.3541,0.003323,0.7364,0.70,#FFAA00
0.3548,Moderate Risk,3,1.4452213048934937,0.121899,Bare Land,Peri-Urban / Sparse,0.3541,0.003294,0.7109,0.70,#FFAA00
0.3608,Moderate Risk,3,1.4378825426101685,0.116765,Bare Land,Peri-Urban / Sparse,0.3541,0.003277,0.7408,0.70,#FFAA00
0.3561,Moderate Risk,3,1.4358370304107666,0.120755,Bare Land,Peri-Urban / Sparse,0.3541,0.003273,0.7176,0.70,#FFAA00
0.3511,Moderate Risk,3,1.4344178438186646,0.125084,Bare Land,Peri-Urban / Sparse,0.3541,0.003269,0.6923,0.70,#FFAA00
0.3507,Moderate Risk,3,1.4339455366134644,0.125373,Bare Land,Peri-Urban / Sparse,0.3541,0.003268,0.6906,0.70,#FFAA00
0.3500,Moderate Risk,3,1.4300875663757324,0.126004,Bare Land,Peri-Urban / Sparse,0.3541,0.003260,0.6870,0.70,#FFAA00
0.3512,Moderate Risk,3,1.4088761806488037,0.124961,Bare Land,Peri-Urban / Sparse,0.3541,0.003211,0.6930,0.70,#FFAA00
0.3512,Moderate Risk,3,1.3639534711837769,0.124952,Bare Land,Peri-Urban / Sparse,0.3541,0.003109,0.6931,0.70,#FFAA00
0.3527,Moderate Risk,3,1.3558270931243896,0.123662,Bare Land,Peri-Urban / Sparse,0.3541,0.003090,0.7006,0.70,#FFAA00
0.3545,Moderate Risk,3,1.3218878507614136,0.122094,Bare Land,Peri-Urban / Sparse,0.3541,0.003013,0.7098,0.70,#FFAA00
0.3565,Moderate Risk,3,1.2984497547149658,0.120363,Bare Land,Peri-Urban / Sparse,0.3541,0.002960,0.7198,0.70,#FFAA00
0.3570,Moderate Risk,3,1.3083189725875854,0.119943,Bare Land,Peri-Urban / Sparse,0.3541,0.002982,0.7223,0.70,#FFAA00
0.3570,Moderate Risk,3,1.3321433067321777,0.119954,Bare Land,Peri-Urban / Sparse,0.3541,0.003036,0.7222,0.70,#FFAA00
0.3579,Moderate Risk,3,1.3497915267944336,0.119208,Bare Land,Peri-Urban / Sparse,0.3541,0.003077,0.7266,0.70,#FFAA00
0.3586,Moderate Risk,3,1.3496040105819702,0.118572,Bare Land,Peri-Urban / Sparse,0.3541,0.003076,0.7303,0.70,#FFAA00
0.3580,Moderate Risk,3,1.341652750968933,0.119135,Bare Land,Peri-Urban / Sparse,0.3541,0.003058,0.7270,0.70,#FFAA00
0.3588,Moderate Risk,3,1.3365474939346313,0.118399,Bare Land,Peri-Urban / Sparse,0.3541,0.003046,0.7313,0.70,#FFAA00
0.3596,Moderate Risk,3,1.332065224647522,0.117749,Bare Land,Peri-Urban / Sparse,0.3541,0.003036,0.7351,0.70,#FFAA00
0.3619,Moderate Risk,3,1.3276593685150146,0.115731,Bare Land,Peri-Urban / Sparse,0.3541,0.003026,0.7468,0.70,#FFAA00
0.3617,Moderate Risk,3,1.3219759464263916,0.115912,Bare Land,Peri-Urban / Sparse,0.3541,0.003013,0.7458,0.70,#FFAA00
0.3633,Moderate Risk,3,1.3169764280319214,0.114525,Bare Land,Peri-Urban / Sparse,0.3541,0.003002,0.7539,0.70,#FFAA00
0.3648,Moderate Risk,3,1.3164204359054565,0.113226,Bare Land,Peri-Urban / Sparse,0.3541,0.003000,0.7614,0.70,#FFAA00
0.3659,Moderate Risk,3,1.3208686113357544,0.112310,Bare Land,Peri-Urban / Sparse,0.3541,0.003011,0.7668,0.70,#FFAA00
0.3688,Moderate Risk,3,1.3290315866470337,0.109792,Bare Land,Peri-Urban / Sparse,0.3541,0.003029,0.7815,0.70,#FFAA00
0.2926,Low Risk,2,1.44871187210083,,Unknown,Peri-Urban / Sparse,0.3541,0.003302,0.5000,0.50,#FFDD88
0.3519,Moderate Risk,3,1.4502785205841064,0.124383,Bare Land,Peri-Urban / Sparse,0.3541,0.003306,0.6964,0.70,#FFAA00
0.3528,Moderate Risk,3,1.450457215309143,0.123619,Bare Land,Peri-Urban / Sparse,0.3541,0.003306,0.7009,0.70,#FFAA00
0.3531,Moderate Risk,3,1.4436521530151367,0.123386,Bare Land,Peri-Urban / Sparse,0.3541,0.003290,0.7022,0.70,#FFAA00
0.3549,Moderate Risk,3,1.4300906658172607,0.121815,Bare Land,Peri-Urban / Sparse,0.3541,0.003260,0.7114,0.70,#FFAA00
0.3607,Moderate Risk,3,1.431501865386963,0.116819,Bare Land,Peri-Urban / Sparse,0.3541,0.003263,0.7405,0.70,#FFAA00
0.3643,Moderate Risk,3,1.435092806816101,0.113712,Bare Land,Peri-Urban / Sparse,0.3541,0.003271,0.7586,0.70,#FFAA00
0.3682,Moderate Risk,3,1.4315752983093262,0.110444,Bare Land,Peri-Urban / Sparse,0.3541,0.003263,0.7777,0.70,#FFAA00
0.3660,Moderate Risk,3,1.424804449081421,0.112277,Bare Land,Peri-Urban / Sparse,0.3541,0.003248,0.7670,0.70,#FFAA00
0.3552,Moderate Risk,3,1.4241694211959839,0.121513,Bare Land,Peri-Urban / Sparse,0.3541,0.003246,0.7131,0.70,#FFAA00
0.3527,Moderate Risk,3,1.4242407083511353,0.123677,Bare Land,Peri-Urban / Sparse,0.3541,0.003246,0.7005,0.70,#FFAA00
0.3515,Moderate Risk,3,1.4220798015594482,0.124722,Bare Land,Peri-Urban / Sparse,0.3541,0.003241,0.6944,0.70,#FFAA00
0.3523,Moderate Risk,3,1.4219343662261963,0.124056,Bare Land,Peri-Urban / Sparse,0.3541,0.003241,0.6983,0.70,#FFAA00
0.3510,Moderate Risk,3,1.4191077947616577,0.125136,Bare Land,Peri-Urban / Sparse,0.3541,0.003235,0.6920,0.70,#FFAA00
0.3519,Moderate Risk,3,1.4101711511611938,0.124379,Bare Land,Peri-Urban / Sparse,0.3541,0.003214,0.6964,0.70,#FFAA00
0.3531,Moderate Risk,3,1.4021663665771484,0.123308,Bare Land,Peri-Urban / Sparse,0.3541,0.003196,0.7027,0.70,#FFAA00
0.3534,Moderate Risk,3,1.3555079698562622,0.123064,Bare Land,Peri-Urban / Sparse,0.3541,0.003090,0.7041,0.70,#FFAA00
0.3541,Moderate Risk,3,1.306538701057434,0.122449,Bare Land,Peri-Urban / Sparse,0.3541,0.002978,0.7077,0.70,#FFAA00
0.3563,Moderate Risk,3,1.2747379541397095,0.120532,Bare Land,Peri-Urban / Sparse,0.3541,0.002905,0.7189,0.70,#FFAA00
0.3571,Moderate Risk,3,1.2690705060958862,0.119843,Bare Land,Peri-Urban / Sparse,0.3541,0.002893,0.7229,0.70,#FFAA00
0.3566,Moderate Risk,3,1.2652033567428589,0.120211,Bare Land,Peri-Urban / Sparse,0.3541,0.002884,0.7207,0.70,#FFAA00
0.3581,Moderate Risk,3,1.261289119720459,0.118978,Bare Land,Peri-Urban / Sparse,0.3541,0.002875,0.7279,0.70,#FFAA00
0.3581,Moderate Risk,3,1.2610913515090942,0.118950,Bare Land,Peri-Urban / Sparse,0.3541,0.002874,0.7281,0.70,#FFAA00
0.3586,Moderate Risk,3,1.274734616279602,0.118591,Bare Land,Peri-Urban / Sparse,0.3541,0.002905,0.7302,0.70,#FFAA00
0.3587,Moderate Risk,3,1.2967371940612793,0.118508,Bare Land,Peri-Urban / Sparse,0.3541,0.002956,0.7307,0.70,#FFAA00
0.3595,Moderate Risk,3,1.312847375869751,0.117821,Bare Land,Peri-Urban / Sparse,0.3541,0.002992,0.7347,0.70,#FFAA00
0.3616,Moderate Risk,3,1.3160099983215332,0.116036,Bare Land,Peri-Urban / Sparse,0.3541,0.003000,0.7451,0.70,#FFAA00
0.3641,Moderate Risk,3,1.3114166259765625,0.113885,Bare Land,Peri-Urban / Sparse,0.3541,0.002989,0.7576,0.70,#FFAA00
0.3649,Moderate Risk,3,1.3061100244522095,0.113185,Bare Land,Peri-Urban / Sparse,0.3541,0.002977,0.7617,0.70,#FFAA00
0.3664,Moderate Risk,3,1.3036808967590332,0.111864,Bare Land,Peri-Urban / Sparse,0.3541,0.002971,0.7694,0.70,#FFAA00
0.3679,Moderate Risk,3,1.3024541139602661,0.110619,Bare Land,Peri-Urban / Sparse,0.3541,0.002969,0.7766,0.70,#FFAA00
0.3692,Moderate Risk,3,1.3040363788604736,0.109491,Bare Land,Peri-Urban / Sparse,0.3541,0.002972,0.7832,0.70,#FFAA00
0.3712,Moderate Risk,3,1.3068606853485107,0.107760,Bare Land,Peri-Urban / Sparse,0.3541,0.002979,0.7933,0.70,#FFAA00
0.2926,Low Risk,2,1.4621796607971191,,Unknown,Peri-Urban / Sparse,0.3541,0.003333,0.5000,0.50,#FFDD88
0.3529,Moderate Risk,3,1.4452956914901733,0.123488,Bare Land,Peri-Urban / Sparse,0.3541,0.003294,0.7016,0.70,#FFAA00
0.3540,Moderate Risk,3,1.4435213804244995,0.122580,Bare Land,Peri-Urban / Sparse,0.3541,0.003290,0.7069,0.70,#FFAA00
0.3590,Moderate Risk,3,1.4410456418991089,0.118282,Bare Land,Peri-Urban / Sparse,0.3541,0.003285,0.7320,0.70,#FFAA00
0.3688,Moderate Risk,3,1.4376468658447266,0.109869,Bare Land,Peri-Urban / Sparse,0.3541,0.003277,0.7810,0.70,#FFAA00
0.3647,Moderate Risk,3,1.4253183603286743,0.113411,Bare Land,Peri-Urban / Sparse,0.3541,0.003249,0.7604,0.70,#FFAA00
0.3656,Moderate Risk,3,1.4188551902770996,0.112669,Bare Land,Peri-Urban / Sparse,0.3541,0.003234,0.7647,0.70,#FFAA00
0.3824,Moderate Risk,3,1.4095064401626587,0.115352,Minepits/Industry,Peri-Urban / Sparse,0.3541,0.003213,0.7491,0.90,#FFAA00
0.3560,Moderate Risk,3,1.3969498872756958,0.120877,Bare Land,Peri-Urban / Sparse,0.3541,0.003184,0.7168,0.70,#FFAA00
0.3553,Moderate Risk,3,1.3951308727264404,0.121413,Bare Land,Peri-Urban / Sparse,0.3541,0.003180,0.7137,0.70,#FFAA00
0.3545,Moderate Risk,3,1.3972355127334595,0.122164,Bare Land,Peri-Urban / Sparse,0.3541,0.003185,0.7093,0.70,#FFAA00
0.3546,Moderate Risk,3,1.399795651435852,0.122009,Bare Land,Peri-Urban / Sparse,0.3541,0.003191,0.7102,0.70,#FFAA00
0.3535,Moderate Risk,3,1.4041136503219604,0.122993,Bare Land,Peri-Urban / Sparse,0.3541,0.003200,0.7045,0.70,#FFAA00
0.3528,Moderate Risk,3,1.406893014907837,0.123609,Bare Land,Peri-Urban / Sparse,0.3541,0.003207,0.7009,0.70,#FFAA00
0.3522,Moderate Risk,3,1.401577353477478,0.124119,Bare Land,Peri-Urban / Sparse,0.3541,0.003195,0.6979,0.70,#FFAA00
0.3534,Moderate Risk,3,1.396396279335022,0.123074,Bare Land,Peri-Urban / Sparse,0.3541,0.003183,0.7040,0.70,#FFAA00
0.3542,Moderate Risk,3,1.3892217874526978,0.122355,Bare Land,Peri-Urban / Sparse,0.3541,0.003166,0.7082,0.70,#FFAA00
0.3545,Moderate Risk,3,1.3204978704452515,0.122073,Bare Land,Peri-Urban / Sparse,0.3541,0.003010,0.7099,0.70,#FFAA00
0.3547,Moderate Risk,3,1.2773834466934204,0.121939,Bare Land,Peri-Urban / Sparse,0.3541,0.002911,0.7107,0.70,#FFAA00
0.3572,Moderate Risk,3,1.2733795642852783,0.119765,Bare Land,Peri-Urban / Sparse,0.3541,0.002902,0.7233,0.70,#FFAA00
0.3575,Moderate Risk,3,1.2627391815185547,0.119504,Bare Land,Peri-Urban / Sparse,0.3541,0.002878,0.7249,0.70,#FFAA00
0.3572,Moderate Risk,3,1.2446465492248535,0.119722,Bare Land,Peri-Urban / Sparse,0.3541,0.002837,0.7236,0.70,#FFAA00
0.3582,Moderate Risk,3,1.2365727424621582,0.118820,Bare Land,Peri-Urban / Sparse,0.3541,0.002818,0.7288,0.70,#FFAA00
0.3585,Moderate Risk,3,1.2330454587936401,0.118645,Bare Land,Peri-Urban / Sparse,0.3541,0.002810,0.7299,0.70,#FFAA00
0.3586,Moderate Risk,3,1.2300258874893188,0.118558,Bare Land,Peri-Urban / Sparse,0.3541,0.002804,0.7304,0.70,#FFAA00
0.3598,Moderate Risk,3,1.2280362844467163,0.117510,Bare Land,Peri-Urban / Sparse,0.3541,0.002799,0.7365,0.70,#FFAA00
0.3612,Moderate Risk,3,1.2324402332305908,0.116319,Bare Land,Peri-Urban / Sparse,0.3541,0.002809,0.7434,0.70,#FFAA00
0.3642,Moderate Risk,3,1.247763752937317,0.113740,Bare Land,Peri-Urban / Sparse,0.3541,0.002844,0.7585,0.70,#FFAA00
0.3662,Moderate Risk,3,1.2711753845214844,0.112016,Bare Land,Peri-Urban / Sparse,0.3541,0.002897,0.7685,0.70,#FFAA00
0.3678,Moderate Risk,3,1.2894017696380615,0.110620,Bare Land,Peri-Urban / Sparse,0.3541,0.002939,0.7766,0.70,#FFAA00
0.3695,Moderate Risk,3,1.298599362373352,0.109236,Bare Land,Peri-Urban / Sparse,0.3541,0.002960,0.7847,0.70,#FFAA00
0.3714,Moderate Risk,3,1.3005338907241821,0.107596,Bare Land,Peri-Urban / Sparse,0.3541,0.002964,0.7943,0.70,#FFAA00
0.3737,Moderate Risk,3,1.2980060577392578,0.105628,Bare Land,Peri-Urban / Sparse,0.3541,0.002958,0.8057,0.70,#FFAA00
0.3752,Moderate Risk,3,1.2862837314605713,0.104326,Bare Land,Peri-Urban / Sparse,0.3541,0.002932,0.8133,0.70,#FFAA00
0.3592,Moderate Risk,3,1.470131516456604,0.118142,Bare Land,Peri-Urban / Sparse,0.3541,0.003351,0.7328,0.70,#FFAA00
0.3579,Moderate Risk,3,1.4428951740264893,0.119277,Bare Land,Peri-Urban / Sparse,0.3541,0.003289,0.7262,0.70,#FFAA00
0.3668,Moderate Risk,3,1.4405763149261475,0.111607,Bare Land,Peri-Urban / Sparse,0.3541,0.003283,0.7709,0.70,#FFAA00
0.3698,Moderate Risk,3,1.4362670183181763,0.109064,Bare Land,Peri-Urban / Sparse,0.3541,0.003274,0.7857,0.70,#FFAA00
0.3649,Moderate Risk,3,1.423560619354248,0.113263,Bare Land,Peri-Urban / Sparse,0.3541,0.003245,0.7612,0.70,#FFAA00
0.3584,Moderate Risk,3,1.4095755815505981,0.118800,Bare Land,Peri-Urban / Sparse,0.3541,0.003213,0.7290,0.70,#FFAA00
0.3551,Moderate Risk,3,1.3943771123886108,0.121631,Bare Land,Peri-Urban / Sparse,0.3541,0.003178,0.7125,0.70,#FFAA00
0.3553,Moderate Risk,3,1.3892369270324707,0.121453,Bare Land,Peri-Urban / Sparse,0.3541,0.003166,0.7135,0.70,#FFAA00
0.3548,Moderate Risk,3,1.3875569105148315,0.121837,Bare Land,Peri-Urban / Sparse,0.3541,0.003163,0.7113,0.70,#FFAA00
0.3539,Moderate Risk,3,1.3861641883850098,0.122671,Bare Land,Peri-Urban / Sparse,0.3541,0.003159,0.7064,0.70,#FFAA00
0.3538,Moderate Risk,3,1.3862674236297607,0.122746,Bare Land,Peri-Urban / Sparse,0.3541,0.003160,0.7060,0.70,#FFAA00
0.3537,Moderate Risk,3,1.3845384120941162,0.122836,Bare Land,Peri-Urban / Sparse,0.3541,0.003156,0.7054,0.70,#FFAA00
0.3535,Moderate Risk,3,1.381618618965149,0.122937,Bare Land,Peri-Urban / Sparse,0.3541,0.003149,0.7048,0.70,#FFAA00
0.3535,Moderate Risk,3,1.3761578798294067,0.123005,Bare Land,Peri-Urban / Sparse,0.3541,0.003137,0.7044,0.70,#FFAA00
0.3533,Moderate Risk,3,1.375320553779602,0.123113,Bare Land,Peri-Urban / Sparse,0.3541,0.003135,0.7038,0.70,#FFAA00
0.3539,Moderate Risk,3,1.366674780845642,0.122618,Bare Land,Peri-Urban / Sparse,0.3541,0.003115,0.7067,0.70,#FFAA00
0.3536,Moderate Risk,3,1.3289211988449097,0.122827,Bare Land,Peri-Urban / Sparse,0.3541,0.003029,0.7055,0.70,#FFAA00
0.3547,Moderate Risk,3,1.292353868484497,0.121869,Bare Land,Peri-Urban / Sparse,0.3541,0.002946,0.7111,0.70,#FFAA00
0.3561,Moderate Risk,3,1.2578144073486328,0.120710,Bare Land,Peri-Urban / Sparse,0.3541,0.002867,0.7178,0.70,#FFAA00
0.3585,Moderate Risk,3,1.2455004453659058,0.118625,Bare Land,Peri-Urban / Sparse,0.3541,0.002839,0.7300,0.70,#FFAA00
0.3587,Moderate Risk,3,1.235867977142334,0.118449,Bare Land,Peri-Urban / Sparse,0.3541,0.002817,0.7310,0.70,#FFAA00
0.3593,Moderate Risk,3,1.2342926263809204,0.117944,Bare Land,Peri-Urban / Sparse,0.3541,0.002813,0.7339,0.70,#FFAA00
0.3593,Moderate Risk,3,1.2356775999069214,0.117956,Bare Land,Peri-Urban / Sparse,0.3541,0.002816,0.7339,0.70,#FFAA00
0.3603,Moderate Risk,3,1.2338436841964722,0.117088,Bare Land,Peri-Urban / Sparse,0.3541,0.002812,0.7389,0.70,#FFAA00
0.3612,Moderate Risk,3,1.2264404296875,0.116313,Bare Land,Peri-Urban / Sparse,0.3541,0.002795,0.7435,0.70,#FFAA00
0.3638,Moderate Risk,3,1.2200899124145508,0.114078,Bare Land,Peri-Urban / Sparse,0.3541,0.002781,0.7565,0.70,#FFAA00
0.3653,Moderate Risk,3,1.2177735567092896,0.112740,Bare Land,Peri-Urban / Sparse,0.3541,0.002776,0.7643,0.70,#FFAA00
0.3679,Moderate Risk,3,1.2169021368026733,0.110530,Bare Land,Peri-Urban / Sparse,0.3541,0.002774,0.7772,0.70,#FFAA00
0.3706,Moderate Risk,3,1.2165297269821167,0.108218,Bare Land,Peri-Urban / Sparse,0.3541,0.002773,0.7906,0.70,#FFAA00
0.3719,Moderate Risk,3,1.2183845043182373,0.107118,Bare Land,Peri-Urban / Sparse,0.3541,0.002777,0.7971,0.70,#FFAA00
0.3733,Moderate Risk,3,1.2211049795150757,0.105898,Bare Land,Peri-Urban / Sparse,0.3541,0.002783,0.8042,0.70,#FFAA00
0.3744,Moderate Risk,3,1.2254983186721802,0.104934,Bare Land,Peri-Urban / Sparse,0.3541,0.002793,0.8098,0.70,#FFAA00
0.3761,Moderate Risk,3,1.2244150638580322,0.103515,Bare Land,Peri-Urban / Sparse,0.3541,0.002791,0.8181,0.70,#FFAA00
0.3765,Moderate Risk,3,1.217987060546875,0.103128,Bare Land,Peri-Urban / Sparse,0.3541,0.002776,0.8203,0.70,#FFAA00
0.3443,Moderate Risk,3,1.4798247814178467,0.113822,Unknown,Peri-Urban / Sparse,0.3541,0.003373,0.7580,0.50,#FFAA00
0.3655,Moderate Risk,3,1.4662326574325562,0.112708,Bare Land,Peri-Urban / Sparse,0.3541,0.003342,0.7645,0.70,#FFAA00
0.3678,Moderate Risk,3,1.4469212293624878,0.110747,Bare Land,Peri-Urban / Sparse,0.3541,0.003298,0.7759,0.70,#FFAA00
0.3627,Moderate Risk,3,1.4439553022384644,0.115116,Bare Land,Peri-Urban / Sparse,0.3541,0.003291,0.7504,0.70,#FFAA00
0.3573,Moderate Risk,3,1.4358936548233032,0.119728,Bare Land,Peri-Urban / Sparse,0.3541,0.003273,0.7235,0.70,#FFAA00
0.3554,Moderate Risk,3,1.4082154035568237,0.121407,Bare Land,Peri-Urban / Sparse,0.3541,0.003210,0.7138,0.70,#FFAA00
0.3548,Moderate Risk,3,1.3924429416656494,0.121859,Bare Land,Peri-Urban / Sparse,0.3541,0.003174,0.7111,0.70,#FFAA00
0.3546,Moderate Risk,3,1.3798493146896362,0.122027,Bare Land,Peri-Urban / Sparse,0.3541,0.003145,0.7101,0.70,#FFAA00
0.3551,Moderate Risk,3,1.3798329830169678,0.121569,Bare Land,Peri-Urban / Sparse,0.3541,0.003145,0.7128,0.70,#FFAA00
0.3545,Moderate Risk,3,1.3797706365585327,0.122139,Bare Land,Peri-Urban / Sparse,0.3541,0.003145,0.7095,0.70,#FFAA00
0.3539,Moderate Risk,3,1.3778841495513916,0.122614,Bare Land,Peri-Urban / Sparse,0.3541,0.003141,0.7067,0.70,#FFAA00
0.3543,Moderate Risk,3,1.3764469623565674,0.122304,Bare Land,Peri-Urban / Sparse,0.3541,0.003137,0.7085,0.70,#FFAA00
0.3549,Moderate Risk,3,1.3704344034194946,0.121740,Bare Land,Peri-Urban / Sparse,0.3541,0.003124,0.7118,0.70,#FFAA00
0.3549,Moderate Risk,3,1.363399863243103,0.121754,Bare Land,Peri-Urban / Sparse,0.3541,0.003108,0.7117,0.70,#FFAA00
0.3543,Moderate Risk,3,1.3596464395523071,0.122269,Bare Land,Peri-Urban / Sparse,0.3541,0.003099,0.7087,0.70,#FFAA00
0.3545,Moderate Risk,3,1.3403301239013672,0.122063,Bare Land,Peri-Urban / Sparse,0.3541,0.003055,0.7099,0.70,#FFAA00
0.3549,Moderate Risk,3,1.3063383102416992,0.121722,Bare Land,Peri-Urban / Sparse,0.3541,0.002977,0.7119,0.70,#FFAA00
0.3561,Moderate Risk,3,1.2956990003585815,0.120718,Bare Land,Peri-Urban / Sparse,0.3541,0.002953,0.7178,0.70,#FFAA00
0.3566,Moderate Risk,3,1.2830727100372314,0.120242,Bare Land,Peri-Urban / Sparse,0.3541,0.002924,0.7205,0.70,#FFAA00
0.3578,Moderate Risk,3,1.2419300079345703,0.119196,Bare Land,Peri-Urban / Sparse,0.3541,0.002831,0.7266,0.70,#FFAA00
0.3589,Moderate Risk,3,1.2326370477676392,0.118245,Bare Land,Peri-Urban / Sparse,0.3541,0.002810,0.7322,0.70,#FFAA00
0.3603,Moderate Risk,3,1.2329654693603516,0.117101,Bare Land,Peri-Urban / Sparse,0.3541,0.002810,0.7389,0.70,#FFAA00
0.3604,Moderate Risk,3,1.2345155477523804,0.116961,Bare Land,Peri-Urban / Sparse,0.3541,0.002814,0.7397,0.70,#FFAA00
0.3622,Moderate Risk,3,1.2344242334365845,0.115469,Bare Land,Peri-Urban / Sparse,0.3541,0.002814,0.7484,0.70,#FFAA00
0.3640,Moderate Risk,3,1.2302824258804321,0.113850,Bare Land,Peri-Urban / Sparse,0.3541,0.002804,0.7578,0.70,#FFAA00
0.3653,Moderate Risk,3,1.2285958528518677,0.112772,Bare Land,Peri-Urban / Sparse,0.3541,0.002800,0.7641,0.70,#FFAA00
0.3674,Moderate Risk,3,1.2247799634933472,0.110952,Bare Land,Peri-Urban / Sparse,0.3541,0.002792,0.7747,0.70,#FFAA00
0.3698,Moderate Risk,3,1.2154349088668823,0.108954,Bare Land,Peri-Urban / Sparse,0.3541,0.002770,0.7864,0.70,#FFAA00
0.3725,Moderate Risk,3,1.2026747465133667,0.106573,Bare Land,Peri-Urban / Sparse,0.3541,0.002741,0.8002,0.70,#FFAA00
0.3732,Moderate Risk,3,1.182973861694336,0.105997,Bare Land,Peri-Urban / Sparse,0.3541,0.002696,0.8036,0.70,#FFAA00
0.3747,Moderate Risk,3,1.1586833000183105,0.104644,Bare Land,Peri-Urban / Sparse,0.3541,0.002641,0.8115,0.70,#FFAA00
0.3757,Moderate Risk,3,1.1419693231582642,0.103815,Bare Land,Peri-Urban / Sparse,0.3541,0.002603,0.8163,0.70,#FFAA00
0.3766,Moderate Risk,3,1.1343094110488892,0.103023,Bare Land,Peri-Urban / Sparse,0.3541,0.002585,0.8209,0.70,#FFAA00
0.3769,Moderate Risk,3,1.134575605392456,0.102742,Bare Land,Peri-Urban / Sparse,0.3541,0.002586,0.8226,0.70,#FFAA00
0.3769,Moderate Risk,3,1.142595887184143,0.102742,Bare Land,Peri-Urban / Sparse,0.3541,0.002604,0.8226,0.70,#FFAA00
0.3380,Moderate Risk,3,1.4725217819213867,0.119210,Unknown,Peri-Urban / Sparse,0.3541,0.003356,0.7266,0.50,#FFAA00
0.3605,Moderate Risk,3,1.47331702709198,0.117064,Bare Land,Peri-Urban / Sparse,0.3541,0.003358,0.7391,0.70,#FFAA00
0.3570,Moderate Risk,3,1.4594852924346924,0.120065,Bare Land,Peri-Urban / Sparse,0.3541,0.003327,0.7216,0.70,#FFAA00
0.3567,Moderate Risk,3,1.4470502138137817,0.120293,Bare Land,Peri-Urban / Sparse,0.3541,0.003298,0.7203,0.70,#FFAA00
0.3561,Moderate Risk,3,1.4410804510116577,0.120749,Bare Land,Peri-Urban / Sparse,0.3541,0.003285,0.7176,0.70,#FFAA00
0.3571,Moderate Risk,3,1.4285744428634644,0.119897,Bare Land,Peri-Urban / Sparse,0.3541,0.003256,0.7226,0.70,#FFAA00
0.3559,Moderate Risk,3,1.4048486948013306,0.120919,Bare Land,Peri-Urban / Sparse,0.3541,0.003202,0.7166,0.70,#FFAA00
0.3559,Moderate Risk,3,1.3964513540267944,0.120909,Bare Land,Peri-Urban / Sparse,0.3541,0.003183,0.7167,0.70,#FFAA00
0.3550,Moderate Risk,3,1.382165551185608,0.121710,Bare Land,Peri-Urban / Sparse,0.3541,0.003150,0.7120,0.70,#FFAA00
0.3554,Moderate Risk,3,1.3795655965805054,0.121337,Bare Land,Peri-Urban / Sparse,0.3541,0.003144,0.7142,0.70,#FFAA00
0.3547,Moderate Risk,3,1.379390001296997,0.121984,Bare Land,Peri-Urban / Sparse,0.3541,0.003144,0.7104,0.70,#FFAA00
0.3556,Moderate Risk,3,1.3758994340896606,0.121207,Bare Land,Peri-Urban / Sparse,0.3541,0.003136,0.7149,0.70,#FFAA00
0.3557,Moderate Risk,3,1.3701035976409912,0.121112,Bare Land,Peri-Urban / Sparse,0.3541,0.003123,0.7155,0.70,#FFAA00
0.3546,Moderate Risk,3,1.3647695779800415,0.122060,Bare Land,Peri-Urban / Sparse,0.3541,0.003111,0.7100,0.70,#FFAA00
0.3553,Moderate Risk,3,1.3582803010940552,0.121458,Bare Land,Peri-Urban / Sparse,0.3541,0.003096,0.7135,0.70,#FFAA00
0.3544,Moderate Risk,3,1.3296587467193604,0.122184,Bare Land,Peri-Urban / Sparse,0.3541,0.003031,0.7092,0.70,#FFAA00
0.3558,Moderate Risk,3,1.299652099609375,0.120938,Bare Land,Peri-Urban / Sparse,0.3541,0.002962,0.7165,0.70,#FFAA00
0.3567,Moderate Risk,3,1.289696216583252,0.120172,Bare Land,Peri-Urban / Sparse,0.3541,0.002940,0.7210,0.70,#FFAA00
0.3571,Moderate Risk,3,1.2804679870605469,0.119827,Bare Land,Peri-Urban / Sparse,0.3541,0.002919,0.7230,0.70,#FFAA00
0.3579,Moderate Risk,3,1.2712101936340332,0.119152,Bare Land,Peri-Urban / Sparse,0.3541,0.002897,0.7269,0.70,#FFAA00
0.3604,Moderate Risk,3,1.2365245819091797,0.116997,Bare Land,Peri-Urban / Sparse,0.3541,0.002818,0.7395,0.70,#FFAA00
0.3618,Moderate Risk,3,1.2220512628555298,0.115786,Bare Land,Peri-Urban / Sparse,0.3541,0.002785,0.7465,0.70,#FFAA00
0.3628,Moderate Risk,3,1.221057415008545,0.114931,Bare Land,Peri-Urban / Sparse,0.3541,0.002783,0.7515,0.70,#FFAA00
0.3636,Moderate Risk,3,1.2177926301956177,0.114196,Bare Land,Peri-Urban / Sparse,0.3541,0.002776,0.7558,0.70,#FFAA00
0.3659,Moderate Risk,3,1.2111198902130127,0.112243,Bare Land,Peri-Urban / Sparse,0.3541,0.002760,0.7672,0.70,#FFAA00
0.3676,Moderate Risk,3,1.2008039951324463,0.110824,Bare Land,Peri-Urban / Sparse,0.3541,0.002737,0.7755,0.70,#FFAA00
0.3703,Moderate Risk,3,1.184112787246704,0.108481,Bare Land,Peri-Urban / Sparse,0.3541,0.002699,0.7891,0.70,#FFAA00
0.3721,Moderate Risk,3,1.1717108488082886,0.106873,Bare Land,Peri-Urban / Sparse,0.3541,0.002671,0.7985,0.70,#FFAA00
0.3740,Moderate Risk,3,1.1627814769744873,0.105235,Bare Land,Peri-Urban / Sparse,0.3541,0.002650,0.8080,0.70,#FFAA00
0.3755,Moderate Risk,3,1.1559427976608276,0.103998,Bare Land,Peri-Urban / Sparse,0.3541,0.002635,0.8152,0.70,#FFAA00
0.3755,Moderate Risk,3,1.149399995803833,0.103979,Bare Land,Peri-Urban / Sparse,0.3541,0.002620,0.8154,0.70,#FFAA00
0.3759,Moderate Risk,3,1.1460777521133423,0.103670,Bare Land,Peri-Urban / Sparse,0.3541,0.002612,0.8172,0.70,#FFAA00
0.3760,Moderate Risk,3,1.143091082572937,0.103516,Bare Land,Peri-Urban / Sparse,0.3541,0.002605,0.8181,0.70,#FFAA00
0.3769,Moderate Risk,3,1.1384938955307007,0.102785,Bare Land,Peri-Urban / Sparse,0.3541,0.002595,0.8223,0.70,#FFAA00
0.3769,Moderate Risk,3,1.1339099407196045,0.102784,Bare Land,Peri-Urban / Sparse,0.3541,0.002584,0.8223,0.70,#FFAA00
0.3771,Moderate Risk,3,1.1299935579299927,0.102575,Bare Land,Peri-Urban / Sparse,0.3541,0.002576,0.8235,0.70,#FFAA00
0.2926,Low Risk,2,1.471899151802063,,Unknown,Peri-Urban / Sparse,0.3541,0.003355,0.5000,0.50,#FFDD88
0.3563,Moderate Risk,3,1.471933126449585,0.120667,Bare Land,Peri-Urban / Sparse,0.3541,0.003355,0.7181,0.70,#FFAA00
0.3565,Moderate Risk,3,1.4703369140625,0.120498,Bare Land,Peri-Urban / Sparse,0.3541,0.003351,0.7191,0.70,#FFAA00
0.3554,Moderate Risk,3,1.4484331607818604,0.121422,Bare Land,Peri-Urban / Sparse,0.3541,0.003301,0.7137,0.70,#FFAA00
0.3561,Moderate Risk,3,1.4303560256958008,0.120809,Bare Land,Peri-Urban / Sparse,0.3541,0.003260,0.7172,0.70,#FFAA00
0.3579,Moderate Risk,3,1.4253194332122803,0.119263,Bare Land,Peri-Urban / Sparse,0.3541,0.003249,0.7263,0.70,#FFAA00
0.3574,Moderate Risk,3,1.4187736511230469,0.119708,Bare Land,Peri-Urban / Sparse,0.3541,0.003234,0.7237,0.70,#FFAA00
0.3554,Moderate Risk,3,1.4045672416687012,0.121361,Bare Land,Peri-Urban / Sparse,0.3541,0.003201,0.7140,0.70,#FFAA00
0.3550,Moderate Risk,3,1.4011125564575195,0.121715,Bare Land,Peri-Urban / Sparse,0.3541,0.003194,0.7120,0.70,#FFAA00
0.3542,Moderate Risk,3,1.3872148990631104,0.122342,Bare Land,Peri-Urban / Sparse,0.3541,0.003162,0.7083,0.70,#FFAA00
0.3543,Moderate Risk,3,1.3826793432235718,0.122275,Bare Land,Peri-Urban / Sparse,0.3541,0.003151,0.7087,0.70,#FFAA00
0.3558,Moderate Risk,3,1.3778961896896362,0.120976,Bare Land,Peri-Urban / Sparse,0.3541,0.003141,0.7163,0.70,#FFAA00
0.3556,Moderate Risk,3,1.361668586730957,0.121200,Bare Land,Peri-Urban / Sparse,0.3541,0.003104,0.7150,0.70,#FFAA00
0.3558,Moderate Risk,3,1.3566473722457886,0.121012,Bare Land,Peri-Urban / Sparse,0.3541,0.003092,0.7161,0.70,#FFAA00
0.3564,Moderate Risk,3,1.3530347347259521,0.120473,Bare Land,Peri-Urban / Sparse,0.3541,0.003084,0.7192,0.70,#FFAA00
0.3563,Moderate Risk,3,1.3144607543945312,0.120558,Bare Land,Peri-Urban / Sparse,0.3541,0.002996,0.7187,0.70,#FFAA00
0.3561,Moderate Risk,3,1.2866071462631226,0.120732,Bare Land,Peri-Urban / Sparse,0.3541,0.002933,0.7177,0.70,#FFAA00
0.3564,Moderate Risk,3,1.2749420404434204,0.120433,Bare Land,Peri-Urban / Sparse,0.3541,0.002906,0.7194,0.70,#FFAA00
0.3585,Moderate Risk,3,1.258945345878601,0.118654,Bare Land,Peri-Urban / Sparse,0.3541,0.002869,0.7298,0.70,#FFAA00
0.3598,Moderate Risk,3,1.2532899379730225,0.117464,Bare Land,Peri-Urban / Sparse,0.3541,0.002857,0.7367,0.70,#FFAA00
0.3609,Moderate Risk,3,1.2444534301757812,0.116533,Bare Land,Peri-Urban / Sparse,0.3541,0.002836,0.7422,0.70,#FFAA00
0.3637,Moderate Risk,3,1.2031363248825073,0.114155,Bare Land,Peri-Urban / Sparse,0.3541,0.002742,0.7560,0.70,#FFAA00
0.3646,Moderate Risk,3,1.1761832237243652,0.113366,Bare Land,Peri-Urban / Sparse,0.3541,0.002681,0.7606,0.70,#FFAA00
0.3665,Moderate Risk,3,1.1648327112197876,0.111672,Bare Land,Peri-Urban / Sparse,0.3541,0.002655,0.7705,0.70,#FFAA00
0.3690,Moderate Risk,3,1.156691312789917,0.109554,Bare Land,Peri-Urban / Sparse,0.3541,0.002636,0.7829,0.70,#FFAA00
0.3728,Moderate Risk,3,1.1530561447143555,0.106251,Bare Land,Peri-Urban / Sparse,0.3541,0.002628,0.8021,0.70,#FFAA00
0.3744,Moderate Risk,3,1.1533353328704834,0.104922,Bare Land,Peri-Urban / Sparse,0.3541,0.002629,0.8099,0.70,#FFAA00
0.3739,Moderate Risk,3,1.1535505056381226,0.105386,Bare Land,Peri-Urban / Sparse,0.3541,0.002629,0.8072,0.70,#FFAA00
0.3752,Moderate Risk,3,1.1540143489837646,0.104240,Bare Land,Peri-Urban / Sparse,0.3541,0.002630,0.8138,0.70,#FFAA00
0.3756,Moderate Risk,3,1.1541417837142944,0.103859,Bare Land,Peri-Urban / Sparse,0.3541,0.002631,0.8161,0.70,#FFAA00
0.3764,Moderate Risk,3,1.1524600982666016,0.103212,Bare Land,Peri-Urban / Sparse,0.3541,0.002627,0.8198,0.70,#FFAA00
0.3768,Moderate Risk,3,1.1501550674438477,0.102840,Bare Land,Peri-Urban / Sparse,0.3541,0.002622,0.8220,0.70,#FFAA00
0.3773,Moderate Risk,3,1.1488591432571411,0.102467,Bare Land,Peri-Urban / Sparse,0.3541,0.002619,0.8242,0.70,#FFAA00
0.3771,Moderate Risk,3,1.1478875875473022,0.102587,Bare Land,Peri-Urban / Sparse,0.3541,0.002616,0.8235,0.70,#FFAA00
0.3769,Moderate Risk,3,1.1451458930969238,0.102741,Bare Land,Peri-Urban / Sparse,0.3541,0.002610,0.8226,0.70,#FFAA00
0.3764,Moderate Risk,3,1.1422479152679443,0.103232,Bare Land,Peri-Urban / Sparse,0.3541,0.002603,0.8197,0.70,#FFAA00
0.2932,Low Risk,2,2.2095963954925537,,Unknown,Peri-Urban / Sparse,0.3541,0.005036,0.5000,0.50,#FFDD88
0.2940,Low Risk,2,3.5142734050750732,,Unknown,Peri-Urban / Sparse,0.3541,0.008010,0.5000,0.50,#FFDD88
0.3129,Moderate Risk,3,1.8447285890579224,,Bare Land,Peri-Urban / Sparse,0.3541,0.004205,0.5000,0.70,#FFAA00
0.2924,Low Risk,2,1.1099058389663696,,Unknown,Peri-Urban / Sparse,0.3541,0.002530,0.5000,0.50,#FFDD88
0.2922,Low Risk,2,0.8588584661483765,,Unknown,Rural / Scattered,0.3541,0.001958,0.5000,0.50,#FFDD88
0.3458,Moderate Risk,3,1.2719923257827759,0.112320,Unknown,Peri-Urban / Sparse,0.3541,0.002899,0.7667,0.50,#FFAA00
0.3880,Moderate Risk,3,1.992106556892395,0.110897,Minepits/Industry,Peri-Urban / Sparse,0.3541,0.004541,0.7750,0.90,#FFAA00
0.3878,Moderate Risk,3,2.0026910305023193,0.111056,Minepits/Industry,Peri-Urban / Sparse,0.3541,0.004565,0.7741,0.90,#FFAA00
0.3891,Moderate Risk,3,2.121764659881592,0.110085,Minepits/Industry,Peri-Urban / Sparse,0.3541,0.004836,0.7798,0.90,#FFAA00
0.3333,Moderate Risk,3,2.4586620330810547,,Minepits/Industry,Peri-Urban / Sparse,0.3541,0.005604,0.5000,0.90,#FFAA00
0.2924,Low Risk,2,1.0912196636199951,,Unknown,Peri-Urban / Sparse,0.3541,0.002487,0.5000,0.50,#FFDD88
0.3060,Moderate Risk,3,0.8463795781135559,0.111925,Natural Vegetation,Rural / Scattered,0.3541,0.001929,0.7690,0.10,#FFAA00
0.3628,Moderate Risk,3,0.8480319976806641,0.114727,Bare Land,Rural / Scattered,0.3541,0.001933,0.7527,0.70,#FFAA00
0.3830,Moderate Risk,3,1.1538515090942383,0.114706,Minepits/Industry,Peri-Urban / Sparse,0.3541,0.002630,0.7528,0.90,#FFAA00
0.3849,Moderate Risk,3,1.6596028804779053,0.113345,Minepits/Industry,Peri-Urban / Sparse,0.3541,0.003783,0.7608,0.90,#FFAA00
0.3107,Moderate Risk,3,2.26621150970459,0.108750,Natural Vegetation,Peri-Urban / Sparse,0.3541,0.005165,0.7875,0.10,#FFAA00
0.3963,Moderate Risk,3,2.665980100631714,0.104135,Minepits/Industry,Peri-Urban / Sparse,0.3541,0.006076,0.8144,0.90,#FFAA00
0.3167,Moderate Risk,3,2.816176652908325,0.103906,Natural Vegetation,Peri-Urban / Sparse,0.3541,0.006419,0.8158,0.10,#FFAA00
0.3431,Moderate Risk,3,2.125413656234741,,Built_up,Peri-Urban / Sparse,0.3541,0.004844,0.5000,1.00,#FFAA00
0.2931,Low Risk,2,2.2033987045288086,,Unknown,Peri-Urban / Sparse,0.3541,0.005022,0.5000,0.50,#FFDD88
0.2920,Low Risk,2,0.5256291031837463,,Unknown,Rural / Scattered,0.3541,0.001198,0.5000,0.50,#FFDD88
0.2920,Low Risk,2,0.5344284176826477,,Unknown,Rural / Scattered,0.3541,0.001218,0.5000,0.50,#FFDD88
0.3619,Moderate Risk,3,0.5671449303627014,0.115305,Bare Land,Rural / Scattered,0.3541,0.001293,0.7493,0.70,#FFAA00
0.3813,Moderate Risk,3,0.7270391583442688,0.115881,Minepits/Industry,Rural / Scattered,0.3541,0.001657,0.7460,0.90,#FFAA00
0.3824,Moderate Risk,3,1.0231099128723145,0.115180,Minepits/Industry,Peri-Urban / Sparse,0.3541,0.002332,0.7501,0.90,#FFAA00
0.3855,Moderate Risk,3,1.1021385192871094,0.112491,Minepits/Industry,Peri-Urban / Sparse,0.3541,0.002512,0.7657,0.90,#FFAA00
0.3856,Moderate Risk,3,0.9154856204986572,0.112292,Minepits/Industry,Rural / Scattered,0.3541,0.002087,0.7669,0.90,#FFAA00
0.3064,Moderate Risk,3,0.8734099864959717,0.111660,Natural Vegetation,Rural / Scattered,0.3541,0.001991,0.7706,0.10,#FFAA00
0.3079,Moderate Risk,3,1.1021296977996826,0.110514,Natural Vegetation,Peri-Urban / Sparse,0.3541,0.002512,0.7773,0.10,#FFAA00
0.3853,Moderate Risk,3,1.2941938638687134,0.112795,Minepits/Industry,Peri-Urban / Sparse,0.3541,0.002950,0.7640,0.90,#FFAA00
0.3905,Moderate Risk,3,1.3613605499267578,0.108411,Minepits/Industry,Peri-Urban / Sparse,0.3541,0.003103,0.7895,0.90,#FFAA00
0.3135,Moderate Risk,3,1.6446864604949951,0.105988,Natural Vegetation,Peri-Urban / Sparse,0.3541,0.003749,0.8036,0.10,#FFAA00
0.3996,Moderate Risk,3,1.7890578508377075,0.100846,Minepits/Industry,Peri-Urban / Sparse,0.3541,0.004078,0.8336,0.90,#FFAA00
0.3977,Moderate Risk,3,1.6076197624206543,0.102382,Minepits/Industry,Peri-Urban / Sparse,0.3541,0.003664,0.8247,0.90,#FFAA00
0.3332,Moderate Risk,3,2.2587597370147705,,Minepits/Industry,Peri-Urban / Sparse,0.3541,0.005148,0.5000,0.90,#FFAA00
0.3143,Moderate Risk,3,3.81734561920166,,Bare Land,Peri-Urban / Sparse,0.3541,0.008701,0.5000,0.70,#FFAA00
0.2920,Low Risk,2,0.5152832865715027,,Unknown,Rural / Scattered,0.3541,0.001174,0.5000,0.50,#FFDD88
0.3509,Moderate Risk,3,0.6123693585395813,0.124803,Bare Land,Rural / Scattered,0.3541,0.001396,0.6940,0.70,#FFAA00
0.3519,Moderate Risk,3,0.6969320774078369,0.123946,Bare Land,Rural / Scattered,0.3541,0.001588,0.6990,0.70,#FFAA00
0.3121,Moderate Risk,3,0.7416203022003174,,Bare Land,Rural / Scattered,0.3541,0.001690,0.5000,0.70,#FFAA00
0.2922,Low Risk,2,0.7830106616020203,,Unknown,Rural / Scattered,0.3541,0.001785,0.5000,0.50,#FFDD88
0.2921,Low Risk,2,0.7187383770942688,,Unknown,Rural / Scattered,0.3541,0.001638,0.5000,0.50,#FFDD88
0.3102,Moderate Risk,3,0.5694563984870911,0.108145,Natural Vegetation,Rural / Scattered,0.3541,0.001298,0.7911,0.10,#FFAA00
0.3891,Moderate Risk,3,0.5115647315979004,0.109041,Minepits/Industry,Rural / Scattered,0.3541,0.001166,0.7858,0.90,#FFAA00
0.3092,Moderate Risk,3,0.5491902232170105,0.108994,Natural Vegetation,Rural / Scattered,0.3541,0.001252,0.7861,0.10,#FFAA00
0.3871,Moderate Risk,3,0.6350327134132385,0.110864,Minepits/Industry,Rural / Scattered,0.3541,0.001447,0.7752,0.90,#FFAA00
0.3042,Moderate Risk,3,0.7360002398490906,0.113397,Natural Vegetation,Rural / Scattered,0.3541,0.001678,0.7605,0.10,#FFAA00
0.3615,Moderate Risk,3,0.7920681238174438,0.115795,Bare Land,Rural / Scattered,0.3541,0.001805,0.7465,0.70,#FFAA00
0.3820,Moderate Risk,3,0.7982174158096313,0.115332,Minepits/Industry,Rural / Scattered,0.3541,0.001819,0.7492,0.90,#FFAA00
0.3054,Moderate Risk,3,0.7512145638465881,0.112423,Natural Vegetation,Rural / Scattered,0.3541,0.001712,0.7661,0.10,#FFAA00
0.3062,Moderate Risk,3,0.9691908359527588,0.111816,Natural Vegetation,Rural / Scattered,0.3541,0.002209,0.7697,0.10,#FFAA00
0.3069,Moderate Risk,3,1.1695646047592163,0.111375,Natural Vegetation,Peri-Urban / Sparse,0.3541,0.002666,0.7722,0.10,#FFAA00
0.3105,Moderate Risk,3,1.2476470470428467,0.108364,Natural Vegetation,Peri-Urban / Sparse,0.3541,0.002844,0.7898,0.10,#FFAA00
0.3891,Moderate Risk,3,1.4970582723617554,0.109636,Minepits/Industry,Peri-Urban / Sparse,0.3541,0.003412,0.7824,0.90,#FFAA00
0.3110,Moderate Risk,3,2.627377510070801,0.108700,Natural Vegetation,Peri-Urban / Sparse,0.3541,0.005988,0.7878,0.10,#FFAA00
0.3095,Moderate Risk,3,3.4914684295654297,0.110493,Natural Vegetation,Peri-Urban / Sparse,0.3541,0.007958,0.7774,0.10,#FFAA00
0.3101,Moderate Risk,3,2.8261876106262207,0.109571,Natural Vegetation,Peri-Urban / Sparse,0.3541,0.006442,0.7828,0.10,#FFAA00
0.2536,Low Risk,2,2.897923231124878,,Natural Vegetation,Peri-Urban / Sparse,0.3541,0.006605,0.5000,0.10,#FFDD88
0.3121,Moderate Risk,3,0.6451336741447449,,Bare Land,Rural / Scattered,0.3541,0.001470,0.5000,0.70,#FFAA00
0.3579,Moderate Risk,3,0.7273483276367188,0.118863,Bare Land,Rural / Scattered,0.3541,0.001658,0.7286,0.70,#FFAA00
0.3546,Moderate Risk,3,0.7087051272392273,0.121624,Bare Land,Rural / Scattered,0.3541,0.001615,0.7125,0.70,#FFAA00
0.3601,Moderate Risk,3,0.6748515367507935,0.116942,Bare Land,Rural / Scattered,0.3541,0.001538,0.7398,0.70,#FFAA00
0.3624,Moderate Risk,3,0.5725337266921997,0.114850,Bare Land,Rural / Scattered,0.3541,0.001305,0.7520,0.70,#FFAA00
0.3646,Moderate Risk,3,0.5053795576095581,0.112931,Bare Land,Rural / Scattered,0.3541,0.001152,0.7632,0.70,#FFAA00
0.3873,Moderate Risk,3,0.5481401681900024,0.110622,Minepits/Industry,Rural / Scattered,0.3541,0.001249,0.7766,0.90,#FFAA00
0.3880,Moderate Risk,3,0.7829831838607788,0.110194,Minepits/Industry,Rural / Scattered,0.3541,0.001785,0.7791,0.90,#FFAA00
0.3087,Moderate Risk,3,0.9480298757553101,0.109641,Natural Vegetation,Rural / Scattered,0.3541,0.002161,0.7823,0.10,#FFAA00
0.3073,Moderate Risk,3,1.0179200172424316,0.110952,Natural Vegetation,Peri-Urban / Sparse,0.3541,0.002320,0.7747,0.10,#FFAA00
0.3834,Moderate Risk,3,0.9710273742675781,0.114262,Minepits/Industry,Rural / Scattered,0.3541,0.002213,0.7554,0.90,#FFAA00
0.3000,Low Risk,2,0.7654547691345215,0.117054,Natural Vegetation,Rural / Scattered,0.3541,0.001745,0.7391,0.10,#FFDD88
0.3580,Moderate Risk,3,0.6931637525558472,0.118746,Bare Land,Rural / Scattered,0.3541,0.001580,0.7293,0.70,#FFAA00
0.3029,Moderate Risk,3,0.8624462485313416,0.114583,Natural Vegetation,Rural / Scattered,0.3541,0.001966,0.7535,0.10,#FFAA00
0.3055,Moderate Risk,3,1.730122685432434,0.112921,Natural Vegetation,Peri-Urban / Sparse,0.3541,0.003943,0.7632,0.10,#FFAA00
0.3061,Moderate Risk,3,2.6942358016967773,0.112939,Natural Vegetation,Peri-Urban / Sparse,0.3541,0.006141,0.7631,0.10,#FFAA00
0.3135,Moderate Risk,3,2.839961290359497,0.106647,Natural Vegetation,Peri-Urban / Sparse,0.3541,0.006473,0.7998,0.10,#FFAA00
0.3128,Moderate Risk,3,3.2013931274414062,0.107483,Natural Vegetation,Peri-Urban / Sparse,0.3541,0.007297,0.7949,0.10,#FFAA00
0.3087,Moderate Risk,3,3.1328392028808594,0.110965,Natural Vegetation,Peri-Urban / Sparse,0.3541,0.007141,0.7746,0.10,#FFAA00
0.3985,Moderate Risk,3,3.276639223098755,0.111190,Built_up,Peri-Urban / Sparse,0.3541,0.007468,0.7733,1.00,#FFAA00
0.3656,Moderate Risk,3,3.423086404800415,0.113831,Bare Land,Peri-Urban / Sparse,0.3541,0.007802,0.7579,0.70,#FFAA00
0.2543,Low Risk,2,3.880615472793579,,Natural Vegetation,Peri-Urban / Sparse,0.3541,0.008845,0.5000,0.10,#FFDD88
0.3120,Moderate Risk,3,0.5012954473495483,,Bare Land,Rural / Scattered,0.3541,0.001143,0.5000,0.70,#FFAA00
0.3565,Moderate Risk,3,0.516950786113739,0.119913,Bare Land,Rural / Scattered,0.3541,0.001178,0.7225,0.70,#FFAA00
0.3626,Moderate Risk,3,0.504652738571167,0.114669,Bare Land,Rural / Scattered,0.3541,0.001150,0.7530,0.70,#FFAA00
0.3543,Moderate Risk,3,0.49322617053985596,0.121814,Bare Land,Rural / Scattered,0.3541,0.001124,0.7114,0.70,#FFAA00
0.3568,Moderate Risk,3,0.47916802763938904,0.119619,Bare Land,Rural / Scattered,0.3541,0.001092,0.7242,0.70,#FFAA00
0.3525,Moderate Risk,3,0.4895282983779907,0.123280,Bare Land,Rural / Scattered,0.3541,0.001116,0.7028,0.70,#FFAA00
0.3546,Moderate Risk,3,0.5697669386863708,0.121585,Bare Land,Rural / Scattered,0.3541,0.001299,0.7127,0.70,#FFAA00
0.2986,Low Risk,2,0.8590788841247559,0.118265,Natural Vegetation,Rural / Scattered,0.3541,0.001958,0.7321,0.10,#FFDD88
0.3023,Moderate Risk,3,1.0421098470687866,0.115282,Natural Vegetation,Peri-Urban / Sparse,0.3541,0.002375,0.7495,0.10,#FFAA00
0.3085,Moderate Risk,3,1.1181904077529907,0.109975,Natural Vegetation,Peri-Urban / Sparse,0.3541,0.002549,0.7804,0.10,#FFAA00
0.3093,Moderate Risk,3,1.0880701541900635,0.109230,Natural Vegetation,Peri-Urban / Sparse,0.3541,0.002480,0.7847,0.10,#FFAA00
0.3820,Moderate Risk,3,0.795795202255249,0.115350,Minepits/Industry,Rural / Scattered,0.3541,0.001814,0.7491,0.90,#FFAA00
0.3598,Moderate Risk,3,0.690367579460144,0.117190,Bare Land,Rural / Scattered,0.3541,0.001574,0.7383,0.70,#FFAA00
0.3572,Moderate Risk,3,0.821808397769928,0.119477,Bare Land,Rural / Scattered,0.3541,0.001873,0.7250,0.70,#FFAA00
0.3604,Moderate Risk,3,2.1793081760406494,0.117539,Bare Land,Peri-Urban / Sparse,0.3541,0.004967,0.7363,0.70,#FFAA00
0.3613,Moderate Risk,3,3.237238883972168,0.117388,Bare Land,Peri-Urban / Sparse,0.3541,0.007379,0.7372,0.70,#FFAA00
0.3867,Moderate Risk,3,3.7578072547912598,0.113068,Minepits/Industry,Peri-Urban / Sparse,0.3541,0.008565,0.7624,0.90,#FFAA00
0.3104,Moderate Risk,3,4.5246500968933105,0.110352,Natural Vegetation,Peri-Urban / Sparse,0.3541,0.010313,0.7782,0.10,#FFAA00
0.3122,Moderate Risk,3,4.899416923522949,0.109034,Natural Vegetation,Peri-Urban / Sparse,0.3541,0.011167,0.7859,0.10,#FFAA00
0.3102,Moderate Risk,3,5.084261417388916,0.110793,Natural Vegetation,Peri-Urban / Sparse,0.3541,0.011588,0.7756,0.10,#FFAA00
0.3100,Moderate Risk,3,5.313488006591797,0.111144,Natural Vegetation,Peri-Urban / Sparse,0.3541,0.012111,0.7736,0.10,#FFAA00
0.3158,Moderate Risk,3,6.0408196449279785,,Bare Land,Peri-Urban / Sparse,0.3541,0.013769,0.5000,0.70,#FFAA00
0.2939,Low Risk,2,3.2803454399108887,,Unknown,Peri-Urban / Sparse,0.3541,0.007477,0.5000,0.50,#FFDD88
0.2920,Low Risk,2,0.4683836102485657,,Unknown,Rural / Scattered,0.3541,0.001068,0.5000,0.50,#FFDD88
0.3560,Moderate Risk,3,0.47324928641319275,0.120289,Bare Land,Rural / Scattered,0.3541,0.001079,0.7203,0.70,#FFAA00
0.3532,Moderate Risk,3,0.46823495626449585,0.122731,Bare Land,Rural / Scattered,0.3541,0.001067,0.7060,0.70,#FFAA00
0.3563,Moderate Risk,3,0.4648596942424774,0.120057,Bare Land,Rural / Scattered,0.3541,0.001060,0.7216,0.70,#FFAA00
0.3520,Moderate Risk,3,0.46666741371154785,0.123712,Bare Land,Rural / Scattered,0.3541,0.001064,0.7003,0.70,#FFAA00
0.3545,Moderate Risk,3,0.47591885924339294,0.121582,Bare Land,Rural / Scattered,0.3541,0.001085,0.7127,0.70,#FFAA00
0.3555,Moderate Risk,3,0.5109459161758423,0.120718,Bare Land,Rural / Scattered,0.3541,0.001165,0.7178,0.70,#FFAA00
0.3565,Moderate Risk,3,0.6379392147064209,0.119973,Bare Land,Rural / Scattered,0.3541,0.001454,0.7221,0.70,#FFAA00
0.3583,Moderate Risk,3,0.7664641737937927,0.118486,Bare Land,Rural / Scattered,0.3541,0.001747,0.7308,0.70,#FFAA00
0.3861,Moderate Risk,3,0.9212846159934998,0.111910,Minepits/Industry,Rural / Scattered,0.3541,0.002100,0.7691,0.90,#FFAA00
0.3813,Moderate Risk,3,1.2745403051376343,0.116218,Minepits/Industry,Peri-Urban / Sparse,0.3541,0.002905,0.7440,0.90,#FFAA00
0.3570,Moderate Risk,3,1.511282205581665,0.120057,Bare Land,Peri-Urban / Sparse,0.3541,0.003445,0.7216,0.70,#FFAA00
0.2987,Low Risk,2,1.7189589738845825,0.118697,Natural Vegetation,Peri-Urban / Sparse,0.3541,0.003918,0.7296,0.10,#FFDD88
0.3588,Moderate Risk,3,1.7968589067459106,0.118647,Bare Land,Peri-Urban / Sparse,0.3541,0.004096,0.7298,0.70,#FFAA00
0.3590,Moderate Risk,3,2.3067352771759033,0.118840,Bare Land,Peri-Urban / Sparse,0.3541,0.005258,0.7287,0.70,#FFAA00
0.3606,Moderate Risk,3,3.4089229106903076,0.118074,Bare Land,Peri-Urban / Sparse,0.3541,0.007770,0.7332,0.70,#FFAA00
0.3658,Moderate Risk,3,4.688187599182129,0.114354,Bare Land,Peri-Urban / Sparse,0.3541,0.010686,0.7549,0.70,#FFAA00
0.3916,Moderate Risk,3,7.836427211761475,0.111207,Minepits/Industry,Peri-Urban / Sparse,0.3541,0.017861,0.7732,0.90,#FFAA00
0.4019,Moderate Risk,3,9.780057907104492,0.112122,Built_up,Peri-Urban / Sparse,0.3541,0.022291,0.7679,1.00,#FFAA00
0.3168,Moderate Risk,3,10.830843925476074,0.108509,Natural Vegetation,Low Density Urban,0.3541,0.024686,0.7889,0.10,#FFAA00
0.3145,Moderate Risk,3,10.351913452148438,0.110230,Natural Vegetation,Low Density Urban,0.3541,0.023595,0.7789,0.10,#FFAA00
0.3107,Moderate Risk,3,9.925660133361816,0.113247,Natural Vegetation,Peri-Urban / Sparse,0.3541,0.022623,0.7613,0.10,#FFAA00
0.3757,Moderate Risk,3,7.249711990356445,0.107362,Bare Land,Peri-Urban / Sparse,0.3541,0.016524,0.7956,0.70,#FFAA00
0.3167,Moderate Risk,3,3.6153664588928223,0.104410,Natural Vegetation,Peri-Urban / Sparse,0.3541,0.008240,0.8128,0.10,#FFAA00
0.3130,Moderate Risk,3,3.5144457817077637,0.107532,Natural Vegetation,Peri-Urban / Sparse,0.3541,0.008010,0.7946,0.10,#FFAA00
0.3234,Moderate Risk,3,7.224806785583496,0.100729,Natural Vegetation,Peri-Urban / Sparse,0.3541,0.016467,0.8343,0.10,#FFAA00
0.4125,Moderate Risk,3,14.559576034545898,0.105817,Built_up,Low Density Urban,0.3541,0.033185,0.8046,1.00,#FFAA00
0.3455,Moderate Risk,3,5.619631767272949,,Built_up,Peri-Urban / Sparse,0.3541,0.012809,0.5000,1.00,#FFAA00
0.3121,Moderate Risk,3,0.6296589970588684,,Bare Land,Rural / Scattered,0.3541,0.001435,0.5000,0.70,#FFAA00
0.3453,Moderate Risk,3,0.5892138481140137,0.129555,Bare Land,Rural / Scattered,0.3541,0.001343,0.6663,0.70,#FFAA00
0.3449,Moderate Risk,3,0.4584815800189972,0.129842,Bare Land,Rural / Scattered,0.3541,0.001045,0.6646,0.70,#FFAA00
0.3550,Moderate Risk,3,0.45662716031074524,0.121175,Bare Land,Rural / Scattered,0.3541,0.001041,0.7151,0.70,#FFAA00
0.3477,Moderate Risk,3,0.4580868184566498,0.127461,Bare Land,Rural / Scattered,0.3541,0.001044,0.6785,0.70,#FFAA00
0.3517,Moderate Risk,3,0.4601747393608093,0.123982,Bare Land,Rural / Scattered,0.3541,0.001049,0.6987,0.70,#FFAA00
0.3742,Moderate Risk,3,0.46791747212409973,0.121836,Minepits/Industry,Rural / Scattered,0.3541,0.001067,0.7113,0.90,#FFAA00
0.3518,Moderate Risk,3,0.6067399382591248,0.124006,Bare Land,Rural / Scattered,0.3541,0.001383,0.6986,0.70,#FFAA00
0.3510,Moderate Risk,3,0.750153660774231,0.124724,Bare Land,Rural / Scattered,0.3541,0.001710,0.6944,0.70,#FFAA00
0.3520,Moderate Risk,3,1.5689700841903687,0.124386,Bare Land,Peri-Urban / Sparse,0.3541,0.003576,0.6964,0.70,#FFAA00
0.3560,Moderate Risk,3,2.0540990829467773,0.121262,Bare Land,Peri-Urban / Sparse,0.3541,0.004682,0.7146,0.70,#FFAA00
0.3554,Moderate Risk,3,2.0587990283966064,0.121752,Bare Land,Peri-Urban / Sparse,0.3541,0.004693,0.7117,0.70,#FFAA00
0.3552,Moderate Risk,3,2.0654823780059814,0.121972,Bare Land,Peri-Urban / Sparse,0.3541,0.004708,0.7105,0.70,#FFAA00
0.3564,Moderate Risk,3,2.179072380065918,0.120963,Bare Land,Peri-Urban / Sparse,0.3541,0.004967,0.7163,0.70,#FFAA00
0.3612,Moderate Risk,3,2.336723804473877,0.116968,Bare Land,Peri-Urban / Sparse,0.3541,0.005326,0.7396,0.70,#FFAA00
0.3605,Moderate Risk,3,2.8051717281341553,0.117789,Bare Land,Peri-Urban / Sparse,0.3541,0.006394,0.7348,0.70,#FFAA00
0.3602,Moderate Risk,3,3.8713715076446533,0.118648,Bare Land,Peri-Urban / Sparse,0.3541,0.008824,0.7298,0.70,#FFAA00
0.3662,Moderate Risk,3,6.880961894989014,0.115314,Bare Land,Peri-Urban / Sparse,0.3541,0.015684,0.7493,0.70,#FFAA00
0.3239,Moderate Risk,3,10.267138481140137,0.102132,Natural Vegetation,Low Density Urban,0.3541,0.023402,0.8261,0.10,#FFAA00
0.4136,Moderate Risk,3,13.085421562194824,0.103985,Built_up,Low Density Urban,0.3541,0.029825,0.8153,1.00,#FFAA00
0.3276,Moderate Risk,3,12.428990364074707,0.100230,Natural Vegetation,Low Density Urban,0.3541,0.028329,0.8372,0.10,#FFAA00
0.4112,Moderate Risk,3,10.312737464904785,0.095886,Minepits/Industry,Low Density Urban,0.3541,0.023505,0.8625,0.90,#FFAA00
0.3169,Moderate Risk,3,9.31726360321045,0.107580,Natural Vegetation,Peri-Urban / Sparse,0.3541,0.021236,0.7944,0.10,#FFAA00
0.3937,Moderate Risk,3,4.573168754577637,0.107513,Minepits/Industry,Peri-Urban / Sparse,0.3541,0.010423,0.7948,0.90,#FFAA00
0.3174,Moderate Risk,3,3.772365093231201,0.103887,Natural Vegetation,Peri-Urban / Sparse,0.3541,0.008598,0.8159,0.10,#FFAA00
0.3961,Moderate Risk,3,9.984681129455566,0.108613,Minepits/Industry,Peri-Urban / Sparse,0.3541,0.022758,0.7883,0.90,#FFAA00
0.4184,Moderate Risk,3,30.569997787475586,0.101612,Minepits/Industry,Low Density Urban,0.3541,0.069677,0.8292,0.90,#FFAA00
0.4113,Moderate Risk,3,14.525191307067871,0.098256,Minepits/Industry,Low Density Urban,0.3541,0.033107,0.8487,0.90,#FFAA00
0.4027,Moderate Risk,3,13.775725364685059,0.113801,Built_up,Low Density Urban,0.3541,0.031399,0.7581,1.00,#FFAA00
0.4065,Moderate Risk,3,9.889755249023438,0.108281,Built_up,Peri-Urban / Sparse,0.3541,0.022541,0.7903,1.00,#FFAA00
0.4037,Moderate Risk,3,5.475712299346924,0.108072,Built_up,Peri-Urban / Sparse,0.3541,0.012481,0.7915,1.00,#FFAA00
0.3704,Moderate Risk,3,2.788393974304199,0.109265,Bare Land,Peri-Urban / Sparse,0.3541,0.006355,0.7845,0.70,#FFAA00
0.2932,Low Risk,2,2.316150665283203,,Unknown,Peri-Urban / Sparse,0.3541,0.005279,0.5000,0.50,#FFDD88
0.3477,Moderate Risk,3,1.3353129625320435,0.127935,Bare Land,Peri-Urban / Sparse,0.3541,0.003044,0.6757,0.70,#FFAA00
0.3450,Moderate Risk,3,0.793671727180481,0.129959,Bare Land,Rural / Scattered,0.3541,0.001809,0.6639,0.70,#FFAA00
0.3438,Moderate Risk,3,1.2277295589447021,0.131203,Bare Land,Peri-Urban / Sparse,0.3541,0.002798,0.6567,0.70,#FFAA00
0.3499,Moderate Risk,3,1.2208822965621948,0.125960,Bare Land,Peri-Urban / Sparse,0.3541,0.002783,0.6872,0.70,#FFAA00
0.3515,Moderate Risk,3,0.9658339023590088,0.124470,Bare Land,Rural / Scattered,0.3541,0.002201,0.6959,0.70,#FFAA00
0.3491,Moderate Risk,3,0.6767584085464478,0.126367,Bare Land,Rural / Scattered,0.3541,0.001543,0.6848,0.70,#FFAA00
0.3521,Moderate Risk,3,1.3858683109283447,0.124158,Bare Land,Peri-Urban / Sparse,0.3541,0.003159,0.6977,0.70,#FFAA00
0.3565,Moderate Risk,3,1.8191328048706055,0.120638,Bare Land,Peri-Urban / Sparse,0.3541,0.004146,0.7182,0.70,#FFAA00
0.3467,Moderate Risk,3,1.9475728273391724,0.129156,Bare Land,Peri-Urban / Sparse,0.3541,0.004439,0.6686,0.70,#FFAA00
0.3520,Moderate Risk,3,2.0174808502197266,0.124630,Bare Land,Peri-Urban / Sparse,0.3541,0.004598,0.6950,0.70,#FFAA00
0.3528,Moderate Risk,3,2.0627903938293457,0.123960,Bare Land,Peri-Urban / Sparse,0.3541,0.004702,0.6989,0.70,#FFAA00
0.3536,Moderate Risk,3,2.136094331741333,0.123318,Bare Land,Peri-Urban / Sparse,0.3541,0.004869,0.7026,0.70,#FFAA00
0.3575,Moderate Risk,3,2.273521900177002,0.120119,Bare Land,Peri-Urban / Sparse,0.3541,0.005182,0.7213,0.70,#FFAA00
0.3578,Moderate Risk,3,2.3959739208221436,0.119926,Bare Land,Peri-Urban / Sparse,0.3541,0.005461,0.7224,0.70,#FFAA00
0.3589,Moderate Risk,3,2.693643808364868,0.119148,Bare Land,Peri-Urban / Sparse,0.3541,0.006140,0.7269,0.70,#FFAA00
0.3604,Moderate Risk,3,3.3412959575653076,0.118179,Bare Land,Peri-Urban / Sparse,0.3541,0.007616,0.7326,0.70,#FFAA00
0.3656,Moderate Risk,3,4.957580089569092,0.114690,Bare Land,Peri-Urban / Sparse,0.3541,0.011300,0.7529,0.70,#FFAA00
0.3664,Moderate Risk,3,6.5793375968933105,0.114971,Bare Land,Peri-Urban / Sparse,0.3541,0.014996,0.7513,0.70,#FFAA00
0.3622,Moderate Risk,3,6.522876262664795,0.118505,Bare Land,Peri-Urban / Sparse,0.3541,0.014867,0.7307,0.70,#FFAA00
0.3824,Moderate Risk,3,5.918254852294922,0.118041,Minepits/Industry,Peri-Urban / Sparse,0.3541,0.013489,0.7334,0.90,#FFAA00
0.3037,Moderate Risk,3,6.163785934448242,0.117016,Natural Vegetation,Peri-Urban / Sparse,0.3541,0.014049,0.7394,0.10,#FFAA00
0.3871,Moderate Risk,3,8.01987075805664,0.115181,Minepits/Industry,Peri-Urban / Sparse,0.3541,0.018279,0.7501,0.90,#FFAA00
0.3999,Moderate Risk,3,5.841624736785889,0.102991,Minepits/Industry,Peri-Urban / Sparse,0.3541,0.013315,0.8211,0.90,#FFAA00
0.4001,Moderate Risk,3,4.30940580368042,0.101885,Minepits/Industry,Peri-Urban / Sparse,0.3541,0.009822,0.8276,0.90,#FFAA00
0.3278,Moderate Risk,3,10.445760726928711,0.098873,Natural Vegetation,Low Density Urban,0.3541,0.023809,0.8451,0.10,#FFAA00
0.4085,Moderate Risk,3,15.092146873474121,0.101002,Minepits/Industry,Low Density Urban,0.3541,0.034399,0.8327,0.90,#FFAA00
0.3220,Moderate Risk,3,19.608592987060547,0.109185,Natural Vegetation,Low Density Urban,0.3541,0.044693,0.7850,0.10,#FFAA00
0.4067,Moderate Risk,3,23.949033737182617,0.107749,Minepits/Industry,Low Density Urban,0.3541,0.054586,0.7934,0.90,#FFAA00
0.3762,Moderate Risk,3,12.693350791931152,0.127306,Minepits/Industry,Low Density Urban,0.3541,0.028931,0.6794,0.90,#FFAA00
0.3937,Moderate Risk,3,5.166748046875,0.116447,Built_up,Peri-Urban / Sparse,0.3541,0.011776,0.7427,1.00,#FFAA00
0.3923,Moderate Risk,3,2.2083511352539062,0.107337,Minepits/Industry,Peri-Urban / Sparse,0.3541,0.005033,0.7958,0.90,#FFAA00
0.3667,Moderate Risk,3,1.6754543781280518,0.111795,Bare Land,Peri-Urban / Sparse,0.3541,0.003819,0.7698,0.70,#FFAA00
0.3134,Moderate Risk,3,2.529355764389038,,Bare Land,Peri-Urban / Sparse,0.3541,0.005765,0.5000,0.70,#FFAA00
0.3129,Moderate Risk,3,1.8565407991409302,,Bare Land,Peri-Urban / Sparse,0.3541,0.004232,0.5000,0.70,#FFAA00
0.3129,Moderate Risk,3,1.8330918550491333,,Bare Land,Peri-Urban / Sparse,0.3541,0.004178,0.5000,0.70,#FFAA00
0.3465,Moderate Risk,3,1.9477063417434692,0.129331,Bare Land,Peri-Urban / Sparse,0.3541,0.004439,0.6676,0.70,#FFAA00
0.3444,Moderate Risk,3,1.9724903106689453,0.131167,Bare Land,Peri-Urban / Sparse,0.3541,0.004496,0.6569,0.70,#FFAA00
0.3415,Moderate Risk,3,1.9547600746154785,0.133578,Bare Land,Peri-Urban / Sparse,0.3541,0.004455,0.6428,0.70,#FFAA00
0.3447,Moderate Risk,3,1.8629015684127808,0.130800,Bare Land,Peri-Urban / Sparse,0.3541,0.004246,0.6590,0.70,#FFAA00
0.3429,Moderate Risk,3,2.0258944034576416,0.132484,Bare Land,Peri-Urban / Sparse,0.3541,0.004618,0.6492,0.70,#FFAA00
0.3434,Moderate Risk,3,2.081313133239746,0.132067,Bare Land,Peri-Urban / Sparse,0.3541,0.004744,0.6516,0.70,#FFAA00
0.3526,Moderate Risk,3,2.1057934761047363,0.124188,Bare Land,Peri-Urban / Sparse,0.3541,0.004800,0.6975,0.70,#FFAA00
0.3435,Moderate Risk,3,2.1341359615325928,0.131979,Bare Land,Peri-Urban / Sparse,0.3541,0.004864,0.6521,0.70,#FFAA00
0.3453,Moderate Risk,3,2.1925604343414307,0.130462,Bare Land,Peri-Urban / Sparse,0.3541,0.004997,0.6610,0.70,#FFAA00
0.3497,Moderate Risk,3,2.2851176261901855,0.126738,Bare Land,Peri-Urban / Sparse,0.3541,0.005208,0.6827,0.70,#FFAA00
0.3506,Moderate Risk,3,2.4300239086151123,0.126086,Bare Land,Peri-Urban / Sparse,0.3541,0.005539,0.6865,0.70,#FFAA00
0.3566,Moderate Risk,3,2.542548418045044,0.121044,Bare Land,Peri-Urban / Sparse,0.3541,0.005795,0.7159,0.70,#FFAA00
0.3577,Moderate Risk,3,2.6790554523468018,0.120170,Bare Land,Peri-Urban / Sparse,0.3541,0.006106,0.7210,0.70,#FFAA00
0.3604,Moderate Risk,3,3.1709115505218506,0.118119,Bare Land,Peri-Urban / Sparse,0.3541,0.007227,0.7329,0.70,#FFAA00
0.3607,Moderate Risk,3,4.154428958892822,0.118427,Bare Land,Peri-Urban / Sparse,0.3541,0.009469,0.7311,0.70,#FFAA00
0.3613,Moderate Risk,3,4.667675971984863,0.118239,Bare Land,Peri-Urban / Sparse,0.3541,0.010639,0.7322,0.70,#FFAA00
0.3618,Moderate Risk,3,4.062898635864258,0.117444,Bare Land,Peri-Urban / Sparse,0.3541,0.009260,0.7369,0.70,#FFAA00
0.3006,Moderate Risk,3,3.686011791229248,0.118205,Natural Vegetation,Peri-Urban / Sparse,0.3541,0.008401,0.7324,0.10,#FFAA00
0.3925,Moderate Risk,3,4.106172561645508,0.116874,Built_up,Peri-Urban / Sparse,0.3541,0.009359,0.7402,1.00,#FFAA00
0.3622,Moderate Risk,3,5.194870948791504,0.117790,Bare Land,Peri-Urban / Sparse,0.3541,0.011840,0.7348,0.70,#FFAA00
0.3939,Moderate Risk,3,7.621796131134033,0.117713,Built_up,Peri-Urban / Sparse,0.3541,0.017372,0.7353,1.00,#FFAA00
0.3065,Moderate Risk,3,9.9677152633667,0.116902,Natural Vegetation,Peri-Urban / Sparse,0.3541,0.022719,0.7400,0.10,#FFAA00
0.4053,Moderate Risk,3,26.756277084350586,0.110628,Minepits/Industry,Low Density Urban,0.3541,0.060985,0.7766,0.90,#FFAA00
0.4301,Moderate Risk,3,30.191198348999023,0.099909,Built_up,Low Density Urban,0.3541,0.068814,0.8391,1.00,#FFAA00
0.3186,Moderate Risk,3,16.98876190185547,0.110569,Natural Vegetation,Low Density Urban,0.3541,0.038722,0.7769,0.10,#FFAA00
0.3735,Moderate Risk,3,11.297248840332031,0.111682,Bare Land,Low Density Urban,0.3541,0.025749,0.7705,0.70,#FFAA00
0.3684,Moderate Risk,3,4.255638122558594,0.111877,Bare Land,Peri-Urban / Sparse,0.3541,0.009700,0.7693,0.70,#FFAA00
0.3071,Moderate Risk,3,2.330045700073242,0.111879,Natural Vegetation,Peri-Urban / Sparse,0.3541,0.005311,0.7693,0.10,#FFAA00
0.3682,Moderate Risk,3,1.7746713161468506,0.110595,Bare Land,Peri-Urban / Sparse,0.3541,0.004045,0.7768,0.70,#FFAA00
0.3880,Moderate Risk,3,1.953786015510559,0.110846,Minepits/Industry,Peri-Urban / Sparse,0.3541,0.004453,0.7753,0.90,#FFAA00
0.3699,Moderate Risk,3,2.2301671504974365,0.109389,Bare Land,Peri-Urban / Sparse,0.3541,0.005083,0.7838,0.70,#FFAA00
0.3137,Moderate Risk,3,2.95885968208313,,Bare Land,Peri-Urban / Sparse,0.3541,0.006744,0.5000,0.70,#FFAA00
0.2930,Low Risk,2,1.989247441291809,,Unknown,Peri-Urban / Sparse,0.3541,0.004534,0.5000,0.50,#FFDD88
0.3475,Moderate Risk,3,1.9880821704864502,0.128446,Bare Land,Peri-Urban / Sparse,0.3541,0.004531,0.6727,0.70,#FFAA00
0.3433,Moderate Risk,3,2.0395572185516357,0.132155,Bare Land,Peri-Urban / Sparse,0.3541,0.004649,0.6511,0.70,#FFAA00
0.3453,Moderate Risk,3,2.0955469608306885,0.130474,Bare Land,Peri-Urban / Sparse,0.3541,0.004776,0.6609,0.70,#FFAA00
0.3510,Moderate Risk,3,2.1624791622161865,0.125628,Bare Land,Peri-Urban / Sparse,0.3541,0.004929,0.6892,0.70,#FFAA00
0.3409,Moderate Risk,3,2.2303731441497803,0.134320,Bare Land,Peri-Urban / Sparse,0.3541,0.005084,0.6385,0.70,#FFAA00
0.3497,Moderate Risk,3,2.2534115314483643,0.126783,Bare Land,Peri-Urban / Sparse,0.3541,0.005136,0.6824,0.70,#FFAA00
0.3500,Moderate Risk,3,2.2620744705200195,0.126478,Bare Land,Peri-Urban / Sparse,0.3541,0.005156,0.6842,0.70,#FFAA00
0.3547,Moderate Risk,3,2.2643723487854004,0.122481,Bare Land,Peri-Urban / Sparse,0.3541,0.005161,0.7075,0.70,#FFAA00
0.3515,Moderate Risk,3,2.300086498260498,0.125215,Bare Land,Peri-Urban / Sparse,0.3541,0.005243,0.6916,0.70,#FFAA00
0.3506,Moderate Risk,3,2.4914069175720215,0.126085,Bare Land,Peri-Urban / Sparse,0.3541,0.005679,0.6865,0.70,#FFAA00
0.3523,Moderate Risk,3,2.9741415977478027,0.124987,Bare Land,Peri-Urban / Sparse,0.3541,0.006779,0.6929,0.70,#FFAA00
0.3543,Moderate Risk,3,3.734992742538452,0.123665,Bare Land,Peri-Urban / Sparse,0.3541,0.008513,0.7006,0.70,#FFAA00
0.3580,Moderate Risk,3,3.9839072227478027,0.120668,Bare Land,Peri-Urban / Sparse,0.3541,0.009080,0.7181,0.70,#FFAA00
0.3602,Moderate Risk,3,3.683021068572998,0.118557,Bare Land,Peri-Urban / Sparse,0.3541,0.008395,0.7304,0.70,#FFAA00
0.3599,Moderate Risk,3,4.0229105949401855,0.119087,Bare Land,Peri-Urban / Sparse,0.3541,0.009169,0.7273,0.70,#FFAA00
0.3606,Moderate Risk,3,3.843780279159546,0.118312,Bare Land,Peri-Urban / Sparse,0.3541,0.008761,0.7318,0.70,#FFAA00
0.3596,Moderate Risk,3,3.9429333209991455,0.119267,Bare Land,Peri-Urban / Sparse,0.3541,0.008987,0.7262,0.70,#FFAA00
0.3601,Moderate Risk,3,4.456113338470459,0.119149,Bare Land,Peri-Urban / Sparse,0.3541,0.010157,0.7269,0.70,#FFAA00
0.3042,Moderate Risk,3,7.61187219619751,0.117422,Natural Vegetation,Peri-Urban / Sparse,0.3541,0.017349,0.7370,0.10,#FFAA00
0.3667,Moderate Risk,3,9.652016639709473,0.116506,Bare Land,Peri-Urban / Sparse,0.3541,0.021999,0.7423,0.70,#FFAA00
0.3907,Moderate Risk,3,11.494078636169434,0.114174,Minepits/Industry,Low Density Urban,0.3541,0.026198,0.7559,0.90,#FFAA00
0.3730,Moderate Risk,3,14.099678993225098,0.113691,Bare Land,Low Density Urban,0.3541,0.032137,0.7587,0.70,#FFAA00
0.3674,Moderate Risk,3,12.177145957946777,0.117363,Bare Land,Low Density Urban,0.3541,0.027755,0.7373,0.70,#FFAA00
0.3695,Moderate Risk,3,10.253376960754395,0.114507,Bare Land,Low Density Urban,0.3541,0.023370,0.7540,0.70,#FFAA00
0.3917,Moderate Risk,3,6.936767578125,0.110653,Minepits/Industry,Peri-Urban / Sparse,0.3541,0.015811,0.7764,0.90,#FFAA00
0.3677,Moderate Risk,3,5.355440139770508,0.113112,Bare Land,Peri-Urban / Sparse,0.3541,0.012206,0.7621,0.70,#FFAA00
0.3067,Moderate Risk,3,3.822209358215332,0.113071,Natural Vegetation,Peri-Urban / Sparse,0.3541,0.008712,0.7624,0.10,#FFAA00
0.3078,Moderate Risk,3,3.091172933578491,0.111699,Natural Vegetation,Peri-Urban / Sparse,0.3541,0.007046,0.7704,0.10,#FFAA00
0.3076,Moderate Risk,3,3.3746581077575684,0.112019,Natural Vegetation,Peri-Urban / Sparse,0.3541,0.007692,0.7685,0.10,#FFAA00
0.3685,Moderate Risk,3,4.729394435882568,0.112105,Bare Land,Peri-Urban / Sparse,0.3541,0.010780,0.7680,0.70,#FFAA00
0.3675,Moderate Risk,3,3.2759244441986084,0.112122,Bare Land,Peri-Urban / Sparse,0.3541,0.007467,0.7679,0.70,#FFAA00
0.3712,Moderate Risk,3,4.26854944229126,0.109520,Bare Land,Peri-Urban / Sparse,0.3541,0.009729,0.7831,0.70,#FFAA00
0.3291,Moderate Risk,3,54.818450927734375,,Unknown,Medium Density Urban,0.3541,0.124946,0.5000,0.50,#FFAA00
0.2931,Low Risk,2,2.138834238052368,,Unknown,Peri-Urban / Sparse,0.3541,0.004875,0.5000,0.50,#FFDD88
0.3519,Moderate Risk,3,2.1680705547332764,0.124797,Bare Land,Peri-Urban / Sparse,0.3541,0.004942,0.6940,0.70,#FFAA00
0.3489,Moderate Risk,3,2.2184066772460938,0.127454,Bare Land,Peri-Urban / Sparse,0.3541,0.005056,0.6785,0.70,#FFAA00
0.3680,Moderate Risk,3,2.265207529067993,0.128205,Minepits/Industry,Peri-Urban / Sparse,0.3541,0.005163,0.6741,0.90,#FFAA00
0.3470,Moderate Risk,3,2.297335624694824,0.129111,Bare Land,Peri-Urban / Sparse,0.3541,0.005236,0.6688,0.70,#FFAA00
0.3464,Moderate Risk,3,2.3246259689331055,0.129600,Bare Land,Peri-Urban / Sparse,0.3541,0.005298,0.6660,0.70,#FFAA00
0.3458,Moderate Risk,3,2.3386032581329346,0.130183,Bare Land,Peri-Urban / Sparse,0.3541,0.005330,0.6626,0.70,#FFAA00
0.3448,Moderate Risk,3,2.364581346511841,0.131027,Bare Land,Peri-Urban / Sparse,0.3541,0.005390,0.6577,0.70,#FFAA00
0.3553,Moderate Risk,3,2.3845298290252686,0.121999,Bare Land,Peri-Urban / Sparse,0.3541,0.005435,0.7103,0.70,#FFAA00
0.3710,Moderate Risk,3,2.468621015548706,0.125752,Minepits/Industry,Peri-Urban / Sparse,0.3541,0.005627,0.6884,0.90,#FFAA00
0.3530,Moderate Risk,3,2.876164436340332,0.124260,Bare Land,Peri-Urban / Sparse,0.3541,0.006556,0.6971,0.70,#FFAA00
0.3551,Moderate Risk,3,4.1856489181518555,0.123212,Bare Land,Peri-Urban / Sparse,0.3541,0.009540,0.7032,0.70,#FFAA00
0.3559,Moderate Risk,3,7.352171897888184,0.124416,Bare Land,Peri-Urban / Sparse,0.3541,0.016758,0.6962,0.70,#FFAA00
0.3582,Moderate Risk,3,8.727999687194824,0.123279,Bare Land,Peri-Urban / Sparse,0.3541,0.019893,0.7028,0.70,#FFAA00
0.3612,Moderate Risk,3,7.560380458831787,0.119993,Bare Land,Peri-Urban / Sparse,0.3541,0.017232,0.7220,0.70,#FFAA00
0.3648,Moderate Risk,3,9.046501159667969,0.117810,Bare Land,Peri-Urban / Sparse,0.3541,0.020619,0.7347,0.70,#FFAA00
0.3625,Moderate Risk,3,8.520745277404785,0.119465,Bare Land,Peri-Urban / Sparse,0.3541,0.019421,0.7251,0.70,#FFAA00
0.3617,Moderate Risk,3,7.401714324951172,0.119477,Bare Land,Peri-Urban / Sparse,0.3541,0.016870,0.7250,0.70,#FFAA00
0.3585,Moderate Risk,3,6.255317211151123,0.121538,Bare Land,Peri-Urban / Sparse,0.3541,0.014258,0.7130,0.70,#FFAA00
0.3626,Moderate Risk,3,10.59303092956543,0.120591,Bare Land,Low Density Urban,0.3541,0.024144,0.7185,0.70,#FFAA00
0.3617,Moderate Risk,3,10.943121910095215,0.121521,Bare Land,Low Density Urban,0.3541,0.024942,0.7131,0.70,#FFAA00
0.3873,Moderate Risk,3,7.410991191864014,0.114670,Minepits/Industry,Peri-Urban / Sparse,0.3541,0.016892,0.7530,0.90,#FFAA00
0.3729,Moderate Risk,3,7.215460300445557,0.109789,Bare Land,Peri-Urban / Sparse,0.3541,0.016446,0.7815,0.70,#FFAA00
0.3650,Moderate Risk,3,6.612493991851807,0.116204,Bare Land,Peri-Urban / Sparse,0.3541,0.015072,0.7441,0.70,#FFAA00
0.3639,Moderate Risk,3,7.713361740112305,0.117803,Bare Land,Peri-Urban / Sparse,0.3541,0.017581,0.7348,0.70,#FFAA00
0.3071,Moderate Risk,3,7.556176662445068,0.114962,Natural Vegetation,Peri-Urban / Sparse,0.3541,0.017223,0.7513,0.10,#FFAA00
0.3868,Moderate Risk,3,5.408173561096191,0.113913,Minepits/Industry,Peri-Urban / Sparse,0.3541,0.012327,0.7574,0.90,#FFAA00
0.3674,Moderate Risk,3,4.4985480308532715,0.112858,Bare Land,Peri-Urban / Sparse,0.3541,0.010253,0.7636,0.70,#FFAA00
0.3668,Moderate Risk,3,4.366278648376465,0.113331,Bare Land,Peri-Urban / Sparse,0.3541,0.009952,0.7608,0.70,#FFAA00
0.3663,Moderate Risk,3,4.575138092041016,0.113887,Bare Land,Peri-Urban / Sparse,0.3541,0.010428,0.7576,0.70,#FFAA00
0.3687,Moderate Risk,3,6.267455577850342,0.112788,Bare Land,Peri-Urban / Sparse,0.3541,0.014285,0.7640,0.70,#FFAA00
0.3701,Moderate Risk,3,8.108972549438477,0.112724,Bare Land,Peri-Urban / Sparse,0.3541,0.018482,0.7644,0.70,#FFAA00
0.3721,Moderate Risk,3,8.856098175048828,0.111436,Bare Land,Peri-Urban / Sparse,0.3541,0.020185,0.7719,0.70,#FFAA00
0.3173,Moderate Risk,3,37.547279357910156,,Unknown,Low Density Urban,0.3541,0.085580,0.5000,0.50,#FFAA00
0.3753,Moderate Risk,3,49.23109817504883,,Built_up,Low Density Urban,0.3541,0.112211,0.5000,1.00,#FFAA00
0.3132,Moderate Risk,3,31.56250762939453,,Unknown,Low Density Urban,0.3541,0.071939,0.5000,0.50,#FFAA00
0.3001,Moderate Risk,3,12.41655445098877,,Unknown,Low Density Urban,0.3541,0.028301,0.5000,0.50,#FFAA00
0.3452,Moderate Risk,3,2.2841148376464844,0.130596,Bare Land,Peri-Urban / Sparse,0.3541,0.005206,0.6602,0.70,#FFAA00
0.3433,Moderate Risk,3,2.3023841381073,0.132295,Bare Land,Peri-Urban / Sparse,0.3541,0.005248,0.6503,0.70,#FFAA00
0.3426,Moderate Risk,3,2.3037610054016113,0.132844,Bare Land,Peri-Urban / Sparse,0.3541,0.005251,0.6471,0.70,#FFAA00
0.3412,Moderate Risk,3,2.3417348861694336,0.134123,Bare Land,Peri-Urban / Sparse,0.3541,0.005337,0.6396,0.70,#FFAA00
0.3502,Moderate Risk,3,2.4175426959991455,0.126410,Bare Land,Peri-Urban / Sparse,0.3541,0.005510,0.6846,0.70,#FFAA00
0.3507,Moderate Risk,3,2.7226693630218506,0.126181,Bare Land,Peri-Urban / Sparse,0.3541,0.006206,0.6859,0.70,#FFAA00
0.3467,Moderate Risk,3,2.7978384494781494,0.129672,Bare Land,Peri-Urban / Sparse,0.3541,0.006377,0.6656,0.70,#FFAA00
0.3417,Moderate Risk,3,2.946929693222046,0.134025,Bare Land,Peri-Urban / Sparse,0.3541,0.006717,0.6402,0.70,#FFAA00
0.3512,Moderate Risk,3,2.971766710281372,0.125857,Bare Land,Peri-Urban / Sparse,0.3541,0.006773,0.6878,0.70,#FFAA00
0.3517,Moderate Risk,3,2.7857203483581543,0.125379,Bare Land,Peri-Urban / Sparse,0.3541,0.006349,0.6906,0.70,#FFAA00
0.3575,Moderate Risk,3,2.9375503063201904,0.120481,Bare Land,Peri-Urban / Sparse,0.3541,0.006695,0.7192,0.70,#FFAA00
0.3584,Moderate Risk,3,4.09687614440918,0.120331,Bare Land,Peri-Urban / Sparse,0.3541,0.009338,0.7200,0.70,#FFAA00
0.3748,Moderate Risk,3,7.627384185791016,0.108354,Bare Land,Peri-Urban / Sparse,0.3541,0.017385,0.7899,0.70,#FFAA00
0.4173,Moderate Risk,3,15.128501892089844,0.076288,Bare Land,Low Density Urban,0.3541,0.034482,0.9768,0.70,#FFAA00
0.4414,Moderate Risk,3,18.179698944091797,0.074613,Minepits/Industry,Low Density Urban,0.3541,0.041436,0.9865,0.90,#FFAA00
0.4110,Moderate Risk,3,18.939525604248047,0.083966,Bare Land,Low Density Urban,0.3541,0.043168,0.9320,0.70,#FFAA00
0.4127,Moderate Risk,3,15.530323028564453,0.097651,Minepits/Industry,Low Density Urban,0.3541,0.035398,0.8522,0.90,#FFAA00
0.3624,Moderate Risk,3,9.691386222839355,0.120236,Bare Land,Peri-Urban / Sparse,0.3541,0.022089,0.7206,0.70,#FFAA00
0.3582,Moderate Risk,3,5.493927001953125,0.121349,Bare Land,Peri-Urban / Sparse,0.3541,0.012522,0.7141,0.70,#FFAA00
0.3571,Moderate Risk,3,4.406437397003174,0.121646,Bare Land,Peri-Urban / Sparse,0.3541,0.010043,0.7124,0.70,#FFAA00
0.3530,Moderate Risk,3,4.152237415313721,0.125031,Bare Land,Peri-Urban / Sparse,0.3541,0.009464,0.6926,0.70,#FFAA00
0.3570,Moderate Risk,3,3.950624465942383,0.121448,Bare Land,Peri-Urban / Sparse,0.3541,0.009005,0.7135,0.70,#FFAA00
0.3620,Moderate Risk,3,4.086422920227051,0.117277,Bare Land,Peri-Urban / Sparse,0.3541,0.009314,0.7378,0.70,#FFAA00
0.3108,Moderate Risk,3,5.972724437713623,0.110822,Natural Vegetation,Peri-Urban / Sparse,0.3541,0.013613,0.7755,0.10,#FFAA00
0.3798,Moderate Risk,3,19.77585220336914,0.111197,Bare Land,Low Density Urban,0.3541,0.045074,0.7733,0.70,#FFAA00
0.4041,Moderate Risk,3,23.00480842590332,0.109459,Minepits/Industry,Low Density Urban,0.3541,0.052434,0.7834,0.90,#FFAA00
0.3062,Moderate Risk,3,7.477029323577881,0.115666,Natural Vegetation,Peri-Urban / Sparse,0.3541,0.017042,0.7472,0.10,#FFAA00
0.3661,Moderate Risk,3,4.640453815460205,0.114086,Bare Land,Peri-Urban / Sparse,0.3541,0.010577,0.7564,0.70,#FFAA00
0.3663,Moderate Risk,3,4.633190155029297,0.113899,Bare Land,Peri-Urban / Sparse,0.3541,0.010560,0.7575,0.70,#FFAA00
0.3658,Moderate Risk,3,5.50108003616333,0.114843,Bare Land,Peri-Urban / Sparse,0.3541,0.012538,0.7520,0.70,#FFAA00
0.3653,Moderate Risk,3,7.280200958251953,0.116359,Bare Land,Peri-Urban / Sparse,0.3541,0.016593,0.7432,0.70,#FFAA00
0.3702,Moderate Risk,3,9.851895332336426,0.113660,Bare Land,Peri-Urban / Sparse,0.3541,0.022455,0.7589,0.70,#FFAA00
0.3768,Moderate Risk,3,13.530322074890137,0.110159,Bare Land,Low Density Urban,0.3541,0.030839,0.7793,0.70,#FFAA00
0.3691,Moderate Risk,3,5.818923473358154,0.112234,Bare Land,Peri-Urban / Sparse,0.3541,0.013263,0.7672,0.70,#FFAA00
0.3149,Moderate Risk,3,4.7585296630859375,,Bare Land,Peri-Urban / Sparse,0.3541,0.010846,0.5000,0.70,#FFAA00
0.3010,Moderate Risk,3,13.672286033630371,,Unknown,Low Density Urban,0.3541,0.031163,0.5000,0.50,#FFAA00
0.3512,Moderate Risk,3,14.00041389465332,,Built_up,Low Density Urban,0.3541,0.031911,0.5000,1.00,#FFAA00
0.4165,Moderate Risk,3,15.231330871582031,0.094186,Minepits/Industry,Low Density Urban,0.3541,0.034716,0.8724,0.90,#FFAA00
0.4432,Moderate Risk,3,46.09150695800781,0.089425,Minepits/Industry,Low Density Urban,0.3541,0.105055,0.9002,0.90,#FFAA00
0.4311,Moderate Risk,3,59.949562072753906,0.116478,Built_up,Medium Density Urban,0.3541,0.136641,0.7425,1.00,#FFAA00
0.4079,Moderate Risk,3,31.73989486694336,0.111239,Minepits/Industry,Low Density Urban,0.3541,0.072344,0.7730,0.90,#FFAA00
0.3962,Moderate Risk,3,16.110544204711914,0.112123,Minepits/Industry,Low Density Urban,0.3541,0.036720,0.7679,0.90,#FFAA00
0.2933,Low Risk,2,2.3595504760742188,,Unknown,Peri-Urban / Sparse,0.3541,0.005378,0.5000,0.50,#FFDD88
0.3333,Moderate Risk,3,2.363518476486206,0.140878,Bare Land,Peri-Urban / Sparse,0.3541,0.005387,0.6003,0.70,#FFAA00
0.3455,Moderate Risk,3,2.3512697219848633,0.130419,Bare Land,Peri-Urban / Sparse,0.3541,0.005359,0.6612,0.70,#FFAA00
0.3421,Moderate Risk,3,2.3647825717926025,0.133339,Bare Land,Peri-Urban / Sparse,0.3541,0.005390,0.6442,0.70,#FFAA00
0.3365,Moderate Risk,3,2.3939430713653564,0.138123,Bare Land,Peri-Urban / Sparse,0.3541,0.005456,0.6163,0.70,#FFAA00
0.3383,Moderate Risk,3,2.594569444656372,0.136774,Bare Land,Peri-Urban / Sparse,0.3541,0.005914,0.6242,0.70,#FFAA00
0.3485,Moderate Risk,3,3.49106502532959,0.128469,Bare Land,Peri-Urban / Sparse,0.3541,0.007957,0.6726,0.70,#FFAA00
0.3531,Moderate Risk,3,3.860203742980957,0.124760,Bare Land,Peri-Urban / Sparse,0.3541,0.008798,0.6942,0.70,#FFAA00
0.3475,Moderate Risk,3,5.173556327819824,0.130366,Bare Land,Peri-Urban / Sparse,0.3541,0.011792,0.6615,0.70,#FFAA00
0.3529,Moderate Risk,3,5.7525224685668945,0.126074,Bare Land,Peri-Urban / Sparse,0.3541,0.013112,0.6866,0.70,#FFAA00
0.3520,Moderate Risk,3,3.5556252002716064,0.125579,Bare Land,Peri-Urban / Sparse,0.3541,0.008104,0.6894,0.70,#FFAA00
0.3506,Moderate Risk,3,3.514737606048584,0.126684,Bare Land,Peri-Urban / Sparse,0.3541,0.008011,0.6830,0.70,#FFAA00
0.3625,Moderate Risk,3,5.155110836029053,0.117444,Bare Land,Peri-Urban / Sparse,0.3541,0.011750,0.7369,0.70,#FFAA00
0.3665,Moderate Risk,3,8.521102905273438,0.116029,Bare Land,Peri-Urban / Sparse,0.3541,0.019422,0.7451,0.70,#FFAA00
0.4054,Moderate Risk,3,14.712352752685547,0.103405,Minepits/Industry,Low Density Urban,0.3541,0.033533,0.8187,0.90,#FFAA00
0.4418,Moderate Risk,3,22.68125343322754,0.076927,Minepits/Industry,Low Density Urban,0.3541,0.051697,0.9731,0.90,#FFAA00
0.3590,Moderate Risk,3,20.524311065673828,0.078029,Natural Vegetation,Low Density Urban,0.3541,0.046780,0.9666,0.10,#FFAA00
0.3470,Moderate Risk,3,13.214040756225586,0.084031,Natural Vegetation,Low Density Urban,0.3541,0.030118,0.9316,0.10,#FFAA00
0.3869,Moderate Risk,3,7.774622917175293,0.115254,Minepits/Industry,Peri-Urban / Sparse,0.3541,0.017720,0.7496,0.90,#FFAA00
0.3554,Moderate Risk,3,4.396235466003418,0.123109,Bare Land,Peri-Urban / Sparse,0.3541,0.010020,0.7038,0.70,#FFAA00
0.3544,Moderate Risk,3,3.392930030822754,0.123425,Bare Land,Peri-Urban / Sparse,0.3541,0.007733,0.7020,0.70,#FFAA00
0.3547,Moderate Risk,3,3.2573599815368652,0.123084,Bare Land,Peri-Urban / Sparse,0.3541,0.007424,0.7040,0.70,#FFAA00
0.3558,Moderate Risk,3,3.272573471069336,0.122151,Bare Land,Peri-Urban / Sparse,0.3541,0.007459,0.7094,0.70,#FFAA00
0.3582,Moderate Risk,3,3.379734516143799,0.120109,Bare Land,Peri-Urban / Sparse,0.3541,0.007703,0.7213,0.70,#FFAA00
0.3063,Moderate Risk,3,4.123061180114746,0.113599,Natural Vegetation,Peri-Urban / Sparse,0.3541,0.009398,0.7593,0.10,#FFAA00
0.3093,Moderate Risk,3,5.911309719085693,0.112051,Natural Vegetation,Peri-Urban / Sparse,0.3541,0.013473,0.7683,0.10,#FFAA00
0.3867,Moderate Risk,3,6.3872575759887695,0.114562,Minepits/Industry,Peri-Urban / Sparse,0.3541,0.014558,0.7537,0.90,#FFAA00
0.3625,Moderate Risk,3,4.780206203460693,0.117213,Bare Land,Peri-Urban / Sparse,0.3541,0.010895,0.7382,0.70,#FFAA00
0.3633,Moderate Risk,3,4.328577995300293,0.116298,Bare Land,Peri-Urban / Sparse,0.3541,0.009866,0.7435,0.70,#FFAA00
0.3641,Moderate Risk,3,5.440408706665039,0.116230,Bare Land,Peri-Urban / Sparse,0.3541,0.012400,0.7439,0.70,#FFAA00
0.3683,Moderate Risk,3,9.50181770324707,0.115065,Bare Land,Peri-Urban / Sparse,0.3541,0.021657,0.7507,0.70,#FFAA00
0.3725,Moderate Risk,3,16.179832458496094,0.115376,Bare Land,Low Density Urban,0.3541,0.036878,0.7489,0.70,#FFAA00
0.3785,Moderate Risk,3,23.26854133605957,0.114365,Bare Land,Low Density Urban,0.3541,0.053035,0.7548,0.70,#FFAA00
0.3219,Moderate Risk,3,20.930089950561523,0.110064,Natural Vegetation,Low Density Urban,0.3541,0.047705,0.7799,0.10,#FFAA00
0.3075,Moderate Risk,3,4.367381572723389,0.112698,Natural Vegetation,Peri-Urban / Sparse,0.3541,0.009954,0.7645,0.10,#FFAA00
0.3657,Moderate Risk,3,2.519932985305786,0.113179,Bare Land,Peri-Urban / Sparse,0.3541,0.005744,0.7617,0.70,#FFAA00
0.3123,Moderate Risk,3,4.147218227386475,0.108483,Natural Vegetation,Peri-Urban / Sparse,0.3541,0.009453,0.7891,0.10,#FFAA00
0.3265,Moderate Risk,3,4.064452648162842,0.096276,Natural Vegetation,Peri-Urban / Sparse,0.3541,0.009264,0.8603,0.10,#FFAA00
0.3295,Moderate Risk,3,10.749180793762207,0.097620,Natural Vegetation,Low Density Urban,0.3541,0.024500,0.8524,0.10,#FFAA00
0.4743,Moderate Risk,3,83.51171875,0.093272,Built_up,Medium Density Urban,0.3541,0.190345,0.8778,1.00,#FFAA00
0.4415,Moderate Risk,3,143.6813201904297,0.156685,Built_up,High Density Urban,0.3541,0.327488,0.5081,1.00,#FFAA00
0.4128,Moderate Risk,3,93.19583892822266,0.151699,Built_up,Medium Density Urban,0.3541,0.212418,0.5372,1.00,#FFAA00
0.4033,Moderate Risk,3,74.94696807861328,0.140593,Minepits/Industry,Medium Density Urban,0.3541,0.170824,0.6019,0.90,#FFAA00
0.3133,Moderate Risk,3,2.3937103748321533,,Bare Land,Peri-Urban / Sparse,0.3541,0.005456,0.5000,0.70,#FFAA00
0.3356,Moderate Risk,3,2.4052844047546387,0.138916,Bare Land,Peri-Urban / Sparse,0.3541,0.005482,0.6117,0.70,#FFAA00
0.3375,Moderate Risk,3,2.3991217613220215,0.137263,Bare Land,Peri-Urban / Sparse,0.3541,0.005468,0.6213,0.70,#FFAA00
0.3429,Moderate Risk,3,2.436483860015869,0.132671,Bare Land,Peri-Urban / Sparse,0.3541,0.005553,0.6481,0.70,#FFAA00
0.3400,Moderate Risk,3,2.6428771018981934,0.135269,Bare Land,Peri-Urban / Sparse,0.3541,0.006024,0.6329,0.70,#FFAA00
0.3379,Moderate Risk,3,3.0589756965637207,0.137340,Bare Land,Peri-Urban / Sparse,0.3541,0.006972,0.6209,0.70,#FFAA00
0.3437,Moderate Risk,3,3.5775890350341797,0.132649,Bare Land,Peri-Urban / Sparse,0.3541,0.008154,0.6482,0.70,#FFAA00
0.3475,Moderate Risk,3,4.097667694091797,0.129692,Bare Land,Peri-Urban / Sparse,0.3541,0.009340,0.6655,0.70,#FFAA00
0.3510,Moderate Risk,3,4.497717380523682,0.126948,Bare Land,Peri-Urban / Sparse,0.3541,0.010251,0.6815,0.70,#FFAA00
0.3555,Moderate Risk,3,3.8626580238342285,0.122750,Bare Land,Peri-Urban / Sparse,0.3541,0.008804,0.7059,0.70,#FFAA00
0.3541,Moderate Risk,3,3.717423677444458,0.123847,Bare Land,Peri-Urban / Sparse,0.3541,0.008473,0.6995,0.70,#FFAA00
0.3504,Moderate Risk,3,4.4795756340026855,0.127420,Bare Land,Peri-Urban / Sparse,0.3541,0.010210,0.6787,0.70,#FFAA00
0.3560,Moderate Risk,3,6.791724681854248,0.123974,Bare Land,Peri-Urban / Sparse,0.3541,0.015480,0.6988,0.70,#FFAA00
0.3883,Moderate Risk,3,8.114117622375488,0.097075,Bare Land,Peri-Urban / Sparse,0.3541,0.018494,0.8556,0.70,#FFAA00
0.4100,Moderate Risk,3,9.586543083190918,0.096524,Minepits/Industry,Peri-Urban / Sparse,0.3541,0.021850,0.8588,0.90,#FFAA00
0.4057,Moderate Risk,3,7.071239471435547,0.098687,Minepits/Industry,Peri-Urban / Sparse,0.3541,0.016117,0.8462,0.90,#FFAA00
0.3181,Moderate Risk,3,4.625561237335205,0.103821,Natural Vegetation,Peri-Urban / Sparse,0.3541,0.010543,0.8163,0.10,#FFAA00
0.3104,Moderate Risk,3,3.6743004322052,0.109850,Natural Vegetation,Peri-Urban / Sparse,0.3541,0.008375,0.7811,0.10,#FFAA00
0.3539,Moderate Risk,3,3.0748367309570312,0.123652,Bare Land,Peri-Urban / Sparse,0.3541,0.007008,0.7007,0.70,#FFAA00
0.3527,Moderate Risk,3,2.9008336067199707,0.124594,Bare Land,Peri-Urban / Sparse,0.3541,0.006612,0.6952,0.70,#FFAA00
0.3530,Moderate Risk,3,2.9255895614624023,0.124316,Bare Land,Peri-Urban / Sparse,0.3541,0.006668,0.6968,0.70,#FFAA00
0.3782,Moderate Risk,3,2.973069429397583,0.119864,Minepits/Industry,Peri-Urban / Sparse,0.3541,0.006776,0.7228,0.90,#FFAA00
0.3761,Moderate Risk,3,3.09266996383667,0.121718,Minepits/Industry,Peri-Urban / Sparse,0.3541,0.007049,0.7119,0.90,#FFAA00
0.3555,Moderate Risk,3,3.3359439373016357,0.122427,Bare Land,Peri-Urban / Sparse,0.3541,0.007603,0.7078,0.70,#FFAA00
0.3673,Moderate Risk,3,3.4303219318389893,0.112306,Bare Land,Peri-Urban / Sparse,0.3541,0.007819,0.7668,0.70,#FFAA00
0.3853,Moderate Risk,3,3.4984984397888184,0.114151,Minepits/Industry,Peri-Urban / Sparse,0.3541,0.007974,0.7561,0.90,#FFAA00
0.3640,Moderate Risk,3,3.6514196395874023,0.115298,Bare Land,Peri-Urban / Sparse,0.3541,0.008323,0.7494,0.70,#FFAA00
0.3611,Moderate Risk,3,4.096635818481445,0.118021,Bare Land,Peri-Urban / Sparse,0.3541,0.009337,0.7335,0.70,#FFAA00
0.3013,Moderate Risk,3,5.515278339385986,0.118682,Natural Vegetation,Peri-Urban / Sparse,0.3541,0.012571,0.7296,0.10,#FFAA00
0.3868,Moderate Risk,3,11.250411033630371,0.117373,Minepits/Industry,Low Density Urban,0.3541,0.025643,0.7373,0.90,#FFAA00
0.3972,Moderate Risk,3,21.58480453491211,0.097390,Bare Land,Low Density Urban,0.3541,0.049197,0.8538,0.70,#FFAA00
0.4017,Moderate Risk,3,24.532724380493164,0.112363,Minepits/Industry,Low Density Urban,0.3541,0.055917,0.7665,0.90,#FFAA00
0.3781,Moderate Risk,3,27.9935302734375,0.117516,Bare Land,Low Density Urban,0.3541,0.063805,0.7364,0.70,#FFAA00
0.3714,Moderate Risk,3,13.658936500549316,0.114810,Bare Land,Low Density Urban,0.3541,0.031132,0.7522,0.70,#FFAA00
0.3869,Moderate Risk,3,4.556986331939697,0.113315,Minepits/Industry,Peri-Urban / Sparse,0.3541,0.010387,0.7609,0.90,#FFAA00
0.3163,Moderate Risk,3,6.601131439208984,0.106487,Natural Vegetation,Peri-Urban / Sparse,0.3541,0.015046,0.8007,0.10,#FFAA00
0.3215,Moderate Risk,3,8.519124031066895,0.103186,Natural Vegetation,Peri-Urban / Sparse,0.3541,0.019417,0.8200,0.10,#FFAA00
0.4388,Moderate Risk,3,63.16317367553711,0.103222,Minepits/Industry,Medium Density Urban,0.3541,0.143966,0.8198,0.90,#FFAA00
0.6123,High Risk,4,292.5927734375,0.088953,Minepits/Industry,High Density Urban,0.3541,0.666896,0.9029,0.90,#FF6600
0.6680,High Risk,4,394.15447998046875,0.109342,Built_up,High Density Urban,0.3541,0.898382,0.7841,1.00,#FF6600
0.4380,Moderate Risk,3,380.6656799316406,0.230098,Oasis Agriculture/Palm,High Density Urban,0.3541,0.867637,0.0801,0.20,#FFAA00
0.6339,High Risk,4,385.5804138183594,0.133513,Built_up,High Density Urban,0.3541,0.878839,0.6432,1.00,#FF6600
0.3133,Moderate Risk,3,2.485766887664795,,Bare Land,Peri-Urban / Sparse,0.3541,0.005666,0.5000,0.70,#FFAA00
0.3360,Moderate Risk,3,2.5636050701141357,0.138689,Bare Land,Peri-Urban / Sparse,0.3541,0.005843,0.6130,0.70,#FFAA00
0.3386,Moderate Risk,3,2.68595814704895,0.136490,Bare Land,Peri-Urban / Sparse,0.3541,0.006122,0.6258,0.70,#FFAA00
0.3411,Moderate Risk,3,2.9261703491210938,0.134532,Bare Land,Peri-Urban / Sparse,0.3541,0.006670,0.6372,0.70,#FFAA00
0.3439,Moderate Risk,3,4.389472484588623,0.132949,Bare Land,Peri-Urban / Sparse,0.3541,0.010005,0.6465,0.70,#FFAA00
0.3450,Moderate Risk,3,4.932170867919922,0.132333,Bare Land,Peri-Urban / Sparse,0.3541,0.011242,0.6501,0.70,#FFAA00
0.3442,Moderate Risk,3,4.705634117126465,0.132950,Bare Land,Peri-Urban / Sparse,0.3541,0.010725,0.6465,0.70,#FFAA00
0.3480,Moderate Risk,3,4.052710056304932,0.129241,Bare Land,Peri-Urban / Sparse,0.3541,0.009237,0.6681,0.70,#FFAA00
0.3452,Moderate Risk,3,3.4343037605285645,0.131279,Bare Land,Peri-Urban / Sparse,0.3541,0.007828,0.6562,0.70,#FFAA00
0.3543,Moderate Risk,3,3.4932961463928223,0.123493,Bare Land,Peri-Urban / Sparse,0.3541,0.007962,0.7016,0.70,#FFAA00
0.3529,Moderate Risk,3,4.540229320526123,0.125317,Bare Land,Peri-Urban / Sparse,0.3541,0.010348,0.6910,0.70,#FFAA00
0.3515,Moderate Risk,3,4.570019721984863,0.126560,Bare Land,Peri-Urban / Sparse,0.3541,0.010416,0.6837,0.70,#FFAA00
0.3528,Moderate Risk,3,3.4948205947875977,0.124780,Bare Land,Peri-Urban / Sparse,0.3541,0.007966,0.6941,0.70,#FFAA00
0.3639,Moderate Risk,3,3.3101961612701416,0.115161,Bare Land,Peri-Urban / Sparse,0.3541,0.007545,0.7502,0.70,#FFAA00
0.3670,Moderate Risk,3,3.123122453689575,0.112396,Bare Land,Peri-Urban / Sparse,0.3541,0.007118,0.7663,0.70,#FFAA00
0.3709,Moderate Risk,3,2.851149797439575,0.108919,Bare Land,Peri-Urban / Sparse,0.3541,0.006499,0.7866,0.70,#FFAA00
0.3953,Moderate Risk,3,2.5950608253479004,0.105040,Minepits/Industry,Peri-Urban / Sparse,0.3541,0.005915,0.8092,0.90,#FFAA00
0.3912,Moderate Risk,3,2.547257423400879,0.108500,Minepits/Industry,Peri-Urban / Sparse,0.3541,0.005806,0.7890,0.90,#FFAA00
0.3878,Moderate Risk,3,2.6133081912994385,0.111421,Minepits/Industry,Peri-Urban / Sparse,0.3541,0.005956,0.7720,0.90,#FFAA00
0.3474,Moderate Risk,3,2.687732458114624,0.128980,Bare Land,Peri-Urban / Sparse,0.3541,0.006126,0.6696,0.70,#FFAA00
0.3525,Moderate Risk,3,2.756375789642334,0.124677,Bare Land,Peri-Urban / Sparse,0.3541,0.006283,0.6947,0.70,#FFAA00
0.3586,Moderate Risk,3,2.9626240730285645,0.119508,Bare Land,Peri-Urban / Sparse,0.3541,0.006753,0.7248,0.70,#FFAA00
0.3556,Moderate Risk,3,3.224026918411255,0.122263,Bare Land,Peri-Urban / Sparse,0.3541,0.007348,0.7088,0.70,#FFAA00
0.3611,Moderate Risk,3,3.4337921142578125,0.117630,Bare Land,Peri-Urban / Sparse,0.3541,0.007827,0.7358,0.70,#FFAA00
0.3099,Moderate Risk,3,3.573056697845459,0.110240,Natural Vegetation,Peri-Urban / Sparse,0.3541,0.008144,0.7789,0.10,#FFAA00
0.3028,Moderate Risk,3,3.965980291366577,0.116516,Natural Vegetation,Peri-Urban / Sparse,0.3541,0.009040,0.7423,0.10,#FFAA00
0.3631,Moderate Risk,3,4.918198108673096,0.116838,Bare Land,Peri-Urban / Sparse,0.3541,0.011210,0.7404,0.70,#FFAA00
0.3624,Moderate Risk,3,6.780079364776611,0.118511,Bare Land,Peri-Urban / Sparse,0.3541,0.015454,0.7306,0.70,#FFAA00
0.3628,Moderate Risk,3,12.551255226135254,0.121551,Bare Land,Low Density Urban,0.3541,0.028608,0.7129,0.70,#FFAA00
0.4035,Moderate Risk,3,25.838581085205078,0.094427,Bare Land,Low Density Urban,0.3541,0.058893,0.8710,0.70,#FFAA00
0.4097,Moderate Risk,3,34.18198013305664,0.111145,Minepits/Industry,Low Density Urban,0.3541,0.077910,0.7736,0.90,#FFAA00
0.3866,Moderate Risk,3,35.78036880493164,0.114735,Bare Land,Low Density Urban,0.3541,0.081553,0.7527,0.70,#FFAA00
0.3829,Moderate Risk,3,27.035247802734375,0.112774,Bare Land,Low Density Urban,0.3541,0.061620,0.7641,0.70,#FFAA00
0.3796,Moderate Risk,3,17.829435348510742,0.110216,Bare Land,Low Density Urban,0.3541,0.040638,0.7790,0.70,#FFAA00
0.3271,Moderate Risk,3,19.269113540649414,0.104654,Natural Vegetation,Low Density Urban,0.3541,0.043919,0.8114,0.10,#FFAA00
0.4342,Moderate Risk,3,56.332740783691406,0.103137,Minepits/Industry,Medium Density Urban,0.3541,0.128397,0.8203,0.90,#FFAA00
0.4938,Moderate Risk,3,141.77003479003906,0.102096,Minepits/Industry,High Density Urban,0.3541,0.323131,0.8263,0.90,#FFAA00
0.6137,High Risk,4,328.3570556640625,0.108754,Minepits/Industry,High Density Urban,0.3541,0.748412,0.7875,0.90,#FF6600
0.6908,High Risk,4,420.0075988769531,0.104936,Built_up,High Density Urban,0.3541,0.957308,0.8098,1.00,#FF6600
0.5603,High Risk,4,425.5768737792969,0.151506,Oasis Agriculture/Palm,High Density Urban,0.3541,0.970002,0.5383,0.20,#FF6600
0.5840,High Risk,4,438.73822021484375,0.138928,Oasis Agriculture/Palm,High Density Urban,0.3541,1.000000,0.6116,0.20,#FF6600
0.3139,Moderate Risk,3,3.253310203552246,,Bare Land,Peri-Urban / Sparse,0.3541,0.007415,0.5000,0.70,#FFAA00
0.3338,Moderate Risk,3,4.139089107513428,0.141535,Bare Land,Peri-Urban / Sparse,0.3541,0.009434,0.5964,0.70,#FFAA00
0.3404,Moderate Risk,3,3.7192695140838623,0.135567,Bare Land,Peri-Urban / Sparse,0.3541,0.008477,0.6312,0.70,#FFAA00
0.3408,Moderate Risk,3,3.5281436443328857,0.135103,Bare Land,Peri-Urban / Sparse,0.3541,0.008042,0.6339,0.70,#FFAA00
0.3388,Moderate Risk,3,4.041390895843506,0.137168,Bare Land,Peri-Urban / Sparse,0.3541,0.009211,0.6219,0.70,#FFAA00
0.3411,Moderate Risk,3,6.5603508949279785,0.136682,Bare Land,Peri-Urban / Sparse,0.3541,0.014953,0.6247,0.70,#FFAA00
0.3448,Moderate Risk,3,7.696722507476807,0.134163,Bare Land,Peri-Urban / Sparse,0.3541,0.017543,0.6394,0.70,#FFAA00
0.3446,Moderate Risk,3,8.158926010131836,0.134620,Bare Land,Peri-Urban / Sparse,0.3541,0.018596,0.6367,0.70,#FFAA00
0.3467,Moderate Risk,3,8.395050048828125,0.132932,Bare Land,Peri-Urban / Sparse,0.3541,0.019135,0.6466,0.70,#FFAA00
0.3516,Moderate Risk,3,8.466968536376953,0.128795,Bare Land,Peri-Urban / Sparse,0.3541,0.019298,0.6707,0.70,#FFAA00
0.3715,Moderate Risk,3,7.392207622528076,0.111080,Bare Land,Peri-Urban / Sparse,0.3541,0.016849,0.7740,0.70,#FFAA00
0.3670,Moderate Risk,3,6.416318416595459,0.114379,Bare Land,Peri-Urban / Sparse,0.3541,0.014624,0.7547,0.70,#FFAA00
0.3475,Moderate Risk,3,3.4619765281677246,0.129370,Bare Land,Peri-Urban / Sparse,0.3541,0.007891,0.6673,0.70,#FFAA00
0.3542,Moderate Risk,3,3.1524782180786133,0.123456,Bare Land,Peri-Urban / Sparse,0.3541,0.007185,0.7018,0.70,#FFAA00
0.3691,Moderate Risk,3,3.4341418743133545,0.110772,Bare Land,Peri-Urban / Sparse,0.3541,0.007827,0.7758,0.70,#FFAA00
0.3988,Moderate Risk,3,3.4342126846313477,0.102486,Minepits/Industry,Peri-Urban / Sparse,0.3541,0.007827,0.8241,0.90,#FFAA00
0.3176,Moderate Risk,3,2.97609806060791,0.103257,Natural Vegetation,Peri-Urban / Sparse,0.3541,0.006783,0.8196,0.10,#FFAA00
0.3952,Moderate Risk,3,3.035578727722168,0.105371,Minepits/Industry,Peri-Urban / Sparse,0.3541,0.006919,0.8072,0.90,#FFAA00
0.3122,Moderate Risk,3,3.2385311126708984,0.108060,Natural Vegetation,Peri-Urban / Sparse,0.3541,0.007381,0.7916,0.10,#FFAA00
0.3836,Moderate Risk,3,3.3341245651245117,0.115477,Minepits/Industry,Peri-Urban / Sparse,0.3541,0.007599,0.7483,0.90,#FFAA00
0.3480,Moderate Risk,3,3.361661672592163,0.128834,Bare Land,Peri-Urban / Sparse,0.3541,0.007662,0.6705,0.70,#FFAA00
0.3532,Moderate Risk,3,3.473356246948242,0.124454,Bare Land,Peri-Urban / Sparse,0.3541,0.007917,0.6960,0.70,#FFAA00
0.3565,Moderate Risk,3,3.6056344509124756,0.121747,Bare Land,Peri-Urban / Sparse,0.3541,0.008218,0.7118,0.70,#FFAA00
0.3549,Moderate Risk,3,4.78806734085083,0.123775,Bare Land,Peri-Urban / Sparse,0.3541,0.010913,0.7000,0.70,#FFAA00
0.3026,Moderate Risk,3,5.779226303100586,0.117748,Natural Vegetation,Peri-Urban / Sparse,0.3541,0.013172,0.7351,0.10,#FFAA00
0.3078,Moderate Risk,3,6.663812637329102,0.113804,Natural Vegetation,Peri-Urban / Sparse,0.3541,0.015189,0.7581,0.10,#FFAA00
0.3970,Moderate Risk,3,9.5626859664917,0.116244,Built_up,Peri-Urban / Sparse,0.3541,0.021796,0.7439,1.00,#FFAA00
0.3691,Moderate Risk,3,13.220627784729004,0.116550,Bare Land,Low Density Urban,0.3541,0.030133,0.7421,0.70,#FFAA00
0.3700,Moderate Risk,3,15.577308654785156,0.117164,Bare Land,Low Density Urban,0.3541,0.035505,0.7385,0.70,#FFAA00
0.3994,Moderate Risk,3,23.40586280822754,0.096514,Bare Land,Low Density Urban,0.3541,0.053348,0.8589,0.70,#FFAA00
0.4231,Moderate Risk,3,21.724084854125977,0.092362,Minepits/Industry,Low Density Urban,0.3541,0.049515,0.8831,0.90,#FFAA00
0.3794,Moderate Risk,3,25.6983699798584,0.115059,Bare Land,Low Density Urban,0.3541,0.058573,0.7508,0.70,#FFAA00
0.3219,Moderate Risk,3,25.01511573791504,0.112506,Natural Vegetation,Low Density Urban,0.3541,0.057016,0.7656,0.10,#FFAA00
0.4032,Moderate Risk,3,26.816862106323242,0.112429,Minepits/Industry,Low Density Urban,0.3541,0.061123,0.7661,0.90,#FFAA00
0.4216,Moderate Risk,3,29.70035171508789,0.106912,Built_up,Low Density Urban,0.3541,0.067695,0.7983,1.00,#FFAA00
0.3259,Moderate Risk,3,34.27224349975586,0.114511,Natural Vegetation,Low Density Urban,0.3541,0.078115,0.7540,0.10,#FFAA00
0.4524,Moderate Risk,3,111.40733337402344,0.102699,Bare Land,High Density Urban,0.3541,0.253927,0.8228,0.70,#FFAA00
0.5814,High Risk,4,263.7350769042969,0.098570,Minepits/Industry,High Density Urban,0.3541,0.601122,0.8469,0.90,#FF6600
0.6271,High Risk,4,308.87384033203125,0.094419,Built_up,High Density Urban,0.3541,0.704005,0.8711,1.00,#FF6600
0.6226,High Risk,4,320.2280578613281,0.104932,Built_up,High Density Urban,0.3541,0.729884,0.8098,1.00,#FF6600
0.5824,High Risk,4,293.2080383300781,0.123543,Built_up,High Density Urban,0.3541,0.668298,0.7013,1.00,#FF6600
0.3172,Moderate Risk,3,8.124128341674805,,Bare Land,Peri-Urban / Sparse,0.3541,0.018517,0.5000,0.70,#FFAA00
0.3362,Moderate Risk,3,4.6182780265808105,0.139736,Bare Land,Peri-Urban / Sparse,0.3541,0.010526,0.6069,0.70,#FFAA00
0.3376,Moderate Risk,3,3.254077911376953,0.137706,Bare Land,Peri-Urban / Sparse,0.3541,0.007417,0.6187,0.70,#FFAA00
0.3357,Moderate Risk,3,3.477522134780884,0.139455,Bare Land,Peri-Urban / Sparse,0.3541,0.007926,0.6085,0.70,#FFAA00
0.3418,Moderate Risk,3,5.551060199737549,0.135439,Bare Land,Peri-Urban / Sparse,0.3541,0.012652,0.6320,0.70,#FFAA00
0.3443,Moderate Risk,3,7.6017255783081055,0.134546,Bare Land,Peri-Urban / Sparse,0.3541,0.017326,0.6372,0.70,#FFAA00
0.3694,Moderate Risk,3,20.908002853393555,0.120806,Bare Land,Low Density Urban,0.3541,0.047655,0.7173,0.70,#FFAA00
0.3930,Moderate Risk,3,32.165836334228516,0.107138,Bare Land,Low Density Urban,0.3541,0.073314,0.7969,0.70,#FFAA00
0.3745,Moderate Risk,3,26.243270874023438,0.119533,Bare Land,Low Density Urban,0.3541,0.059815,0.7247,0.70,#FFAA00
0.3577,Moderate Risk,3,8.135656356811523,0.123301,Bare Land,Peri-Urban / Sparse,0.3541,0.018543,0.7027,0.70,#FFAA00
0.3629,Moderate Risk,3,3.976746082305908,0.116427,Bare Land,Peri-Urban / Sparse,0.3541,0.009064,0.7428,0.70,#FFAA00
0.3545,Moderate Risk,3,3.202826499938965,0.123188,Bare Land,Peri-Urban / Sparse,0.3541,0.007300,0.7034,0.70,#FFAA00
0.3462,Moderate Risk,3,3.31364107131958,0.130345,Bare Land,Peri-Urban / Sparse,0.3541,0.007553,0.6617,0.70,#FFAA00
0.3539,Moderate Risk,3,4.701658725738525,0.124632,Bare Land,Peri-Urban / Sparse,0.3541,0.010716,0.6950,0.70,#FFAA00
0.3205,Moderate Risk,3,6.252331256866455,0.102691,Natural Vegetation,Peri-Urban / Sparse,0.3541,0.014251,0.8229,0.10,#FFAA00
0.3966,Moderate Risk,3,4.7408576011657715,0.105148,Minepits/Industry,Peri-Urban / Sparse,0.3541,0.010806,0.8085,0.90,#FFAA00
0.3156,Moderate Risk,3,5.11518669128418,0.106196,Natural Vegetation,Peri-Urban / Sparse,0.3541,0.011659,0.8024,0.10,#FFAA00
0.3975,Moderate Risk,3,6.462654113769531,0.105363,Minepits/Industry,Peri-Urban / Sparse,0.3541,0.014730,0.8073,0.90,#FFAA00
0.3927,Moderate Risk,3,7.32277774810791,0.110012,Minepits/Industry,Peri-Urban / Sparse,0.3541,0.016691,0.7802,0.90,#FFAA00
0.3504,Moderate Risk,3,5.3268280029296875,0.127955,Bare Land,Peri-Urban / Sparse,0.3541,0.012141,0.6756,0.70,#FFAA00
0.3582,Moderate Risk,3,5.139211177825928,0.121138,Bare Land,Peri-Urban / Sparse,0.3541,0.011714,0.7153,0.70,#FFAA00
0.3639,Moderate Risk,3,4.376866817474365,0.115815,Bare Land,Peri-Urban / Sparse,0.3541,0.009976,0.7464,0.70,#FFAA00
0.3061,Moderate Risk,3,4.667227268218994,0.114070,Natural Vegetation,Peri-Urban / Sparse,0.3541,0.010638,0.7565,0.10,#FFAA00
0.3668,Moderate Risk,3,5.5012006759643555,0.113990,Bare Land,Peri-Urban / Sparse,0.3541,0.012539,0.7570,0.70,#FFAA00
0.4012,Moderate Risk,3,5.882079124450684,0.110415,Built_up,Peri-Urban / Sparse,0.3541,0.013407,0.7778,1.00,#FFAA00
0.4072,Moderate Risk,3,6.9341511726379395,0.105937,Built_up,Peri-Urban / Sparse,0.3541,0.015805,0.8039,1.00,#FFAA00
0.3669,Moderate Risk,3,7.814250469207764,0.115230,Bare Land,Peri-Urban / Sparse,0.3541,0.017811,0.7498,0.70,#FFAA00
0.3620,Moderate Risk,3,8.11433219909668,0.119648,Bare Land,Peri-Urban / Sparse,0.3541,0.018495,0.7240,0.70,#FFAA00
0.3139,Moderate Risk,3,10.671792984008789,0.110937,Natural Vegetation,Low Density Urban,0.3541,0.024324,0.7748,0.10,#FFAA00
0.3033,Moderate Risk,3,12.99500846862793,0.121362,Natural Vegetation,Low Density Urban,0.3541,0.029619,0.7140,0.10,#FFAA00
0.4016,Moderate Risk,3,30.255680084228516,0.115814,Minepits/Industry,Low Density Urban,0.3541,0.068961,0.7464,0.90,#FFAA00
0.4158,Moderate Risk,3,71.34723663330078,0.110582,Bare Land,Medium Density Urban,0.3541,0.162619,0.7769,0.70,#FFAA00
0.3904,Moderate Risk,3,116.19104766845703,0.107160,Natural Vegetation,High Density Urban,0.3541,0.264830,0.7968,0.10,#FFAA00
0.3784,Moderate Risk,3,97.66394805908203,0.106639,Natural Vegetation,Medium Density Urban,0.3541,0.222602,0.7998,0.10,#FFAA00
0.3804,Moderate Risk,3,33.16248321533203,0.118560,Bare Land,Low Density Urban,0.3541,0.075586,0.7304,0.70,#FFAA00
0.3810,Moderate Risk,3,32.26841735839844,0.117514,Bare Land,Low Density Urban,0.3541,0.073548,0.7365,0.70,#FFAA00
0.4045,Moderate Risk,3,41.9324951171875,0.120191,Minepits/Industry,Low Density Urban,0.3541,0.095575,0.7208,0.90,#FFAA00
0.4077,Moderate Risk,3,41.232086181640625,0.117014,Minepits/Industry,Low Density Urban,0.3541,0.093979,0.7394,0.90,#FFAA00
0.4130,Moderate Risk,3,46.54411315917969,0.115558,Minepits/Industry,Low Density Urban,0.3541,0.106086,0.7479,0.90,#FFAA00
0.3929,Moderate Risk,3,50.905269622802734,0.135349,Minepits/Industry,Medium Density Urban,0.3541,0.116027,0.6325,0.90,#FFAA00
0.2953,Low Risk,2,5.331529140472412,,Unknown,Peri-Urban / Sparse,0.3541,0.012152,0.5000,0.50,#FFDD88
0.3074,Moderate Risk,3,3.7293548583984375,0.146737,Unknown,Peri-Urban / Sparse,0.3541,0.008500,0.5661,0.50,#FFAA00
0.3276,Moderate Risk,3,3.402916669845581,0.146416,Bare Land,Peri-Urban / Sparse,0.3541,0.007756,0.5680,0.70,#FFAA00
0.3288,Moderate Risk,3,3.1294667720794678,0.145232,Bare Land,Peri-Urban / Sparse,0.3541,0.007133,0.5749,0.70,#FFAA00
0.3306,Moderate Risk,3,2.8181729316711426,0.143421,Bare Land,Peri-Urban / Sparse,0.3541,0.006423,0.5854,0.70,#FFAA00
0.3343,Moderate Risk,3,3.0230624675750732,0.140400,Bare Land,Peri-Urban / Sparse,0.3541,0.006890,0.6030,0.70,#FFAA00
0.3365,Moderate Risk,3,4.2235517501831055,0.139184,Bare Land,Peri-Urban / Sparse,0.3541,0.009627,0.6101,0.70,#FFAA00
0.3420,Moderate Risk,3,5.904122829437256,0.135462,Bare Land,Peri-Urban / Sparse,0.3541,0.013457,0.6318,0.70,#FFAA00
0.3463,Moderate Risk,3,8.82059097290039,0.133525,Bare Land,Peri-Urban / Sparse,0.3541,0.020104,0.6431,0.70,#FFAA00
0.3448,Moderate Risk,3,10.447836875915527,0.135725,Bare Land,Low Density Urban,0.3541,0.023813,0.6303,0.70,#FFAA00
0.3505,Moderate Risk,3,11.590814590454102,0.131540,Bare Land,Low Density Urban,0.3541,0.026419,0.6547,0.70,#FFAA00
0.3425,Moderate Risk,3,6.146625995635986,0.135179,Bare Land,Peri-Urban / Sparse,0.3541,0.014010,0.6335,0.70,#FFAA00
0.3526,Moderate Risk,3,5.25203800201416,0.126013,Bare Land,Peri-Urban / Sparse,0.3541,0.011971,0.6869,0.70,#FFAA00
0.3637,Moderate Risk,3,6.1678900718688965,0.117069,Bare Land,Peri-Urban / Sparse,0.3541,0.014058,0.7390,0.70,#FFAA00
0.3525,Moderate Risk,3,4.615306377410889,0.125724,Bare Land,Peri-Urban / Sparse,0.3541,0.010519,0.6886,0.70,#FFAA00
0.3509,Moderate Risk,3,4.648629665374756,0.127169,Bare Land,Peri-Urban / Sparse,0.3541,0.010595,0.6802,0.70,#FFAA00
0.3686,Moderate Risk,3,5.692625522613525,0.112526,Bare Land,Peri-Urban / Sparse,0.3541,0.012975,0.7655,0.70,#FFAA00
0.3933,Moderate Risk,3,5.6879377365112305,0.108476,Minepits/Industry,Peri-Urban / Sparse,0.3541,0.012964,0.7891,0.90,#FFAA00
0.3833,Moderate Risk,3,4.76385498046875,0.116535,Minepits/Industry,Peri-Urban / Sparse,0.3541,0.010858,0.7422,0.90,#FFAA00
0.3947,Moderate Risk,3,5.267570972442627,0.107101,Minepits/Industry,Peri-Urban / Sparse,0.3541,0.012006,0.7972,0.90,#FFAA00
0.3987,Moderate Risk,3,5.719742298126221,0.103953,Minepits/Industry,Peri-Urban / Sparse,0.3541,0.013037,0.8155,0.90,#FFAA00
0.3774,Moderate Risk,3,3.8001341819763184,0.121039,Minepits/Industry,Peri-Urban / Sparse,0.3541,0.008662,0.7159,0.90,#FFAA00
0.3571,Moderate Risk,3,4.1006059646606445,0.121447,Bare Land,Peri-Urban / Sparse,0.3541,0.009346,0.7135,0.70,#FFAA00
0.3821,Moderate Risk,3,4.108824253082275,0.117160,Minepits/Industry,Peri-Urban / Sparse,0.3541,0.009365,0.7385,0.90,#FFAA00
0.3009,Moderate Risk,3,3.3173108100891113,0.117787,Natural Vegetation,Peri-Urban / Sparse,0.3541,0.007561,0.7349,0.10,#FFAA00
0.3021,Moderate Risk,3,3.1579136848449707,0.116607,Natural Vegetation,Peri-Urban / Sparse,0.3541,0.007198,0.7417,0.10,#FFAA00
0.3068,Moderate Risk,3,3.1958885192871094,0.112675,Natural Vegetation,Peri-Urban / Sparse,0.3541,0.007284,0.7647,0.10,#FFAA00
0.3162,Moderate Risk,3,3.4237232208251953,0.104698,Natural Vegetation,Peri-Urban / Sparse,0.3541,0.007804,0.8112,0.10,#FFAA00
0.3985,Moderate Risk,3,3.813096523284912,0.111553,Built_up,Peri-Urban / Sparse,0.3541,0.008691,0.7712,1.00,#FFAA00
0.3619,Moderate Risk,3,4.222309112548828,0.117422,Bare Land,Peri-Urban / Sparse,0.3541,0.009624,0.7370,0.70,#FFAA00
0.3589,Moderate Risk,3,6.060760498046875,0.121130,Bare Land,Peri-Urban / Sparse,0.3541,0.013814,0.7154,0.70,#FFAA00
0.3612,Moderate Risk,3,12.638077735900879,0.122954,Bare Land,Low Density Urban,0.3541,0.028806,0.7047,0.70,#FFAA00
0.3202,Moderate Risk,3,34.35574722290039,0.119425,Natural Vegetation,Low Density Urban,0.3541,0.078306,0.7253,0.10,#FFAA00
0.4411,Moderate Risk,3,106.27288055419922,0.109344,Bare Land,High Density Urban,0.3541,0.242224,0.7841,0.70,#FFAA00
0.5783,High Risk,4,250.2008819580078,0.093279,Minepits/Industry,High Density Urban,0.3541,0.570274,0.8777,0.90,#FF6600
0.5063,High Risk,4,150.40736389160156,0.096496,Minepits/Industry,High Density Urban,0.3541,0.342818,0.8590,0.90,#FF6600
0.3331,Moderate Risk,3,51.61552047729492,0.118493,Natural Vegetation,Medium Density Urban,0.3541,0.117645,0.7307,0.10,#FFAA00
0.3622,Moderate Risk,3,16.209369659423828,0.124238,Bare Land,Low Density Urban,0.3541,0.036945,0.6973,0.70,#FFAA00
0.3594,Moderate Risk,3,9.629833221435547,0.122719,Bare Land,Peri-Urban / Sparse,0.3541,0.021949,0.7061,0.70,#FFAA00
0.3629,Moderate Risk,3,7.2438063621521,0.118324,Bare Land,Peri-Urban / Sparse,0.3541,0.016511,0.7317,0.70,#FFAA00
0.3671,Moderate Risk,3,7.317087173461914,0.114811,Bare Land,Peri-Urban / Sparse,0.3541,0.016678,0.7522,0.70,#FFAA00
0.3660,Moderate Risk,3,7.603997230529785,0.115881,Bare Land,Peri-Urban / Sparse,0.3541,0.017332,0.7460,0.70,#FFAA00
0.3010,Moderate Risk,3,13.714914321899414,,Unknown,Low Density Urban,0.3541,0.031260,0.5000,0.50,#FFAA00
0.3318,Moderate Risk,3,9.201276779174805,0.146182,Bare Land,Peri-Urban / Sparse,0.3541,0.020972,0.5693,0.70,#FFAA00
0.3286,Moderate Risk,3,4.343749523162842,0.146069,Bare Land,Peri-Urban / Sparse,0.3541,0.009901,0.5700,0.70,#FFAA00
0.3273,Moderate Risk,3,3.311253547668457,0.146551,Bare Land,Peri-Urban / Sparse,0.3541,0.007547,0.5672,0.70,#FFAA00
0.3267,Moderate Risk,3,2.945732593536377,0.146891,Bare Land,Peri-Urban / Sparse,0.3541,0.006714,0.5652,0.70,#FFAA00
0.3255,Moderate Risk,3,3.0030288696289062,0.147967,Bare Land,Peri-Urban / Sparse,0.3541,0.006845,0.5589,0.70,#FFAA00
0.3273,Moderate Risk,3,3.472944498062134,0.146655,Bare Land,Peri-Urban / Sparse,0.3541,0.007916,0.5666,0.70,#FFAA00
0.3341,Moderate Risk,3,5.108463764190674,0.141791,Bare Land,Peri-Urban / Sparse,0.3541,0.011644,0.5949,0.70,#FFAA00
0.3449,Moderate Risk,3,11.550230979919434,0.136324,Bare Land,Low Density Urban,0.3541,0.026326,0.6268,0.70,#FFAA00
0.3440,Moderate Risk,3,12.083613395690918,0.137395,Bare Land,Low Density Urban,0.3541,0.027542,0.6206,0.70,#FFAA00
0.3450,Moderate Risk,3,8.388237953186035,0.134343,Bare Land,Peri-Urban / Sparse,0.3541,0.019119,0.6383,0.70,#FFAA00
0.3442,Moderate Risk,3,7.511117935180664,0.134557,Bare Land,Peri-Urban / Sparse,0.3541,0.017120,0.6371,0.70,#FFAA00
0.3457,Moderate Risk,3,5.6421637535095215,0.132215,Bare Land,Peri-Urban / Sparse,0.3541,0.012860,0.6508,0.70,#FFAA00
0.3409,Moderate Risk,3,5.275752067565918,0.136053,Bare Land,Peri-Urban / Sparse,0.3541,0.012025,0.6284,0.70,#FFAA00
0.3537,Moderate Risk,3,5.524233818054199,0.125280,Bare Land,Peri-Urban / Sparse,0.3541,0.012591,0.6912,0.70,#FFAA00
0.3581,Moderate Risk,3,3.9618611335754395,0.120542,Bare Land,Peri-Urban / Sparse,0.3541,0.009030,0.7188,0.70,#FFAA00
0.3526,Moderate Risk,3,3.4659206867218018,0.124981,Bare Land,Peri-Urban / Sparse,0.3541,0.007900,0.6929,0.70,#FFAA00
0.3584,Moderate Risk,3,3.3100078105926514,0.119941,Bare Land,Peri-Urban / Sparse,0.3541,0.007544,0.7223,0.70,#FFAA00
0.3902,Moderate Risk,3,3.0240659713745117,0.109616,Minepits/Industry,Peri-Urban / Sparse,0.3541,0.006893,0.7825,0.90,#FFAA00
0.3800,Moderate Risk,3,2.7207093238830566,0.118192,Minepits/Industry,Peri-Urban / Sparse,0.3541,0.006201,0.7325,0.90,#FFAA00
0.3887,Moderate Risk,3,2.6531777381896973,0.110678,Minepits/Industry,Peri-Urban / Sparse,0.3541,0.006047,0.7763,0.90,#FFAA00
0.3948,Moderate Risk,3,2.74977445602417,0.105526,Minepits/Industry,Peri-Urban / Sparse,0.3541,0.006267,0.8063,0.90,#FFAA00
0.3911,Moderate Risk,3,2.9173643589019775,0.108772,Minepits/Industry,Peri-Urban / Sparse,0.3541,0.006649,0.7874,0.90,#FFAA00
0.3543,Moderate Risk,3,3.4643757343292236,0.123520,Bare Land,Peri-Urban / Sparse,0.3541,0.007896,0.7014,0.70,#FFAA00
0.3769,Moderate Risk,3,3.660432815551758,0.121357,Minepits/Industry,Peri-Urban / Sparse,0.3541,0.008343,0.7140,0.90,#FFAA00
0.3758,Moderate Risk,3,3.0769312381744385,0.122011,Minepits/Industry,Peri-Urban / Sparse,0.3541,0.007013,0.7102,0.90,#FFAA00
0.3567,Moderate Risk,3,2.8381171226501465,0.121064,Bare Land,Peri-Urban / Sparse,0.3541,0.006469,0.7158,0.70,#FFAA00
0.3017,Moderate Risk,3,2.817605972290039,0.116765,Natural Vegetation,Peri-Urban / Sparse,0.3541,0.006422,0.7408,0.10,#FFAA00
0.3173,Moderate Risk,3,2.974963903427124,0.103545,Natural Vegetation,Peri-Urban / Sparse,0.3541,0.006781,0.8179,0.10,#FFAA00
0.3158,Moderate Risk,3,3.429136276245117,0.105036,Natural Vegetation,Peri-Urban / Sparse,0.3541,0.007816,0.8092,0.10,#FFAA00
0.3952,Moderate Risk,3,3.941521167755127,0.114459,Built_up,Peri-Urban / Sparse,0.3541,0.008984,0.7543,1.00,#FFAA00
0.3577,Moderate Risk,3,5.510556697845459,0.121804,Bare Land,Peri-Urban / Sparse,0.3541,0.012560,0.7114,0.70,#FFAA00
0.3799,Moderate Risk,3,10.050003051757812,0.122601,Minepits/Industry,Low Density Urban,0.3541,0.022907,0.7068,0.90,#FFAA00
0.3764,Moderate Risk,3,29.47854232788086,0.119788,Bare Land,Low Density Urban,0.3541,0.067189,0.7232,0.70,#FFAA00
0.3494,Moderate Risk,3,59.54890060424805,0.109137,Natural Vegetation,Medium Density Urban,0.3541,0.135728,0.7853,0.10,#FFAA00
0.4705,Moderate Risk,3,84.7242431640625,0.097215,Built_up,Medium Density Urban,0.3541,0.193109,0.8548,1.00,#FFAA00
0.4225,Moderate Risk,3,54.31625747680664,0.112010,Minepits/Industry,Medium Density Urban,0.3541,0.123801,0.7685,0.90,#FFAA00
0.3961,Moderate Risk,3,25.009553909301758,0.117448,Minepits/Industry,Low Density Urban,0.3541,0.057003,0.7368,0.90,#FFAA00
0.3731,Moderate Risk,3,10.628087997436523,0.128763,Minepits/Industry,Low Density Urban,0.3541,0.024224,0.6709,0.90,#FFAA00
0.3640,Moderate Risk,3,6.535709857940674,0.117024,Bare Land,Peri-Urban / Sparse,0.3541,0.014897,0.7393,0.70,#FFAA00
0.3557,Moderate Risk,3,4.81956148147583,0.123140,Bare Land,Peri-Urban / Sparse,0.3541,0.010985,0.7037,0.70,#FFAA00
0.3612,Moderate Risk,3,4.262883186340332,0.118042,Bare Land,Peri-Urban / Sparse,0.3541,0.009716,0.7334,0.70,#FFAA00
0.2982,Low Risk,2,4.23537015914917,0.120588,Natural Vegetation,Peri-Urban / Sparse,0.3541,0.009654,0.7185,0.10,#FFDD88
0.2961,Low Risk,2,6.532995700836182,,Unknown,Peri-Urban / Sparse,0.3541,0.014890,0.5000,0.50,#FFDD88
0.3281,Moderate Risk,3,5.1517534255981445,0.147007,Bare Land,Peri-Urban / Sparse,0.3541,0.011742,0.5645,0.70,#FFAA00
0.3289,Moderate Risk,3,3.5253007411956787,0.145386,Bare Land,Peri-Urban / Sparse,0.3541,0.008035,0.5740,0.70,#FFAA00
0.3286,Moderate Risk,3,2.8767335414886475,0.145175,Bare Land,Peri-Urban / Sparse,0.3541,0.006557,0.5752,0.70,#FFAA00
0.3256,Moderate Risk,3,2.704174041748047,0.147693,Bare Land,Peri-Urban / Sparse,0.3541,0.006164,0.5605,0.70,#FFAA00
0.3253,Moderate Risk,3,2.8925085067749023,0.148058,Bare Land,Peri-Urban / Sparse,0.3541,0.006593,0.5584,0.70,#FFAA00
0.3262,Moderate Risk,3,3.4950733184814453,0.147659,Bare Land,Peri-Urban / Sparse,0.3541,0.007966,0.5607,0.70,#FFAA00
0.3293,Moderate Risk,3,5.314506530761719,0.146068,Bare Land,Peri-Urban / Sparse,0.3541,0.012113,0.5700,0.70,#FFAA00
0.3404,Moderate Risk,3,11.910929679870605,0.140402,Bare Land,Low Density Urban,0.3541,0.027148,0.6030,0.70,#FFAA00
0.3434,Moderate Risk,3,9.135581970214844,0.136188,Bare Land,Peri-Urban / Sparse,0.3541,0.020822,0.6276,0.70,#FFAA00
0.3390,Moderate Risk,3,6.968148708343506,0.138710,Bare Land,Peri-Urban / Sparse,0.3541,0.015882,0.6129,0.70,#FFAA00
0.3415,Moderate Risk,3,6.32594633102417,0.136190,Bare Land,Peri-Urban / Sparse,0.3541,0.014418,0.6276,0.70,#FFAA00
0.3428,Moderate Risk,3,4.381160259246826,0.133934,Bare Land,Peri-Urban / Sparse,0.3541,0.009986,0.6407,0.70,#FFAA00
0.3410,Moderate Risk,3,3.2583563327789307,0.134778,Bare Land,Peri-Urban / Sparse,0.3541,0.007427,0.6358,0.70,#FFAA00
0.3386,Moderate Risk,3,2.9465649127960205,0.136707,Bare Land,Peri-Urban / Sparse,0.3541,0.006716,0.6246,0.70,#FFAA00
0.3524,Moderate Risk,3,3.2123520374298096,0.125040,Bare Land,Peri-Urban / Sparse,0.3541,0.007322,0.6926,0.70,#FFAA00
0.3534,Moderate Risk,3,3.856287717819214,0.124529,Bare Land,Peri-Urban / Sparse,0.3541,0.008789,0.6956,0.70,#FFAA00
0.3481,Moderate Risk,3,3.5613276958465576,0.128938,Bare Land,Peri-Urban / Sparse,0.3541,0.008117,0.6699,0.70,#FFAA00
0.3600,Moderate Risk,3,2.749919891357422,0.118201,Bare Land,Peri-Urban / Sparse,0.3541,0.006268,0.7324,0.70,#FFAA00
0.3660,Moderate Risk,3,2.438202381134033,0.112885,Bare Land,Peri-Urban / Sparse,0.3541,0.005557,0.7634,0.70,#FFAA00
0.3610,Moderate Risk,3,2.349785327911377,0.117104,Bare Land,Peri-Urban / Sparse,0.3541,0.005356,0.7388,0.70,#FFAA00
0.3886,Moderate Risk,3,2.4352223873138428,0.110642,Minepits/Industry,Peri-Urban / Sparse,0.3541,0.005551,0.7765,0.90,#FFAA00
0.3912,Moderate Risk,3,2.7706780433654785,0.108646,Minepits/Industry,Peri-Urban / Sparse,0.3541,0.006315,0.7881,0.90,#FFAA00
0.3717,Moderate Risk,3,3.3341763019561768,0.125696,Minepits/Industry,Peri-Urban / Sparse,0.3541,0.007599,0.6888,0.90,#FFAA00
0.3500,Moderate Risk,3,3.2344555854797363,0.127042,Bare Land,Peri-Urban / Sparse,0.3541,0.007372,0.6809,0.70,#FFAA00
0.3731,Moderate Risk,3,2.8434391021728516,0.124205,Minepits/Industry,Peri-Urban / Sparse,0.3541,0.006481,0.6974,0.90,#FFAA00
0.3563,Moderate Risk,3,2.6905360221862793,0.121314,Bare Land,Peri-Urban / Sparse,0.3541,0.006132,0.7143,0.70,#FFAA00
0.3600,Moderate Risk,3,2.7912871837615967,0.118238,Bare Land,Peri-Urban / Sparse,0.3541,0.006362,0.7322,0.70,#FFAA00
0.3106,Moderate Risk,3,2.964057683944702,0.109280,Natural Vegetation,Peri-Urban / Sparse,0.3541,0.006756,0.7845,0.10,#FFAA00
0.3152,Moderate Risk,3,3.424086332321167,0.105602,Natural Vegetation,Peri-Urban / Sparse,0.3541,0.007804,0.8059,0.10,#FFAA00
0.4026,Moderate Risk,3,5.101256847381592,0.108814,Built_up,Peri-Urban / Sparse,0.3541,0.011627,0.7872,1.00,#FFAA00
0.3611,Moderate Risk,3,11.809308052062988,0.122579,Bare Land,Low Density Urban,0.3541,0.026917,0.7069,0.70,#FFAA00
0.3652,Moderate Risk,3,17.879249572753906,0.122607,Bare Land,Low Density Urban,0.3541,0.040752,0.7068,0.70,#FFAA00
0.3781,Moderate Risk,3,24.45401954650879,0.115382,Bare Land,Low Density Urban,0.3541,0.055737,0.7489,0.70,#FFAA00
0.3352,Moderate Risk,3,34.357208251953125,0.106526,Natural Vegetation,Low Density Urban,0.3541,0.078309,0.8005,0.10,#FFAA00
0.3198,Moderate Risk,3,19.00281524658203,0.110756,Natural Vegetation,Low Density Urban,0.3541,0.043312,0.7758,0.10,#FFAA00
0.4141,Moderate Risk,3,14.993339538574219,0.104740,Built_up,Low Density Urban,0.3541,0.034174,0.8109,1.00,#FFAA00
0.3888,Moderate Risk,3,11.22778034210205,0.124191,Built_up,Low Density Urban,0.3541,0.025591,0.6975,1.00,#FFAA00
0.3639,Moderate Risk,3,10.459745407104492,0.119370,Bare Land,Low Density Urban,0.3541,0.023841,0.7256,0.70,#FFAA00
0.3710,Moderate Risk,3,8.580337524414062,0.112152,Bare Land,Peri-Urban / Sparse,0.3541,0.019557,0.7677,0.70,#FFAA00
0.3038,Moderate Risk,3,5.158344268798828,0.116317,Natural Vegetation,Peri-Urban / Sparse,0.3541,0.011757,0.7434,0.10,#FFAA00
0.3641,Moderate Risk,3,3.946730613708496,0.115414,Bare Land,Peri-Urban / Sparse,0.3541,0.008996,0.7487,0.70,#FFAA00
0.3724,Moderate Risk,3,3.6996428966522217,0.108151,Bare Land,Peri-Urban / Sparse,0.3541,0.008432,0.7910,0.70,#FFAA00
0.3139,Moderate Risk,3,3.2819197177886963,,Bare Land,Peri-Urban / Sparse,0.3541,0.007480,0.5000,0.70,#FFAA00
0.3135,Moderate Risk,3,2.7636144161224365,,Bare Land,Peri-Urban / Sparse,0.3541,0.006299,0.5000,0.70,#FFAA00
0.3294,Moderate Risk,3,2.5704333782196045,0.144374,Bare Land,Peri-Urban / Sparse,0.3541,0.005859,0.5799,0.70,#FFAA00
0.3279,Moderate Risk,3,2.460663080215454,0.145575,Bare Land,Peri-Urban / Sparse,0.3541,0.005608,0.5729,0.70,#FFAA00
0.3273,Moderate Risk,3,2.447772264480591,0.146103,Bare Land,Peri-Urban / Sparse,0.3541,0.005579,0.5698,0.70,#FFAA00
0.3254,Moderate Risk,3,2.7496471405029297,0.147893,Bare Land,Peri-Urban / Sparse,0.3541,0.006267,0.5594,0.70,#FFAA00
0.3246,Moderate Risk,3,3.4274742603302,0.148929,Bare Land,Peri-Urban / Sparse,0.3541,0.007812,0.5533,0.70,#FFAA00
0.3261,Moderate Risk,3,4.698845863342285,0.148404,Bare Land,Peri-Urban / Sparse,0.3541,0.010710,0.5564,0.70,#FFAA00
0.3321,Moderate Risk,3,5.96652364730835,0.144061,Bare Land,Peri-Urban / Sparse,0.3541,0.013599,0.5817,0.70,#FFAA00
0.3332,Moderate Risk,3,4.513367176055908,0.142250,Bare Land,Peri-Urban / Sparse,0.3541,0.010287,0.5923,0.70,#FFAA00
0.3366,Moderate Risk,3,4.557568073272705,0.139318,Bare Land,Peri-Urban / Sparse,0.3541,0.010388,0.6093,0.70,#FFAA00
0.3366,Moderate Risk,3,4.299861431121826,0.139184,Bare Land,Peri-Urban / Sparse,0.3541,0.009801,0.6101,0.70,#FFAA00
0.3366,Moderate Risk,3,3.626176118850708,0.138759,Bare Land,Peri-Urban / Sparse,0.3541,0.008265,0.6126,0.70,#FFAA00
0.3361,Moderate Risk,3,2.9409615993499756,0.138850,Bare Land,Peri-Urban / Sparse,0.3541,0.006703,0.6121,0.70,#FFAA00
0.3374,Moderate Risk,3,2.7718112468719482,0.137598,Bare Land,Peri-Urban / Sparse,0.3541,0.006318,0.6194,0.70,#FFAA00
0.3415,Moderate Risk,3,2.9264440536499023,0.134168,Bare Land,Peri-Urban / Sparse,0.3541,0.006670,0.6394,0.70,#FFAA00
0.3486,Moderate Risk,3,3.409937620162964,0.128357,Bare Land,Peri-Urban / Sparse,0.3541,0.007772,0.6732,0.70,#FFAA00
0.3495,Moderate Risk,3,3.1980650424957275,0.127485,Bare Land,Peri-Urban / Sparse,0.3541,0.007289,0.6783,0.70,#FFAA00
0.3515,Moderate Risk,3,2.6346452236175537,0.125471,Bare Land,Peri-Urban / Sparse,0.3541,0.006005,0.6901,0.70,#FFAA00
0.3642,Moderate Risk,3,2.340831995010376,0.114394,Bare Land,Peri-Urban / Sparse,0.3541,0.005335,0.7546,0.70,#FFAA00
0.3828,Moderate Risk,3,2.2755212783813477,0.115505,Minepits/Industry,Peri-Urban / Sparse,0.3541,0.005187,0.7482,0.90,#FFAA00
0.3816,Moderate Risk,3,2.415653944015503,0.116680,Minepits/Industry,Peri-Urban / Sparse,0.3541,0.005506,0.7413,0.90,#FFAA00
0.3866,Moderate Risk,3,2.9104859828948975,0.112668,Minepits/Industry,Peri-Urban / Sparse,0.3541,0.006634,0.7647,0.90,#FFAA00
0.3772,Moderate Risk,3,5.041355133056641,0.121972,Minepits/Industry,Peri-Urban / Sparse,0.3541,0.011491,0.7105,0.90,#FFAA00
0.3456,Moderate Risk,3,4.2770795822143555,0.131490,Bare Land,Peri-Urban / Sparse,0.3541,0.009749,0.6550,0.70,#FFAA00
0.3465,Moderate Risk,3,2.9154112339019775,0.129933,Bare Land,Peri-Urban / Sparse,0.3541,0.006645,0.6641,0.70,#FFAA00
0.3542,Moderate Risk,3,2.6319546699523926,0.123098,Bare Land,Peri-Urban / Sparse,0.3541,0.005999,0.7039,0.70,#FFAA00
0.3561,Moderate Risk,3,2.679046154022217,0.121519,Bare Land,Peri-Urban / Sparse,0.3541,0.006106,0.7131,0.70,#FFAA00
0.3036,Moderate Risk,3,2.940587282180786,0.115284,Natural Vegetation,Peri-Urban / Sparse,0.3541,0.006702,0.7495,0.10,#FFAA00
0.3117,Moderate Risk,3,3.4453001022338867,0.108614,Natural Vegetation,Peri-Urban / Sparse,0.3541,0.007853,0.7883,0.10,#FFAA00
0.4087,Moderate Risk,3,4.968204021453857,0.103496,Built_up,Peri-Urban / Sparse,0.3541,0.011324,0.8182,1.00,#FFAA00
0.3825,Moderate Risk,3,10.237245559692383,0.120490,Minepits/Industry,Low Density Urban,0.3541,0.023333,0.7191,0.90,#FFAA00
0.3673,Moderate Risk,3,16.387107849121094,0.119960,Bare Land,Low Density Urban,0.3541,0.037351,0.7222,0.70,#FFAA00
0.3152,Moderate Risk,3,20.9030704498291,0.115848,Natural Vegetation,Low Density Urban,0.3541,0.047644,0.7462,0.10,#FFAA00
0.3896,Moderate Risk,3,18.25309181213379,0.119035,Minepits/Industry,Low Density Urban,0.3541,0.041604,0.7276,0.90,#FFAA00
0.3161,Moderate Risk,3,13.871140480041504,0.110882,Natural Vegetation,Low Density Urban,0.3541,0.031616,0.7751,0.10,#FFAA00
0.3152,Moderate Risk,3,10.683791160583496,0.109842,Natural Vegetation,Low Density Urban,0.3541,0.024351,0.7812,0.10,#FFAA00
0.3097,Moderate Risk,3,11.819282531738281,0.115216,Natural Vegetation,Low Density Urban,0.3541,0.026939,0.7498,0.10,#FFAA00
0.4012,Moderate Risk,3,14.44012451171875,0.106907,Minepits/Industry,Low Density Urban,0.3541,0.032913,0.7983,0.90,#FFAA00
0.3727,Moderate Risk,3,14.077890396118164,0.113948,Bare Land,Low Density Urban,0.3541,0.032087,0.7572,0.70,#FFAA00
0.3592,Moderate Risk,3,6.616769790649414,0.121134,Bare Land,Peri-Urban / Sparse,0.3541,0.015081,0.7153,0.70,#FFAA00
0.3588,Moderate Risk,3,4.17142391204834,0.120043,Bare Land,Peri-Urban / Sparse,0.3541,0.009508,0.7217,0.70,#FFAA00
0.3677,Moderate Risk,3,3.5118186473846436,0.112034,Bare Land,Peri-Urban / Sparse,0.3541,0.008004,0.7684,0.70,#FFAA00
0.3363,Moderate Risk,3,2.465961217880249,0.138374,Bare Land,Peri-Urban / Sparse,0.3541,0.005621,0.6148,0.70,#FFAA00
0.3324,Moderate Risk,3,2.374596118927002,0.141676,Bare Land,Peri-Urban / Sparse,0.3541,0.005412,0.5956,0.70,#FFAA00
0.3260,Moderate Risk,3,2.4211761951446533,0.147186,Bare Land,Peri-Urban / Sparse,0.3541,0.005518,0.5635,0.70,#FFAA00
0.3275,Moderate Risk,3,2.792548656463623,0.146119,Bare Land,Peri-Urban / Sparse,0.3541,0.006365,0.5697,0.70,#FFAA00
0.3269,Moderate Risk,3,3.296441078186035,0.146955,Bare Land,Peri-Urban / Sparse,0.3541,0.007513,0.5648,0.70,#FFAA00
0.3277,Moderate Risk,3,3.8577966690063477,0.146592,Bare Land,Peri-Urban / Sparse,0.3541,0.008793,0.5669,0.70,#FFAA00
0.3278,Moderate Risk,3,3.6918625831604004,0.146368,Bare Land,Peri-Urban / Sparse,0.3541,0.008415,0.5682,0.70,#FFAA00
0.3283,Moderate Risk,3,3.0177159309387207,0.145577,Bare Land,Peri-Urban / Sparse,0.3541,0.006878,0.5729,0.70,#FFAA00
0.3300,Moderate Risk,3,2.7784414291381836,0.143977,Bare Land,Peri-Urban / Sparse,0.3541,0.006333,0.5822,0.70,#FFAA00
0.3346,Moderate Risk,3,3.2870032787323,0.140268,Bare Land,Peri-Urban / Sparse,0.3541,0.007492,0.6038,0.70,#FFAA00
0.3361,Moderate Risk,3,3.3646018505096436,0.139034,Bare Land,Peri-Urban / Sparse,0.3541,0.007669,0.6110,0.70,#FFAA00
0.3354,Moderate Risk,3,2.838188886642456,0.139373,Bare Land,Peri-Urban / Sparse,0.3541,0.006469,0.6090,0.70,#FFAA00
0.3388,Moderate Risk,3,2.6556406021118164,0.136315,Bare Land,Peri-Urban / Sparse,0.3541,0.006053,0.6269,0.70,#FFAA00
0.3383,Moderate Risk,3,2.4846198558807373,0.136647,Bare Land,Peri-Urban / Sparse,0.3541,0.005663,0.6249,0.70,#FFAA00
0.3410,Moderate Risk,3,2.412477970123291,0.134306,Bare Land,Peri-Urban / Sparse,0.3541,0.005499,0.6386,0.70,#FFAA00
0.3451,Moderate Risk,3,2.377213478088379,0.130756,Bare Land,Peri-Urban / Sparse,0.3541,0.005418,0.6593,0.70,#FFAA00
0.3530,Moderate Risk,3,2.2761425971984863,0.123958,Bare Land,Peri-Urban / Sparse,0.3541,0.005188,0.6989,0.70,#FFAA00
0.3602,Moderate Risk,3,2.204463005065918,0.117713,Bare Land,Peri-Urban / Sparse,0.3541,0.005025,0.7353,0.70,#FFAA00
0.3901,Moderate Risk,3,2.1625428199768066,0.109232,Minepits/Industry,Peri-Urban / Sparse,0.3541,0.004929,0.7847,0.90,#FFAA00
0.3601,Moderate Risk,3,2.1731374263763428,0.117798,Bare Land,Peri-Urban / Sparse,0.3541,0.004953,0.7348,0.70,#FFAA00
0.3756,Moderate Risk,3,2.3176512718200684,0.121743,Minepits/Industry,Peri-Urban / Sparse,0.3541,0.005283,0.7118,0.90,#FFAA00
0.3781,Moderate Risk,3,2.6174778938293457,0.119711,Minepits/Industry,Peri-Urban / Sparse,0.3541,0.005966,0.7236,0.90,#FFAA00
0.3438,Moderate Risk,3,2.7328171730041504,0.132068,Bare Land,Peri-Urban / Sparse,0.3541,0.006229,0.6516,0.70,#FFAA00
0.3457,Moderate Risk,3,2.601628303527832,0.130404,Bare Land,Peri-Urban / Sparse,0.3541,0.005930,0.6613,0.70,#FFAA00
0.3520,Moderate Risk,3,2.583523750305176,0.124961,Bare Land,Peri-Urban / Sparse,0.3541,0.005889,0.6930,0.70,#FFAA00
0.3579,Moderate Risk,3,2.6764087677001953,0.119953,Bare Land,Peri-Urban / Sparse,0.3541,0.006100,0.7222,0.70,#FFAA00
0.3669,Moderate Risk,3,3.1967103481292725,0.112554,Bare Land,Peri-Urban / Sparse,0.3541,0.007286,0.7654,0.70,#FFAA00
0.4028,Moderate Risk,3,4.148054599761963,0.108036,Built_up,Peri-Urban / Sparse,0.3541,0.009455,0.7917,1.00,#FFAA00
0.4116,Moderate Risk,3,6.528789520263672,0.101934,Built_up,Peri-Urban / Sparse,0.3541,0.014881,0.8273,1.00,#FFAA00
0.3902,Moderate Risk,3,12.030924797058105,0.114858,Minepits/Industry,Low Density Urban,0.3541,0.027422,0.7519,0.90,#FFAA00
0.3221,Moderate Risk,3,30.399616241455078,0.115483,Natural Vegetation,Low Density Urban,0.3541,0.069289,0.7483,0.10,#FFAA00
0.3447,Moderate Risk,3,34.18101501464844,0.098317,Natural Vegetation,Low Density Urban,0.3541,0.077908,0.8484,0.10,#FFAA00
0.4146,Moderate Risk,3,29.595449447631836,0.112826,Built_up,Low Density Urban,0.3541,0.067456,0.7638,1.00,#FFAA00
0.3267,Moderate Risk,3,40.4736213684082,0.117479,Natural Vegetation,Low Density Urban,0.3541,0.092250,0.7367,0.10,#FFAA00
0.3525,Moderate Risk,3,57.14535140991211,0.105122,Natural Vegetation,Medium Density Urban,0.3541,0.130249,0.8087,0.10,#FFAA00
0.4242,Moderate Risk,3,37.7134895324707,0.109401,Built_up,Low Density Urban,0.3541,0.085959,0.7837,1.00,#FFAA00
0.3936,Moderate Risk,3,17.935012817382812,0.115489,Minepits/Industry,Low Density Urban,0.3541,0.040879,0.7483,0.90,#FFAA00
0.3633,Moderate Risk,3,11.199626922607422,0.120373,Bare Land,Low Density Urban,0.3541,0.025527,0.7198,0.70,#FFAA00
0.3580,Moderate Risk,3,5.712049961090088,0.121694,Bare Land,Peri-Urban / Sparse,0.3541,0.013019,0.7121,0.70,#FFAA00
0.3620,Moderate Risk,3,4.038694858551025,0.117258,Bare Land,Peri-Urban / Sparse,0.3541,0.009205,0.7379,0.70,#FFAA00
0.3010,Moderate Risk,3,3.503396987915039,0.117809,Natural Vegetation,Peri-Urban / Sparse,0.3541,0.007985,0.7347,0.10,#FFAA00
0.3388,Moderate Risk,3,2.3053293228149414,0.136147,Bare Land,Peri-Urban / Sparse,0.3541,0.005254,0.6278,0.70,#FFAA00
0.3322,Moderate Risk,3,2.559894561767578,0.141929,Bare Land,Peri-Urban / Sparse,0.3541,0.005835,0.5941,0.70,#FFAA00
0.3227,Moderate Risk,3,3.2954962253570557,0.150539,Bare Land,Peri-Urban / Sparse,0.3541,0.007511,0.5439,0.70,#FFAA00
0.3266,Moderate Risk,3,3.7564258575439453,0.147401,Bare Land,Peri-Urban / Sparse,0.3541,0.008562,0.5622,0.70,#FFAA00
0.3280,Moderate Risk,3,3.414050817489624,0.146066,Bare Land,Peri-Urban / Sparse,0.3541,0.007782,0.5700,0.70,#FFAA00
0.3272,Moderate Risk,3,2.9475440979003906,0.146443,Bare Land,Peri-Urban / Sparse,0.3541,0.006718,0.5678,0.70,#FFAA00
0.3284,Moderate Risk,3,2.58809232711792,0.145234,Bare Land,Peri-Urban / Sparse,0.3541,0.005899,0.5749,0.70,#FFAA00
0.3293,Moderate Risk,3,2.587466239929199,0.144430,Bare Land,Peri-Urban / Sparse,0.3541,0.005898,0.5795,0.70,#FFAA00
0.3311,Moderate Risk,3,2.684985637664795,0.142971,Bare Land,Peri-Urban / Sparse,0.3541,0.006120,0.5880,0.70,#FFAA00
0.3346,Moderate Risk,3,2.847938299179077,0.140017,Bare Land,Peri-Urban / Sparse,0.3541,0.006491,0.6053,0.70,#FFAA00
0.3344,Moderate Risk,3,2.8302478790283203,0.140225,Bare Land,Peri-Urban / Sparse,0.3541,0.006451,0.6041,0.70,#FFAA00
0.3379,Moderate Risk,3,2.6101348400115967,0.137100,Bare Land,Peri-Urban / Sparse,0.3541,0.005949,0.6223,0.70,#FFAA00
0.3406,Moderate Risk,3,2.3851451873779297,0.134668,Bare Land,Peri-Urban / Sparse,0.3541,0.005436,0.6365,0.70,#FFAA00
0.3391,Moderate Risk,3,2.1784443855285645,0.135755,Bare Land,Peri-Urban / Sparse,0.3541,0.004965,0.6301,0.70,#FFAA00
0.3443,Moderate Risk,3,2.106433629989624,0.131320,Bare Land,Peri-Urban / Sparse,0.3541,0.004801,0.6560,0.70,#FFAA00
0.3478,Moderate Risk,3,2.049490213394165,0.128297,Bare Land,Peri-Urban / Sparse,0.3541,0.004671,0.6736,0.70,#FFAA00
0.3526,Moderate Risk,3,2.0266668796539307,0.124103,Bare Land,Peri-Urban / Sparse,0.3541,0.004619,0.6980,0.70,#FFAA00
0.3606,Moderate Risk,3,2.0036463737487793,0.117249,Bare Land,Peri-Urban / Sparse,0.3541,0.004567,0.7380,0.70,#FFAA00
0.3648,Moderate Risk,3,1.9831222295761108,0.113625,Bare Land,Peri-Urban / Sparse,0.3541,0.004520,0.7591,0.70,#FFAA00
0.3562,Moderate Risk,3,2.074697494506836,0.121092,Bare Land,Peri-Urban / Sparse,0.3541,0.004729,0.7156,0.70,#FFAA00
0.3527,Moderate Risk,3,2.294201612472534,0.124190,Bare Land,Peri-Urban / Sparse,0.3541,0.005229,0.6975,0.70,#FFAA00
0.3652,Moderate Risk,3,2.4748964309692383,0.130727,Minepits/Industry,Peri-Urban / Sparse,0.3541,0.005641,0.6594,0.90,#FFAA00
0.3444,Moderate Risk,3,2.557511806488037,0.131441,Bare Land,Peri-Urban / Sparse,0.3541,0.005829,0.6553,0.70,#FFAA00
0.3708,Moderate Risk,3,2.6823277473449707,0.126101,Minepits/Industry,Peri-Urban / Sparse,0.3541,0.006114,0.6864,0.90,#FFAA00
0.3581,Moderate Risk,3,2.826775312423706,0.119878,Bare Land,Peri-Urban / Sparse,0.3541,0.006443,0.7227,0.70,#FFAA00
0.3616,Moderate Risk,3,3.4375336170196533,0.117264,Bare Land,Peri-Urban / Sparse,0.3541,0.007835,0.7379,0.70,#FFAA00
0.3121,Moderate Risk,3,4.724771976470947,0.109039,Natural Vegetation,Peri-Urban / Sparse,0.3541,0.010769,0.7859,0.10,#FFAA00
0.3278,Moderate Risk,3,9.798989295959473,0.098459,Natural Vegetation,Peri-Urban / Sparse,0.3541,0.022334,0.8475,0.10,#FFAA00
0.3262,Moderate Risk,3,16.416229248046875,0.103753,Natural Vegetation,Low Density Urban,0.3541,0.037417,0.8167,0.10,#FFAA00
0.3368,Moderate Risk,3,30.669754028320312,0.102999,Natural Vegetation,Low Density Urban,0.3541,0.069904,0.8211,0.10,#FFAA00
0.3392,Moderate Risk,3,24.838069915771484,0.097534,Natural Vegetation,Low Density Urban,0.3541,0.056613,0.8529,0.10,#FFAA00
0.4110,Moderate Risk,3,28.848499298095703,0.106939,Minepits/Industry,Low Density Urban,0.3541,0.065753,0.7981,0.90,#FFAA00
0.4243,Moderate Risk,3,84.73001098632812,0.111143,Bare Land,Medium Density Urban,0.3541,0.193122,0.7736,0.70,#FFAA00
0.5592,High Risk,4,208.06602478027344,0.093504,Built_up,High Density Urban,0.3541,0.474237,0.8764,1.00,#FF6600
0.4280,Moderate Risk,3,151.8216552734375,0.095858,Natural Vegetation,High Density Urban,0.3541,0.346042,0.8627,0.10,#FFAA00
0.4035,Moderate Risk,3,47.41300964355469,0.107103,Bare Land,Low Density Urban,0.3541,0.108067,0.7971,0.70,#FFAA00
0.3601,Moderate Risk,3,10.076669692993164,0.122442,Bare Land,Low Density Urban,0.3541,0.022967,0.7077,0.70,#FFAA00
0.3585,Moderate Risk,3,5.34798526763916,0.121005,Bare Land,Peri-Urban / Sparse,0.3541,0.012189,0.7161,0.70,#FFAA00
0.3565,Moderate Risk,3,3.8280272483825684,0.121839,Bare Land,Peri-Urban / Sparse,0.3541,0.008725,0.7112,0.70,#FFAA00
0.3568,Moderate Risk,3,3.403688907623291,0.121354,Bare Land,Peri-Urban / Sparse,0.3541,0.007758,0.7141,0.70,#FFAA00
0.2931,Low Risk,2,2.0982820987701416,,Unknown,Peri-Urban / Sparse,0.3541,0.004783,0.5000,0.50,#FFDD88
0.3337,Moderate Risk,3,2.123673677444458,0.140421,Bare Land,Peri-Urban / Sparse,0.3541,0.004840,0.6029,0.70,#FFAA00
0.3326,Moderate Risk,3,2.5396316051483154,0.141572,Bare Land,Peri-Urban / Sparse,0.3541,0.005788,0.5962,0.70,#FFAA00
0.3383,Moderate Risk,3,4.067834377288818,0.137607,Bare Land,Peri-Urban / Sparse,0.3541,0.009272,0.6193,0.70,#FFAA00
0.3282,Moderate Risk,3,5.991957187652588,0.147352,Bare Land,Peri-Urban / Sparse,0.3541,0.013657,0.5625,0.70,#FFAA00
0.3294,Moderate Risk,3,4.527779579162598,0.145536,Bare Land,Peri-Urban / Sparse,0.3541,0.010320,0.5731,0.70,#FFAA00
0.3274,Moderate Risk,3,2.792917490005493,0.146218,Bare Land,Peri-Urban / Sparse,0.3541,0.006366,0.5691,0.70,#FFAA00
0.3291,Moderate Risk,3,2.5147290229797363,0.144558,Bare Land,Peri-Urban / Sparse,0.3541,0.005732,0.5788,0.70,#FFAA00
0.3298,Moderate Risk,3,2.5680150985717773,0.143988,Bare Land,Peri-Urban / Sparse,0.3541,0.005853,0.5821,0.70,#FFAA00
0.3295,Moderate Risk,3,2.5709567070007324,0.144230,Bare Land,Peri-Urban / Sparse,0.3541,0.005860,0.5807,0.70,#FFAA00
0.3297,Moderate Risk,3,2.7521519660949707,0.144189,Bare Land,Peri-Urban / Sparse,0.3541,0.006273,0.5809,0.70,#FFAA00
0.3359,Moderate Risk,3,3.089991569519043,0.139103,Bare Land,Peri-Urban / Sparse,0.3541,0.007043,0.6106,0.70,#FFAA00
0.3348,Moderate Risk,3,2.3734400272369385,0.139624,Bare Land,Peri-Urban / Sparse,0.3541,0.005410,0.6076,0.70,#FFAA00
0.3361,Moderate Risk,3,2.142040729522705,0.138327,Bare Land,Peri-Urban / Sparse,0.3541,0.004882,0.6151,0.70,#FFAA00
0.3396,Moderate Risk,3,2.012571096420288,0.135257,Bare Land,Peri-Urban / Sparse,0.3541,0.004587,0.6330,0.70,#FFAA00
0.3413,Moderate Risk,3,1.9728485345840454,0.133776,Bare Land,Peri-Urban / Sparse,0.3541,0.004497,0.6417,0.70,#FFAA00
0.3429,Moderate Risk,3,1.9406100511550903,0.132380,Bare Land,Peri-Urban / Sparse,0.3541,0.004423,0.6498,0.70,#FFAA00
0.3475,Moderate Risk,3,1.9528824090957642,0.128453,Bare Land,Peri-Urban / Sparse,0.3541,0.004451,0.6727,0.70,#FFAA00
0.3533,Moderate Risk,3,1.9523091316223145,0.123533,Bare Land,Peri-Urban / Sparse,0.3541,0.004450,0.7014,0.70,#FFAA00
0.3664,Moderate Risk,3,1.988337755203247,0.112232,Bare Land,Peri-Urban / Sparse,0.3541,0.004532,0.7672,0.70,#FFAA00
0.3566,Moderate Risk,3,2.1220357418060303,0.120794,Bare Land,Peri-Urban / Sparse,0.3541,0.004837,0.7173,0.70,#FFAA00
0.3555,Moderate Risk,3,2.3661081790924072,0.121887,Bare Land,Peri-Urban / Sparse,0.3541,0.005393,0.7110,0.70,#FFAA00
0.3652,Moderate Risk,3,2.5664122104644775,0.130792,Minepits/Industry,Peri-Urban / Sparse,0.3541,0.005850,0.6590,0.90,#FFAA00
0.3444,Moderate Risk,3,2.681474208831787,0.131539,Bare Land,Peri-Urban / Sparse,0.3541,0.006112,0.6547,0.70,#FFAA00
0.3483,Moderate Risk,3,3.1023519039154053,0.128474,Bare Land,Peri-Urban / Sparse,0.3541,0.007071,0.6726,0.70,#FFAA00
0.3583,Moderate Risk,3,4.796563625335693,0.120839,Bare Land,Peri-Urban / Sparse,0.3541,0.010933,0.7171,0.70,#FFAA00
0.3627,Moderate Risk,3,5.411134719848633,0.117415,Bare Land,Peri-Urban / Sparse,0.3541,0.012333,0.7370,0.70,#FFAA00
0.3119,Moderate Risk,3,5.761205673217773,0.109768,Natural Vegetation,Peri-Urban / Sparse,0.3541,0.013131,0.7816,0.10,#FFAA00
0.3265,Moderate Risk,3,9.580867767333984,0.099459,Natural Vegetation,Peri-Urban / Sparse,0.3541,0.021837,0.8417,0.10,#FFAA00
0.3421,Moderate Risk,3,15.25590705871582,0.089457,Natural Vegetation,Low Density Urban,0.3541,0.034772,0.9000,0.10,#FFAA00
0.4317,Moderate Risk,3,21.532577514648438,0.093425,Built_up,Low Density Urban,0.3541,0.049078,0.8769,1.00,#FFAA00
0.3977,Moderate Risk,3,20.584205627441406,0.113482,Minepits/Industry,Low Density Urban,0.3541,0.046917,0.7600,0.90,#FFAA00
0.4018,Moderate Risk,3,14.066630363464355,0.114713,Built_up,Low Density Urban,0.3541,0.032062,0.7528,1.00,#FFAA00
0.4035,Moderate Risk,3,17.917455673217773,0.115524,Built_up,Low Density Urban,0.3541,0.040839,0.7481,1.00,#FFAA00
0.3881,Moderate Risk,3,36.501216888427734,0.113862,Bare Land,Low Density Urban,0.3541,0.083196,0.7577,0.70,#FFAA00
0.3606,Moderate Risk,3,28.67376708984375,0.150066,Minepits/Industry,Low Density Urban,0.3541,0.065355,0.5467,0.90,#FFAA00
0.3936,Moderate Risk,3,15.121782302856445,0.113759,Minepits/Industry,Low Density Urban,0.3541,0.034467,0.7583,0.90,#FFAA00
0.3560,Moderate Risk,3,6.868386268615723,0.124099,Bare Land,Peri-Urban / Sparse,0.3541,0.015655,0.6981,0.70,#FFAA00
0.3608,Moderate Risk,3,4.173654079437256,0.118380,Bare Land,Peri-Urban / Sparse,0.3541,0.009513,0.7314,0.70,#FFAA00
0.3583,Moderate Risk,3,3.4938623905181885,0.120091,Bare Land,Peri-Urban / Sparse,0.3541,0.007963,0.7214,0.70,#FFAA00
0.3617,Moderate Risk,3,3.1409592628479004,0.116976,Bare Land,Peri-Urban / Sparse,0.3541,0.007159,0.7396,0.70,#FFAA00
0.3355,Moderate Risk,3,2.015352249145508,0.138806,Bare Land,Peri-Urban / Sparse,0.3541,0.004594,0.6123,0.70,#FFAA00
0.3332,Moderate Risk,3,2.1953654289245605,0.140846,Bare Land,Peri-Urban / Sparse,0.3541,0.005004,0.6004,0.70,#FFAA00
0.3418,Moderate Risk,3,2.9043667316436768,0.133880,Bare Land,Peri-Urban / Sparse,0.3541,0.006620,0.6410,0.70,#FFAA00
0.3401,Moderate Risk,3,3.0027661323547363,0.135448,Bare Land,Peri-Urban / Sparse,0.3541,0.006844,0.6319,0.70,#FFAA00
0.3225,Moderate Risk,3,2.6667046546936035,0.150362,Bare Land,Peri-Urban / Sparse,0.3541,0.006078,0.5450,0.70,#FFAA00
0.3266,Moderate Risk,3,2.342271566390991,0.146639,Bare Land,Peri-Urban / Sparse,0.3541,0.005339,0.5667,0.70,#FFAA00
0.3277,Moderate Risk,3,2.1867778301239014,0.145627,Bare Land,Peri-Urban / Sparse,0.3541,0.004984,0.5726,0.70,#FFAA00
0.3297,Moderate Risk,3,2.278313159942627,0.143955,Bare Land,Peri-Urban / Sparse,0.3541,0.005193,0.5823,0.70,#FFAA00
0.3303,Moderate Risk,3,2.3581173419952393,0.143454,Bare Land,Peri-Urban / Sparse,0.3541,0.005375,0.5852,0.70,#FFAA00
0.3288,Moderate Risk,3,2.3133084774017334,0.144723,Bare Land,Peri-Urban / Sparse,0.3541,0.005273,0.5778,0.70,#FFAA00
0.3330,Moderate Risk,3,2.211569309234619,0.141092,Bare Land,Peri-Urban / Sparse,0.3541,0.005041,0.5990,0.70,#FFAA00
0.3330,Moderate Risk,3,2.0545973777770996,0.140976,Bare Land,Peri-Urban / Sparse,0.3541,0.004683,0.5997,0.70,#FFAA00
0.3348,Moderate Risk,3,1.9586294889450073,0.139346,Bare Land,Peri-Urban / Sparse,0.3541,0.004464,0.6092,0.70,#FFAA00
0.3406,Moderate Risk,3,1.9414381980895996,0.134406,Bare Land,Peri-Urban / Sparse,0.3541,0.004425,0.6380,0.70,#FFAA00
0.3414,Moderate Risk,3,1.9398010969161987,0.133718,Bare Land,Peri-Urban / Sparse,0.3541,0.004421,0.6420,0.70,#FFAA00
0.3455,Moderate Risk,3,1.9518418312072754,0.130180,Bare Land,Peri-Urban / Sparse,0.3541,0.004449,0.6626,0.70,#FFAA00
0.3464,Moderate Risk,3,1.9741475582122803,0.129391,Bare Land,Peri-Urban / Sparse,0.3541,0.004500,0.6672,0.70,#FFAA00
0.3517,Moderate Risk,3,2.0212674140930176,0.124862,Bare Land,Peri-Urban / Sparse,0.3541,0.004607,0.6936,0.70,#FFAA00
0.3648,Moderate Risk,3,2.03796648979187,0.113642,Bare Land,Peri-Urban / Sparse,0.3541,0.004645,0.7590,0.70,#FFAA00
0.3701,Moderate Risk,3,2.1449732780456543,0.109188,Bare Land,Peri-Urban / Sparse,0.3541,0.004889,0.7850,0.70,#FFAA00
0.3543,Moderate Risk,3,2.6502482891082764,0.123040,Bare Land,Peri-Urban / Sparse,0.3541,0.006041,0.7042,0.70,#FFAA00
0.3675,Moderate Risk,3,2.768284797668457,0.128971,Minepits/Industry,Peri-Urban / Sparse,0.3541,0.006310,0.6697,0.90,#FFAA00
0.3446,Moderate Risk,3,3.30782413482666,0.131734,Bare Land,Peri-Urban / Sparse,0.3541,0.007539,0.6536,0.70,#FFAA00
0.3468,Moderate Risk,3,4.529759407043457,0.130581,Bare Land,Peri-Urban / Sparse,0.3541,0.010325,0.6603,0.70,#FFAA00
0.3565,Moderate Risk,3,5.670805931091309,0.122942,Bare Land,Peri-Urban / Sparse,0.3541,0.012925,0.7048,0.70,#FFAA00
0.3629,Moderate Risk,3,5.536743640899658,0.117383,Bare Land,Peri-Urban / Sparse,0.3541,0.012620,0.7372,0.70,#FFAA00
0.3109,Moderate Risk,3,5.941561222076416,0.110702,Natural Vegetation,Peri-Urban / Sparse,0.3541,0.013542,0.7762,0.10,#FFAA00
0.3277,Moderate Risk,3,9.784104347229004,0.098559,Natural Vegetation,Peri-Urban / Sparse,0.3541,0.022301,0.8470,0.10,#FFAA00
0.4363,Moderate Risk,3,24.54911994934082,0.091312,Built_up,Low Density Urban,0.3541,0.055954,0.8892,1.00,#FFAA00
0.4343,Moderate Risk,3,25.474552154541016,0.093552,Built_up,Low Density Urban,0.3541,0.058063,0.8761,1.00,#FFAA00
0.3224,Moderate Risk,3,17.17534828186035,0.107438,Natural Vegetation,Low Density Urban,0.3541,0.039147,0.7952,0.10,#FFAA00
0.3101,Moderate Risk,3,8.909659385681152,0.113153,Natural Vegetation,Peri-Urban / Sparse,0.3541,0.020307,0.7619,0.10,#FFAA00
0.3933,Moderate Risk,3,9.160270690917969,0.110590,Minepits/Industry,Peri-Urban / Sparse,0.3541,0.020879,0.7768,0.90,#FFAA00
0.3641,Moderate Risk,3,10.377431869506836,0.119209,Bare Land,Low Density Urban,0.3541,0.023653,0.7266,0.70,#FFAA00
0.4042,Moderate Risk,3,9.722320556640625,0.101562,Minepits/Industry,Peri-Urban / Sparse,0.3541,0.022160,0.8294,0.90,#FFAA00
0.3921,Moderate Risk,3,8.166125297546387,0.110972,Minepits/Industry,Peri-Urban / Sparse,0.3541,0.018613,0.7746,0.90,#FFAA00
0.3589,Moderate Risk,3,6.986066818237305,0.121664,Bare Land,Peri-Urban / Sparse,0.3541,0.015923,0.7123,0.70,#FFAA00
0.3602,Moderate Risk,3,4.490033149719238,0.119100,Bare Land,Peri-Urban / Sparse,0.3541,0.010234,0.7272,0.70,#FFAA00
0.3581,Moderate Risk,3,3.2560906410217285,0.120104,Bare Land,Peri-Urban / Sparse,0.3541,0.007421,0.7214,0.70,#FFAA00
0.3616,Moderate Risk,3,2.910612106323242,0.116955,Bare Land,Peri-Urban / Sparse,0.3541,0.006634,0.7397,0.70,#FFAA00
0.3425,Moderate Risk,3,2.176330089569092,0.132896,Bare Land,Peri-Urban / Sparse,0.3541,0.004960,0.6468,0.70,#FFAA00
0.3337,Moderate Risk,3,2.092712163925171,0.140390,Bare Land,Peri-Urban / Sparse,0.3541,0.004770,0.6031,0.70,#FFAA00
0.3376,Moderate Risk,3,2.148132562637329,0.137026,Bare Land,Peri-Urban / Sparse,0.3541,0.004896,0.6227,0.70,#FFAA00
0.3409,Moderate Risk,3,2.3037796020507812,0.134313,Bare Land,Peri-Urban / Sparse,0.3541,0.005251,0.6385,0.70,#FFAA00
0.3258,Moderate Risk,3,2.8794069290161133,0.147601,Bare Land,Peri-Urban / Sparse,0.3541,0.006563,0.5611,0.70,#FFAA00
0.3272,Moderate Risk,3,2.8166258335113525,0.146359,Bare Land,Peri-Urban / Sparse,0.3541,0.006420,0.5683,0.70,#FFAA00
0.3281,Moderate Risk,3,2.416154384613037,0.145380,Bare Land,Peri-Urban / Sparse,0.3541,0.005507,0.5740,0.70,#FFAA00
0.3304,Moderate Risk,3,2.55261492729187,0.143439,Bare Land,Peri-Urban / Sparse,0.3541,0.005818,0.5853,0.70,#FFAA00
0.3308,Moderate Risk,3,3.175009250640869,0.143546,Bare Land,Peri-Urban / Sparse,0.3541,0.007237,0.5847,0.70,#FFAA00
0.3300,Moderate Risk,3,3.300795078277588,0.144286,Bare Land,Peri-Urban / Sparse,0.3541,0.007523,0.5804,0.70,#FFAA00
0.3303,Moderate Risk,3,2.5828871726989746,0.143538,Bare Land,Peri-Urban / Sparse,0.3541,0.005887,0.5847,0.70,#FFAA00
0.3347,Moderate Risk,3,2.1013717651367188,0.139566,Bare Land,Peri-Urban / Sparse,0.3541,0.004790,0.6079,0.70,#FFAA00
0.3326,Moderate Risk,3,1.9541904926300049,0.141250,Bare Land,Peri-Urban / Sparse,0.3541,0.004454,0.5981,0.70,#FFAA00
0.3370,Moderate Risk,3,1.9743098020553589,0.137448,Bare Land,Peri-Urban / Sparse,0.3541,0.004500,0.6202,0.70,#FFAA00
0.3394,Moderate Risk,3,2.010669231414795,0.135429,Bare Land,Peri-Urban / Sparse,0.3541,0.004583,0.6320,0.70,#FFAA00
0.3443,Moderate Risk,3,2.047473907470703,0.131284,Bare Land,Peri-Urban / Sparse,0.3541,0.004667,0.6562,0.70,#FFAA00
0.3454,Moderate Risk,3,2.0599074363708496,0.130339,Bare Land,Peri-Urban / Sparse,0.3541,0.004695,0.6617,0.70,#FFAA00
0.3470,Moderate Risk,3,2.0857012271881104,0.128986,Bare Land,Peri-Urban / Sparse,0.3541,0.004754,0.6696,0.70,#FFAA00
0.3599,Moderate Risk,3,2.135746479034424,0.117952,Bare Land,Peri-Urban / Sparse,0.3541,0.004868,0.7339,0.70,#FFAA00
0.3663,Moderate Risk,3,2.2086095809936523,0.112473,Bare Land,Peri-Urban / Sparse,0.3541,0.005034,0.7658,0.70,#FFAA00
0.3854,Moderate Risk,3,2.4445981979370117,0.121991,Built_up,Peri-Urban / Sparse,0.3541,0.005572,0.7104,1.00,#FFAA00
0.3519,Moderate Risk,3,2.759814977645874,0.125136,Bare Land,Peri-Urban / Sparse,0.3541,0.006290,0.6920,0.70,#FFAA00
0.3552,Moderate Risk,3,3.9650027751922607,0.123014,Bare Land,Peri-Urban / Sparse,0.3541,0.009037,0.7044,0.70,#FFAA00
0.3564,Moderate Risk,3,6.498108386993408,0.123533,Bare Land,Peri-Urban / Sparse,0.3541,0.014811,0.7014,0.70,#FFAA00
0.3599,Moderate Risk,3,8.471879959106445,0.121646,Bare Land,Peri-Urban / Sparse,0.3541,0.019310,0.7124,0.70,#FFAA00
0.3680,Moderate Risk,3,8.348837852478027,0.114597,Bare Land,Peri-Urban / Sparse,0.3541,0.019029,0.7535,0.70,#FFAA00
0.3832,Moderate Risk,3,7.9033684730529785,0.118524,Minepits/Industry,Peri-Urban / Sparse,0.3541,0.018014,0.7306,0.90,#FFAA00
0.3178,Moderate Risk,3,11.08083724975586,0.107871,Natural Vegetation,Low Density Urban,0.3541,0.025256,0.7927,0.10,#FFAA00
0.4294,Moderate Risk,3,15.52265739440918,0.091910,Built_up,Low Density Urban,0.3541,0.035380,0.8857,1.00,#FFAA00
0.4170,Moderate Risk,3,13.745285987854004,0.092889,Minepits/Industry,Low Density Urban,0.3541,0.031329,0.8800,0.90,#FFAA00
0.4147,Moderate Risk,3,9.422680854797363,0.100929,Built_up,Peri-Urban / Sparse,0.3541,0.021477,0.8331,1.00,#FFAA00
0.2964,Low Risk,2,6.738093852996826,0.123659,Natural Vegetation,Peri-Urban / Sparse,0.3541,0.015358,0.7006,0.10,#FFDD88
0.3806,Moderate Risk,3,10.447189331054688,0.122234,Minepits/Industry,Low Density Urban,0.3541,0.023812,0.7089,0.90,#FFAA00
0.3665,Moderate Risk,3,16.25169563293457,0.120585,Bare Land,Low Density Urban,0.3541,0.037042,0.7185,0.70,#FFAA00
0.3689,Moderate Risk,3,8.713113784790039,0.114112,Bare Land,Peri-Urban / Sparse,0.3541,0.019859,0.7563,0.70,#FFAA00
0.3676,Moderate Risk,3,13.989690780639648,0.118291,Bare Land,Low Density Urban,0.3541,0.031886,0.7319,0.70,#FFAA00
0.3644,Moderate Risk,3,11.393062591552734,0.119532,Bare Land,Low Density Urban,0.3541,0.025968,0.7247,0.70,#FFAA00
0.3631,Moderate Risk,3,4.713197231292725,0.116715,Bare Land,Peri-Urban / Sparse,0.3541,0.010743,0.7411,0.70,#FFAA00
0.3615,Moderate Risk,3,3.1331112384796143,0.117126,Bare Land,Peri-Urban / Sparse,0.3541,0.007141,0.7387,0.70,#FFAA00
0.3620,Moderate Risk,3,2.762798547744751,0.116505,Bare Land,Peri-Urban / Sparse,0.3541,0.006297,0.7423,0.70,#FFAA00
0.3512,Moderate Risk,3,2.6192803382873535,0.125707,Bare Land,Peri-Urban / Sparse,0.3541,0.005970,0.6887,0.70,#FFAA00
0.3133,Moderate Risk,3,2.3796420097351074,,Bare Land,Peri-Urban / Sparse,0.3541,0.005424,0.5000,0.70,#FFAA00
0.3252,Moderate Risk,3,4.514488220214844,0.149056,Bare Land,Peri-Urban / Sparse,0.3541,0.010290,0.5526,0.70,#FFAA00
0.3278,Moderate Risk,3,3.7861297130584717,0.146395,Bare Land,Peri-Urban / Sparse,0.3541,0.008630,0.5681,0.70,#FFAA00
0.3324,Moderate Risk,3,4.021679401397705,0.142615,Bare Land,Peri-Urban / Sparse,0.3541,0.009166,0.5901,0.70,#FFAA00
0.3318,Moderate Risk,3,6.299557685852051,0.144501,Bare Land,Peri-Urban / Sparse,0.3541,0.014358,0.5791,0.70,#FFAA00
0.3318,Moderate Risk,3,5.580926895141602,0.144037,Bare Land,Peri-Urban / Sparse,0.3541,0.012720,0.5818,0.70,#FFAA00
0.3300,Moderate Risk,3,3.20782732963562,0.144189,Bare Land,Peri-Urban / Sparse,0.3541,0.007311,0.5809,0.70,#FFAA00
0.3320,Moderate Risk,3,2.3790581226348877,0.142032,Bare Land,Peri-Urban / Sparse,0.3541,0.005423,0.5935,0.70,#FFAA00
0.3327,Moderate Risk,3,2.1322264671325684,0.141242,Bare Land,Peri-Urban / Sparse,0.3541,0.004860,0.5981,0.70,#FFAA00
0.3328,Moderate Risk,3,2.2043981552124023,0.141184,Bare Land,Peri-Urban / Sparse,0.3541,0.005024,0.5985,0.70,#FFAA00
0.3361,Moderate Risk,3,2.2396750450134277,0.138457,Bare Land,Peri-Urban / Sparse,0.3541,0.005105,0.6144,0.70,#FFAA00
0.3375,Moderate Risk,3,2.279367208480835,0.137199,Bare Land,Peri-Urban / Sparse,0.3541,0.005195,0.6217,0.70,#FFAA00
0.3442,Moderate Risk,3,2.3142905235290527,0.131527,Bare Land,Peri-Urban / Sparse,0.3541,0.005275,0.6548,0.70,#FFAA00
0.3448,Moderate Risk,3,2.365814208984375,0.131066,Bare Land,Peri-Urban / Sparse,0.3541,0.005392,0.6575,0.70,#FFAA00
0.3556,Moderate Risk,3,2.4810712337493896,0.121850,Bare Land,Peri-Urban / Sparse,0.3541,0.005655,0.7112,0.70,#FFAA00
0.3646,Moderate Risk,3,2.554250717163086,0.114180,Bare Land,Peri-Urban / Sparse,0.3541,0.005822,0.7559,0.70,#FFAA00
0.3651,Moderate Risk,3,2.6905479431152344,0.113826,Bare Land,Peri-Urban / Sparse,0.3541,0.006132,0.7580,0.70,#FFAA00
0.2972,Low Risk,2,3.0898666381835938,0.120797,Natural Vegetation,Peri-Urban / Sparse,0.3541,0.007043,0.7173,0.10,#FFDD88
0.3581,Moderate Risk,3,5.043956756591797,0.121148,Bare Land,Peri-Urban / Sparse,0.3541,0.011497,0.7153,0.70,#FFAA00
0.3611,Moderate Risk,3,7.479393005371094,0.120065,Bare Land,Peri-Urban / Sparse,0.3541,0.017048,0.7216,0.70,#FFAA00
0.4049,Moderate Risk,3,9.083455085754395,0.109118,Built_up,Peri-Urban / Sparse,0.3541,0.020704,0.7854,1.00,#FFAA00
0.3965,Moderate Risk,3,9.12017822265625,0.107788,Minepits/Industry,Peri-Urban / Sparse,0.3541,0.020787,0.7932,0.90,#FFAA00
0.3971,Moderate Risk,3,9.751280784606934,0.116188,Built_up,Peri-Urban / Sparse,0.3541,0.022226,0.7442,1.00,#FFAA00
0.3310,Moderate Risk,3,17.397401809692383,0.100205,Natural Vegetation,Low Density Urban,0.3541,0.039653,0.8374,0.10,#FFAA00
0.3474,Moderate Risk,3,27.584848403930664,0.092120,Natural Vegetation,Low Density Urban,0.3541,0.062873,0.8845,0.10,#FFAA00
0.4157,Moderate Risk,3,14.861364364624023,0.094696,Minepits/Industry,Low Density Urban,0.3541,0.033873,0.8695,0.90,#FFAA00
0.3236,Moderate Risk,3,9.801045417785645,0.102078,Natural Vegetation,Peri-Urban / Sparse,0.3541,0.022339,0.8264,0.10,#FFAA00
0.3866,Moderate Risk,3,5.0933146476745605,0.122520,Built_up,Peri-Urban / Sparse,0.3541,0.011609,0.7073,1.00,#FFAA00
0.3921,Moderate Risk,3,6.982293605804443,0.118891,Built_up,Peri-Urban / Sparse,0.3541,0.015914,0.7284,1.00,#FFAA00
0.3674,Moderate Risk,3,11.592887878417969,0.117045,Bare Land,Low Density Urban,0.3541,0.026423,0.7392,0.70,#FFAA00
0.3648,Moderate Risk,3,6.895514011383057,0.116513,Bare Land,Peri-Urban / Sparse,0.3541,0.015717,0.7423,0.70,#FFAA00
0.3639,Moderate Risk,3,9.137195587158203,0.118599,Bare Land,Peri-Urban / Sparse,0.3541,0.020826,0.7301,0.70,#FFAA00
0.3669,Moderate Risk,3,7.4552693367004395,0.115038,Bare Land,Peri-Urban / Sparse,0.3541,0.016993,0.7509,0.70,#FFAA00
0.3646,Moderate Risk,3,3.9835660457611084,0.115003,Bare Land,Peri-Urban / Sparse,0.3541,0.009080,0.7511,0.70,#FFAA00
0.3622,Moderate Risk,3,2.9579594135284424,0.116411,Bare Land,Peri-Urban / Sparse,0.3541,0.006742,0.7429,0.70,#FFAA00
0.3590,Moderate Risk,3,2.857212543487549,0.119172,Bare Land,Peri-Urban / Sparse,0.3541,0.006512,0.7268,0.70,#FFAA00
0.3072,Moderate Risk,3,5.344175338745117,0.147851,Unknown,Peri-Urban / Sparse,0.3541,0.012181,0.5596,0.50,#FFAA00
