gid,hei_score,risk_class,risk_code,population,ndvi,lulc_class,urban_class,lst_norm,pop_norm,ndvi_inv,lulc_w,color_hex,latitude,longitude
1,0.6908,High Risk,4,420.01,0.1049,Built_up,High Density Urban,0.3541,0.9573,0.8098,1.0000,#FF6600,25.40819781666154,49.54159104252837
2,0.6680,High Risk,4,394.15,0.1093,Built_up,High Density Urban,0.3541,0.8984,0.7841,1.0000,#FF6600,25.480891783495508,49.54432424387058
3,0.6339,High Risk,4,385.58,0.1335,Built_up,High Density Urban,0.3541,0.8788,0.6432,1.0000,#FF6600,25.477895395825495,49.63986042087649
4,0.6271,High Risk,4,308.87,0.0944,Built_up,High Density Urban,0.3541,0.7040,0.8711,1.0000,#FF6600,25.33550285738451,49.538868397601995
5,0.6226,High Risk,4,320.23,0.1049,Built_up,High Density Urban,0.3541,0.7299,0.8098,1.0000,#FF6600,25.334022085997866,49.586581525286185
6,0.6137,High Risk,4,328.36,0.1088,Minepits/Industry,High Density Urban,0.3541,0.7484,0.7875,0.9000,#FF6600,25.409668004682818,49.493845781820056
7,0.6123,High Risk,4,292.59,0.0890,Minepits/Industry,High Density Urban,0.3541,0.6669,0.9029,0.9000,#FF6600,25.482366767911387,49.49655048685373
8,0.5840,High Risk,4,438.74,0.1389,Oasis Agriculture/Palm,High Density Urban,0.3541,1.0000,0.6116,0.2000,#FF6600,25.40521117237507,49.63707025653591
9,0.5824,High Risk,4,293.21,0.1235,Built_up,High Density Urban,0.3541,0.6683,0.7013,1.0000,#FF6600,25.332525945171028,49.6342908677275
10,0.5814,High Risk,4,263.74,0.0986,Minepits/Industry,High Density Urban,0.3541,0.6011,0.8469,0.9000,#FF6600,25.336968254580764,49.491151523566586
11,0.5783,High Risk,4,250.20,0.0933,Minepits/Industry,High Density Urban,0.3541,0.5703,0.8777,0.9000,#FF6600,25.19723629984008,49.29511602994868
12,0.5603,High Risk,4,425.58,0.1515,Oasis Agriculture/Palm,High Density Urban,0.3541,0.9700,0.5383,0.2000,#FF6600,25.40671220430251,49.58933254709757
13,0.5592,High Risk,4,208.07,0.0935,Built_up,High Density Urban,0.3541,0.4742,0.8764,1.0000,#FF6600,24.832248447669517,49.3299966222897
14,0.5579,High Risk,4,275.71,0.1257,Minepits/Industry,High Density Urban,0.3541,0.6284,0.6886,0.9000,#FF6600,25.476374002197304,49.68762276269934
15,0.5539,High Risk,4,229.90,0.1109,Built_up,High Density Urban,0.3541,0.5240,0.7751,1.0000,#FF6600,25.331014439702717,49.68199638605268
16,0.5498,High Risk,4,316.19,0.0964,Oasis Agriculture/Palm,High Density Urban,0.3541,0.7207,0.8597,0.2000,#FF6600,25.40216286913577,49.73253413414558
17,0.5356,High Risk,4,399.69,0.2261,Built_up,High Density Urban,0.3541,0.9110,0.1034,1.0000,#FF6600,25.403694725697253,49.6848041318701
18,0.5306,High Risk,4,171.56,0.0881,Minepits/Industry,High Density Urban,0.3541,0.3910,0.9080,0.9000,#FF6600,25.329487574440112,49.72969804140706
19,0.5063,High Risk,4,150.41,0.0965,Minepits/Industry,High Density Urban,0.3541,0.3428,0.8590,0.9000,#FF6600,25.19584161010681,49.34279097884768
20,0.5022,High Risk,4,203.00,0.1308,Minepits/Industry,High Density Urban,0.3541,0.4627,0.6590,0.9000,#FF6600,25.47483714853909,49.73538122132249
21,0.4938,Moderate Risk,3,141.77,0.1021,Minepits/Industry,High Density Urban,0.3541,0.3231,0.8263,0.9000,#FFAA00,25.411122763645757,49.44609680398273
22,0.4783,Moderate Risk,3,104.40,0.0935,Minepits/Industry,High Density Urban,0.3541,0.2379,0.8762,0.9000,#FFAA00,24.108927411645077,49.16334355649064
23,0.4776,Moderate Risk,3,131.20,0.1098,Minepits/Industry,High Density Urban,0.3541,0.2990,0.7811,0.9000,#FFAA00,25.400615607605957,49.78026022442662
24,0.4743,Moderate Risk,3,83.51,0.0933,Built_up,Medium Density Urban,0.3541,0.1903,0.8778,1.0000,#FFAA00,25.55506454159643,49.49926566603752
25,0.4705,Moderate Risk,3,84.72,0.0972,Built_up,Medium Density Urban,0.3541,0.1931,0.8548,1.0000,#FFAA00,25.12451500822173,49.29256528141997
26,0.4692,Moderate Risk,3,85.88,0.0905,Minepits/Industry,Medium Density Urban,0.3541,0.1958,0.8941,0.9000,#FFAA00,24.11273256492375,49.021509100004764
27,0.4658,Moderate Risk,3,82.39,0.0913,Minepits/Industry,Medium Density Urban,0.3541,0.1878,0.8891,0.9000,#FFAA00,24.111478747200117,49.06879051608773
28,0.4650,Moderate Risk,3,82.52,0.0921,Minepits/Industry,Medium Density Urban,0.3541,0.1881,0.8846,0.9000,#FFAA00,25.327945354278835,49.77739579495478
29,0.4628,Moderate Risk,3,74.07,0.0890,Minepits/Industry,Medium Density Urban,0.3541,0.1688,0.9027,0.9000,#FFAA00,24.110210361432504,49.116068680720176
30,0.4563,Moderate Risk,3,60.30,0.0951,Built_up,Medium Density Urban,0.3541,0.1374,0.8673,1.0000,#FFAA00,24.038725904055102,49.066491769041825
31,0.4559,Moderate Risk,3,91.20,0.1050,Minepits/Industry,Medium Density Urban,0.3541,0.2079,0.8095,0.9000,#FFAA00,24.113971810624903,48.97422446989792
32,0.4524,Moderate Risk,3,111.41,0.1027,Bare Land,High Density Urban,0.3541,0.2539,0.8228,0.7000,#FFAA00,25.338418272884983,49.44343094208984
33,0.4503,Moderate Risk,3,58.81,0.0993,Built_up,Medium Density Urban,0.3541,0.1340,0.8424,1.0000,#FFAA00,24.187961044286972,48.92916460063397
34,0.4503,Moderate Risk,3,71.11,0.0980,Minepits/Industry,Medium Density Urban,0.3541,0.1621,0.8503,0.9000,#FFAA00,24.036183219484702,49.16099176172329
35,0.4493,Moderate Risk,3,65.92,0.0958,Minepits/Industry,Medium Density Urban,0.3541,0.1502,0.8631,0.9000,#FFAA00,24.037461819129977,49.113743405727426
36,0.4463,Moderate Risk,3,72.70,0.1024,Minepits/Industry,Medium Density Urban,0.3541,0.1657,0.8247,0.9000,#FFAA00,25.473284839785965,49.7831357577099
37,0.4451,Moderate Risk,3,37.72,0.0915,Built_up,Low Density Urban,0.3541,0.0860,0.8882,1.0000,#FFAA00,25.397474889545585,49.875700513358034
38,0.4432,Moderate Risk,3,46.09,0.0894,Minepits/Industry,Low Density Urban,0.3541,0.1051,0.9002,0.9000,#FFAA00,25.627761323068107,49.501991346885305
39,0.4422,Moderate Risk,3,49.23,0.0921,Minepits/Industry,Low Density Urban,0.3541,0.1122,0.8845,0.9000,#FFAA00,24.034890109172377,49.208236799725114
40,0.4418,Moderate Risk,3,22.68,0.0769,Minepits/Industry,Low Density Urban,0.3541,0.0517,0.9731,0.9000,#FFAA00,25.58591033928162,48.35097840015976
41,0.4415,Moderate Risk,3,143.68,0.1567,Built_up,High Density Urban,0.3541,0.3275,0.5081,1.0000,#FFAA00,25.553584755191256,49.54706802928164
42,0.4414,Moderate Risk,3,18.18,0.0746,Minepits/Industry,Low Density Urban,0.3541,0.0414,0.9865,0.9000,#FFAA00,25.65870736074706,48.35301216971419
43,0.4411,Moderate Risk,3,106.27,0.1093,Bare Land,High Density Urban,0.3541,0.2422,0.7841,0.7000,#FFAA00,25.19861569266998,49.247437547852705
44,0.4396,Moderate Risk,3,62.16,0.1020,Minepits/Industry,Medium Density Urban,0.3541,0.1417,0.8271,0.9000,#FFAA00,25.256811267250033,49.7268729144748
45,0.4392,Moderate Risk,3,6.55,0.0783,Built_up,Peri-Urban / Sparse,0.3541,0.0149,0.9653,1.0000,#FFAA00,23.232160849122472,49.27660343033671
46,0.4388,Moderate Risk,3,63.16,0.1032,Minepits/Industry,Medium Density Urban,0.3541,0.1440,0.8198,0.9000,#FFAA00,25.483826273045405,49.44877300296924
47,0.4380,Moderate Risk,3,380.67,0.2301,Oasis Agriculture/Palm,High Density Urban,0.3541,0.8676,0.0801,0.2000,#FFAA00,25.47940132453737,49.59209423490897
48,0.4372,Moderate Risk,3,87.40,0.1273,Built_up,Medium Density Urban,0.3541,0.1992,0.6792,1.0000,#FFAA00,25.258333146985557,49.67919949689545
49,0.4365,Moderate Risk,3,36.91,0.0898,Minepits/Industry,Low Density Urban,0.3541,0.0841,0.8981,0.9000,#FFAA00,23.964712375033237,49.11142735092645
50,0.4364,Moderate Risk,3,29.00,0.0852,Minepits/Industry,Low Density Urban,0.3541,0.0661,0.9249,0.9000,#FFAA00,24.256981732181632,49.07341544705896
51,0.4363,Moderate Risk,3,24.55,0.0913,Built_up,Low Density Urban,0.3541,0.0560,0.8892,1.0000,#FFAA00,24.693468897036464,49.08751139400304
52,0.4358,Moderate Risk,3,45.55,0.0955,Minepits/Industry,Low Density Urban,0.3541,0.1038,0.8649,0.9000,#FFAA00,24.180368780750708,49.21300286559584
53,0.4343,Moderate Risk,3,25.47,0.0936,Built_up,Low Density Urban,0.3541,0.0581,0.8761,1.0000,#FFAA00,24.692165933162013,49.1350055893255
54,0.4342,Moderate Risk,3,56.33,0.1031,Minepits/Industry,Medium Density Urban,0.3541,0.1284,0.8203,0.9000,#FFAA00,25.412562088878555,49.398344148044636
55,0.4331,Moderate Risk,3,42.91,0.0962,Minepits/Industry,Low Density Urban,0.3541,0.0978,0.8607,0.9000,#FFAA00,24.181670694729164,49.165704699516986
56,0.4317,Moderate Risk,3,21.53,0.0934,Built_up,Low Density Urban,0.3541,0.0491,0.8769,1.0000,#FFAA00,24.764906246071963,49.137414894281065
57,0.4311,Moderate Risk,3,59.95,0.1165,Built_up,Medium Density Urban,0.3541,0.1366,0.7425,1.0000,#FFAA00,25.62627672905369,49.54982242655999
58,0.4301,Moderate Risk,3,30.19,0.0999,Built_up,Low Density Urban,0.3541,0.0688,0.8391,1.0000,#FFAA00,25.865178506912187,48.83900272023252
59,0.4300,Moderate Risk,3,30.21,0.0915,Minepits/Industry,Low Density Urban,0.3541,0.0689,0.8883,0.9000,#FFAA00,23.890692118100304,49.15631612418512
60,0.4294,Moderate Risk,3,15.52,0.0919,Built_up,Low Density Urban,0.3541,0.0354,0.8857,1.0000,#FFAA00,24.62072332056813,49.08513889680217
61,0.4280,Moderate Risk,3,151.82,0.0959,Natural Vegetation,High Density Urban,0.3541,0.3460,0.8627,0.1000,#FFAA00,24.830861533840054,49.37752864429996
62,0.4277,Moderate Risk,3,51.27,0.1058,Minepits/Industry,Medium Density Urban,0.3541,0.1169,0.8049,0.9000,#FFAA00,24.115196480370734,48.92693666320888
63,0.4268,Moderate Risk,3,29.31,0.0936,Minepits/Industry,Low Density Urban,0.3541,0.0668,0.8756,0.9000,#FFAA00,23.891962031662665,49.10912049347035
64,0.4266,Moderate Risk,3,6.86,0.0806,Minepits/Industry,Peri-Urban / Sparse,0.3541,0.0156,0.9516,0.9000,#FFAA00,23.23343380956374,49.229649726773026
65,0.4262,Moderate Risk,3,26.01,0.0922,Minepits/Industry,Low Density Urban,0.3541,0.0593,0.8838,0.9000,#FFAA00,23.965972163804018,49.06420213730313
66,0.4258,Moderate Risk,3,37.49,0.0993,Minepits/Industry,Low Density Urban,0.3541,0.0854,0.8425,0.9000,#FFAA00,25.471717080921835,49.83088633284465
67,0.4254,Moderate Risk,3,12.75,0.0937,Built_up,Low Density Urban,0.3541,0.0291,0.8751,1.0000,#FFAA00,23.306179089166168,49.23195093436159
68,0.4245,Moderate Risk,3,28.91,0.0954,Minepits/Industry,Low Density Urban,0.3541,0.0659,0.8655,0.9000,#FFAA00,23.816665273248862,49.2011583665633
69,0.4243,Moderate Risk,3,84.73,0.1111,Bare Land,Medium Density Urban,0.3541,0.1931,0.7736,0.7000,#FFAA00,24.83362031876205,49.28246107401883
70,0.4242,Moderate Risk,3,37.71,0.1094,Built_up,Low Density Urban,0.3541,0.0860,0.7837,1.0000,#FFAA00,24.903577473008824,49.38009524753782
71,0.4242,Moderate Risk,3,43.34,0.1041,Minepits/Industry,Low Density Urban,0.3541,0.0988,0.8147,0.9000,#FFAA00,25.324814869084687,49.872779441381624
72,0.4239,Moderate Risk,3,46.29,0.1061,Minepits/Industry,Low Density Urban,0.3541,0.1055,0.8031,0.9000,#FFAA00,25.326387784162907,49.82508960787889
73,0.4231,Moderate Risk,3,21.72,0.0924,Minepits/Industry,Low Density Urban,0.3541,0.0495,0.8831,0.9000,#FFAA00,25.3467951688127,49.15703177816453
74,0.4230,Moderate Risk,3,24.80,0.0943,Minepits/Industry,Low Density Urban,0.3541,0.0565,0.8718,0.9000,#FFAA00,23.742631980223354,49.24595435502865
75,0.4226,Moderate Risk,3,19.61,0.0915,Minepits/Industry,Low Density Urban,0.3541,0.0447,0.8879,0.9000,#FFAA00,24.25824406694858,49.026080643105374
76,0.4225,Moderate Risk,3,54.32,0.1120,Minepits/Industry,Medium Density Urban,0.3541,0.1238,0.7685,0.9000,#FFAA00,25.123124892659156,49.34021213331652
77,0.4225,Moderate Risk,3,15.38,0.0892,Minepits/Industry,Low Density Urban,0.3541,0.0351,0.9015,0.9000,#FFAA00,25.617042258040094,49.836728027869775
78,0.4216,Moderate Risk,3,29.70,0.1069,Built_up,Low Density Urban,0.3541,0.0677,0.7983,1.0000,#FFAA00,25.34127215425371,49.347978812541896
79,0.4210,Moderate Risk,3,47.34,0.1092,Minepits/Industry,Low Density Urban,0.3541,0.1079,0.7848,0.9000,#FFAA00,25.399052946071738,49.82798236379657
80,0.4209,Moderate Risk,3,23.02,0.0950,Minepits/Industry,Low Density Urban,0.3541,0.0525,0.8676,0.9000,#FFAA00,25.470133876979318,49.8786329077292
81,0.4209,Moderate Risk,3,29.39,0.0988,Minepits/Industry,Low Density Urban,0.3541,0.0670,0.8456,0.9000,#FFAA00,24.039975470252415,49.01923688898607
82,0.4196,Moderate Risk,3,43.28,0.1080,Minepits/Industry,Low Density Urban,0.3541,0.0986,0.7920,0.9000,#FFAA00,25.255274082628834,49.77454244038193
83,0.4190,Moderate Risk,3,22.40,0.0963,Minepits/Industry,Low Density Urban,0.3541,0.0511,0.8603,0.9000,#FFAA00,24.033582492291494,49.25547848244408
84,0.4187,Moderate Risk,3,78.67,0.1295,Minepits/Industry,Medium Density Urban,0.3541,0.1793,0.6664,0.9000,#FFAA00,24.18917524216786,48.881846989792244
85,0.4184,Moderate Risk,3,30.57,0.1016,Minepits/Industry,Low Density Urban,0.3541,0.0697,0.8292,0.9000,#FFAA00,26.01068776000533,48.84372922544883
86,0.4176,Moderate Risk,3,21.79,0.0972,Minepits/Industry,Low Density Urban,0.3541,0.0497,0.8552,0.9000,#FFAA00,23.967217483110208,49.01697368834753
87,0.4176,Moderate Risk,3,21.57,0.0970,Minepits/Industry,Low Density Urban,0.3541,0.0492,0.8559,0.9000,#FFAA00,23.81794521396134,49.15399223532874
88,0.4174,Moderate Risk,3,13.32,0.0923,Minepits/Industry,Low Density Urban,0.3541,0.0304,0.8833,0.9000,#FFAA00,23.743921850584503,49.198817639942334
89,0.4173,Moderate Risk,3,15.13,0.0763,Bare Land,Low Density Urban,0.3541,0.0345,0.9768,0.7000,#FFAA00,25.6598011528296,48.30509926676292
90,0.4171,Moderate Risk,3,26.96,0.1006,Minepits/Industry,Low Density Urban,0.3541,0.0615,0.8351,0.9000,#FFAA00,23.81537097345055,49.248321167319574
91,0.4170,Moderate Risk,3,13.75,0.0929,Minepits/Industry,Low Density Urban,0.3541,0.0313,0.8800,0.9000,#FFAA00,24.619424695821177,49.13260571569121
92,0.4168,Moderate Risk,3,4.37,0.0961,Built_up,Peri-Urban / Sparse,0.3541,0.0100,0.8611,1.0000,#FFAA00,23.018888686793076,49.08214744292001
93,0.4168,Moderate Risk,3,17.46,0.0953,Minepits/Industry,Low Density Urban,0.3541,0.0398,0.8662,0.9000,#FFAA00,23.89321752894584,49.061921598281614
94,0.4166,Moderate Risk,3,28.83,0.1021,Minepits/Industry,Low Density Urban,0.3541,0.0657,0.8264,0.9000,#FFAA00,23.38631918209447,48.95216591853396
95,0.4165,Moderate Risk,3,15.23,0.0942,Minepits/Industry,Low Density Urban,0.3541,0.0347,0.8724,0.9000,#FFAA00,25.629230337180985,49.454156520711784
96,0.4162,Moderate Risk,3,15.96,0.0949,Minepits/Industry,Low Density Urban,0.3541,0.0364,0.8680,0.9000,#FFAA00,23.8140623186594,49.29548060059644
97,0.4161,Moderate Risk,3,24.91,0.1002,Minepits/Industry,Low Density Urban,0.3541,0.0568,0.8372,0.9000,#FFAA00,24.192730021907362,48.73987565115107
98,0.4159,Moderate Risk,3,21.49,0.0984,Minepits/Industry,Low Density Urban,0.3541,0.0490,0.8479,0.9000,#FFAA00,23.168006399698562,48.94571918959973
99,0.4158,Moderate Risk,3,71.35,0.1106,Bare Land,Medium Density Urban,0.3541,0.1626,0.7769,0.7000,#FFAA00,25.271340556153305,49.24997001104681
100,0.4157,Moderate Risk,3,14.86,0.0947,Minepits/Industry,Low Density Urban,0.3541,0.0339,0.8695,0.9000,#FFAA00,24.546682536560603,49.130215249422434
101,0.4155,Moderate Risk,3,27.87,0.1025,Minepits/Industry,Low Density Urban,0.3541,0.0635,0.8238,0.9000,#FFAA00,24.264335599461823,48.789358924191106
102,0.4154,Moderate Risk,3,19.36,0.0976,Minepits/Industry,Low Density Urban,0.3541,0.0441,0.8525,0.9000,#FFAA00,24.116406570274137,48.87964571739417
103,0.4150,Moderate Risk,3,2.45,0.0966,Built_up,Peri-Urban / Sparse,0.3541,0.0056,0.8585,1.0000,#FFAA00,22.87215458716741,49.1246158251421
104,0.4149,Moderate Risk,3,8.47,0.1002,Built_up,Peri-Urban / Sparse,0.3541,0.0193,0.8372,1.0000,#FFAA00,24.32584378651324,49.21780683928099
105,0.4149,Moderate Risk,3,3.39,0.0972,Built_up,Peri-Urban / Sparse,0.3541,0.0077,0.8546,1.0000,#FFAA00,23.092858217336243,49.03742944543027
106,0.4148,Moderate Risk,3,10.09,0.1013,Built_up,Low Density Urban,0.3541,0.0230,0.8312,1.0000,#FFAA00,23.533048285151214,48.909428939880456
107,0.4147,Moderate Risk,3,9.42,0.1009,Built_up,Peri-Urban / Sparse,0.3541,0.0215,0.8331,1.0000,#FFAA00,24.6181111604558,49.18006918729124
108,0.4146,Moderate Risk,3,29.60,0.1128,Built_up,Low Density Urban,0.3541,0.0675,0.7638,1.0000,#FFAA00,24.907706741885374,49.237405649714816
109,0.4145,Moderate Risk,3,13.29,0.0948,Minepits/Industry,Low Density Urban,0.3541,0.0303,0.8691,0.9000,#FFAA00,24.47393945789244,49.127834166689084
110,0.4141,Moderate Risk,3,14.99,0.1047,Built_up,Low Density Urban,0.3541,0.0342,0.8109,1.0000,#FFAA00,25.050407215092676,49.33764330065964
111,0.4141,Moderate Risk,3,10.81,0.1022,Built_up,Low Density Urban,0.3541,0.0246,0.8255,1.0000,#FFAA00,25.68810461233221,49.887498322261145
112,0.4141,Moderate Risk,3,10.12,0.0933,Minepits/Industry,Low Density Urban,0.3541,0.0231,0.8775,0.9000,#FFAA00,23.08919080687895,49.17816855152917
113,0.4141,Moderate Risk,3,22.00,0.1003,Minepits/Industry,Low Density Urban,0.3541,0.0502,0.8369,0.9000,#FFAA00,24.041210513759694,48.97197880289485
114,0.4139,Moderate Risk,3,14.93,0.0963,Minepits/Industry,Low Density Urban,0.3541,0.0340,0.8601,0.9000,#FFAA00,24.25310674313966,49.2154001021111
115,0.4138,Moderate Risk,3,15.76,0.0968,Minepits/Industry,Low Density Urban,0.3541,0.0359,0.8570,0.9000,#FFAA00,23.24195331879524,48.900883364931985
116,0.4138,Moderate Risk,3,8.54,0.0926,Minepits/Industry,Peri-Urban / Sparse,0.3541,0.0195,0.8815,0.9000,#FFAA00,25.828491997350724,50.03711209450804
117,0.4137,Moderate Risk,3,17.79,0.0981,Minepits/Industry,Low Density Urban,0.3541,0.0405,0.8494,0.9000,#FFAA00,23.741327803908995,49.29308771090665
118,0.4136,Moderate Risk,3,13.09,0.1040,Built_up,Low Density Urban,0.3541,0.0298,0.8153,1.0000,#FFAA00,26.01924895646968,48.50745993708247
119,0.4135,Moderate Risk,3,14.15,0.0962,Minepits/Industry,Low Density Urban,0.3541,0.0322,0.8608,0.9000,#FFAA00,24.401195462329788,49.125462443786155
120,0.4134,Moderate Risk,3,32.07,0.1067,Minepits/Industry,Low Density Urban,0.3541,0.0731,0.7994,0.9000,#FFAA00,24.261943030351095,48.8840570010028
121,0.4133,Moderate Risk,3,9.78,0.0938,Minepits/Industry,Peri-Urban / Sparse,0.3541,0.0223,0.8747,0.9000,#FFAA00,23.745197410916255,49.15167760255906
122,0.4132,Moderate Risk,3,8.77,0.1018,Built_up,Peri-Urban / Sparse,0.3541,0.0200,0.8280,1.0000,#FFAA00,23.605819867167273,48.911586906351545
123,0.4132,Moderate Risk,3,23.78,0.1021,Minepits/Industry,Low Density Urban,0.3541,0.0542,0.8265,0.9000,#FFAA00,25.54279182850767,49.881576654122185
124,0.4130,Moderate Risk,3,46.54,0.1156,Minepits/Industry,Low Density Urban,0.3541,0.1061,0.7479,0.9000,#FFAA00,25.26133097234395,49.58384114168513
125,0.4128,Moderate Risk,3,93.20,0.1517,Built_up,Medium Density Urban,0.3541,0.2124,0.5372,1.0000,#FFAA00,25.55208944398189,49.5948666166562
126,0.4127,Moderate Risk,3,15.53,0.0977,Minepits/Industry,Low Density Urban,0.3541,0.0354,0.8522,0.9000,#FFAA00,25.656472741154175,48.448829542275845
127,0.4125,Moderate Risk,3,14.56,0.1058,Built_up,Low Density Urban,0.3541,0.0332,0.8046,1.0000,#FFAA00,26.08344098723871,48.84610611187263
128,0.4123,Moderate Risk,3,18.11,0.0995,Minepits/Industry,Low Density Urban,0.3541,0.0413,0.8416,0.9000,#FFAA00,24.26550985058942,48.742005304177006
129,0.4121,Moderate Risk,3,7.76,0.1022,Built_up,Peri-Urban / Sparse,0.3541,0.0177,0.8256,1.0000,#FFAA00,23.158136691114027,49.32121136747513
130,0.4121,Moderate Risk,3,2.79,0.0993,Built_up,Peri-Urban / Sparse,0.3541,0.0064,0.8429,1.0000,#FFAA00,22.944912978265265,49.1268211248199
131,0.4120,Moderate Risk,3,9.63,0.0948,Minepits/Industry,Peri-Urban / Sparse,0.3541,0.0220,0.8687,0.9000,#FFAA00,23.016438489200034,49.175920181257645
132,0.4116,Moderate Risk,3,6.53,0.1019,Built_up,Peri-Urban / Sparse,0.3541,0.0149,0.8273,1.0000,#FFAA00,24.91300099577896,49.04710461290438
133,0.4116,Moderate Risk,3,2.83,0.0997,Built_up,Peri-Urban / Sparse,0.3541,0.0065,0.8400,1.0000,#FFAA00,22.946126882726404,49.07995812576726
134,0.4115,Moderate Risk,3,9.73,0.0953,Minepits/Industry,Peri-Urban / Sparse,0.3541,0.0222,0.8659,0.9000,#FFAA00,23.159419122444454,49.27428624949152
135,0.4113,Moderate Risk,3,14.53,0.0983,Minepits/Industry,Low Density Urban,0.3541,0.0331,0.8487,0.9000,#FFAA00,26.009401117919136,48.89175506827947
136,0.4113,Moderate Risk,3,20.41,0.1017,Minepits/Industry,Low Density Urban,0.3541,0.0465,0.8287,0.9000,#FFAA00,23.96844832900586,48.96974204130287
137,0.4112,Moderate Risk,3,10.31,0.0959,Minepits/Industry,Low Density Urban,0.3541,0.0235,0.8625,0.9000,#FFAA00,26.016882457862287,48.60355225899351
138,0.4111,Moderate Risk,3,6.24,0.1022,Built_up,Peri-Urban / Sparse,0.3541,0.0142,0.8258,1.0000,#FFAA00,23.020093042548318,49.03525629967284
139,0.4110,Moderate Risk,3,28.85,0.1069,Minepits/Industry,Low Density Urban,0.3541,0.0658,0.7981,0.9000,#FFAA00,24.834977142736236,49.23492203777878
140,0.4110,Moderate Risk,3,5.11,0.0930,Minepits/Industry,Peri-Urban / Sparse,0.3541,0.0116,0.8793,0.9000,#FFAA00,22.942443840306755,49.220537489564855
141,0.4110,Moderate Risk,3,18.94,0.0840,Bare Land,Low Density Urban,0.3541,0.0432,0.9320,0.7000,#FFAA00,25.657597888994335,48.40092227478625
142,0.4110,Moderate Risk,3,44.54,0.1161,Minepits/Industry,Low Density Urban,0.3541,0.1015,0.7446,0.9000,#FFAA00,25.549052266430778,49.69045230704106
143,0.4108,Moderate Risk,3,23.89,0.1042,Minepits/Industry,Low Density Urban,0.3541,0.0544,0.8139,0.9000,#FFAA00,25.253721598046123,49.82220803589915
144,0.4102,Moderate Risk,3,2.17,0.1005,Built_up,Peri-Urban / Sparse,0.3541,0.0050,0.8355,1.0000,#FFAA00,22.725420490806805,49.167017621370405
145,0.4100,Moderate Risk,3,1.51,0.0918,Minepits/Industry,Peri-Urban / Sparse,0.3541,0.0034,0.8866,0.9000,#FFAA00,21.50794456073536,48.24904144451106
146,0.4100,Moderate Risk,3,9.59,0.0965,Minepits/Industry,Peri-Urban / Sparse,0.3541,0.0219,0.8588,0.9000,#FFAA00,25.513112443039144,48.348952473166285
147,0.4100,Moderate Risk,3,10.43,0.0970,Minepits/Industry,Low Density Urban,0.3541,0.0238,0.8560,0.9000,#FFAA00,23.73867654994822,49.38734419746979
148,0.4099,Moderate Risk,3,1.94,0.1007,Built_up,Peri-Urban / Sparse,0.3541,0.0044,0.8347,1.0000,#FFAA00,22.800600685521633,49.07560613988876
149,0.4097,Moderate Risk,3,2.79,0.1013,Built_up,Peri-Urban / Sparse,0.3541,0.0063,0.8308,1.0000,#FFAA00,23.0224602490677,48.9414646454348
150,0.4097,Moderate Risk,3,6.33,0.0949,Minepits/Industry,Peri-Urban / Sparse,0.3541,0.0144,0.8686,0.9000,#FFAA00,23.598432304619884,49.19416417520718
151,0.4097,Moderate Risk,3,34.18,0.1111,Minepits/Industry,Low Density Urban,0.3541,0.0779,0.7736,0.9000,#FFAA00,25.419527048997374,49.159527064075924
152,0.4096,Moderate Risk,3,2.41,0.1012,Built_up,Peri-Urban / Sparse,0.3541,0.0055,0.8318,1.0000,#FFAA00,22.949685892462206,48.939350293732936
153,0.4095,Moderate Risk,3,9.71,0.0970,Minepits/Industry,Peri-Urban / Sparse,0.3541,0.0221,0.8559,0.9000,#FFAA00,23.740009325762173,49.34021767068043
154,0.4094,Moderate Risk,3,8.00,0.1046,Built_up,Peri-Urban / Sparse,0.3541,0.0182,0.8117,1.0000,#FFAA00,23.239589071537218,48.994832397327045
155,0.4091,Moderate Risk,3,11.74,0.0985,Minepits/Industry,Low Density Urban,0.3541,0.0268,0.8474,0.9000,#FFAA00,24.118782995233904,48.78505455828706
156,0.4090,Moderate Risk,3,12.65,0.0992,Minepits/Industry,Low Density Urban,0.3541,0.0288,0.8433,0.9000,#FFAA00,23.959528605807378,49.300295107762395
157,0.4090,Moderate Risk,3,36.27,0.1130,Minepits/Industry,Low Density Urban,0.3541,0.0827,0.7630,0.9000,#FFAA00,23.96343812078911,49.15864929198929
158,0.4089,Moderate Risk,3,2.11,0.1016,Built_up,Peri-Urban / Sparse,0.3541,0.0048,0.8290,1.0000,#FFAA00,22.873364214790016,49.07777769845833
159,0.4089,Moderate Risk,3,12.90,0.0994,Minepits/Industry,Low Density Urban,0.3541,0.0294,0.8423,0.9000,#FFAA00,24.10499121908937,49.30514807674707
160,0.4088,Moderate Risk,3,5.20,0.0950,Minepits/Industry,Peri-Urban / Sparse,0.3541,0.0119,0.8680,0.9000,#FFAA00,23.67244871151014,49.14937220313531
161,0.4088,Moderate Risk,3,1.81,0.1016,Built_up,Peri-Urban / Sparse,0.3541,0.0041,0.8294,1.0000,#FFAA00,22.6538742296958,49.11805365909679
162,0.4088,Moderate Risk,3,9.97,0.0977,Minepits/Industry,Peri-Urban / Sparse,0.3541,0.0227,0.8518,0.9000,#FFAA00,23.958196530486518,49.347503586608326
163,0.4087,Moderate Risk,3,19.81,0.1036,Minepits/Industry,Low Density Urban,0.3541,0.0452,0.8174,0.9000,#FFAA00,23.811401960694564,49.38978921678545
164,0.4087,Moderate Risk,3,4.97,0.1035,Built_up,Peri-Urban / Sparse,0.3541,0.0113,0.8182,1.0000,#FFAA00,24.98574718796549,49.04948673402973
165,0.4085,Moderate Risk,3,11.89,0.0991,Minepits/Industry,Low Density Urban,0.3541,0.0271,0.8437,0.9000,#FFAA00,24.11760207649373,48.83235166992499
166,0.4085,Moderate Risk,3,7.53,0.0965,Minepits/Industry,Peri-Urban / Sparse,0.3541,0.0172,0.8588,0.9000,#FFAA00,23.66859237852163,49.29070436577426
167,0.4085,Moderate Risk,3,15.09,0.1010,Minepits/Industry,Low Density Urban,0.3541,0.0344,0.8327,0.9000,#FFAA00,25.937933599118008,48.84136143632074
168,0.4081,Moderate Risk,3,2.19,0.1024,Built_up,Peri-Urban / Sparse,0.3541,0.0050,0.8246,1.0000,#FFAA00,23.023623092397152,48.89456420665141
169,0.4079,Moderate Risk,3,31.74,0.1112,Minepits/Industry,Low Density Urban,0.3541,0.0723,0.7730,0.9000,#FFAA00,25.624776559915492,49.59764972042199
170,0.4078,Moderate Risk,3,19.31,0.1041,Minepits/Industry,Low Density Urban,0.3541,0.0440,0.8147,0.9000,#FFAA00,23.88940779227865,49.2035084533038
171,0.4077,Moderate Risk,3,41.23,0.1170,Minepits/Industry,Low Density Urban,0.3541,0.0940,0.7394,0.9000,#FFAA00,25.262806908359654,49.53615628158316
172,0.4077,Moderate Risk,3,14.77,0.1015,Minepits/Industry,Low Density Urban,0.3541,0.0337,0.8300,0.9000,#FFAA00,23.884126448372303,49.39224401191442
173,0.4077,Moderate Risk,3,12.73,0.1003,Minepits/Industry,Low Density Urban,0.3541,0.0290,0.8370,0.9000,#FFAA00,25.323226614084867,49.92046525668454
174,0.4076,Moderate Risk,3,7.31,0.0972,Minepits/Industry,Peri-Urban / Sparse,0.3541,0.0167,0.8547,0.9000,#FFAA00,23.525686186455935,49.19185139146915
175,0.4074,Moderate Risk,3,4.76,0.1044,Built_up,Peri-Urban / Sparse,0.3541,0.0109,0.8127,1.0000,#FFAA00,23.021283564552796,48.988362021812186
176,0.4074,Moderate Risk,3,8.11,0.0978,Minepits/Industry,Peri-Urban / Sparse,0.3541,0.0185,0.8513,0.9000,#FFAA00,23.015192655054264,49.222801704225844
177,0.4074,Moderate Risk,3,1.52,0.0940,Minepits/Industry,Peri-Urban / Sparse,0.3541,0.0035,0.8735,0.9000,#FFAA00,21.43599573598651,48.20101421937356
178,0.4073,Moderate Risk,3,8.86,0.1070,Built_up,Peri-Urban / Sparse,0.3541,0.0202,0.7979,1.0000,#FFAA00,25.185650850317437,49.67641343619514
179,0.4072,Moderate Risk,3,6.93,0.1059,Built_up,Peri-Urban / Sparse,0.3541,0.0158,0.8039,1.0000,#FFAA00,25.27932155613659,48.96365761673585
180,0.4068,Moderate Risk,3,13.00,0.1012,Minepits/Industry,Low Density Urban,0.3541,0.0296,0.8314,0.9000,#FFAA00,23.812739313013232,49.34263662940834
181,0.4067,Moderate Risk,3,10.82,0.1000,Minepits/Industry,Low Density Urban,0.3541,0.0247,0.8384,0.9000,#FFAA00,24.042431030660225,48.92471754811783
182,0.4067,Moderate Risk,3,23.95,0.1077,Minepits/Industry,Low Density Urban,0.3541,0.0546,0.7934,0.9000,#FFAA00,25.935352725730628,48.93735104636357
183,0.4067,Moderate Risk,3,10.90,0.1087,Built_up,Low Density Urban,0.3541,0.0248,0.7878,1.0000,#FFAA00,24.405008070106508,48.983296637632094
184,0.4067,Moderate Risk,3,6.32,0.0974,Minepits/Industry,Peri-Urban / Sparse,0.3541,0.0144,0.8536,0.9000,#FFAA00,23.524409575941476,49.23891047096718
185,0.4066,Moderate Risk,3,9.94,0.0997,Minepits/Industry,Peri-Urban / Sparse,0.3541,0.0227,0.8406,0.9000,#FFAA00,24.407475945941687,48.88850332759414
186,0.4065,Moderate Risk,3,9.89,0.1083,Built_up,Peri-Urban / Sparse,0.3541,0.0225,0.7903,1.0000,#FFAA00,26.00678016425124,48.98779688276361
187,0.4063,Moderate Risk,3,12.37,0.1013,Minepits/Industry,Low Density Urban,0.3541,0.0282,0.8311,0.9000,#FFAA00,23.73732948067699,49.43446725441031
188,0.4063,Moderate Risk,3,5.30,0.0971,Minepits/Industry,Peri-Urban / Sparse,0.3541,0.0121,0.8554,0.9000,#FFAA00,23.59715127887891,49.241249029914634
189,0.4063,Moderate Risk,3,11.72,0.1009,Minepits/Industry,Low Density Urban,0.3541,0.0267,0.8333,0.9000,#FFAA00,24.335917627675112,48.83890139002304
190,0.4063,Moderate Risk,3,4.43,0.0966,Minepits/Industry,Peri-Urban / Sparse,0.3541,0.0101,0.8583,0.9000,#FFAA00,22.86969414826772,49.218282468014756
191,0.4062,Moderate Risk,3,7.47,0.0985,Minepits/Industry,Peri-Urban / Sparse,0.3541,0.0170,0.8472,0.9000,#FFAA00,23.169177429875212,48.89876843962705
192,0.4061,Moderate Risk,3,14.69,0.1028,Minepits/Industry,Low Density Urban,0.3541,0.0335,0.8220,0.9000,#FFAA00,23.30744248207607,49.18496856354754
193,0.4061,Moderate Risk,3,9.51,0.0998,Minepits/Industry,Peri-Urban / Sparse,0.3541,0.0217,0.8399,0.9000,#FFAA00,23.746458657187066,49.10453427980554
194,0.4060,Moderate Risk,3,27.16,0.1102,Minepits/Industry,Low Density Urban,0.3541,0.0619,0.7790,0.9000,#FFAA00,24.26314665812216,48.83670950236175
195,0.4058,Moderate Risk,3,4.45,0.0971,Minepits/Industry,Peri-Urban / Sparse,0.3541,0.0102,0.8556,0.9000,#FFAA00,23.674948281736285,49.05513431339898
196,0.4058,Moderate Risk,3,1.49,0.0954,Minepits/Industry,Peri-Urban / Sparse,0.3541,0.0034,0.8656,0.9000,#FFAA00,21.435101162050866,48.247424763513315
197,0.4057,Moderate Risk,3,13.56,0.1025,Minepits/Industry,Low Density Urban,0.3541,0.0309,0.8239,0.9000,#FFAA00,23.885468382132125,49.34506526009267
198,0.4057,Moderate Risk,3,7.07,0.0987,Minepits/Industry,Peri-Urban / Sparse,0.3541,0.0161,0.8462,0.9000,#FFAA00,25.512010156383518,48.396804840877614
199,0.4057,Moderate Risk,3,4.00,0.0969,Minepits/Industry,Peri-Urban / Sparse,0.3541,0.0091,0.8567,0.9000,#FFAA00,25.037254185977897,49.76604853919654
200,0.4057,Moderate Risk,3,7.74,0.0991,Minepits/Industry,Peri-Urban / Sparse,0.3541,0.0176,0.8437,0.9000,#FFAA00,24.029572643902597,49.39718302625095
201,0.4056,Moderate Risk,3,13.34,0.1025,Minepits/Industry,Low Density Urban,0.3541,0.0304,0.8240,0.9000,#FFAA00,25.39588144308847,49.923414634233026
202,0.4056,Moderate Risk,3,10.41,0.1007,Minepits/Industry,Low Density Urban,0.3541,0.0237,0.8344,0.9000,#FFAA00,25.618620229405693,49.788920252121244
203,0.4056,Moderate Risk,3,6.36,0.0984,Minepits/Industry,Peri-Urban / Sparse,0.3541,0.0145,0.8482,0.9000,#FFAA00,23.95685001032644,49.39470860698447
204,0.4054,Moderate Risk,3,14.71,0.1034,Minepits/Industry,Low Density Urban,0.3541,0.0335,0.8187,0.9000,#FFAA00,25.587000587443832,48.30309442890738
205,0.4053,Moderate Risk,3,1.43,0.0957,Minepits/Industry,Peri-Urban / Sparse,0.3541,0.0033,0.8636,0.9000,#FFAA00,21.36314825680063,48.19942727454428
206,0.4053,Moderate Risk,3,8.98,0.1002,Minepits/Industry,Peri-Urban / Sparse,0.3541,0.0205,0.8376,0.9000,#FFAA00,23.4516669749486,49.236581283878856
207,0.4053,Moderate Risk,3,26.76,0.1106,Minepits/Industry,Low Density Urban,0.3541,0.0610,0.7766,0.9000,#FFAA00,25.866441109058623,48.79103235263435
208,0.4052,Moderate Risk,3,9.74,0.1007,Minepits/Industry,Peri-Urban / Sparse,0.3541,0.0222,0.8345,0.9000,#FFAA00,24.320453841360017,49.40717943488795
209,0.4051,Moderate Risk,3,13.62,0.1030,Minepits/Industry,Low Density Urban,0.3541,0.0310,0.8209,0.9000,#FFAA00,25.182601795479755,49.77170013194685
210,0.4050,Moderate Risk,3,6.72,0.0991,Minepits/Industry,Peri-Urban / Sparse,0.3541,0.0153,0.8436,0.9000,#FFAA00,23.671177526852286,49.19648625044768
211,0.4049,Moderate Risk,3,5.70,0.0985,Minepits/Industry,Peri-Urban / Sparse,0.3541,0.0130,0.8470,0.9000,#FFAA00,23.304901683461416,49.27892999468683
212,0.4049,Moderate Risk,3,9.08,0.1091,Built_up,Peri-Urban / Sparse,0.3541,0.0207,0.7854,1.0000,#FFAA00,24.553005297771442,48.892984873794596
213,0.4049,Moderate Risk,3,1.47,0.0961,Minepits/Industry,Peri-Urban / Sparse,0.3541,0.0033,0.8615,0.9000,#FFAA00,21.50703377781219,48.29547256239892
214,0.4048,Moderate Risk,3,4.46,0.0979,Minepits/Industry,Peri-Urban / Sparse,0.3541,0.0102,0.8506,0.9000,#FFAA00,23.667278423011997,49.3378083601597
215,0.4047,Moderate Risk,3,1.43,0.0962,Minepits/Industry,Peri-Urban / Sparse,0.3541,0.0033,0.8605,0.9000,#FFAA00,21.36402671768201,48.15303725246571
216,0.4047,Moderate Risk,3,4.36,0.1065,Built_up,Peri-Urban / Sparse,0.3541,0.0099,0.8005,1.0000,#FFAA00,22.947327005749752,49.03309196356774
217,0.4047,Moderate Risk,3,3.86,0.0977,Minepits/Industry,Peri-Urban / Sparse,0.3541,0.0088,0.8520,0.9000,#FFAA00,23.09164962445352,49.08434567113327
218,0.4045,Moderate Risk,3,41.93,0.1202,Minepits/Industry,Low Density Urban,0.3541,0.0956,0.7208,0.9000,#FFAA00,25.264267520275425,49.48846768486662
219,0.4043,Moderate Risk,3,1.51,0.0967,Minepits/Industry,Peri-Urban / Sparse,0.3541,0.0035,0.8579,0.9000,#FFAA00,21.508842469337026,48.20260789259428
220,0.4042,Moderate Risk,3,9.72,0.1016,Minepits/Industry,Peri-Urban / Sparse,0.3541,0.0222,0.8294,0.9000,#FFAA00,24.685426793345716,49.37242546602876
221,0.4041,Moderate Risk,3,23.00,0.1095,Minepits/Industry,Low Density Urban,0.3541,0.0524,0.7834,0.9000,#FFAA00,25.645641602623932,48.87986071452826
222,0.4037,Moderate Risk,3,5.48,0.1081,Built_up,Peri-Urban / Sparse,0.3541,0.0125,0.7915,1.0000,#FFAA00,26.005445861153255,49.03581277431121
223,0.4037,Moderate Risk,3,3.76,0.0985,Minepits/Industry,Peri-Urban / Sparse,0.3541,0.0086,0.8473,0.9000,#FFAA00,23.523118806282852,49.28596621580972
224,0.4037,Moderate Risk,3,3.96,0.0986,Minepits/Industry,Peri-Urban / Sparse,0.3541,0.0090,0.8470,0.9000,#FFAA00,23.6659502187889,49.38490892996658
225,0.4037,Moderate Risk,3,12.45,0.1122,Built_up,Low Density Urban,0.3541,0.0284,0.7675,1.0000,#FFAA00,23.243114457896485,48.853904258333586
226,0.4036,Moderate Risk,3,1.99,0.1061,Built_up,Peri-Urban / Sparse,0.3541,0.0045,0.8028,1.0000,#FFAA00,22.950844648747694,48.892474858135074
227,0.4036,Moderate Risk,3,9.22,0.1017,Minepits/Industry,Peri-Urban / Sparse,0.3541,0.0210,0.8284,0.9000,#FFAA00,24.04482846920183,48.83018568197871
228,0.4035,Moderate Risk,3,15.38,0.1055,Minepits/Industry,Low Density Urban,0.3541,0.0350,0.8066,0.9000,#FFAA00,23.96084623207191,49.25308320759707
229,0.4035,Moderate Risk,3,13.50,0.1043,Minepits/Industry,Low Density Urban,0.3541,0.0308,0.8134,0.9000,#FFAA00,23.888109058262632,49.250697443719574
230,0.4035,Moderate Risk,3,17.92,0.1155,Built_up,Low Density Urban,0.3541,0.0408,0.7481,1.0000,#FFAA00,24.760894278530373,49.2799595920717
231,0.4035,Moderate Risk,3,25.84,0.0944,Bare Land,Low Density Urban,0.3541,0.0589,0.8710,0.7000,#FFAA00,25.42087367647841,49.11175316011773
232,0.4035,Moderate Risk,3,2.46,0.0979,Minepits/Industry,Peri-Urban / Sparse,0.3541,0.0056,0.8510,0.9000,#FFAA00,23.591885136713184,49.42955465367702
233,0.4035,Moderate Risk,3,47.41,0.1071,Bare Land,Low Density Urban,0.3541,0.1081,0.7971,0.7000,#FFAA00,24.82945958170245,49.425057101775096
234,0.4034,Moderate Risk,3,21.48,0.1091,Minepits/Industry,Low Density Urban,0.3541,0.0490,0.7854,0.9000,#FFAA00,23.810050265930656,49.436938325773866
235,0.4033,Moderate Risk,3,74.95,0.1406,Minepits/Industry,Medium Density Urban,0.3541,0.1708,0.6019,0.9000,#FFAA00,25.5505786127761,49.642661388967625
236,0.4032,Moderate Risk,3,8.63,0.1018,Minepits/Industry,Peri-Urban / Sparse,0.3541,0.0197,0.8281,0.9000,#FFAA00,23.96966469759031,48.92250723342728
237,0.4032,Moderate Risk,3,3.82,0.0990,Minepits/Industry,Peri-Urban / Sparse,0.3541,0.0087,0.8446,0.9000,#FFAA00,23.66460777004484,49.43200603841955
238,0.4032,Moderate Risk,3,26.82,0.1124,Minepits/Industry,Low Density Urban,0.3541,0.0611,0.7661,0.9000,#FFAA00,25.342676008158048,49.30024734237992
239,0.4031,Moderate Risk,3,5.64,0.1001,Minepits/Industry,Peri-Urban / Sparse,0.3541,0.0129,0.8382,0.9000,#FFAA00,23.599699118289106,49.14707601443644
240,0.4030,Moderate Risk,3,1.48,0.0978,Minepits/Industry,Peri-Urban / Sparse,0.3541,0.0034,0.8516,0.9000,#FFAA00,20.78034184479029,48.18697215261201
241,0.4030,Moderate Risk,3,1.39,0.0977,Minepits/Industry,Peri-Urban / Sparse,0.3541,0.0032,0.8519,0.9000,#FFAA00,21.291175214327495,48.15147984033299
242,0.4029,Moderate Risk,3,8.34,0.1019,Minepits/Industry,Peri-Urban / Sparse,0.3541,0.0190,0.8278,0.9000,#FFAA00,24.043637017082812,48.87745316201944
243,0.4029,Moderate Risk,3,4.13,0.0993,Minepits/Industry,Peri-Urban / Sparse,0.3541,0.0094,0.8424,0.9000,#FFAA00,23.59585604510882,49.288330541825516
244,0.4029,Moderate Risk,3,1.82,0.1066,Built_up,Peri-Urban / Sparse,0.3541,0.0042,0.8001,1.0000,#FFAA00,22.878065358432842,48.89039399454927
245,0.4028,Moderate Risk,3,7.29,0.1014,Minepits/Industry,Peri-Urban / Sparse,0.3541,0.0166,0.8307,0.9000,#FFAA00,23.60341424710419,49.005792063304014
246,0.4028,Moderate Risk,3,4.15,0.1080,Built_up,Peri-Urban / Sparse,0.3541,0.0095,0.7917,1.0000,#FFAA00,24.914286774101573,48.999520995720644
247,0.4027,Moderate Risk,3,13.78,0.1138,Built_up,Low Density Urban,0.3541,0.0314,0.7581,1.0000,#FFAA00,26.008098584595626,48.93977763407148
248,0.4027,Moderate Risk,3,8.73,0.1108,Built_up,Peri-Urban / Sparse,0.3541,0.0199,0.7753,1.0000,#FFAA00,23.087940589911366,49.225075133929266
249,0.4026,Moderate Risk,3,5.10,0.1088,Built_up,Peri-Urban / Sparse,0.3541,0.0116,0.7872,1.0000,#FFAA00,25.058492455577284,49.05187816682599
250,0.4025,Moderate Risk,3,1.49,0.0982,Minepits/Industry,Peri-Urban / Sparse,0.3541,0.0034,0.8490,0.9000,#FFAA00,21.436877480597264,48.15460128116567
251,0.4025,Moderate Risk,3,1.49,0.0982,Minepits/Industry,Peri-Urban / Sparse,0.3541,0.0034,0.8492,0.9000,#FFAA00,20.851446742243922,48.28096332965218
252,0.4025,Moderate Risk,3,16.16,0.1153,Built_up,Low Density Urban,0.3541,0.0368,0.7492,1.0000,#FFAA00,25.61383968416305,49.93233147629149
253,0.4025,Moderate Risk,3,5.68,0.1006,Minepits/Industry,Peri-Urban / Sparse,0.3541,0.0129,0.8350,0.9000,#FFAA00,23.095233752304736,48.94358760385401
254,0.4025,Moderate Risk,3,1.55,0.0982,Minepits/Industry,Peri-Urban / Sparse,0.3541,0.0035,0.8491,0.9000,#FFAA00,21.723668348091007,48.39342722890691
255,0.4022,Moderate Risk,3,7.57,0.1020,Minepits/Industry,Peri-Urban / Sparse,0.3541,0.0173,0.8269,0.9000,#FFAA00,23.970866585008256,48.875269301993555
256,0.4020,Moderate Risk,3,3.10,0.1081,Built_up,Peri-Urban / Sparse,0.3541,0.0071,0.7914,1.0000,#FFAA00,23.170334517877137,48.851814648839394
257,0.4019,Moderate Risk,3,1.81,0.1074,Built_up,Peri-Urban / Sparse,0.3541,0.0041,0.7951,1.0000,#FFAA00,22.804134629052037,48.93514732858918
258,0.4019,Moderate Risk,3,9.78,0.1121,Built_up,Peri-Urban / Sparse,0.3541,0.0223,0.7679,1.0000,#FFAA00,26.093192759073297,48.46154977475052
259,0.4018,Moderate Risk,3,2.22,0.1078,Built_up,Peri-Urban / Sparse,0.3541,0.0051,0.7932,1.0000,#FFAA00,23.097553728063065,48.84973348333537
260,0.4018,Moderate Risk,3,14.07,0.1147,Built_up,Low Density Urban,0.3541,0.0321,0.7528,1.0000,#FFAA00,24.762246604112413,49.2324481209193
261,0.4017,Moderate Risk,3,6.11,0.1015,Minepits/Industry,Peri-Urban / Sparse,0.3541,0.0139,0.8296,0.9000,#FFAA00,23.012659535615537,49.31655487756461
262,0.4017,Moderate Risk,3,24.53,0.1124,Minepits/Industry,Low Density Urban,0.3541,0.0559,0.7665,0.9000,#FFAA00,25.49225797969048,49.16203202792047
263,0.4016,Moderate Risk,3,9.33,0.1035,Minepits/Industry,Peri-Urban / Sparse,0.3541,0.0213,0.8181,0.9000,#FFAA00,23.669892081169657,49.243596983601364
264,0.4016,Moderate Risk,3,30.26,0.1158,Minepits/Industry,Low Density Urban,0.3541,0.0690,0.7464,0.9000,#FFAA00,25.272709126826726,49.20225981027882
265,0.4016,Moderate Risk,3,1.80,0.1077,Built_up,Peri-Urban / Sparse,0.3541,0.0041,0.7938,1.0000,#FFAA00,22.732504247640602,48.88625764166134
266,0.4015,Moderate Risk,3,1.57,0.0991,Minepits/Industry,Peri-Urban / Sparse,0.3541,0.0036,0.8440,0.9000,#FFAA00,21.724615325134756,48.34693152562831
267,0.4015,Moderate Risk,3,3.09,0.1086,Built_up,Peri-Urban / Sparse,0.3541,0.0070,0.7887,1.0000,#FFAA00,22.082789847080225,48.63509932861171
268,0.4015,Moderate Risk,3,1.86,0.1078,Built_up,Peri-Urban / Sparse,0.3541,0.0042,0.7930,1.0000,#FFAA00,22.801792356186688,49.02878963651341
269,0.4015,Moderate Risk,3,1.46,0.0990,Minepits/Industry,Peri-Urban / Sparse,0.3541,0.0033,0.8443,0.9000,#FFAA00,21.57894595157546,48.343570926832
270,0.4013,Moderate Risk,3,1.94,0.1081,Built_up,Peri-Urban / Sparse,0.3541,0.0044,0.7916,1.0000,#FFAA00,23.024772090888266,48.84766074158652
271,0.4012,Moderate Risk,3,14.44,0.1069,Minepits/Industry,Low Density Urban,0.3541,0.0329,0.7983,0.9000,#FFAA00,24.97488119126453,49.43025575088172
272,0.4012,Moderate Risk,3,5.88,0.1104,Built_up,Peri-Urban / Sparse,0.3541,0.0134,0.7778,1.0000,#FFAA00,25.280597927466523,48.91592721284121
273,0.4011,Moderate Risk,3,1.43,0.0994,Minepits/Industry,Peri-Urban / Sparse,0.3541,0.0033,0.8422,0.9000,#FFAA00,21.21918218665561,48.103582206191675
274,0.4011,Moderate Risk,3,2.49,0.1000,Minepits/Industry,Peri-Urban / Sparse,0.3541,0.0057,0.8388,0.9000,#FFAA00,23.59322296987284,49.38248339040132
275,0.4009,Moderate Risk,3,3.62,0.1008,Minepits/Industry,Peri-Urban / Sparse,0.3541,0.0082,0.8339,0.9000,#FFAA00,23.096400686924667,48.896662060359176
276,0.4009,Moderate Risk,3,7.78,0.1032,Minepits/Industry,Peri-Urban / Sparse,0.3541,0.0177,0.8197,0.9000,#FFAA00,23.308691858215052,49.13798291862734
277,0.4007,Moderate Risk,3,4.47,0.1015,Minepits/Industry,Peri-Urban / Sparse,0.3541,0.0102,0.8298,0.9000,#FFAA00,22.94118861455459,49.267390783333454
278,0.4006,Moderate Risk,3,1.58,0.0998,Minepits/Industry,Peri-Urban / Sparse,0.3541,0.0036,0.8395,0.9000,#FFAA00,21.796498397435162,48.39514152544919
279,0.4006,Moderate Risk,3,1.81,0.1085,Built_up,Peri-Urban / Sparse,0.3541,0.0041,0.7887,1.0000,#FFAA00,22.659722432083882,48.884202112371575
280,0.4006,Moderate Risk,3,1.84,0.1086,Built_up,Peri-Urban / Sparse,0.3541,0.0042,0.7883,1.0000,#FFAA00,22.95198960878827,48.845596403464874
281,0.4004,Moderate Risk,3,1.83,0.1088,Built_up,Peri-Urban / Sparse,0.3541,0.0042,0.7874,1.0000,#FFAA00,22.802970338594175,48.981970020799174
282,0.4003,Moderate Risk,3,1.82,0.1088,Built_up,Peri-Urban / Sparse,0.3541,0.0041,0.7872,1.0000,#FFAA00,22.80528522391063,48.88832159574034
283,0.4002,Moderate Risk,3,3.73,0.1015,Minepits/Industry,Peri-Urban / Sparse,0.3541,0.0085,0.8300,0.9000,#FFAA00,25.692853867011014,49.743988738067834
284,0.4001,Moderate Risk,3,4.31,0.1019,Minepits/Industry,Peri-Urban / Sparse,0.3541,0.0098,0.8276,0.9000,#FFAA00,25.94045109447212,48.745358912972215
285,0.4000,Moderate Risk,3,1.50,0.1003,Minepits/Industry,Peri-Urban / Sparse,0.3541,0.0034,0.8367,0.9000,#FFAA00,20.922487616493424,48.37504035706259
286,0.4000,Moderate Risk,3,3.75,0.1016,Minepits/Industry,Peri-Urban / Sparse,0.3541,0.0086,0.8291,0.9000,#FFAA00,25.68970329460404,49.83966581300207
287,0.4000,Moderate Risk,3,1.45,0.1003,Minepits/Industry,Peri-Urban / Sparse,0.3541,0.0033,0.8366,0.9000,#FFAA00,21.292887362418952,48.05873842208171
288,0.4000,Moderate Risk,3,1.83,0.1091,Built_up,Peri-Urban / Sparse,0.3541,0.0042,0.7855,1.0000,#FFAA00,22.73135772720404,48.933058674472015
289,0.3999,Moderate Risk,3,1.82,0.1092,Built_up,Peri-Urban / Sparse,0.3541,0.0042,0.7851,1.0000,#FFAA00,22.655071053145985,49.07128954510815
290,0.3999,Moderate Risk,3,1.50,0.1004,Minepits/Industry,Peri-Urban / Sparse,0.3541,0.0034,0.8362,0.9000,#FFAA00,21.57987303949515,48.29711918360128
291,0.3999,Moderate Risk,3,5.84,0.1030,Minepits/Industry,Peri-Urban / Sparse,0.3541,0.0133,0.8211,0.9000,#FFAA00,25.94168606517265,48.69735290878803
292,0.3999,Moderate Risk,3,2.69,0.1011,Minepits/Industry,Peri-Urban / Sparse,0.3541,0.0061,0.8320,0.9000,#FFAA00,23.594546607396445,49.33540867422189
293,0.3998,Moderate Risk,3,10.27,0.1056,Minepits/Industry,Low Density Urban,0.3541,0.0234,0.8059,0.9000,#FFAA00,23.748938191642992,49.0102379259702
294,0.3997,Moderate Risk,3,12.03,0.1067,Minepits/Industry,Low Density Urban,0.3541,0.0274,0.7993,0.9000,#FFAA00,25.75418766757662,50.08188058885441
295,0.3997,Moderate Risk,3,1.50,0.1005,Minepits/Industry,Peri-Urban / Sparse,0.3541,0.0034,0.8354,0.9000,#FFAA00,21.58078720811516,48.25066496620778
296,0.3996,Moderate Risk,3,1.79,0.1008,Minepits/Industry,Peri-Urban / Sparse,0.3541,0.0041,0.8336,0.9000,#FFAA00,26.384321497027642,48.4701939731282
297,0.3995,Moderate Risk,3,1.50,0.1008,Minepits/Industry,Peri-Urban / Sparse,0.3541,0.0034,0.8340,0.9000,#FFAA00,21.581688454595923,48.204208309306296
298,0.3995,Moderate Risk,3,1.44,0.1007,Minepits/Industry,Peri-Urban / Sparse,0.3541,0.0033,0.8342,0.9000,#FFAA00,21.36225701433323,48.24581490789861
299,0.3995,Moderate Risk,3,1.48,0.1007,Minepits/Industry,Peri-Urban / Sparse,0.3541,0.0034,0.8345,0.9000,#FFAA00,21.220028708925582,48.05723307281371
300,0.3994,Moderate Risk,3,23.41,0.0965,Bare Land,Low Density Urban,0.3541,0.0533,0.8589,0.7000,#FFAA00,25.3481374073131,49.1092863355672
301,0.3994,Moderate Risk,3,2.02,0.1012,Minepits/Industry,Peri-Urban / Sparse,0.3541,0.0046,0.8317,0.9000,#FFAA00,23.583560268765062,49.7119076699106
302,0.3994,Moderate Risk,3,1.83,0.1096,Built_up,Peri-Urban / Sparse,0.3541,0.0042,0.7827,1.0000,#FFAA00,22.729023748458406,49.02665160394061
303,0.3994,Moderate Risk,3,1.84,0.1096,Built_up,Peri-Urban / Sparse,0.3541,0.0042,0.7823,1.0000,#FFAA00,22.583483979708806,49.02240169747032
304,0.3994,Moderate Risk,3,19.73,0.1115,Minepits/Industry,Low Density Urban,0.3541,0.0450,0.7712,0.9000,#FFAA00,23.819210791539756,49.106822810632416
305,0.3994,Moderate Risk,3,2.21,0.1012,Minepits/Industry,Peri-Urban / Sparse,0.3541,0.0050,0.8314,0.9000,#FFAA00,23.517814218265816,49.474155116264235
306,0.3992,Moderate Risk,3,1.16,0.1008,Minepits/Industry,Peri-Urban / Sparse,0.3541,0.0027,0.8338,0.9000,#FFAA00,19.673997026706,48.85279860479613
307,0.3992,Moderate Risk,3,2.34,0.1015,Minepits/Industry,Peri-Urban / Sparse,0.3541,0.0053,0.8297,0.9000,#FFAA00,23.519161583361576,49.427113076185144
308,0.3992,Moderate Risk,3,12.04,0.1072,Minepits/Industry,Low Density Urban,0.3541,0.0274,0.7965,0.9000,#FFAA00,23.886795920162164,49.2978830583411
309,0.3991,Moderate Risk,3,1.19,0.1009,Minepits/Industry,Peri-Urban / Sparse,0.3541,0.0027,0.8334,0.9000,#FFAA00,19.891422842102898,48.90397326942805
310,0.3991,Moderate Risk,3,2.41,0.1016,Minepits/Industry,Peri-Urban / Sparse,0.3541,0.0055,0.8289,0.9000,#FFAA00,23.52049480585694,49.38006755502515
311,0.3990,Moderate Risk,3,1.18,0.1010,Minepits/Industry,Peri-Urban / Sparse,0.3541,0.0027,0.8326,0.9000,#FFAA00,19.820603392923104,48.81040666141924
312,0.3989,Moderate Risk,3,8.36,0.1053,Minepits/Industry,Peri-Urban / Sparse,0.3541,0.0191,0.8075,0.9000,#FFAA00,23.89689748359724,48.92030569731902
313,0.3989,Moderate Risk,3,13.70,0.1084,Minepits/Industry,Low Density Urban,0.3541,0.0312,0.7897,0.9000,#FFAA00,25.681554030027957,50.0787872549153
314,0.3989,Moderate Risk,3,1.84,0.1100,Built_up,Peri-Urban / Sparse,0.3541,0.0042,0.7802,1.0000,#FFAA00,22.73019755959853,48.97985667382283
315,0.3988,Moderate Risk,3,3.43,0.1025,Minepits/Industry,Peri-Urban / Sparse,0.3541,0.0078,0.8241,0.9000,#FFAA00,25.36530832452458,48.440511405332465
316,0.3987,Moderate Risk,3,5.72,0.1040,Minepits/Industry,Peri-Urban / Sparse,0.3541,0.0130,0.8155,0.9000,#FFAA00,25.21515383516167,48.62731343555282
317,0.3987,Moderate Risk,3,7.98,0.1052,Minepits/Industry,Peri-Urban / Sparse,0.3541,0.0182,0.8080,0.9000,#FFAA00,25.539568648589395,49.97711468509355
318,0.3987,Moderate Risk,3,1.19,0.1013,Minepits/Industry,Peri-Urban / Sparse,0.3541,0.0027,0.8312,0.9000,#FFAA00,19.965233263825027,48.859832177818994
319,0.3987,Moderate Risk,3,1.95,0.1017,Minepits/Industry,Peri-Urban / Sparse,0.3541,0.0044,0.8288,0.9000,#FFAA00,23.29417846867841,49.65463893881301
320,0.3985,Moderate Risk,3,3.28,0.1112,Built_up,Peri-Urban / Sparse,0.3541,0.0075,0.7733,1.0000,#FFAA00,26.23758838611521,48.51399505535697
321,0.3985,Moderate Risk,3,1.51,0.1016,Minepits/Industry,Peri-Urban / Sparse,0.3541,0.0035,0.8290,0.9000,#FFAA00,21.650837530587115,48.39172011291672
322,0.3985,Moderate Risk,3,3.81,0.1116,Built_up,Peri-Urban / Sparse,0.3541,0.0087,0.7712,1.0000,#FFAA00,25.20528305017469,49.008993497953675
323,0.3984,Moderate Risk,3,11.45,0.1075,Minepits/Industry,Low Density Urban,0.3541,0.0261,0.7948,0.9000,#FFAA00,24.333487505004065,48.93364703080087
324,0.3983,Moderate Risk,3,11.74,0.1078,Minepits/Industry,Low Density Urban,0.3541,0.0268,0.7930,0.9000,#FFAA00,24.33828880644013,48.74414340017602
325,0.3983,Moderate Risk,3,8.40,0.1059,Minepits/Industry,Peri-Urban / Sparse,0.3541,0.0191,0.8044,0.9000,#FFAA00,24.324518345564965,49.265155165726746
326,0.3980,Moderate Risk,3,1.37,0.1019,Minepits/Industry,Peri-Urban / Sparse,0.3541,0.0031,0.8272,0.9000,#FFAA00,21.29030003403808,48.19784704308766
327,0.3980,Moderate Risk,3,2.20,0.1025,Minepits/Industry,Peri-Urban / Sparse,0.3541,0.0050,0.8242,0.9000,#FFAA00,23.445094402106523,49.47169769129919
328,0.3979,Moderate Risk,3,1.51,0.1022,Minepits/Industry,Peri-Urban / Sparse,0.3541,0.0035,0.8259,0.9000,#FFAA00,20.92339640843317,48.32879543919599
329,0.3978,Moderate Risk,3,1.18,0.1020,Minepits/Industry,Peri-Urban / Sparse,0.3541,0.0027,0.8267,0.9000,#FFAA00,19.747790042167335,48.80867293261719
330,0.3978,Moderate Risk,3,2.61,0.1029,Minepits/Industry,Peri-Urban / Sparse,0.3541,0.0059,0.8218,0.9000,#FFAA00,23.521813881550017,49.33301858936713
331,0.3978,Moderate Risk,3,1.19,0.1021,Minepits/Industry,Peri-Urban / Sparse,0.3541,0.0027,0.8265,0.9000,#FFAA00,20.037030033005976,48.90756327007369
332,0.3977,Moderate Risk,3,3.46,0.1120,Built_up,Peri-Urban / Sparse,0.3541,0.0079,0.7687,1.0000,#FFAA00,23.7537253193962,48.82160742029357
333,0.3977,Moderate Risk,3,1.61,0.1024,Minepits/Industry,Peri-Urban / Sparse,0.3541,0.0037,0.8247,0.9000,#FFAA00,26.383143472900155,48.51839363760888
334,0.3977,Moderate Risk,3,20.58,0.1135,Minepits/Industry,Low Density Urban,0.3541,0.0469,0.7600,0.9000,#FFAA00,24.763583928049357,49.1849332089131
335,0.3976,Moderate Risk,3,1.47,0.1023,Minepits/Industry,Peri-Urban / Sparse,0.3541,0.0034,0.8250,0.9000,#FFAA00,21.043675177349005,51.65969396281801
336,0.3975,Moderate Risk,3,1.50,0.1024,Minepits/Industry,Peri-Urban / Sparse,0.3541,0.0034,0.8243,0.9000,#FFAA00,21.65362910192113,48.25229534400203
337,0.3975,Moderate Risk,3,6.46,0.1054,Minepits/Industry,Peri-Urban / Sparse,0.3541,0.0147,0.8073,0.9000,#FFAA00,25.289101630037102,48.58172611170931
338,0.3974,Moderate Risk,3,7.28,0.1059,Minepits/Industry,Peri-Urban / Sparse,0.3541,0.0166,0.8039,0.9000,#FFAA00,23.013933002541748,49.26967994833635
339,0.3974,Moderate Risk,3,1.78,0.1113,Built_up,Peri-Urban / Sparse,0.3541,0.0040,0.7727,1.0000,#FFAA00,22.73363711731617,48.83945361117751
340,0.3974,Moderate Risk,3,1.44,0.1025,Minepits/Industry,Peri-Urban / Sparse,0.3541,0.0033,0.8239,0.9000,#FFAA00,21.434193761565933,48.29383287907379
341,0.3973,Moderate Risk,3,10.40,0.1079,Minepits/Industry,Low Density Urban,0.3541,0.0237,0.7927,0.9000,#FFAA00,24.334709932412377,48.8862757729301
342,0.3973,Moderate Risk,3,1.53,0.1026,Minepits/Industry,Peri-Urban / Sparse,0.3541,0.0035,0.8231,0.9000,#FFAA00,21.726470239886453,48.253932593375424
343,0.3972,Moderate Risk,3,1.20,0.1026,Minepits/Industry,Peri-Urban / Sparse,0.3541,0.0027,0.8235,0.9000,#FFAA00,19.82443290332514,48.6268070483241
344,0.3972,Moderate Risk,3,21.58,0.0974,Bare Land,Low Density Urban,0.3541,0.0492,0.8538,0.7000,#FFAA00,25.49360900126248,49.11422955257275
345,0.3972,Moderate Risk,3,7.76,0.1064,Minepits/Industry,Peri-Urban / Sparse,0.3541,0.0177,0.8013,0.9000,#FFAA00,24.32317820487674,49.31250006555815
346,0.3971,Moderate Risk,3,1.19,0.1026,Minepits/Industry,Peri-Urban / Sparse,0.3541,0.0027,0.8233,0.9000,#FFAA00,19.677842780842422,48.66937551340486
347,0.3971,Moderate Risk,3,2.09,0.1032,Minepits/Industry,Peri-Urban / Sparse,0.3541,0.0048,0.8199,0.9000,#FFAA00,23.371021564495734,49.51623750876899
348,0.3971,Moderate Risk,3,7.41,0.1148,Built_up,Peri-Urban / Sparse,0.3541,0.0169,0.7521,1.0000,#FFAA00,24.477764890720145,48.98558716693145
349,0.3971,Moderate Risk,3,9.75,0.1162,Built_up,Peri-Urban / Sparse,0.3541,0.0222,0.7442,1.0000,#FFAA00,24.55052080873072,48.987886736567596
350,0.3970,Moderate Risk,3,9.56,0.1162,Built_up,Peri-Urban / Sparse,0.3541,0.0218,0.7439,1.0000,#FFAA00,25.352071617295184,48.966029790883425
351,0.3969,Moderate Risk,3,1.19,0.1028,Minepits/Industry,Peri-Urban / Sparse,0.3541,0.0027,0.8220,0.9000,#FFAA00,19.822541661320678,48.71861220954395
352,0.3969,Moderate Risk,3,1.53,0.1030,Minepits/Industry,Peri-Urban / Sparse,0.3541,0.0035,0.8213,0.9000,#FFAA00,21.722708361847914,48.43992037723149
353,0.3968,Moderate Risk,3,2.09,0.1034,Minepits/Industry,Peri-Urban / Sparse,0.3541,0.0048,0.8186,0.9000,#FFAA00,23.44373760193619,49.51871059141428
354,0.3968,Moderate Risk,3,10.99,0.1087,Minepits/Industry,Low Density Urban,0.3541,0.0250,0.7881,0.9000,#FFAA00,25.18413395036315,49.72405872486637
355,0.3966,Moderate Risk,3,1.18,0.1031,Minepits/Industry,Peri-Urban / Sparse,0.3541,0.0027,0.8206,0.9000,#FFAA00,19.818618121844107,48.90219014160503
356,0.3966,Moderate Risk,3,4.74,0.1051,Minepits/Industry,Peri-Urban / Sparse,0.3541,0.0108,0.8085,0.9000,#FFAA00,25.29139264006858,48.48621288142844
357,0.3965,Moderate Risk,3,1.48,0.1033,Minepits/Industry,Peri-Urban / Sparse,0.3541,0.0034,0.8194,0.9000,#FFAA00,20.992514063785947,48.515463123520405
358,0.3965,Moderate Risk,3,2.36,0.1038,Minepits/Industry,Peri-Urban / Sparse,0.3541,0.0054,0.8164,0.9000,#FFAA00,23.59053311213682,49.47662242737809
359,0.3965,Moderate Risk,3,5.04,0.1140,Built_up,Peri-Urban / Sparse,0.3541,0.0115,0.7569,1.0000,#FFAA00,23.825323093874108,48.87092758185973
360,0.3965,Moderate Risk,3,1.51,0.1033,Minepits/Industry,Peri-Urban / Sparse,0.3541,0.0034,0.8190,0.9000,#FFAA00,21.570021280025788,48.76151956593211
361,0.3965,Moderate Risk,3,9.12,0.1078,Minepits/Industry,Peri-Urban / Sparse,0.3541,0.0208,0.7932,0.9000,#FFAA00,24.55177049182972,48.94043739859362
362,0.3964,Moderate Risk,3,24.20,0.1167,Minepits/Industry,Low Density Urban,0.3541,0.0552,0.7410,0.9000,#FFAA00,24.39454593723307,49.36233851113771
363,0.3964,Moderate Risk,3,9.82,0.1083,Minepits/Industry,Peri-Urban / Sparse,0.3541,0.0224,0.7902,0.9000,#FFAA00,25.111455626576827,49.721255444248406
364,0.3964,Moderate Risk,3,2.48,0.1040,Minepits/Industry,Peri-Urban / Sparse,0.3541,0.0057,0.8152,0.9000,#FFAA00,23.447765729398753,49.37766140021434
365,0.3964,Moderate Risk,3,1.51,0.1035,Minepits/Industry,Peri-Urban / Sparse,0.3541,0.0034,0.8184,0.9000,#FFAA00,21.14632598241732,48.102060614636606
366,0.3963,Moderate Risk,3,1.53,0.1035,Minepits/Industry,Peri-Urban / Sparse,0.3541,0.0035,0.8179,0.9000,#FFAA00,21.795534871833453,48.44165804894643
367,0.3963,Moderate Risk,3,2.67,0.1041,Minepits/Industry,Peri-Urban / Sparse,0.3541,0.0061,0.8144,0.9000,#FFAA00,26.457101419100486,48.47237573101816
368,0.3963,Moderate Risk,3,1.19,0.1033,Minepits/Industry,Peri-Urban / Sparse,0.3541,0.0027,0.8194,0.9000,#FFAA00,19.821578403952383,48.764510790550354
369,0.3963,Moderate Risk,3,2.32,0.1039,Minepits/Industry,Peri-Urban / Sparse,0.3541,0.0053,0.8155,0.9000,#FFAA00,23.42635860918588,50.08257842592633
370,0.3962,Moderate Risk,3,16.11,0.1121,Minepits/Industry,Low Density Urban,0.3541,0.0367,0.7679,0.9000,#FFAA00,25.623260820480596,49.645473189176066
371,0.3962,Moderate Risk,3,1.53,0.1036,Minepits/Industry,Peri-Urban / Sparse,0.3541,0.0035,0.8177,0.9000,#FFAA00,21.65271154433011,48.29877275829654
372,0.3962,Moderate Risk,3,1.58,0.1036,Minepits/Industry,Peri-Urban / Sparse,0.3541,0.0036,0.8176,0.9000,#FFAA00,21.79744886591934,48.34862244119453
373,0.3962,Moderate Risk,3,5.36,0.1059,Minepits/Industry,Peri-Urban / Sparse,0.3541,0.0122,0.8043,0.9000,#FFAA00,23.90044755134861,48.7786617539216
374,0.3962,Moderate Risk,3,2.25,0.1040,Minepits/Industry,Peri-Urban / Sparse,0.3541,0.0051,0.8153,0.9000,#FFAA00,23.37237366636238,49.46925012849161
375,0.3962,Moderate Risk,3,4.77,0.1055,Minepits/Industry,Peri-Urban / Sparse,0.3541,0.0109,0.8065,0.9000,#FFAA00,25.385997865310916,50.209612582393994
376,0.3961,Moderate Risk,3,9.98,0.1086,Minepits/Industry,Peri-Urban / Sparse,0.3541,0.0228,0.7883,0.9000,#FFAA00,26.01195850668859,48.79570014565714
377,0.3961,Moderate Risk,3,1.47,0.1037,Minepits/Industry,Peri-Urban / Sparse,0.3541,0.0033,0.8172,0.9000,#FFAA00,21.57800594723546,48.390020161255784
378,0.3961,Moderate Risk,3,25.01,0.1174,Minepits/Industry,Low Density Urban,0.3541,0.0570,0.7368,0.9000,#FFAA00,25.12171953471543,49.38785542247459
379,0.3960,Moderate Risk,3,2.11,0.1041,Minepits/Industry,Peri-Urban / Sparse,0.3541,0.0048,0.8145,0.9000,#FFAA00,23.344287795328473,50.361370359053566
380,0.3959,Moderate Risk,3,2.06,0.1042,Minepits/Industry,Peri-Urban / Sparse,0.3541,0.0047,0.8141,0.9000,#FFAA00,23.15151600457464,49.55578572985527
381,0.3959,Moderate Risk,3,1.54,0.1039,Minepits/Industry,Peri-Urban / Sparse,0.3541,0.0035,0.8160,0.9000,#FFAA00,21.651781019588153,48.34524769284202
382,0.3958,Moderate Risk,3,1.19,0.1038,Minepits/Industry,Peri-Urban / Sparse,0.3541,0.0027,0.8166,0.9000,#FFAA00,19.968181557160776,48.7220191988911
383,0.3957,Moderate Risk,3,11.89,0.1101,Minepits/Industry,Low Density Urban,0.3541,0.0271,0.7795,0.9000,#FFAA00,25.468535233039738,49.92637544338551
384,0.3957,Moderate Risk,3,3.01,0.1049,Minepits/Industry,Peri-Urban / Sparse,0.3541,0.0069,0.8100,0.9000,#FFAA00,23.44908024810791,49.33063808221933
385,0.3957,Moderate Risk,3,12.35,0.1104,Minepits/Industry,Low Density Urban,0.3541,0.0282,0.7781,0.9000,#FFAA00,23.89568525882032,48.96751416304631
386,0.3956,Moderate Risk,3,4.78,0.1146,Built_up,Peri-Urban / Sparse,0.3541,0.0109,0.7533,1.0000,#FFAA00,23.752550039650554,48.86876967897061
387,0.3956,Moderate Risk,3,1.19,0.1039,Minepits/Industry,Peri-Urban / Sparse,0.3541,0.0027,0.8156,0.9000,#FFAA00,20.034973529643032,48.99946107046043
388,0.3956,Moderate Risk,3,1.39,0.1041,Minepits/Industry,Peri-Urban / Sparse,0.3541,0.0032,0.8149,0.9000,#FFAA00,21.21832297277987,48.14992903004336
389,0.3956,Moderate Risk,3,3.60,0.1054,Minepits/Industry,Peri-Urban / Sparse,0.3541,0.0082,0.8074,0.9000,#FFAA00,25.691286381194804,49.79182927183726
390,0.3955,Moderate Risk,3,1.44,0.1041,Minepits/Industry,Peri-Urban / Sparse,0.3541,0.0033,0.8145,0.9000,#FFAA00,21.506110123394844,48.34190121168027
391,0.3954,Moderate Risk,3,6.74,0.1073,Minepits/Industry,Peri-Urban / Sparse,0.3541,0.0154,0.7959,0.9000,#FFAA00,23.377641622844767,49.28126596518604
392,0.3954,Moderate Risk,3,1.14,0.1041,Minepits/Industry,Peri-Urban / Sparse,0.3541,0.0026,0.8149,0.9000,#FFAA00,19.530305120883394,48.75770446417903
393,0.3954,Moderate Risk,3,2.74,0.1050,Minepits/Industry,Peri-Urban / Sparse,0.3541,0.0062,0.8094,0.9000,#FFAA00,23.373711727319552,49.422259247594354
394,0.3953,Moderate Risk,3,2.60,0.1050,Minepits/Industry,Peri-Urban / Sparse,0.3541,0.0059,0.8092,0.9000,#FFAA00,25.436971004219977,48.490396879966255
395,0.3953,Moderate Risk,3,1.19,0.1041,Minepits/Industry,Peri-Urban / Sparse,0.3541,0.0027,0.8144,0.9000,#FFAA00,20.354421674249114,50.61859796391554
396,0.3952,Moderate Risk,3,3.94,0.1145,Built_up,Peri-Urban / Sparse,0.3541,0.0090,0.7543,1.0000,#FFAA00,25.131236796152727,49.054278935334054
397,0.3952,Moderate Risk,3,3.04,0.1054,Minepits/Industry,Peri-Urban / Sparse,0.3541,0.0069,0.8072,0.9000,#FFAA00,25.36304073442668,48.536087357396596
398,0.3951,Moderate Risk,3,1.48,0.1045,Minepits/Industry,Peri-Urban / Sparse,0.3541,0.0034,0.8123,0.9000,#FFAA00,20.779477140763095,48.233179965832456
399,0.3951,Moderate Risk,3,1.19,0.1044,Minepits/Industry,Peri-Urban / Sparse,0.3541,0.0027,0.8130,0.9000,#FFAA00,19.894394890675937,48.76623137448087
400,0.3950,Moderate Risk,3,2.08,0.1135,Built_up,Peri-Urban / Sparse,0.3541,0.0047,0.7596,1.0000,#FFAA00,22.58693977970302,48.88215498803605
401,0.3950,Moderate Risk,3,1.89,0.1134,Built_up,Peri-Urban / Sparse,0.3541,0.0043,0.7605,1.0000,#FFAA00,23.025907240931133,48.80075428637833
402,0.3950,Moderate Risk,3,2.21,0.1051,Minepits/Industry,Peri-Urban / Sparse,0.3541,0.0050,0.8091,0.9000,#FFAA00,23.27797414956798,50.170854873376456
403,0.3950,Moderate Risk,3,5.86,0.1071,Minepits/Industry,Peri-Urban / Sparse,0.3541,0.0134,0.7970,0.9000,#FFAA00,25.24897239449271,49.96518085322103
404,0.3950,Moderate Risk,3,1.95,0.1049,Minepits/Industry,Peri-Urban / Sparse,0.3541,0.0044,0.8099,0.9000,#FFAA00,23.366881056198704,49.65717828219778
405,0.3949,Moderate Risk,3,1.20,0.1045,Minepits/Industry,Peri-Urban / Sparse,0.3541,0.0027,0.8120,0.9000,#FFAA00,19.752528637393887,48.57927066824927
406,0.3949,Moderate Risk,3,1.20,0.1045,Minepits/Industry,Peri-Urban / Sparse,0.3541,0.0027,0.8124,0.9000,#FFAA00,19.606861988844702,48.57603262056998
407,0.3949,Moderate Risk,3,2.03,0.1050,Minepits/Industry,Peri-Urban / Sparse,0.3541,0.0046,0.8092,0.9000,#FFAA00,23.41852059753351,50.31735773081449
408,0.3948,Moderate Risk,3,3.37,0.1059,Minepits/Industry,Peri-Urban / Sparse,0.3541,0.0077,0.8044,0.9000,#FFAA00,22.868443344703415,49.26511091244851
409,0.3948,Moderate Risk,3,2.75,0.1055,Minepits/Industry,Peri-Urban / Sparse,0.3541,0.0063,0.8063,0.9000,#FFAA00,25.142373770270645,48.62515695963985
410,0.3947,Moderate Risk,3,5.27,0.1071,Minepits/Industry,Peri-Urban / Sparse,0.3541,0.0120,0.7972,0.9000,#FFAA00,25.216318629045222,48.579589569994
411,0.3946,Moderate Risk,3,1.95,0.1052,Minepits/Industry,Peri-Urban / Sparse,0.3541,0.0044,0.8083,0.9000,#FFAA00,23.220076494819153,49.69903216777136
412,0.3946,Moderate Risk,3,11.88,0.1111,Minepits/Industry,Low Density Urban,0.3541,0.0271,0.7741,0.9000,#FFAA00,25.686490339522095,49.93532676033317
413,0.3946,Moderate Risk,3,5.25,0.1157,Built_up,Peri-Urban / Sparse,0.3541,0.0120,0.7471,1.0000,#FFAA00,23.608168545687157,48.817369408010656
414,0.3946,Moderate Risk,3,2.49,0.1056,Minepits/Industry,Peri-Urban / Sparse,0.3541,0.0057,0.8062,0.9000,#FFAA00,23.8757727763286,49.675242000999916
415,0.3945,Moderate Risk,3,9.16,0.1181,Built_up,Peri-Urban / Sparse,0.3541,0.0209,0.7331,1.0000,#FFAA00,23.315893545688695,48.8560023321605
416,0.3944,Moderate Risk,3,1.31,0.1050,Minepits/Industry,Peri-Urban / Sparse,0.3541,0.0030,0.8095,0.9000,#FFAA00,20.82981992496601,51.55807217532314
417,0.3944,Moderate Risk,3,6.55,0.1081,Minepits/Industry,Peri-Urban / Sparse,0.3541,0.0149,0.7915,0.9000,#FFAA00,23.901602025909032,48.73144104808521
418,0.3944,Moderate Risk,3,7.91,0.1089,Minepits/Industry,Peri-Urban / Sparse,0.3541,0.0180,0.7868,0.9000,#FFAA00,24.479010393359953,48.9381650164164
419,0.3944,Moderate Risk,3,4.99,0.1072,Minepits/Industry,Peri-Urban / Sparse,0.3541,0.0114,0.7966,0.9000,#FFAA00,25.463646712781557,50.069578425501476
420,0.3944,Moderate Risk,3,2.82,0.1059,Minepits/Industry,Peri-Urban / Sparse,0.3541,0.0064,0.8042,0.9000,#FFAA00,23.35062030422492,50.17367292673515
421,0.3944,Moderate Risk,3,2.56,0.1058,Minepits/Industry,Peri-Urban / Sparse,0.3541,0.0058,0.8050,0.9000,#FFAA00,23.424819048731372,50.12954239546852
422,0.3944,Moderate Risk,3,2.19,0.1056,Minepits/Industry,Peri-Urban / Sparse,0.3541,0.0050,0.8062,0.9000,#FFAA00,23.436742408028696,49.75372117966798
423,0.3944,Moderate Risk,3,1.55,0.1051,Minepits/Industry,Peri-Urban / Sparse,0.3541,0.0035,0.8087,0.9000,#FFAA00,20.92604784579832,48.19004606636878
424,0.3943,Moderate Risk,3,11.69,0.1112,Minepits/Industry,Low Density Urban,0.3541,0.0267,0.7731,0.9000,#FFAA00,25.757504813915723,49.986186767755335
425,0.3943,Moderate Risk,3,2.31,0.1057,Minepits/Industry,Peri-Urban / Sparse,0.3541,0.0053,0.8055,0.9000,#FFAA00,23.446437112670125,49.42468128207273
426,0.3943,Moderate Risk,3,5.00,0.1073,Minepits/Industry,Peri-Urban / Sparse,0.3541,0.0114,0.7962,0.9000,#FFAA00,23.302304849789156,49.37287803841563
427,0.3942,Moderate Risk,3,8.17,0.1092,Minepits/Industry,Peri-Urban / Sparse,0.3541,0.0186,0.7848,0.9000,#FFAA00,23.808684232993407,49.48408391943574
428,0.3942,Moderate Risk,3,2.67,0.1059,Minepits/Industry,Peri-Urban / Sparse,0.3541,0.0061,0.8039,0.9000,#FFAA00,24.021161843455864,49.68049649440039
429,0.3942,Moderate Risk,3,1.77,0.1054,Minepits/Industry,Peri-Urban / Sparse,0.3541,0.0040,0.8069,0.9000,#FFAA00,22.502205913663627,49.34725179426477
430,0.3941,Moderate Risk,3,1.94,0.1056,Minepits/Industry,Peri-Urban / Sparse,0.3541,0.0044,0.8059,0.9000,#FFAA00,23.362614335476064,49.79808624146909
431,0.3941,Moderate Risk,3,5.96,0.1080,Minepits/Industry,Peri-Urban / Sparse,0.3541,0.0136,0.7917,0.9000,#FFAA00,25.321623024252382,49.968147015028684
432,0.3941,Moderate Risk,3,4.42,0.1071,Minepits/Industry,Peri-Urban / Sparse,0.3541,0.0101,0.7971,0.9000,#FFAA00,25.38768354236248,50.161923448964465
433,0.3941,Moderate Risk,3,8.95,0.1098,Minepits/Industry,Peri-Urban / Sparse,0.3541,0.0204,0.7815,0.9000,#FFAA00,23.97322690115022,48.78078421761548
434,0.3940,Moderate Risk,3,1.09,0.1052,Minepits/Industry,Peri-Urban / Sparse,0.3541,0.0025,0.8081,0.9000,#FFAA00,19.528374470664346,48.849328495095435
435,0.3940,Moderate Risk,3,12.43,0.1119,Minepits/Industry,Low Density Urban,0.3541,0.0283,0.7691,0.9000,#FFAA00,24.177721141510137,49.30758904418097
436,0.3940,Moderate Risk,3,1.79,0.1056,Minepits/Industry,Peri-Urban / Sparse,0.3541,0.0041,0.8057,0.9000,#FFAA00,22.574946609710352,49.34953419566069
437,0.3940,Moderate Risk,3,1.07,0.1052,Minepits/Industry,Peri-Urban / Sparse,0.3541,0.0024,0.8083,0.9000,#FFAA00,19.590798028492717,49.309213944136964
438,0.3940,Moderate Risk,3,2.26,0.1145,Built_up,Peri-Urban / Sparse,0.3541,0.0051,0.7542,1.0000,#FFAA00,23.318181800825563,48.76198426219954
439,0.3939,Moderate Risk,3,7.62,0.1177,Built_up,Peri-Urban / Sparse,0.3541,0.0174,0.7353,1.0000,#FFAA00,25.868918915977673,48.69508211774936
440,0.3938,Moderate Risk,3,1.21,0.1054,Minepits/Industry,Peri-Urban / Sparse,0.3541,0.0027,0.8069,0.9000,#FFAA00,19.755231195075034,48.44159816533375
441,0.3937,Moderate Risk,3,2.39,0.1063,Minepits/Industry,Peri-Urban / Sparse,0.3541,0.0055,0.8020,0.9000,#FFAA00,23.872873250795298,49.76954538718012
442,0.3937,Moderate Risk,3,8.28,0.1097,Minepits/Industry,Peri-Urban / Sparse,0.3541,0.0189,0.7819,0.9000,#FFAA00,25.759139944202737,49.93833359655685
443,0.3937,Moderate Risk,3,4.57,0.1075,Minepits/Industry,Peri-Urban / Sparse,0.3541,0.0104,0.7948,0.9000,#FFAA00,26.014452297438424,48.69963243558165
444,0.3937,Moderate Risk,3,5.17,0.1164,Built_up,Peri-Urban / Sparse,0.3541,0.0118,0.7427,1.0000,#FFAA00,25.932708507704504,49.03332742339131
445,0.3936,Moderate Risk,3,1.52,0.1058,Minepits/Industry,Peri-Urban / Sparse,0.3541,0.0035,0.8047,0.9000,#FFAA00,21.649881080258773,48.438189983809714
446,0.3936,Moderate Risk,3,15.12,0.1138,Minepits/Industry,Low Density Urban,0.3541,0.0345,0.7583,0.9000,#FFAA00,24.75674733531462,49.42247297837391
447,0.3936,Moderate Risk,3,17.94,0.1155,Minepits/Industry,Low Density Urban,0.3541,0.0409,0.7483,0.9000,#FFAA00,24.902170867901706,49.42765135062019
448,0.3935,Moderate Risk,3,2.11,0.1063,Minepits/Industry,Peri-Urban / Sparse,0.3541,0.0048,0.8019,0.9000,#FFAA00,23.516452714815454,49.52119363869546
449,0.3935,Moderate Risk,3,2.05,0.1062,Minepits/Industry,Peri-Urban / Sparse,0.3541,0.0047,0.8024,0.9000,#FFAA00,23.728947143799232,49.717130666857585
450,0.3935,Moderate Risk,3,7.49,0.1094,Minepits/Industry,Peri-Urban / Sparse,0.3541,0.0171,0.7835,0.9000,#FFAA00,25.176320725461952,49.962226172266405
451,0.3934,Moderate Risk,3,5.95,0.1086,Minepits/Industry,Peri-Urban / Sparse,0.3541,0.0136,0.7883,0.9000,#FFAA00,25.537933836375352,50.02487752821417
452,0.3934,Moderate Risk,3,1.48,0.1059,Minepits/Industry,Peri-Urban / Sparse,0.3541,0.0034,0.8039,0.9000,#FFAA00,21.34950904894162,48.84862111440645
453,0.3934,Moderate Risk,3,8.30,0.1100,Minepits/Industry,Peri-Urban / Sparse,0.3541,0.0189,0.7805,0.9000,#FFAA00,25.250570748933576,49.91752728098843
454,0.3933,Moderate Risk,3,7.16,0.1094,Minepits/Industry,Peri-Urban / Sparse,0.3541,0.0163,0.7840,0.9000,#FFAA00,23.882770123127397,49.439419276762436
455,0.3933,Moderate Risk,3,1.49,0.1061,Minepits/Industry,Peri-Urban / Sparse,0.3541,0.0034,0.8031,0.9000,#FFAA00,21.65453368950934,48.20581548469096
456,0.3933,Moderate Risk,3,5.69,0.1085,Minepits/Industry,Peri-Urban / Sparse,0.3541,0.0130,0.7891,0.9000,#FFAA00,25.21860213868667,48.48413302933329
457,0.3933,Moderate Risk,3,9.16,0.1106,Minepits/Industry,Peri-Urban / Sparse,0.3541,0.0209,0.7768,0.9000,#FFAA00,24.688167296306236,49.27746788784002
458,0.3933,Moderate Risk,3,45.55,0.1319,Minepits/Industry,Low Density Urban,0.3541,0.1038,0.6528,0.9000,#FFAA00,25.547510409851842,49.73823933172051
459,0.3932,Moderate Risk,3,1.81,0.1063,Minepits/Industry,Peri-Urban / Sparse,0.3541,0.0041,0.8018,0.9000,#FFAA00,22.632880297269008,49.865824302928765
460,0.3931,Moderate Risk,3,1.95,0.1065,Minepits/Industry,Peri-Urban / Sparse,0.3541,0.0044,0.8007,0.9000,#FFAA00,23.14737691921836,49.69648806471912
461,0.3931,Moderate Risk,3,2.25,0.1067,Minepits/Industry,Peri-Urban / Sparse,0.3541,0.0051,0.7996,0.9000,#FFAA00,23.34905812351022,50.22060344184308
462,0.3930,Moderate Risk,3,1.48,0.1063,Minepits/Industry,Peri-Urban / Sparse,0.3541,0.0034,0.8016,0.9000,#FFAA00,21.57705302939432,48.43646685223928
463,0.3930,Moderate Risk,3,32.17,0.1071,Bare Land,Low Density Urban,0.3541,0.0733,0.7969,0.7000,#FFAA00,25.299939762431713,48.10404793788694
464,0.3930,Moderate Risk,3,2.14,0.1067,Minepits/Industry,Peri-Urban / Sparse,0.3541,0.0049,0.7995,0.9000,#FFAA00,23.270051206631344,50.405339978027605
465,0.3929,Moderate Risk,3,2.56,0.1071,Minepits/Industry,Peri-Urban / Sparse,0.3541,0.0058,0.7974,0.9000,#FFAA00,23.35370274315508,50.07979979914394
466,0.3929,Moderate Risk,3,50.91,0.1353,Minepits/Industry,Medium Density Urban,0.3541,0.1160,0.6325,0.9000,#FFAA00,25.25983971695943,49.63152222638048
467,0.3928,Moderate Risk,3,2.19,0.1069,Minepits/Industry,Peri-Urban / Sparse,0.3541,0.0050,0.7981,0.9000,#FFAA00,23.28104589193701,50.077032336038776
468,0.3928,Moderate Risk,3,1.83,0.1067,Minepits/Industry,Peri-Urban / Sparse,0.3541,0.0042,0.7997,0.9000,#FFAA00,22.70413420696535,49.915124647899134
469,0.3928,Moderate Risk,3,2.57,0.1071,Minepits/Industry,Peri-Urban / Sparse,0.3541,0.0059,0.7972,0.9000,#FFAA00,24.019709396268762,49.727702576927754
470,0.3927,Moderate Risk,3,7.32,0.1100,Minepits/Industry,Peri-Urban / Sparse,0.3541,0.0167,0.7802,0.9000,#FFAA00,25.28793301039094,48.62947831059961
471,0.3927,Moderate Risk,3,2.11,0.1070,Minepits/Industry,Peri-Urban / Sparse,0.3541,0.0048,0.7980,0.9000,#FFAA00,23.58778650583166,49.57074735945277
472,0.3927,Moderate Risk,3,1.19,0.1064,Minepits/Industry,Peri-Urban / Sparse,0.3541,0.0027,0.8010,0.9000,#FFAA00,19.75066833494586,48.671039523860635
473,0.3927,Moderate Risk,3,5.90,0.1091,Minepits/Industry,Peri-Urban / Sparse,0.3541,0.0134,0.7853,0.9000,#FFAA00,25.53628354963933,50.072636204393206
474,0.3926,Moderate Risk,3,2.11,0.1070,Minepits/Industry,Peri-Urban / Sparse,0.3541,0.0048,0.7976,0.9000,#FFAA00,23.34103780483449,50.455194086336405
475,0.3926,Moderate Risk,3,2.63,0.1073,Minepits/Industry,Peri-Urban / Sparse,0.3541,0.0060,0.7958,0.9000,#FFAA00,23.94846778957552,49.677864022997156
476,0.3926,Moderate Risk,3,2.11,0.1070,Minepits/Industry,Peri-Urban / Sparse,0.3541,0.0048,0.7978,0.9000,#FFAA00,23.659095615258984,49.620359123745814
477,0.3926,Moderate Risk,3,1.45,0.1067,Minepits/Industry,Peri-Urban / Sparse,0.3541,0.0033,0.7998,0.9000,#FFAA00,21.361352993043376,48.29220011809404
478,0.3926,Moderate Risk,3,1.20,0.1065,Minepits/Industry,Peri-Urban / Sparse,0.3541,0.0027,0.8009,0.9000,#FFAA00,19.970087840961078,48.63013038205501
479,0.3926,Moderate Risk,3,8.40,0.1107,Minepits/Industry,Peri-Urban / Sparse,0.3541,0.0192,0.7760,0.9000,#FFAA00,23.97205398744974,48.82802828428905
480,0.3926,Moderate Risk,3,1.76,0.1068,Minepits/Industry,Peri-Urban / Sparse,0.3541,0.0040,0.7988,0.9000,#FFAA00,22.009981140727074,48.633237365018694
481,0.3925,Moderate Risk,3,1.48,0.1068,Minepits/Industry,Peri-Urban / Sparse,0.3541,0.0034,0.7991,0.9000,#FFAA00,21.35056618625671,48.80226766410426
482,0.3925,Moderate Risk,3,4.11,0.1169,Built_up,Peri-Urban / Sparse,0.3541,0.0094,0.7402,1.0000,#FFAA00,25.871333499774853,48.59911948268052
483,0.3925,Moderate Risk,3,1.77,0.1155,Built_up,Peri-Urban / Sparse,0.3541,0.0040,0.7482,1.0000,#FFAA00,22.58917588229011,48.788642204424264
484,0.3924,Moderate Risk,3,1.83,0.1070,Minepits/Industry,Peri-Urban / Sparse,0.3541,0.0042,0.7975,0.9000,#FFAA00,22.488908731177467,49.814054214440475
485,0.3924,Moderate Risk,3,3.23,0.1078,Minepits/Industry,Peri-Urban / Sparse,0.3541,0.0074,0.7930,0.9000,#FFAA00,23.352168512393106,50.12673836712325
486,0.3924,Moderate Risk,3,8.04,0.1107,Minepits/Industry,Peri-Urban / Sparse,0.3541,0.0183,0.7761,0.9000,#FFAA00,23.08667650604478,49.27197842962662
487,0.3924,Moderate Risk,3,2.49,0.1160,Built_up,Peri-Urban / Sparse,0.3541,0.0057,0.7451,1.0000,#FFAA00,23.53653786988287,48.76817566781299
488,0.3923,Moderate Risk,3,1.45,0.1069,Minepits/Industry,Peri-Urban / Sparse,0.3541,0.0033,0.7983,0.9000,#FFAA00,21.358564284464233,48.43134086553634
489,0.3923,Moderate Risk,3,3.76,0.1083,Minepits/Industry,Peri-Urban / Sparse,0.3541,0.0086,0.7902,0.9000,#FFAA00,25.31505542006184,50.158832704331886
490,0.3923,Moderate Risk,3,2.21,0.1073,Minepits/Industry,Peri-Urban / Sparse,0.3541,0.0050,0.7958,0.9000,#FFAA00,25.931362655109186,49.08131054968725
491,0.3922,Moderate Risk,3,6.00,0.1096,Minepits/Industry,Peri-Urban / Sparse,0.3541,0.0137,0.7825,0.9000,#FFAA00,24.39590534061093,49.314970168134465
492,0.3922,Moderate Risk,3,2.13,0.1074,Minepits/Industry,Peri-Urban / Sparse,0.3541,0.0049,0.7956,0.9000,#FFAA00,23.50943327391722,49.7563322074252
493,0.3922,Moderate Risk,3,1.38,0.1069,Minepits/Industry,Peri-Urban / Sparse,0.3541,0.0032,0.7981,0.9000,#FFAA00,21.289412119856344,48.244211862433275
494,0.3921,Moderate Risk,3,8.17,0.1110,Minepits/Industry,Peri-Urban / Sparse,0.3541,0.0186,0.7746,0.9000,#FFAA00,24.68403413138645,49.41989895458016
495,0.3921,Moderate Risk,3,6.98,0.1189,Built_up,Peri-Urban / Sparse,0.3541,0.0159,0.7284,1.0000,#FFAA00,24.542710516194575,49.27251371308308
496,0.3921,Moderate Risk,3,2.17,0.1160,Built_up,Peri-Urban / Sparse,0.3541,0.0049,0.7450,1.0000,#FFAA00,22.515277109348443,48.83338573709293
497,0.3921,Moderate Risk,3,1.99,0.1074,Minepits/Industry,Peri-Urban / Sparse,0.3541,0.0045,0.7953,0.9000,#FFAA00,23.356729253236598,49.98591078271997
498,0.3920,Moderate Risk,3,2.01,0.1075,Minepits/Industry,Peri-Urban / Sparse,0.3541,0.0046,0.7948,0.9000,#FFAA00,23.72005135276073,49.99965989317343
499,0.3920,Moderate Risk,3,2.05,0.1075,Minepits/Industry,Peri-Urban / Sparse,0.3541,0.0047,0.7950,0.9000,#FFAA00,23.499013487010345,50.08536824341072
500,0.3920,Moderate Risk,3,1.52,0.1072,Minepits/Industry,Peri-Urban / Sparse,0.3541,0.0035,0.7964,0.9000,#FFAA00,21.648911671574858,48.48465727082112
501,0.3920,Moderate Risk,3,10.70,0.1125,Minepits/Industry,Low Density Urban,0.3541,0.0244,0.7654,0.9000,#FFAA00,25.755854053269836,50.03403577829536
502,0.3919,Moderate Risk,3,11.41,0.1131,Minepits/Industry,Low Density Urban,0.3541,0.0260,0.7624,0.9000,#FFAA00,23.385121754625175,48.999189801499604
503,0.3919,Moderate Risk,3,1.90,0.1075,Minepits/Industry,Peri-Urban / Sparse,0.3541,0.0043,0.7946,0.9000,#FFAA00,22.64768642792883,49.351825981625154
504,0.3919,Moderate Risk,3,2.10,0.1076,Minepits/Industry,Peri-Urban / Sparse,0.3541,0.0048,0.7941,0.9000,#FFAA00,23.27326211695439,50.31155832858672
505,0.3918,Moderate Risk,3,1.99,0.1076,Minepits/Industry,Peri-Urban / Sparse,0.3541,0.0045,0.7940,0.9000,#FFAA00,23.582123186760906,49.75895373698189
506,0.3918,Moderate Risk,3,2.01,0.1077,Minepits/Industry,Peri-Urban / Sparse,0.3541,0.0046,0.7937,0.9000,#FFAA00,23.715411225265616,50.140871709221805
507,0.3918,Moderate Risk,3,2.08,0.1077,Minepits/Industry,Peri-Urban / Sparse,0.3541,0.0047,0.7938,0.9000,#FFAA00,23.792712817622448,50.002442890527824
508,0.3918,Moderate Risk,3,3.25,0.1084,Minepits/Industry,Peri-Urban / Sparse,0.3541,0.0074,0.7897,0.9000,#FFAA00,23.734592478824457,49.528702811367395
509,0.3917,Moderate Risk,3,1.41,0.1074,Minepits/Industry,Peri-Urban / Sparse,0.3541,0.0032,0.7955,0.9000,#FFAA00,21.8663871678839,48.536475169242635
510,0.3917,Moderate Risk,3,6.94,0.1107,Minepits/Industry,Peri-Urban / Sparse,0.3541,0.0158,0.7764,0.9000,#FFAA00,25.791148205647737,48.88459102163208
511,0.3916,Moderate Risk,3,7.84,0.1112,Minepits/Industry,Peri-Urban / Sparse,0.3541,0.0179,0.7732,0.9000,#FFAA00,26.09433987014903,48.41346665342053
512,0.3916,Moderate Risk,3,4.29,0.1092,Minepits/Industry,Peri-Urban / Sparse,0.3541,0.0098,0.7851,0.9000,#FFAA00,25.17471237045743,50.009847592489706
513,0.3916,Moderate Risk,3,1.44,0.1075,Minepits/Industry,Peri-Urban / Sparse,0.3541,0.0033,0.7949,0.9000,#FFAA00,21.867380437397035,48.48994041058906
514,0.3915,Moderate Risk,3,3.33,0.1087,Minepits/Industry,Peri-Urban / Sparse,0.3541,0.0076,0.7877,0.9000,#FFAA00,23.66325108101662,49.479099648759174
515,0.3915,Moderate Risk,3,0.74,0.1072,Minepits/Industry,Rural / Scattered,0.3541,0.0017,0.7966,0.9000,#FFAA00,19.622399708991452,50.77567307149997
516,0.3915,Moderate Risk,3,2.42,0.1082,Minepits/Industry,Peri-Urban / Sparse,0.3541,0.0055,0.7909,0.9000,#FFAA00,23.874330193821095,49.72239556699975
517,0.3914,Moderate Risk,3,2.13,0.1167,Built_up,Peri-Urban / Sparse,0.3541,0.0049,0.7414,1.0000,#FFAA00,22.51187414658606,48.973568307213576
518,0.3914,Moderate Risk,3,1.49,0.1077,Minepits/Industry,Peri-Urban / Sparse,0.3541,0.0034,0.7938,0.9000,#FFAA00,21.645925725705286,48.624043281734934
519,0.3913,Moderate Risk,3,1.94,0.1080,Minepits/Industry,Peri-Urban / Sparse,0.3541,0.0044,0.7919,0.9000,#FFAA00,23.292775133910368,49.70158657005552
520,0.3913,Moderate Risk,3,2.22,0.1083,Minepits/Industry,Peri-Urban / Sparse,0.3541,0.0051,0.7905,0.9000,#FFAA00,23.58916690040715,49.52368667484959
521,0.3913,Moderate Risk,3,1.95,0.1080,Minepits/Industry,Peri-Urban / Sparse,0.3541,0.0044,0.7917,0.9000,#FFAA00,23.218664120539785,49.74595085324012
522,0.3913,Moderate Risk,3,6.16,0.1105,Minepits/Industry,Peri-Urban / Sparse,0.3541,0.0140,0.7774,0.9000,#FFAA00,25.394272611809825,49.97112468756316
523,0.3912,Moderate Risk,3,1.94,0.1081,Minepits/Industry,Peri-Urban / Sparse,0.3541,0.0044,0.7912,0.9000,#FFAA00,23.364050591939883,49.75112062824793
524,0.3912,Moderate Risk,3,2.44,0.1084,Minepits/Industry,Peri-Urban / Sparse,0.3541,0.0056,0.7895,0.9000,#FFAA00,22.081745929556273,48.681696885833915
525,0.3912,Moderate Risk,3,4.99,0.1099,Minepits/Industry,Peri-Urban / Sparse,0.3541,0.0114,0.7806,0.9000,#FFAA00,25.46529164573798,50.02184824120003
526,0.3912,Moderate Risk,3,2.77,0.1086,Minepits/Industry,Peri-Urban / Sparse,0.3541,0.0063,0.7881,0.9000,#FFAA00,25.068420408551027,48.67067341559261
527,0.3912,Moderate Risk,3,7.16,0.1112,Minepits/Industry,Peri-Urban / Sparse,0.3541,0.0163,0.7732,0.9000,#FFAA00,23.735968122202802,49.481586804653595
528,0.3912,Moderate Risk,3,2.55,0.1085,Minepits/Industry,Peri-Urban / Sparse,0.3541,0.0058,0.7890,0.9000,#FFAA00,25.43582574234242,48.5382119817069
529,0.3911,Moderate Risk,3,2.92,0.1088,Minepits/Industry,Peri-Urban / Sparse,0.3541,0.0066,0.7874,0.9000,#FFAA00,25.141197493635115,48.67284962072901
530,0.3911,Moderate Risk,3,2.37,0.1085,Minepits/Industry,Peri-Urban / Sparse,0.3541,0.0054,0.7892,0.9000,#FFAA00,23.733202554885157,49.57581523773578
531,0.3911,Moderate Risk,3,1.45,0.1079,Minepits/Industry,Peri-Urban / Sparse,0.3541,0.0033,0.7923,0.9000,#FFAA00,21.359506625247082,48.38496313132138
532,0.3911,Moderate Risk,3,2.02,0.1082,Minepits/Industry,Peri-Urban / Sparse,0.3541,0.0046,0.7906,0.9000,#FFAA00,23.44098174990673,49.612725718472724
533,0.3910,Moderate Risk,3,1.44,0.1080,Minepits/Industry,Peri-Urban / Sparse,0.3541,0.0033,0.7920,0.9000,#FFAA00,21.433273537346775,48.34023853155423
534,0.3910,Moderate Risk,3,2.14,0.1085,Minepits/Industry,Peri-Urban / Sparse,0.3541,0.0049,0.7893,0.9000,#FFAA00,21.981386916334472,49.75016859577621
535,0.3910,Moderate Risk,3,2.09,0.1084,Minepits/Industry,Peri-Urban / Sparse,0.3541,0.0048,0.7896,0.9000,#FFAA00,23.586391932761835,49.617804444565174
536,0.3909,Moderate Risk,3,1.50,0.1081,Minepits/Industry,Peri-Urban / Sparse,0.3541,0.0034,0.7912,0.9000,#FFAA00,21.35366112970588,48.66319043726276
537,0.3909,Moderate Risk,3,1.75,0.1083,Minepits/Industry,Peri-Urban / Sparse,0.3541,0.0040,0.7904,0.9000,#FFAA00,22.430715559969304,49.298303840307966
538,0.3908,Moderate Risk,3,2.30,0.1087,Minepits/Industry,Peri-Urban / Sparse,0.3541,0.0052,0.7880,0.9000,#FFAA00,23.80307680651094,49.672630402632755
539,0.3908,Moderate Risk,3,2.01,0.1085,Minepits/Industry,Peri-Urban / Sparse,0.3541,0.0046,0.7887,0.9000,#FFAA00,23.727500141935415,49.76422840401736
540,0.3908,Moderate Risk,3,2.11,0.1085,Minepits/Industry,Peri-Urban / Sparse,0.3541,0.0048,0.7887,0.9000,#FFAA00,23.798720901785167,49.81400154659861
541,0.3908,Moderate Risk,3,1.98,0.1085,Minepits/Industry,Peri-Urban / Sparse,0.3541,0.0045,0.7891,0.9000,#FFAA00,23.507987031955775,49.80334885697535
542,0.3907,Moderate Risk,3,11.49,0.1142,Minepits/Industry,Low Density Urban,0.3541,0.0262,0.7559,0.9000,#FFAA00,25.79615085212578,48.69282003922508
543,0.3907,Moderate Risk,3,7.57,0.1205,Built_up,Peri-Urban / Sparse,0.3541,0.0172,0.7192,1.0000,#FFAA00,23.607001325991742,48.864479681438404
544,0.3907,Moderate Risk,3,2.07,0.1086,Minepits/Industry,Peri-Urban / Sparse,0.3541,0.0047,0.7884,0.9000,#FFAA00,23.49746859123371,50.13235771636798
545,0.3907,Moderate Risk,3,3.16,0.1093,Minepits/Industry,Peri-Urban / Sparse,0.3541,0.0072,0.7846,0.9000,#FFAA00,22.93991962285498,49.314240770108036
546,0.3907,Moderate Risk,3,1.96,0.1085,Minepits/Industry,Peri-Urban / Sparse,0.3541,0.0045,0.7888,0.9000,#FFAA00,23.22147494695852,49.65210981767318
547,0.3906,Moderate Risk,3,4.24,0.1100,Minepits/Industry,Peri-Urban / Sparse,0.3541,0.0097,0.7805,0.9000,#FFAA00,23.673705631128296,49.10225487850159
548,0.3906,Moderate Risk,3,1.47,0.1084,Minepits/Industry,Peri-Urban / Sparse,0.3541,0.0034,0.7896,0.9000,#FFAA00,21.352642229853085,48.70955229122573
549,0.3905,Moderate Risk,3,2.54,0.1091,Minepits/Industry,Peri-Urban / Sparse,0.3541,0.0058,0.7856,0.9000,#FFAA00,23.661880155985333,49.5261897242421
550,0.3905,Moderate Risk,3,1.49,0.1085,Minepits/Industry,Peri-Urban / Sparse,0.3541,0.0034,0.7890,0.9000,#FFAA00,21.502286848716462,48.527590431563816
551,0.3905,Moderate Risk,3,2.02,0.1087,Minepits/Industry,Peri-Urban / Sparse,0.3541,0.0046,0.7876,0.9000,#FFAA00,23.573203482630394,50.04115019908464
552,0.3905,Moderate Risk,3,1.36,0.1084,Minepits/Industry,Peri-Urban / Sparse,0.3541,0.0031,0.7895,0.9000,#FFAA00,26.386628992974245,48.3737858190146
553,0.3905,Moderate Risk,3,1.50,0.1085,Minepits/Industry,Peri-Urban / Sparse,0.3541,0.0034,0.7893,0.9000,#FFAA00,21.794558292111667,48.48817197683007
554,0.3905,Moderate Risk,3,2.08,0.1088,Minepits/Industry,Peri-Urban / Sparse,0.3541,0.0047,0.7873,0.9000,#FFAA00,23.515077077300184,49.56822860692794
555,0.3905,Moderate Risk,3,3.63,0.1097,Minepits/Industry,Peri-Urban / Sparse,0.3541,0.0083,0.7817,0.9000,#FFAA00,23.375035743156523,49.37526490246963
556,0.3904,Moderate Risk,3,4.78,0.1105,Minepits/Industry,Peri-Urban / Sparse,0.3541,0.0109,0.7775,0.9000,#FFAA00,23.899278633633074,48.825879455553384
557,0.3904,Moderate Risk,3,116.19,0.1072,Natural Vegetation,High Density Urban,0.3541,0.2648,0.7968,0.1000,#FFAA00,25.269956634010114,49.297676708326975
558,0.3904,Moderate Risk,3,1.78,0.1087,Minepits/Industry,Peri-Urban / Sparse,0.3541,0.0041,0.7878,0.9000,#FFAA00,22.34490005295218,49.76241865148735
559,0.3903,Moderate Risk,3,2.31,0.1091,Minepits/Industry,Peri-Urban / Sparse,0.3541,0.0053,0.7853,0.9000,#FFAA00,23.279516985263804,50.123945604066
560,0.3903,Moderate Risk,3,5.25,0.1108,Minepits/Industry,Peri-Urban / Sparse,0.3541,0.0120,0.7754,0.9000,#FFAA00,25.621729515625365,49.69329279354576
561,0.3902,Moderate Risk,3,1.89,0.1090,Minepits/Industry,Peri-Urban / Sparse,0.3541,0.0043,0.7862,0.9000,#FFAA00,23.14454815335028,49.790271402190776
562,0.3902,Moderate Risk,3,3.02,0.1096,Minepits/Industry,Peri-Urban / Sparse,0.3541,0.0069,0.7825,0.9000,#FFAA00,25.145810760710297,48.482061247271396
563,0.3902,Moderate Risk,3,12.03,0.1149,Minepits/Industry,Low Density Urban,0.3541,0.0274,0.7519,0.9000,#FFAA00,24.91170009921124,49.094684925358074
564,0.3902,Moderate Risk,3,1.77,0.1089,Minepits/Industry,Peri-Urban / Sparse,0.3541,0.0040,0.7866,0.9000,#FFAA00,22.416214716620846,49.81153928669283
565,0.3901,Moderate Risk,3,2.16,0.1092,Minepits/Industry,Peri-Urban / Sparse,0.3541,0.0049,0.7847,0.9000,#FFAA00,24.925177795089642,48.571126083554724
566,0.3901,Moderate Risk,3,1.44,0.1088,Minepits/Industry,Peri-Urban / Sparse,0.3541,0.0033,0.7872,0.9000,#FFAA00,21.50517360035027,48.38832735778817
567,0.3901,Moderate Risk,3,1.97,0.1091,Minepits/Industry,Peri-Urban / Sparse,0.3541,0.0045,0.7856,0.9000,#FFAA00,23.580671944107905,49.80599605823924
568,0.3901,Moderate Risk,3,34.94,0.1284,Minepits/Industry,Low Density Urban,0.3541,0.0796,0.6730,0.9000,#FFAA00,24.190374806931352,48.83452626954316
569,0.3901,Moderate Risk,3,1.48,0.1088,Minepits/Industry,Peri-Urban / Sparse,0.3541,0.0034,0.7871,0.9000,#FFAA00,21.285733179824422,48.429646618708375
570,0.3901,Moderate Risk,3,4.46,0.1105,Minepits/Industry,Peri-Urban / Sparse,0.3541,0.0102,0.7772,0.9000,#FFAA00,25.389353860865132,50.1142300539988
571,0.3901,Moderate Risk,3,1.93,0.1091,Minepits/Industry,Peri-Urban / Sparse,0.3541,0.0044,0.7858,0.9000,#FFAA00,23.14596947091776,49.74338157939577
572,0.3900,Moderate Risk,3,2.18,0.1093,Minepits/Industry,Peri-Urban / Sparse,0.3541,0.0050,0.7841,0.9000,#FFAA00,23.801639148346826,49.7197578661684
573,0.3900,Moderate Risk,3,3.20,0.1099,Minepits/Industry,Peri-Urban / Sparse,0.3541,0.0073,0.7811,0.9000,#FFAA00,24.894911679563386,49.66537691904596
574,0.3899,Moderate Risk,3,2.00,0.1093,Minepits/Industry,Peri-Urban / Sparse,0.3541,0.0045,0.7845,0.9000,#FFAA00,23.645861673038016,50.04393676200218
575,0.3899,Moderate Risk,3,2.12,0.1094,Minepits/Industry,Peri-Urban / Sparse,0.3541,0.0048,0.7838,0.9000,#FFAA00,23.298304605220892,49.513774366650225
576,0.3899,Moderate Risk,3,1.69,0.1091,Minepits/Industry,Peri-Urban / Sparse,0.3541,0.0039,0.7854,0.9000,#FFAA00,22.294678690480737,48.92070508374207
577,0.3899,Moderate Risk,3,2.14,0.1093,Minepits/Industry,Peri-Urban / Sparse,0.3541,0.0049,0.7841,0.9000,#FFAA00,23.355222991694134,50.03285725895193
578,0.3899,Moderate Risk,3,2.03,0.1093,Minepits/Industry,Peri-Urban / Sparse,0.3541,0.0046,0.7846,0.9000,#FFAA00,23.28256086479083,50.030115105364054
579,0.3899,Moderate Risk,3,11.56,0.1149,Minepits/Industry,Low Density Urban,0.3541,0.0264,0.7516,0.9000,#FFAA00,24.250450137641316,49.31003969903383
580,0.3898,Moderate Risk,3,2.94,0.1099,Minepits/Industry,Peri-Urban / Sparse,0.3541,0.0067,0.7807,0.9000,#FFAA00,22.71914254213142,49.40089626430558
581,0.3898,Moderate Risk,3,5.70,0.1115,Minepits/Industry,Peri-Urban / Sparse,0.3541,0.0130,0.7713,0.9000,#FFAA00,25.10838616458929,49.81647832774624
582,0.3898,Moderate Risk,3,1.84,0.1179,Built_up,Peri-Urban / Sparse,0.3541,0.0042,0.7343,1.0000,#FFAA00,22.516384416512707,48.786652284199555
583,0.3897,Moderate Risk,3,1.47,0.1092,Minepits/Industry,Peri-Urban / Sparse,0.3541,0.0033,0.7852,0.9000,#FFAA00,21.938194835420642,48.58483021247681
584,0.3897,Moderate Risk,3,2.01,0.1094,Minepits/Industry,Peri-Urban / Sparse,0.3541,0.0046,0.7835,0.9000,#FFAA00,22.128147094486206,49.70849010066746
585,0.3897,Moderate Risk,3,10.59,0.1145,Minepits/Industry,Low Density Urban,0.3541,0.0241,0.7539,0.9000,#FFAA00,24.321823368706955,49.35984150114863
586,0.3897,Moderate Risk,3,1.82,0.1093,Minepits/Industry,Peri-Urban / Sparse,0.3541,0.0041,0.7843,0.9000,#FFAA00,22.272199239040525,49.759948316784154
587,0.3896,Moderate Risk,3,10.03,0.1143,Minepits/Industry,Low Density Urban,0.3541,0.0229,0.7554,0.9000,#FFAA00,24.467267566586916,49.36484538765207
588,0.3896,Moderate Risk,3,18.25,0.1190,Minepits/Industry,Low Density Urban,0.3541,0.0416,0.7276,0.9000,#FFAA00,24.98043539900601,49.23989898161028
589,0.3896,Moderate Risk,3,15.62,0.1175,Minepits/Industry,Low Density Urban,0.3541,0.0356,0.7364,0.9000,#FFAA00,25.252153818474216,49.869869662327794
590,0.3894,Moderate Risk,3,85.03,0.0898,Natural Vegetation,Medium Density Urban,0.3541,0.1938,0.8982,0.1000,#FFAA00,24.185488764647598,49.023790343854635
591,0.3893,Moderate Risk,3,1.49,0.1095,Minepits/Industry,Peri-Urban / Sparse,0.3541,0.0034,0.7830,0.9000,#FFAA00,20.92156633945751,48.42128278179313
592,0.3892,Moderate Risk,3,1.47,0.1095,Minepits/Industry,Peri-Urban / Sparse,0.3541,0.0034,0.7830,0.9000,#FFAA00,21.283817379853303,48.52234880356434
593,0.3892,Moderate Risk,3,2.08,0.1099,Minepits/Industry,Peri-Urban / Sparse,0.3541,0.0047,0.7807,0.9000,#FFAA00,23.126412205361035,50.35264821456804
594,0.3892,Moderate Risk,3,1.93,0.1098,Minepits/Industry,Peri-Urban / Sparse,0.3541,0.0044,0.7813,0.9000,#FFAA00,23.20686447038764,50.12116407917413
595,0.3892,Moderate Risk,3,1.75,0.1097,Minepits/Industry,Peri-Urban / Sparse,0.3541,0.0040,0.7818,0.9000,#FFAA00,22.429464342456736,49.34497875550293
596,0.3892,Moderate Risk,3,3.20,0.1106,Minepits/Industry,Peri-Urban / Sparse,0.3541,0.0073,0.7766,0.9000,#FFAA00,24.025432388293094,49.53885603163403
597,0.3892,Moderate Risk,3,2.13,0.1100,Minepits/Industry,Peri-Urban / Sparse,0.3541,0.0049,0.7803,0.9000,#FFAA00,23.73037988291844,49.67002920225524
598,0.3892,Moderate Risk,3,1.53,0.1096,Minepits/Industry,Peri-Urban / Sparse,0.3541,0.0035,0.7825,0.9000,#FFAA00,21.720749373742006,48.53289886991846
599,0.3892,Moderate Risk,3,2.69,0.1102,Minepits/Industry,Peri-Urban / Sparse,0.3541,0.0061,0.7788,0.9000,#FFAA00,24.73399228567392,50.1345342088892
600,0.3891,Moderate Risk,3,1.47,0.1097,Minepits/Industry,Peri-Urban / Sparse,0.3541,0.0033,0.7822,0.9000,#FFAA00,21.066294467501326,48.47089150625168
601,0.3891,Moderate Risk,3,2.15,0.1100,Minepits/Industry,Peri-Urban / Sparse,0.3541,0.0049,0.7800,0.9000,#FFAA00,23.800187178577026,49.766881593097246
602,0.3891,Moderate Risk,3,1.50,0.1096,Minepits/Industry,Peri-Urban / Sparse,0.3541,0.0034,0.7824,0.9000,#FFAA00,26.313840836612314,48.37167246604447
603,0.3891,Moderate Risk,3,1.46,0.1096,Minepits/Industry,Peri-Urban / Sparse,0.3541,0.0033,0.7825,0.9000,#FFAA00,21.06534103113377,48.51717353986271
604,0.3891,Moderate Risk,3,1.47,0.1096,Minepits/Industry,Peri-Urban / Sparse,0.3541,0.0033,0.7823,0.9000,#FFAA00,21.137197582150158,48.565193194711355
605,0.3891,Moderate Risk,3,2.12,0.1101,Minepits/Industry,Peri-Urban / Sparse,0.3541,0.0048,0.7798,0.9000,#FFAA00,26.529880431891605,48.47456581719065
606,0.3891,Moderate Risk,3,0.51,0.1090,Minepits/Industry,Rural / Scattered,0.3541,0.0012,0.7858,0.9000,#FFAA00,26.324372771481773,47.889766744190496
607,0.3890,Moderate Risk,3,2.78,0.1105,Minepits/Industry,Peri-Urban / Sparse,0.3541,0.0063,0.7774,0.9000,#FFAA00,24.732355802600864,50.181973063422376
608,0.3890,Moderate Risk,3,4.45,0.1115,Minepits/Industry,Peri-Urban / Sparse,0.3541,0.0101,0.7718,0.9000,#FFAA00,25.320004104724408,50.01582467767482
609,0.3889,Moderate Risk,3,1.83,0.1100,Minepits/Industry,Peri-Urban / Sparse,0.3541,0.0042,0.7800,0.9000,#FFAA00,22.560193161676356,49.86326429850606
610,0.3889,Moderate Risk,3,11.31,0.1156,Minepits/Industry,Low Density Urban,0.3541,0.0258,0.7478,0.9000,#FFAA00,23.97438532239059,48.733537139288735
611,0.3889,Moderate Risk,3,2.01,0.1101,Minepits/Industry,Peri-Urban / Sparse,0.3541,0.0046,0.7796,0.9000,#FFAA00,23.51228341745277,49.662287734674614
612,0.3889,Moderate Risk,3,5.85,0.1124,Minepits/Industry,Peri-Urban / Sparse,0.3541,0.0133,0.7661,0.9000,#FFAA00,25.45861942014376,50.212743653267474
613,0.3888,Moderate Risk,3,1.97,0.1102,Minepits/Industry,Peri-Urban / Sparse,0.3541,0.0045,0.7791,0.9000,#FFAA00,23.43530116145553,49.80071225995418
614,0.3888,Moderate Risk,3,2.09,0.1103,Minepits/Industry,Peri-Urban / Sparse,0.3541,0.0048,0.7788,0.9000,#FFAA00,21.984058646838537,49.65716335771188
615,0.3888,Moderate Risk,3,11.23,0.1157,Minepits/Industry,Low Density Urban,0.3541,0.0256,0.7473,0.9000,#FFAA00,24.17637542464968,49.35487698178925
616,0.3888,Moderate Risk,3,1.47,0.1099,Minepits/Industry,Peri-Urban / Sparse,0.3541,0.0033,0.7806,0.9000,#FFAA00,21.35664130373248,48.524088617207326
617,0.3888,Moderate Risk,3,1.44,0.1099,Minepits/Industry,Peri-Urban / Sparse,0.3541,0.0033,0.7807,0.9000,#FFAA00,21.213836623835277,48.38162730615201
618,0.3888,Moderate Risk,3,11.23,0.1242,Built_up,Low Density Urban,0.3541,0.0256,0.6975,1.0000,#FFAA00,25.049006476069742,49.38525861072123
619,0.3888,Moderate Risk,3,1.75,0.1101,Minepits/Industry,Peri-Urban / Sparse,0.3541,0.0040,0.7798,0.9000,#FFAA00,22.348960837196504,49.62254888051756
620,0.3887,Moderate Risk,3,1.89,0.1102,Minepits/Industry,Peri-Urban / Sparse,0.3541,0.0043,0.7789,0.9000,#FFAA00,22.19949751555301,49.757488167289985
621,0.3887,Moderate Risk,3,2.06,0.1103,Minepits/Industry,Peri-Urban / Sparse,0.3541,0.0047,0.7784,0.9000,#FFAA00,23.413649678337553,50.45817564917431
622,0.3887,Moderate Risk,3,2.65,0.1107,Minepits/Industry,Peri-Urban / Sparse,0.3541,0.0060,0.7763,0.9000,#FFAA00,25.143534742804782,48.57746131775245
623,0.3886,Moderate Risk,3,2.44,0.1106,Minepits/Industry,Peri-Urban / Sparse,0.3541,0.0056,0.7765,0.9000,#FFAA00,25.069592817986607,48.62300886109118
624,0.3886,Moderate Risk,3,3.15,0.1111,Minepits/Industry,Peri-Urban / Sparse,0.3541,0.0072,0.7738,0.9000,#FFAA00,24.967597964321687,49.66811994501163
625,0.3886,Moderate Risk,3,2.04,0.1104,Minepits/Industry,Peri-Urban / Sparse,0.3541,0.0046,0.7777,0.9000,#FFAA00,23.420116231893875,50.27041005080918
626,0.3885,Moderate Risk,3,1.73,0.1103,Minepits/Industry,Peri-Urban / Sparse,0.3541,0.0039,0.7783,0.9000,#FFAA00,22.213696664948667,49.24500670944585
627,0.3885,Moderate Risk,3,1.48,0.1102,Minepits/Industry,Peri-Urban / Sparse,0.3541,0.0034,0.7790,0.9000,#FFAA00,21.718738385174316,48.62586672560197
628,0.3885,Moderate Risk,3,1.76,0.1103,Minepits/Industry,Peri-Urban / Sparse,0.3541,0.0040,0.7784,0.9000,#FFAA00,22.35546179592255,49.3893625232228
629,0.3885,Moderate Risk,3,2.16,0.1105,Minepits/Industry,Peri-Urban / Sparse,0.3541,0.0049,0.7771,0.9000,#FFAA00,23.479546931847306,50.64896810402772
630,0.3884,Moderate Risk,3,2.93,0.1111,Minepits/Industry,Peri-Urban / Sparse,0.3541,0.0067,0.7738,0.9000,#FFAA00,24.149661564094778,50.20542784984839
631,0.3884,Moderate Risk,3,2.79,0.1110,Minepits/Industry,Peri-Urban / Sparse,0.3541,0.0064,0.7743,0.9000,#FFAA00,24.956766958470908,50.00096858601564
632,0.3883,Moderate Risk,3,3.42,0.1115,Minepits/Industry,Peri-Urban / Sparse,0.3541,0.0078,0.7718,0.9000,#FFAA00,25.242426230777827,50.15575390536022
633,0.3883,Moderate Risk,3,8.11,0.0971,Bare Land,Peri-Urban / Sparse,0.3541,0.0185,0.8556,0.7000,#FFAA00,25.514199151441975,48.30109732228208
634,0.3882,Moderate Risk,3,1.47,0.1104,Minepits/Industry,Peri-Urban / Sparse,0.3541,0.0033,0.7779,0.9000,#FFAA00,21.355660669742555,48.57045856591164
635,0.3882,Moderate Risk,3,1.45,0.1104,Minepits/Industry,Peri-Urban / Sparse,0.3541,0.0033,0.7778,0.9000,#FFAA00,21.504224211585,48.43475096616642
636,0.3881,Moderate Risk,3,1.44,0.1105,Minepits/Industry,Peri-Urban / Sparse,0.3541,0.0033,0.7775,0.9000,#FFAA00,21.43234049224794,48.386641686464465
637,0.3881,Moderate Risk,3,2.21,0.1110,Minepits/Industry,Peri-Urban / Sparse,0.3541,0.0050,0.7746,0.9000,#FFAA00,23.66049499927628,49.57327622814122
638,0.3881,Moderate Risk,3,36.50,0.1139,Bare Land,Low Density Urban,0.3541,0.0832,0.7577,0.7000,#FFAA00,24.759526955619737,49.32746758415876
639,0.3880,Moderate Risk,3,0.78,0.1102,Minepits/Industry,Rural / Scattered,0.3541,0.0018,0.7791,0.9000,#FFAA00,26.250572858724713,47.936133542817196
640,0.3880,Moderate Risk,3,7.98,0.1144,Minepits/Industry,Peri-Urban / Sparse,0.3541,0.0182,0.7544,0.9000,#FFAA00,23.08539855924881,49.31887840251158
641,0.3880,Moderate Risk,3,1.80,0.1108,Minepits/Industry,Peri-Urban / Sparse,0.3541,0.0041,0.7758,0.9000,#FFAA00,22.34351978175477,49.809034690376905
642,0.3880,Moderate Risk,3,1.99,0.1109,Minepits/Industry,Peri-Urban / Sparse,0.3541,0.0045,0.7750,0.9000,#FFAA00,26.53220260899338,48.37803677665288
643,0.3880,Moderate Risk,3,1.51,0.1106,Minepits/Industry,Peri-Urban / Sparse,0.3541,0.0034,0.7768,0.9000,#FFAA00,21.57411682465174,48.57579131837982
644,0.3880,Moderate Risk,3,1.95,0.1108,Minepits/Industry,Peri-Urban / Sparse,0.3541,0.0045,0.7753,0.9000,#FFAA00,25.85727137275847,49.126755916412876
645,0.3879,Moderate Risk,3,1.93,0.1109,Minepits/Industry,Peri-Urban / Sparse,0.3541,0.0044,0.7748,0.9000,#FFAA00,23.212875491351806,49.93358822662103
646,0.3879,Moderate Risk,3,2.03,0.1110,Minepits/Industry,Peri-Urban / Sparse,0.3541,0.0046,0.7744,0.9000,#FFAA00,23.500544303607615,50.038374778958215
647,0.3879,Moderate Risk,3,1.47,0.1107,Minepits/Industry,Peri-Urban / Sparse,0.3541,0.0034,0.7764,0.9000,#FFAA00,21.28284040765939,48.568695977593116
648,0.3879,Moderate Risk,3,1.93,0.1109,Minepits/Industry,Peri-Urban / Sparse,0.3541,0.0044,0.7749,0.9000,#FFAA00,23.29135782849538,49.74853052783688
649,0.3879,Moderate Risk,3,2.17,0.1196,Built_up,Peri-Urban / Sparse,0.3541,0.0049,0.7240,1.0000,#FFAA00,22.44024171008867,48.92478911150032
650,0.3879,Moderate Risk,3,1.76,0.1109,Minepits/Industry,Peri-Urban / Sparse,0.3541,0.0040,0.7753,0.9000,#FFAA00,22.13972265620474,49.28940081803703
651,0.3879,Moderate Risk,3,2.40,0.1113,Minepits/Industry,Peri-Urban / Sparse,0.3541,0.0055,0.7730,0.9000,#FFAA00,23.42326546243741,50.176502346941554
652,0.3878,Moderate Risk,3,2.11,0.1111,Minepits/Industry,Peri-Urban / Sparse,0.3541,0.0048,0.7736,0.9000,#FFAA00,23.484603166474542,50.50812545085576
653,0.3878,Moderate Risk,3,1.85,0.1110,Minepits/Industry,Peri-Urban / Sparse,0.3541,0.0042,0.7744,0.9000,#FFAA00,22.0619779015825,49.47339909573585
654,0.3878,Moderate Risk,3,1.93,0.1110,Minepits/Industry,Peri-Urban / Sparse,0.3541,0.0044,0.7744,0.9000,#FFAA00,23.217237828554698,49.79286583795686
655,0.3878,Moderate Risk,3,2.61,0.1114,Minepits/Industry,Peri-Urban / Sparse,0.3541,0.0060,0.7720,0.9000,#FFAA00,25.43466496728918,48.58602415007955
656,0.3878,Moderate Risk,3,2.00,0.1111,Minepits/Industry,Peri-Urban / Sparse,0.3541,0.0046,0.7741,0.9000,#FFAA00,26.531049665174624,48.42630276213692
657,0.3877,Moderate Risk,3,1.74,0.1110,Minepits/Industry,Peri-Urban / Sparse,0.3541,0.0040,0.7746,0.9000,#FFAA00,22.285220833430266,49.293833931744615
658,0.3877,Moderate Risk,3,2.02,0.1111,Minepits/Industry,Peri-Urban / Sparse,0.3541,0.0046,0.7736,0.9000,#FFAA00,23.50356368005391,49.944376020966146
659,0.3876,Moderate Risk,3,2.52,0.1116,Minepits/Industry,Peri-Urban / Sparse,0.3541,0.0057,0.7711,0.9000,#FFAA00,24.809867818932318,50.04258529315956
660,0.3876,Moderate Risk,3,2.05,0.1113,Minepits/Industry,Peri-Urban / Sparse,0.3541,0.0047,0.7728,0.9000,#FFAA00,23.71064311737297,50.282047008854896
661,0.3876,Moderate Risk,3,28.43,0.1096,Bare Land,Low Density Urban,0.3541,0.0648,0.7826,0.7000,#FFAA00,25.679877447476457,50.12659901582924
662,0.3876,Moderate Risk,3,1.50,0.1109,Minepits/Industry,Peri-Urban / Sparse,0.3541,0.0034,0.7748,0.9000,#FFAA00,21.498257866610103,48.713237390358174
663,0.3875,Moderate Risk,3,3.46,0.1122,Minepits/Industry,Peri-Urban / Sparse,0.3541,0.0079,0.7673,0.9000,#FFAA00,25.24075152954343,50.203386666244434
664,0.3875,Moderate Risk,3,1.94,0.1113,Minepits/Industry,Peri-Urban / Sparse,0.3541,0.0044,0.7728,0.9000,#FFAA00,22.913198796713964,50.20371450263308
665,0.3875,Moderate Risk,3,1.49,0.1110,Minepits/Industry,Peri-Urban / Sparse,0.3541,0.0034,0.7742,0.9000,#FFAA00,21.212901317583,48.42795955283568
666,0.3874,Moderate Risk,3,2.21,0.1201,Built_up,Peri-Urban / Sparse,0.3541,0.0050,0.7214,1.0000,#FFAA00,23.390968006624757,48.76403975768059
667,0.3874,Moderate Risk,3,1.74,0.1112,Minepits/Industry,Peri-Urban / Sparse,0.3541,0.0040,0.7731,0.9000,#FFAA00,22.21123440456859,49.33821559741937
668,0.3874,Moderate Risk,3,1.48,0.1111,Minepits/Industry,Peri-Urban / Sparse,0.3541,0.0034,0.7739,0.9000,#FFAA00,21.354667277374553,48.61682585071268
669,0.3873,Moderate Risk,3,5.05,0.1133,Minepits/Industry,Peri-Urban / Sparse,0.3541,0.0115,0.7611,0.9000,#FFAA00,25.112967552469886,49.673638175896016
670,0.3873,Moderate Risk,3,7.41,0.1147,Minepits/Industry,Peri-Urban / Sparse,0.3541,0.0169,0.7530,0.9000,#FFAA00,25.723381875890905,48.69056665009639
671,0.3873,Moderate Risk,3,2.44,0.1118,Minepits/Industry,Peri-Urban / Sparse,0.3541,0.0056,0.7698,0.9000,#FFAA00,23.94408202922801,49.81939203749352
672,0.3873,Moderate Risk,3,1.48,0.1112,Minepits/Industry,Peri-Urban / Sparse,0.3541,0.0034,0.7730,0.9000,#FFAA00,21.42336663727361,48.804152004534295
673,0.3873,Moderate Risk,3,0.55,0.1106,Minepits/Industry,Rural / Scattered,0.3541,0.0012,0.7766,0.9000,#FFAA00,26.25155020676982,47.88796124575742
674,0.3873,Moderate Risk,3,1.45,0.1112,Minepits/Industry,Peri-Urban / Sparse,0.3541,0.0033,0.7734,0.9000,#FFAA00,21.36043619573394,48.33858287070622
675,0.3872,Moderate Risk,3,1.50,0.1113,Minepits/Industry,Peri-Urban / Sparse,0.3541,0.0034,0.7728,0.9000,#FFAA00,21.86836060788925,48.44340301548488
676,0.3872,Moderate Risk,3,1.98,0.1116,Minepits/Industry,Peri-Urban / Sparse,0.3541,0.0045,0.7712,0.9000,#FFAA00,23.50652668258693,49.85036173336846
677,0.3872,Moderate Risk,3,1.97,0.1116,Minepits/Industry,Peri-Urban / Sparse,0.3541,0.0045,0.7711,0.9000,#FFAA00,23.433845856094845,49.84769957623017
678,0.3872,Moderate Risk,3,2.11,0.1117,Minepits/Industry,Peri-Urban / Sparse,0.3541,0.0048,0.7704,0.9000,#FFAA00,23.797240322599258,49.8611176898692
679,0.3872,Moderate Risk,3,1.97,0.1116,Minepits/Industry,Peri-Urban / Sparse,0.3541,0.0045,0.7712,0.9000,#FFAA00,23.148770493836246,49.64959089419819
680,0.3871,Moderate Risk,3,0.64,0.1109,Minepits/Industry,Rural / Scattered,0.3541,0.0014,0.7752,0.9000,#FFAA00,26.322395665166567,47.98616886219935
681,0.3871,Moderate Risk,3,8.02,0.1152,Minepits/Industry,Peri-Urban / Sparse,0.3541,0.0183,0.7501,0.9000,#FFAA00,25.942905179209475,48.64934379628467
682,0.3870,Moderate Risk,3,2.12,0.1118,Minepits/Industry,Peri-Urban / Sparse,0.3541,0.0048,0.7697,0.9000,#FFAA00,23.268424899927062,50.4522244986067
683,0.3869,Moderate Risk,3,1.52,0.1116,Minepits/Industry,Peri-Urban / Sparse,0.3541,0.0035,0.7711,0.9000,#FFAA00,21.647929307547,48.531121939262185
684,0.3869,Moderate Risk,3,1.46,0.1115,Minepits/Industry,Peri-Urban / Sparse,0.3541,0.0033,0.7714,0.9000,#FFAA00,21.357609176306067,48.477716038958796
685,0.3869,Moderate Risk,3,4.56,0.1133,Minepits/Industry,Peri-Urban / Sparse,0.3541,0.0104,0.7609,0.9000,#FFAA00,25.488111866095476,49.30541858149036
686,0.3869,Moderate Risk,3,7.77,0.1153,Minepits/Industry,Peri-Urban / Sparse,0.3541,0.0177,0.7496,0.9000,#FFAA00,25.582545835526386,48.494613412492704
687,0.3869,Moderate Risk,3,1.72,0.1117,Minepits/Industry,Peri-Urban / Sparse,0.3541,0.0039,0.7704,0.9000,#FFAA00,22.42819970466392,49.3916503470879
688,0.3869,Moderate Risk,3,2.05,0.1118,Minepits/Industry,Peri-Urban / Sparse,0.3541,0.0047,0.7695,0.9000,#FFAA00,23.513687310053513,49.61525998442706
689,0.3868,Moderate Risk,3,5.41,0.1139,Minepits/Industry,Peri-Urban / Sparse,0.3541,0.0123,0.7574,0.9000,#FFAA00,25.717109511398885,48.930126970518465
690,0.3868,Moderate Risk,3,11.25,0.1174,Minepits/Industry,Low Density Urban,0.3541,0.0256,0.7373,0.9000,#FFAA00,25.49494450740252,49.06642366388433
691,0.3868,Moderate Risk,3,3.12,0.1126,Minepits/Industry,Peri-Urban / Sparse,0.3541,0.0071,0.7650,0.9000,#FFAA00,23.300985429991172,49.41984694912978
692,0.3868,Moderate Risk,3,2.01,0.1119,Minepits/Industry,Peri-Urban / Sparse,0.3541,0.0046,0.7690,0.9000,#FFAA00,23.202210441090124,50.26180420896274
693,0.3868,Moderate Risk,3,1.73,0.1118,Minepits/Industry,Peri-Urban / Sparse,0.3541,0.0039,0.7698,0.9000,#FFAA00,22.21247217482815,49.291612786171505
694,0.3867,Moderate Risk,3,2.42,0.1123,Minepits/Industry,Peri-Urban / Sparse,0.3541,0.0055,0.7670,0.9000,#FFAA00,24.304420699889647,49.92765484413353
695,0.3867,Moderate Risk,3,6.39,0.1146,Minepits/Industry,Peri-Urban / Sparse,0.3541,0.0146,0.7537,0.9000,#FFAA00,25.5728869097434,48.877509205665994
696,0.3867,Moderate Risk,3,3.76,0.1131,Minepits/Industry,Peri-Urban / Sparse,0.3541,0.0086,0.7624,0.9000,#FFAA00,26.168261837775127,48.367469902611724
697,0.3866,Moderate Risk,3,1.53,0.1118,Minepits/Industry,Peri-Urban / Sparse,0.3541,0.0035,0.7696,0.9000,#FFAA00,21.721735369390032,48.4864109358242
698,0.3866,Moderate Risk,3,35.78,0.1147,Bare Land,Low Density Urban,0.3541,0.0816,0.7527,0.7000,#FFAA00,25.418164960782047,49.20729752447303
699,0.3866,Moderate Risk,3,1.83,0.1120,Minepits/Industry,Peri-Urban / Sparse,0.3541,0.0042,0.7684,0.9000,#FFAA00,22.631453088294638,49.91252970776513
700,0.3866,Moderate Risk,3,2.91,0.1127,Minepits/Industry,Peri-Urban / Sparse,0.3541,0.0066,0.7647,0.9000,#FFAA00,24.995642433914153,48.66850567522293
701,0.3866,Moderate Risk,3,5.09,0.1225,Built_up,Peri-Urban / Sparse,0.3541,0.0116,0.7073,1.0000,#FFAA00,24.5440493769426,49.22508429392389
702,0.3866,Moderate Risk,3,1.92,0.1120,Minepits/Industry,Peri-Urban / Sparse,0.3541,0.0044,0.7684,0.9000,#FFAA00,23.2899265568862,49.79547077594883
703,0.3865,Moderate Risk,3,5.03,0.1139,Minepits/Industry,Peri-Urban / Sparse,0.3541,0.0115,0.7572,0.9000,#FFAA00,23.303610268981398,49.32590570815564
704,0.3865,Moderate Risk,3,1.49,0.1119,Minepits/Industry,Peri-Urban / Sparse,0.3541,0.0034,0.7692,0.9000,#FFAA00,21.576087201010942,48.4829109651601
705,0.3865,Moderate Risk,3,1.71,0.1120,Minepits/Industry,Peri-Urban / Sparse,0.3541,0.0039,0.7683,0.9000,#FFAA00,22.21846174836088,49.058550450045004
706,0.3865,Moderate Risk,3,4.84,0.1139,Minepits/Industry,Peri-Urban / Sparse,0.3541,0.0110,0.7576,0.9000,#FFAA00,24.397249999062208,49.26759835216955
707,0.3864,Moderate Risk,3,1.90,0.1122,Minepits/Industry,Peri-Urban / Sparse,0.3541,0.0043,0.7674,0.9000,#FFAA00,23.20532700153673,50.16804815950294
708,0.3863,Moderate Risk,3,1.76,0.1122,Minepits/Industry,Peri-Urban / Sparse,0.3541,0.0040,0.7672,0.9000,#FFAA00,22.140942720772752,49.24281858594758
709,0.3863,Moderate Risk,3,2.05,0.1124,Minepits/Industry,Peri-Urban / Sparse,0.3541,0.0047,0.7665,0.9000,#FFAA00,23.276417389689097,50.21776010791895
710,0.3862,Moderate Risk,3,3.04,0.1131,Minepits/Industry,Peri-Urban / Sparse,0.3541,0.0069,0.7624,0.9000,#FFAA00,23.15553011012939,49.415051466383105
711,0.3862,Moderate Risk,3,2.16,0.1125,Minepits/Industry,Peri-Urban / Sparse,0.3541,0.0049,0.7655,0.9000,#FFAA00,23.70072350448742,50.56428411289908
712,0.3862,Moderate Risk,3,1.90,0.1124,Minepits/Industry,Peri-Urban / Sparse,0.3541,0.0043,0.7665,0.9000,#FFAA00,22.64640815776836,49.39857054740843
713,0.3861,Moderate Risk,3,1.78,0.1124,Minepits/Industry,Peri-Urban / Sparse,0.3541,0.0041,0.7663,0.9000,#FFAA00,22.487505094900097,49.860714773108164
714,0.3861,Moderate Risk,3,0.92,0.1119,Minepits/Industry,Rural / Scattered,0.3541,0.0021,0.7691,0.9000,#FFAA00,26.102941116423416,48.028701275012025
715,0.3859,Moderate Risk,3,3.66,0.1137,Minepits/Industry,Peri-Urban / Sparse,0.3541,0.0083,0.7589,0.9000,#FFAA00,25.035716922948414,49.81363013394837
716,0.3859,Moderate Risk,3,2.17,0.1128,Minepits/Industry,Peri-Urban / Sparse,0.3541,0.0049,0.7641,0.9000,#FFAA00,23.624719058573234,50.65519584442733
717,0.3858,Moderate Risk,3,1.75,0.1126,Minepits/Industry,Peri-Urban / Sparse,0.3541,0.0040,0.7648,0.9000,#FFAA00,22.356721898758597,49.34271505755704
718,0.3858,Moderate Risk,3,1.84,0.1127,Minepits/Industry,Peri-Urban / Sparse,0.3541,0.0042,0.7646,0.9000,#FFAA00,22.848037483534334,49.96712163819177
719,0.3858,Moderate Risk,3,1.84,0.1127,Minepits/Industry,Peri-Urban / Sparse,0.3541,0.0042,0.7646,0.9000,#FFAA00,22.77536339353987,49.964480794233985
720,0.3858,Moderate Risk,3,2.14,0.1128,Minepits/Industry,Peri-Urban / Sparse,0.3541,0.0049,0.7637,0.9000,#FFAA00,23.628127319117514,50.561202911778544
721,0.3857,Moderate Risk,3,2.15,0.1130,Minepits/Industry,Peri-Urban / Sparse,0.3541,0.0049,0.7627,0.9000,#FFAA00,23.731798354772508,49.62292404695933
722,0.3856,Moderate Risk,3,1.75,0.1128,Minepits/Industry,Peri-Urban / Sparse,0.3541,0.0040,0.7640,0.9000,#FFAA00,22.28397858523901,49.34046067872484
723,0.3856,Moderate Risk,3,0.92,0.1123,Minepits/Industry,Rural / Scattered,0.3541,0.0021,0.7669,0.9000,#FFAA00,26.39104967159467,48.18093535187812
724,0.3855,Moderate Risk,3,2.10,0.1131,Minepits/Industry,Peri-Urban / Sparse,0.3541,0.0048,0.7622,0.9000,#FFAA00,23.557207238806587,50.5111565755602
725,0.3855,Moderate Risk,3,1.10,0.1125,Minepits/Industry,Peri-Urban / Sparse,0.3541,0.0025,0.7657,0.9000,#FFAA00,26.3921143382529,48.13271585667671
726,0.3854,Moderate Risk,3,2.06,0.1132,Minepits/Industry,Peri-Urban / Sparse,0.3541,0.0047,0.7619,0.9000,#FFAA00,23.49590962113451,50.17934316150303
727,0.3854,Moderate Risk,3,2.44,0.1220,Built_up,Peri-Urban / Sparse,0.3541,0.0056,0.7104,1.0000,#FFAA00,24.630575049245984,48.705288414729274
728,0.3854,Moderate Risk,3,2.08,0.1132,Minepits/Industry,Peri-Urban / Sparse,0.3541,0.0047,0.7616,0.9000,#FFAA00,23.15286793207765,49.50887780818989
729,0.3854,Moderate Risk,3,1.95,0.1131,Minepits/Industry,Peri-Urban / Sparse,0.3541,0.0044,0.7622,0.9000,#FFAA00,23.285548990067785,49.93626890043871
730,0.3854,Moderate Risk,3,2.20,0.1133,Minepits/Industry,Peri-Urban / Sparse,0.3541,0.0050,0.7612,0.9000,#FFAA00,22.04997057253478,49.89214982928897
731,0.3854,Moderate Risk,3,2.19,0.1133,Minepits/Industry,Peri-Urban / Sparse,0.3541,0.0050,0.7611,0.9000,#FFAA00,23.438169591280957,49.706726371735556
732,0.3853,Moderate Risk,3,1.29,0.1128,Minepits/Industry,Peri-Urban / Sparse,0.3541,0.0030,0.7640,0.9000,#FFAA00,26.387758457283613,48.3255774109098
733,0.3853,Moderate Risk,3,3.50,0.1142,Minepits/Industry,Peri-Urban / Sparse,0.3541,0.0080,0.7561,0.9000,#FFAA00,25.50013129243536,48.87516676133246
734,0.3852,Moderate Risk,3,1.84,0.1132,Minepits/Industry,Peri-Urban / Sparse,0.3541,0.0042,0.7614,0.9000,#FFAA00,22.203529118844983,49.61776192590416
735,0.3852,Moderate Risk,3,1.82,0.1132,Minepits/Industry,Peri-Urban / Sparse,0.3541,0.0041,0.7615,0.9000,#FFAA00,22.066972280211534,49.28719800620731
736,0.3851,Moderate Risk,3,1.62,0.1132,Minepits/Industry,Peri-Urban / Sparse,0.3541,0.0037,0.7616,0.9000,#FFAA00,21.944057949577,48.30545690727435
737,0.3851,Moderate Risk,3,1.99,0.1134,Minepits/Industry,Peri-Urban / Sparse,0.3541,0.0045,0.7604,0.9000,#FFAA00,23.57772699518351,49.90006931717613
738,0.3851,Moderate Risk,3,1.88,0.1133,Minepits/Industry,Peri-Urban / Sparse,0.3541,0.0043,0.7609,0.9000,#FFAA00,23.138724280224455,49.977793054393096
739,0.3851,Moderate Risk,3,2.09,0.1134,Minepits/Industry,Peri-Urban / Sparse,0.3541,0.0048,0.7603,0.9000,#FFAA00,23.12481100857615,50.399486771294505
740,0.3850,Moderate Risk,3,2.05,0.1135,Minepits/Industry,Peri-Urban / Sparse,0.3541,0.0047,0.7597,0.9000,#FFAA00,23.127999594163736,50.305805499047146
741,0.3850,Moderate Risk,3,1.52,0.1132,Minepits/Industry,Peri-Urban / Sparse,0.3541,0.0035,0.7617,0.9000,#FFAA00,21.639604377485753,48.902740859405476
742,0.3850,Moderate Risk,3,1.50,0.1132,Minepits/Industry,Peri-Urban / Sparse,0.3541,0.0034,0.7618,0.9000,#FFAA00,21.646933991226685,48.577583954455456
743,0.3850,Moderate Risk,3,2.13,0.1135,Minepits/Industry,Peri-Urban / Sparse,0.3541,0.0048,0.7596,0.9000,#FFAA00,24.51607632261869,50.1256161904943
744,0.3850,Moderate Risk,3,1.51,0.1132,Minepits/Industry,Peri-Urban / Sparse,0.3541,0.0034,0.7616,0.9000,#FFAA00,21.573112282792298,48.62222748949
745,0.3850,Moderate Risk,3,1.98,0.1135,Minepits/Industry,Peri-Urban / Sparse,0.3541,0.0045,0.7601,0.9000,#FFAA00,23.432376496523453,49.8946830921491
746,0.3850,Moderate Risk,3,1.52,0.0960,Bare Land,Peri-Urban / Sparse,0.3541,0.0035,0.8616,0.7000,#FFAA00,20.85319520914342,48.18850580424966
747,0.3849,Moderate Risk,3,1.89,0.1135,Minepits/Industry,Peri-Urban / Sparse,0.3541,0.0043,0.7596,0.9000,#FFAA00,22.059401683771938,49.56647943942621
748,0.3849,Moderate Risk,3,1.66,0.1133,Minepits/Industry,Peri-Urban / Sparse,0.3541,0.0038,0.7608,0.9000,#FFAA00,26.459416251139984,48.37590724856639
749,0.3849,Moderate Risk,3,2.46,0.1138,Minepits/Industry,Peri-Urban / Sparse,0.3541,0.0056,0.7579,0.9000,#FFAA00,24.29654709399729,50.16407949880014
750,0.3848,Moderate Risk,3,1.52,0.1134,Minepits/Industry,Peri-Urban / Sparse,0.3541,0.0035,0.7604,0.9000,#FFAA00,21.644904514113993,48.67049988644622
751,0.3847,Moderate Risk,3,2.37,0.1139,Minepits/Industry,Peri-Urban / Sparse,0.3541,0.0054,0.7573,0.9000,#FFAA00,24.735613857150778,50.08709119049517
752,0.3847,Moderate Risk,3,1.78,0.1136,Minepits/Industry,Peri-Urban / Sparse,0.3541,0.0041,0.7590,0.9000,#FFAA00,22.50093673634543,49.39394761102307
753,0.3847,Moderate Risk,3,1.50,0.1134,Minepits/Industry,Peri-Urban / Sparse,0.3541,0.0034,0.7604,0.9000,#FFAA00,21.56896516403065,48.80794466393817
754,0.3846,Moderate Risk,3,1.72,0.1136,Minepits/Industry,Peri-Urban / Sparse,0.3541,0.0039,0.7590,0.9000,#FFAA00,22.21490787111554,49.19839740234581
755,0.3846,Moderate Risk,3,1.48,0.1136,Minepits/Industry,Peri-Urban / Sparse,0.3541,0.0034,0.7595,0.9000,#FFAA00,21.787356978927775,48.81369386931815
756,0.3846,Moderate Risk,3,2.29,0.1140,Minepits/Industry,Peri-Urban / Sparse,0.3541,0.0052,0.7570,0.9000,#FFAA00,23.8492990787727,50.47631813537359
757,0.3845,Moderate Risk,3,1.49,0.1136,Minepits/Industry,Peri-Urban / Sparse,0.3541,0.0034,0.7591,0.9000,#FFAA00,21.49182913213174,48.9916237606571
758,0.3844,Moderate Risk,3,2.40,0.1143,Minepits/Industry,Peri-Urban / Sparse,0.3541,0.0055,0.7554,0.9000,#FFAA00,23.942591302515662,49.86656043351542
759,0.3843,Moderate Risk,3,2.13,0.1142,Minepits/Industry,Peri-Urban / Sparse,0.3541,0.0049,0.7560,0.9000,#FFAA00,23.339391893298046,50.5020995765909
760,0.3843,Moderate Risk,3,1.55,0.0967,Bare Land,Peri-Urban / Sparse,0.3541,0.0035,0.8581,0.7000,#FFAA00,20.996238234951182,48.330409310367386
761,0.3843,Moderate Risk,3,1.95,0.1141,Minepits/Industry,Peri-Urban / Sparse,0.3541,0.0044,0.7565,0.9000,#FFAA00,23.361164068794338,49.84504809977869
762,0.3843,Moderate Risk,3,2.00,0.1141,Minepits/Industry,Peri-Urban / Sparse,0.3541,0.0046,0.7565,0.9000,#FFAA00,23.222859472566615,49.60518383908475
763,0.3842,Moderate Risk,3,2.11,0.1142,Minepits/Industry,Peri-Urban / Sparse,0.3541,0.0048,0.7556,0.9000,#FFAA00,23.342669773883607,50.40828433514924
764,0.3842,Moderate Risk,3,10.34,0.1190,Minepits/Industry,Low Density Urban,0.3541,0.0236,0.7275,0.9000,#FFAA00,24.0460053832372,48.78291514538911
765,0.3842,Moderate Risk,3,2.54,0.1145,Minepits/Industry,Peri-Urban / Sparse,0.3541,0.0058,0.7539,0.9000,#FFAA00,23.947020277401815,49.725043795243366
766,0.3842,Moderate Risk,3,1.45,0.1138,Minepits/Industry,Peri-Urban / Sparse,0.3541,0.0033,0.7580,0.9000,#FFAA00,21.94020180290554,48.49171625394161
767,0.3841,Moderate Risk,3,1.94,0.1142,Minepits/Industry,Peri-Urban / Sparse,0.3541,0.0044,0.7559,0.9000,#FFAA00,23.129573170015274,50.25895866054041
768,0.3841,Moderate Risk,3,1.94,0.1142,Minepits/Industry,Peri-Urban / Sparse,0.3541,0.0044,0.7559,0.9000,#FFAA00,22.080688781685826,48.72829164790409
769,0.3840,Moderate Risk,3,2.10,0.1144,Minepits/Industry,Peri-Urban / Sparse,0.3541,0.0048,0.7546,0.9000,#FFAA00,23.410332436503985,50.552032965462914
770,0.3840,Moderate Risk,3,2.00,0.1144,Minepits/Industry,Peri-Urban / Sparse,0.3541,0.0046,0.7548,0.9000,#FFAA00,23.5050522304065,49.89737080017083
771,0.3839,Moderate Risk,3,2.10,0.1145,Minepits/Industry,Peri-Urban / Sparse,0.3541,0.0048,0.7540,0.9000,#FFAA00,23.55887031820111,50.464174816123794
772,0.3839,Moderate Risk,3,2.01,0.1145,Minepits/Industry,Peri-Urban / Sparse,0.3541,0.0046,0.7542,0.9000,#FFAA00,23.718518871835414,50.04673449492127
773,0.3839,Moderate Risk,3,2.14,0.1145,Minepits/Industry,Peri-Urban / Sparse,0.3541,0.0049,0.7540,0.9000,#FFAA00,23.776693461617647,50.47326410857447
774,0.3838,Moderate Risk,3,1.50,0.1142,Minepits/Industry,Peri-Urban / Sparse,0.3541,0.0034,0.7558,0.9000,#FFAA00,21.49721850250539,48.75964226798951
775,0.3838,Moderate Risk,3,1.70,0.1143,Minepits/Industry,Peri-Urban / Sparse,0.3541,0.0039,0.7552,0.9000,#FFAA00,22.146844428824828,49.009859782446206
776,0.3837,Moderate Risk,3,1.98,0.1146,Minepits/Industry,Peri-Urban / Sparse,0.3541,0.0045,0.7533,0.9000,#FFAA00,22.058093831651874,49.613014438938784
777,0.3836,Moderate Risk,3,1.71,0.1145,Minepits/Industry,Peri-Urban / Sparse,0.3541,0.0039,0.7538,0.9000,#FFAA00,22.293543172112578,48.967357029096554
778,0.3836,Moderate Risk,3,3.33,0.1155,Minepits/Industry,Peri-Urban / Sparse,0.3541,0.0076,0.7483,0.9000,#FFAA00,25.360711293691516,48.63165160666448
779,0.3836,Moderate Risk,3,1.47,0.1144,Minepits/Industry,Peri-Urban / Sparse,0.3541,0.0034,0.7548,0.9000,#FFAA00,21.42946446081009,48.52583582103374
780,0.3835,Moderate Risk,3,2.10,0.1148,Minepits/Industry,Peri-Urban / Sparse,0.3541,0.0048,0.7522,0.9000,#FFAA00,23.347481975151698,50.26752987632883
781,0.3835,Moderate Risk,3,1.78,0.1146,Minepits/Industry,Peri-Urban / Sparse,0.3541,0.0041,0.7534,0.9000,#FFAA00,22.414816099856523,49.858175702282956
782,0.3834,Moderate Risk,3,5.85,0.1172,Minepits/Industry,Peri-Urban / Sparse,0.3541,0.0133,0.7386,0.9000,#FFAA00,24.09953931817717,49.49417245945589
783,0.3834,Moderate Risk,3,0.97,0.1143,Minepits/Industry,Rural / Scattered,0.3541,0.0022,0.7554,0.9000,#FFAA00,26.247544115452087,48.0806353152818
784,0.3833,Moderate Risk,3,13.49,0.1217,Minepits/Industry,Low Density Urban,0.3541,0.0307,0.7123,0.9000,#FFAA00,23.822921305661314,48.96529514616564
785,0.3833,Moderate Risk,3,2.12,0.1150,Minepits/Industry,Peri-Urban / Sparse,0.3541,0.0048,0.7512,0.9000,#FFAA00,23.778359530650906,50.426200839187196
786,0.3833,Moderate Risk,3,4.76,0.1165,Minepits/Industry,Peri-Urban / Sparse,0.3541,0.0109,0.7422,0.9000,#FFAA00,25.217468064784555,48.53186275490979
787,0.3832,Moderate Risk,3,2.43,0.1152,Minepits/Industry,Peri-Urban / Sparse,0.3541,0.0055,0.7497,0.9000,#FFAA00,24.372388544056214,50.07242130273547
788,0.3832,Moderate Risk,3,7.90,0.1185,Minepits/Industry,Peri-Urban / Sparse,0.3541,0.0180,0.7306,0.9000,#FFAA00,24.623275821690264,48.9901953694456
789,0.3831,Moderate Risk,3,2.09,0.1152,Minepits/Industry,Peri-Urban / Sparse,0.3541,0.0048,0.7502,0.9000,#FFAA00,23.487903828820752,50.414208699694946
790,0.3831,Moderate Risk,3,1.50,0.0976,Bare Land,Peri-Urban / Sparse,0.3541,0.0034,0.8523,0.7000,#FFAA00,20.85232719868695,48.234735759963286
791,0.3831,Moderate Risk,3,4.65,0.1166,Minepits/Industry,Peri-Urban / Sparse,0.3541,0.0106,0.7416,0.9000,#FFAA00,24.02682695597921,49.4916352627905
792,0.3831,Moderate Risk,3,2.59,0.1154,Minepits/Industry,Peri-Urban / Sparse,0.3541,0.0059,0.7486,0.9000,#FFAA00,24.884116416810727,49.99803189732509
793,0.3830,Moderate Risk,3,1.99,0.1152,Minepits/Industry,Peri-Urban / Sparse,0.3541,0.0045,0.7501,0.9000,#FFAA00,23.72603888189176,49.81132237700275
794,0.3830,Moderate Risk,3,1.95,0.1152,Minepits/Industry,Peri-Urban / Sparse,0.3541,0.0045,0.7500,0.9000,#FFAA00,23.35969979645258,49.89200616691628
795,0.3830,Moderate Risk,3,1.15,0.1147,Minepits/Industry,Peri-Urban / Sparse,0.3541,0.0026,0.7528,0.9000,#FFAA00,26.460549306396935,48.327668664520715
796,0.3829,Moderate Risk,3,1.52,0.1150,Minepits/Industry,Peri-Urban / Sparse,0.3541,0.0035,0.7512,0.9000,#FFAA00,21.501298880624123,48.574006219525664
797,0.3829,Moderate Risk,3,27.04,0.1128,Bare Land,Low Density Urban,0.3541,0.0616,0.7641,0.7000,#FFAA00,25.416787416210727,49.25506450217591
798,0.3829,Moderate Risk,3,1.81,0.1152,Minepits/Industry,Peri-Urban / Sparse,0.3541,0.0041,0.7502,0.9000,#FFAA00,22.573672888276754,49.39625433707512
799,0.3828,Moderate Risk,3,2.02,0.1154,Minepits/Industry,Peri-Urban / Sparse,0.3541,0.0046,0.7489,0.9000,#FFAA00,23.078801023267935,49.55332716197134
800,0.3828,Moderate Risk,3,2.28,0.1155,Minepits/Industry,Peri-Urban / Sparse,0.3541,0.0052,0.7482,0.9000,#FFAA00,24.997964323575367,48.5732295958519
801,0.3827,Moderate Risk,3,2.81,0.1159,Minepits/Industry,Peri-Urban / Sparse,0.3541,0.0064,0.7457,0.9000,#FFAA00,23.949900887689893,49.63068053268735
802,0.3826,Moderate Risk,3,2.06,0.1156,Minepits/Industry,Peri-Urban / Sparse,0.3541,0.0047,0.7477,0.9000,#FFAA00,24.591922808878987,50.033795990747734
803,0.3825,Moderate Risk,3,2.09,0.1157,Minepits/Industry,Peri-Urban / Sparse,0.3541,0.0048,0.7473,0.9000,#FFAA00,23.34589186409495,50.31445219409268
804,0.3825,Moderate Risk,3,10.24,0.1205,Minepits/Industry,Low Density Urban,0.3541,0.0233,0.7191,0.9000,#FFAA00,24.984441982569585,49.09709486218449
805,0.3824,Moderate Risk,3,5.92,0.1180,Minepits/Industry,Peri-Urban / Sparse,0.3541,0.0135,0.7334,0.9000,#FFAA00,25.94529582155869,48.553316406475815
806,0.3824,Moderate Risk,3,1.41,0.1154,Minepits/Industry,Peri-Urban / Sparse,0.3541,0.0032,0.7491,0.9000,#FFAA00,20.5573808523472,48.41309650437164
807,0.3824,Moderate Risk,3,1.02,0.1152,Minepits/Industry,Peri-Urban / Sparse,0.3541,0.0023,0.7501,0.9000,#FFAA00,26.393162796699382,48.08449369177211
808,0.3823,Moderate Risk,3,1.94,0.1158,Minepits/Industry,Peri-Urban / Sparse,0.3541,0.0044,0.7467,0.9000,#FFAA00,22.839014131565417,50.2476910607986
809,0.3822,Moderate Risk,3,2.33,0.1161,Minepits/Industry,Peri-Urban / Sparse,0.3541,0.0053,0.7448,0.9000,#FFAA00,23.804500148530153,49.62549923932824
810,0.3822,Moderate Risk,3,1.92,0.1158,Minepits/Industry,Peri-Urban / Sparse,0.3541,0.0044,0.7463,0.9000,#FFAA00,22.76482576773382,50.29162572384644
811,0.3821,Moderate Risk,3,10.09,0.1036,Bare Land,Low Density Urban,0.3541,0.0230,0.8176,0.7000,#FFAA00,24.119949322744862,48.737754419980426
812,0.3821,Moderate Risk,3,1.43,0.0984,Bare Land,Peri-Urban / Sparse,0.3541,0.0033,0.8476,0.7000,#FFAA00,21.364892394253143,48.10664487610781
813,0.3821,Moderate Risk,3,4.11,0.1172,Minepits/Industry,Peri-Urban / Sparse,0.3541,0.0094,0.7385,0.9000,#FFAA00,25.21156734230873,48.77046694496196
814,0.3820,Moderate Risk,3,0.80,0.1153,Minepits/Industry,Rural / Scattered,0.3541,0.0018,0.7492,0.9000,#FFAA00,26.319308762723924,48.130752885790265
815,0.3820,Moderate Risk,3,2.39,0.1163,Minepits/Industry,Peri-Urban / Sparse,0.3541,0.0054,0.7434,0.9000,#FFAA00,24.448191628141085,49.98065100862492
816,0.3820,Moderate Risk,3,2.51,0.1163,Minepits/Industry,Peri-Urban / Sparse,0.3541,0.0057,0.7433,0.9000,#FFAA00,22.179109751595863,50.40909847021898
817,0.3820,Moderate Risk,3,0.80,0.1154,Minepits/Industry,Rural / Scattered,0.3541,0.0018,0.7491,0.9000,#FFAA00,26.17369498889015,48.12684937208036
818,0.3819,Moderate Risk,3,1.51,0.1158,Minepits/Industry,Peri-Urban / Sparse,0.3541,0.0034,0.7462,0.9000,#FFAA00,21.716675421142554,48.71882366637876
819,0.3819,Moderate Risk,3,1.53,0.0987,Bare Land,Peri-Urban / Sparse,0.3541,0.0035,0.8460,0.7000,#FFAA00,21.002272820618337,48.00647156255494
820,0.3818,Moderate Risk,3,14.83,0.1066,Bare Land,Low Density Urban,0.3541,0.0338,0.8000,0.7000,#FFAA00,24.047167755454513,48.735641589658385
821,0.3817,Moderate Risk,3,1.49,0.1160,Minepits/Industry,Peri-Urban / Sparse,0.3541,0.0034,0.7451,0.9000,#FFAA00,21.57209484262334,48.66866094416043
822,0.3817,Moderate Risk,3,2.75,0.1168,Minepits/Industry,Peri-Urban / Sparse,0.3541,0.0063,0.7409,0.9000,#FFAA00,24.74038905063343,49.944737531100415
823,0.3816,Moderate Risk,3,2.10,0.1164,Minepits/Industry,Peri-Urban / Sparse,0.3541,0.0048,0.7428,0.9000,#FFAA00,23.19903841627731,50.3555438705965
824,0.3816,Moderate Risk,3,2.42,0.1167,Minepits/Industry,Peri-Urban / Sparse,0.3541,0.0055,0.7413,0.9000,#FFAA00,24.996810980580072,48.62086911825144
825,0.3815,Moderate Risk,3,2.08,0.1166,Minepits/Industry,Peri-Urban / Sparse,0.3541,0.0047,0.7420,0.9000,#FFAA00,22.908527525134105,50.344031263457865
826,0.3814,Moderate Risk,3,1.43,0.0991,Bare Land,Peri-Urban / Sparse,0.3541,0.0033,0.8438,0.7000,#FFAA00,21.29203765801219,48.10511028853806
827,0.3814,Moderate Risk,3,2.14,0.1166,Minepits/Industry,Peri-Urban / Sparse,0.3541,0.0049,0.7416,0.9000,#FFAA00,23.9285275453675,50.2908975967241
828,0.3814,Moderate Risk,3,3.96,0.1178,Minepits/Industry,Peri-Urban / Sparse,0.3541,0.0090,0.7350,0.9000,#FFAA00,24.09814000656717,49.54141967939786
829,0.3813,Moderate Risk,3,0.73,0.1159,Minepits/Industry,Rural / Scattered,0.3541,0.0017,0.7460,0.9000,#FFAA00,26.394195043519268,48.03626889802011
830,0.3813,Moderate Risk,3,1.27,0.1162,Minepits/Industry,Peri-Urban / Sparse,0.3541,0.0029,0.7440,0.9000,#FFAA00,26.101921958676282,48.07680633230554
831,0.3813,Moderate Risk,3,1.53,0.1163,Minepits/Industry,Peri-Urban / Sparse,0.3541,0.0035,0.7433,0.9000,#FFAA00,21.6438703596238,48.71695373394664
832,0.3813,Moderate Risk,3,2.44,0.1169,Minepits/Industry,Peri-Urban / Sparse,0.3541,0.0056,0.7400,0.9000,#FFAA00,24.375533934462077,49.97779379859968
833,0.3813,Moderate Risk,3,2.11,0.1167,Minepits/Industry,Peri-Urban / Sparse,0.3541,0.0048,0.7413,0.9000,#FFAA00,22.906943100630087,50.39079530609089
834,0.3812,Moderate Risk,3,2.24,0.1169,Minepits/Industry,Peri-Urban / Sparse,0.3541,0.0051,0.7403,0.9000,#FFAA00,22.25784892312409,50.225700309083294
835,0.3812,Moderate Risk,3,2.00,0.1167,Minepits/Industry,Peri-Urban / Sparse,0.3541,0.0045,0.7411,0.9000,#FFAA00,23.0774399846594,49.60020644053011
836,0.3812,Moderate Risk,3,1.75,0.1166,Minepits/Industry,Peri-Urban / Sparse,0.3541,0.0040,0.7419,0.9000,#FFAA00,22.347620584909755,49.66917571143676
837,0.3812,Moderate Risk,3,2.05,0.1168,Minepits/Industry,Peri-Urban / Sparse,0.3541,0.0047,0.7408,0.9000,#FFAA00,23.491148314119588,50.32027496698149
838,0.3811,Moderate Risk,3,1.94,0.1168,Minepits/Industry,Peri-Urban / Sparse,0.3541,0.0044,0.7406,0.9000,#FFAA00,23.074676409928955,49.693954236208654
839,0.3811,Moderate Risk,3,1.50,0.0994,Bare Land,Peri-Urban / Sparse,0.3541,0.0034,0.8421,0.7000,#FFAA00,20.99440120867183,48.42294128218353
840,0.3811,Moderate Risk,3,1.84,0.0996,Bare Land,Peri-Urban / Sparse,0.3541,0.0042,0.8408,0.7000,#FFAA00,22.8494936147641,49.920346437260534
841,0.3810,Moderate Risk,3,1.53,0.0995,Bare Land,Peri-Urban / Sparse,0.3541,0.0035,0.8416,0.7000,#FFAA00,20.924292712469907,48.28254806214705
842,0.3810,Moderate Risk,3,32.27,0.1175,Bare Land,Low Density Urban,0.3541,0.0735,0.7365,0.7000,#FFAA00,25.265712803408498,49.44077539034573
843,0.3810,Moderate Risk,3,1.91,0.1168,Minepits/Industry,Peri-Urban / Sparse,0.3541,0.0044,0.7404,0.9000,#FFAA00,23.215797623341103,49.839777085815726
844,0.3809,Moderate Risk,3,2.45,0.1173,Minepits/Industry,Peri-Urban / Sparse,0.3541,0.0056,0.7380,0.9000,#FFAA00,24.37396857689072,50.02510956901799
845,0.3808,Moderate Risk,3,2.52,0.1174,Minepits/Industry,Peri-Urban / Sparse,0.3541,0.0057,0.7370,0.9000,#FFAA00,24.018242490582704,49.77490489506405
846,0.3808,Moderate Risk,3,1.53,0.0996,Bare Land,Peri-Urban / Sparse,0.3541,0.0035,0.8406,0.7000,#FFAA00,20.99532598807091,48.37667654557817
847,0.3806,Moderate Risk,3,1.50,0.1169,Minepits/Industry,Peri-Urban / Sparse,0.3541,0.0034,0.7399,0.9000,#FFAA00,20.990576823614592,48.6079745623708
848,0.3806,Moderate Risk,3,10.45,0.1222,Minepits/Industry,Low Density Urban,0.3541,0.0238,0.7089,0.9000,#FFAA00,24.615439374667957,49.27498593643117
849,0.3806,Moderate Risk,3,1.92,0.1172,Minepits/Industry,Peri-Urban / Sparse,0.3541,0.0044,0.7384,0.9000,#FFAA00,23.20838805855009,50.074276009728365
850,0.3805,Moderate Risk,3,2.27,0.1175,Minepits/Industry,Peri-Urban / Sparse,0.3541,0.0052,0.7366,0.9000,#FFAA00,23.93334480508781,50.14948833057643
851,0.3805,Moderate Risk,3,5.11,0.1020,Bare Land,Peri-Urban / Sparse,0.3541,0.0116,0.8266,0.7000,#FFAA00,23.450380664656844,49.28361136459867
852,0.3804,Moderate Risk,3,33.16,0.1186,Bare Land,Low Density Urban,0.3541,0.0756,0.7304,0.7000,#FFAA00,25.267142753124514,49.393079436848616
853,0.3804,Moderate Risk,3,5.31,0.1194,Minepits/Industry,Peri-Urban / Sparse,0.3541,0.0121,0.7256,0.9000,#FFAA00,25.460310594636052,50.16502617040251
854,0.3803,Moderate Risk,3,2.47,0.1178,Minepits/Industry,Peri-Urban / Sparse,0.3541,0.0056,0.7348,0.9000,#FFAA00,24.0106912486579,50.0108587223481
855,0.3802,Moderate Risk,3,4.88,0.1193,Minepits/Industry,Peri-Urban / Sparse,0.3541,0.0111,0.7263,0.9000,#FFAA00,23.01137225827142,49.363426455901006
856,0.3802,Moderate Risk,3,22.32,0.1123,Bare Land,Low Density Urban,0.3541,0.0509,0.7667,0.7000,#FFAA00,25.605561476920823,50.17126766909193
857,0.3801,Moderate Risk,3,14.02,0.1076,Bare Land,Low Density Urban,0.3541,0.0319,0.7942,0.7000,#FFAA00,25.5411879810333,49.92934771404996
858,0.3801,Moderate Risk,3,18.55,0.1102,Bare Land,Low Density Urban,0.3541,0.0423,0.7790,0.7000,#FFAA00,24.193885664635474,48.692545828207976
859,0.3801,Moderate Risk,3,2.61,0.1181,Minepits/Industry,Peri-Urban / Sparse,0.3541,0.0060,0.7333,0.9000,#FFAA00,24.089439254414426,49.82482557398115
860,0.3801,Moderate Risk,3,2.51,0.1180,Minepits/Industry,Peri-Urban / Sparse,0.3541,0.0057,0.7336,0.9000,#FFAA00,22.717846109682004,49.447661963845135
861,0.3801,Moderate Risk,3,1.86,0.1176,Minepits/Industry,Peri-Urban / Sparse,0.3541,0.0042,0.7358,0.9000,#FFAA00,22.64511632689959,49.445311730606036
862,0.3800,Moderate Risk,3,2.72,0.1182,Minepits/Industry,Peri-Urban / Sparse,0.3541,0.0062,0.7325,0.9000,#FFAA00,25.144680407510716,48.52976273398535
863,0.3800,Moderate Risk,3,1.88,0.1177,Minepits/Industry,Peri-Urban / Sparse,0.3541,0.0043,0.7352,0.9000,#FFAA00,23.061556489568154,50.11563463610969
864,0.3800,Moderate Risk,3,1.75,0.1176,Minepits/Industry,Peri-Urban / Sparse,0.3541,0.0040,0.7359,0.9000,#FFAA00,22.734756332680945,48.792646618820626
865,0.3800,Moderate Risk,3,1.18,0.1002,Bare Land,Peri-Urban / Sparse,0.3541,0.0027,0.8376,0.7000,#FFAA00,19.746807199175358,48.854545304690625
866,0.3799,Moderate Risk,3,10.05,0.1226,Minepits/Industry,Low Density Urban,0.3541,0.0229,0.7068,0.9000,#FFAA00,25.128593856334536,49.14960373620772
867,0.3799,Moderate Risk,3,1.47,0.1175,Minepits/Industry,Peri-Urban / Sparse,0.3541,0.0034,0.7364,0.9000,#FFAA00,21.937171638970984,48.63138314056568
868,0.3798,Moderate Risk,3,19.78,0.1112,Bare Land,Low Density Urban,0.3541,0.0451,0.7733,0.7000,#FFAA00,25.64690766575861,48.831980769550086
869,0.3797,Moderate Risk,3,3.74,0.1191,Minepits/Industry,Peri-Urban / Sparse,0.3541,0.0085,0.7275,0.9000,#FFAA00,24.311928409397165,49.69113139437074
870,0.3796,Moderate Risk,3,1.55,0.1007,Bare Land,Peri-Urban / Sparse,0.3541,0.0035,0.8344,0.7000,#FFAA00,20.92517652583506,48.236298259879874
871,0.3796,Moderate Risk,3,17.83,0.1102,Bare Land,Low Density Urban,0.3541,0.0406,0.7790,0.7000,#FFAA00,25.415394419710697,49.302827958068505
872,0.3796,Moderate Risk,3,1.19,0.1005,Bare Land,Peri-Urban / Sparse,0.3541,0.0027,0.8358,0.7000,#FFAA00,19.89242532027885,48.858062074985305
873,0.3794,Moderate Risk,3,25.70,0.1151,Bare Land,Low Density Urban,0.3541,0.0586,0.7508,0.7000,#FFAA00,25.345437519871453,49.204773786184454
874,0.3794,Moderate Risk,3,2.07,0.1183,Minepits/Industry,Peri-Urban / Sparse,0.3541,0.0047,0.7317,0.9000,#FFAA00,23.27484671050953,50.26466127166055
875,0.3793,Moderate Risk,3,1.82,0.1182,Minepits/Industry,Peri-Urban / Sparse,0.3541,0.0041,0.7322,0.9000,#FFAA00,22.56437871533646,49.72319885163481
876,0.3793,Moderate Risk,3,1.57,0.1010,Bare Land,Peri-Urban / Sparse,0.3541,0.0036,0.8329,0.7000,#FFAA00,21.148000022130166,48.00940535098719
877,0.3793,Moderate Risk,3,1.52,0.1010,Bare Land,Peri-Urban / Sparse,0.3541,0.0035,0.8329,0.7000,#FFAA00,21.06339644760614,48.60972975398807
878,0.3792,Moderate Risk,3,4.23,0.1198,Minepits/Industry,Peri-Urban / Sparse,0.3541,0.0097,0.7233,0.9000,#FFAA00,23.881399410686953,49.48659101760897
879,0.3792,Moderate Risk,3,1.66,0.1183,Minepits/Industry,Peri-Urban / Sparse,0.3541,0.0038,0.7319,0.9000,#FFAA00,22.00788771060427,48.72638221570855
880,0.3791,Moderate Risk,3,1.53,0.1011,Bare Land,Peri-Urban / Sparse,0.3541,0.0035,0.8323,0.7000,#FFAA00,21.001448378153945,48.05275533465682
881,0.3791,Moderate Risk,3,1.53,0.1011,Bare Land,Peri-Urban / Sparse,0.3541,0.0035,0.8319,0.7000,#FFAA00,21.07595174909469,47.961626869223295
882,0.3790,Moderate Risk,3,1.97,0.1014,Bare Land,Peri-Urban / Sparse,0.3541,0.0045,0.8301,0.7000,#FFAA00,23.439582706722423,49.65972787253788
883,0.3790,Moderate Risk,3,2.25,0.1016,Bare Land,Peri-Urban / Sparse,0.3541,0.0051,0.8291,0.7000,#FFAA00,21.625261260174444,51.63980246770804
884,0.3790,Moderate Risk,3,1.68,0.1185,Minepits/Industry,Peri-Urban / Sparse,0.3541,0.0038,0.7309,0.9000,#FFAA00,22.008941016826828,48.67981118473539
885,0.3789,Moderate Risk,3,1.17,0.1011,Bare Land,Peri-Urban / Sparse,0.3541,0.0027,0.8321,0.7000,#FFAA00,19.67497595440742,48.80694689666555
886,0.3789,Moderate Risk,3,1.51,0.1012,Bare Land,Peri-Urban / Sparse,0.3541,0.0035,0.8313,0.7000,#FFAA00,21.509727500829555,48.15617194123659
887,0.3789,Moderate Risk,3,1.55,0.1013,Bare Land,Peri-Urban / Sparse,0.3541,0.0035,0.8311,0.7000,#FFAA00,21.07513678261039,48.0079353217165
888,0.3789,Moderate Risk,3,3.25,0.1195,Minepits/Industry,Peri-Urban / Sparse,0.3541,0.0074,0.7251,0.9000,#FFAA00,23.954113652582418,49.48910812380618
889,0.3788,Moderate Risk,3,1.48,0.1013,Bare Land,Peri-Urban / Sparse,0.3541,0.0034,0.8307,0.7000,#FFAA00,21.348439172299287,48.8949716948951
890,0.3788,Moderate Risk,3,1.56,0.1014,Bare Land,Peri-Urban / Sparse,0.3541,0.0035,0.8304,0.7000,#FFAA00,21.725549290034685,48.300433302184544
891,0.3788,Moderate Risk,3,2.04,0.1016,Bare Land,Peri-Urban / Sparse,0.3541,0.0047,0.8290,0.7000,#FFAA00,23.41528731568162,50.41124056613523
892,0.3787,Moderate Risk,3,1.19,0.1013,Bare Land,Peri-Urban / Sparse,0.3541,0.0027,0.8312,0.7000,#FFAA00,19.96622787331243,48.81389726159541
893,0.3786,Moderate Risk,3,1.83,0.1017,Bare Land,Peri-Urban / Sparse,0.3541,0.0042,0.8287,0.7000,#FFAA00,21.18678070171199,51.712284060446876
894,0.3785,Moderate Risk,3,2.38,0.1193,Minepits/Industry,Peri-Urban / Sparse,0.3541,0.0054,0.7263,0.9000,#FFAA00,23.938032768542275,50.008042277648414
895,0.3785,Moderate Risk,3,1.70,0.1017,Bare Land,Peri-Urban / Sparse,0.3541,0.0039,0.8284,0.7000,#FFAA00,22.012021828641828,48.540081499507245
896,0.3785,Moderate Risk,3,1.54,0.1016,Bare Land,Peri-Urban / Sparse,0.3541,0.0035,0.8292,0.7000,#FFAA00,21.074309214569762,48.05424154320564
897,0.3785,Moderate Risk,3,3.71,0.1201,Minepits/Industry,Peri-Urban / Sparse,0.3541,0.0085,0.7216,0.9000,#FFAA00,22.86330299497877,49.45239134037375
898,0.3785,Moderate Risk,3,1.54,0.1016,Bare Land,Peri-Urban / Sparse,0.3541,0.0035,0.8290,0.7000,#FFAA00,20.998025119916974,48.23786748025043
899,0.3785,Moderate Risk,3,23.27,0.1144,Bare Land,Low Density Urban,0.3541,0.0530,0.7548,0.7000,#FFAA00,25.56498795839073,49.16454669507927
900,0.3784,Moderate Risk,3,97.66,0.1066,Natural Vegetation,Medium Density Urban,0.3541,0.2226,0.7998,0.1000,#FFAA00,25.26855736483753,49.34537986322121
901,0.3784,Moderate Risk,3,2.43,0.1194,Minepits/Industry,Peri-Urban / Sparse,0.3541,0.0055,0.7255,0.9000,#FFAA00,24.007569708269333,50.10521260574709
902,0.3783,Moderate Risk,3,1.18,0.1016,Bare Land,Peri-Urban / Sparse,0.3541,0.0027,0.8291,0.7000,#FFAA00,19.675943224627947,48.76109245695272
903,0.3783,Moderate Risk,3,1.19,0.1016,Bare Land,Peri-Urban / Sparse,0.3541,0.0027,0.8290,0.7000,#FFAA00,19.964226813343107,48.905764306737005
904,0.3783,Moderate Risk,3,1.19,0.1016,Bare Land,Peri-Urban / Sparse,0.3541,0.0027,0.8293,0.7000,#FFAA00,20.451873006139152,49.793486738387635
905,0.3782,Moderate Risk,3,1.54,0.1019,Bare Land,Peri-Urban / Sparse,0.3541,0.0035,0.8274,0.7000,#FFAA00,21.147169325568505,48.05573411790252
906,0.3782,Moderate Risk,3,2.97,0.1199,Minepits/Industry,Peri-Urban / Sparse,0.3541,0.0068,0.7228,0.9000,#FFAA00,25.505069495651913,48.68385838970846
907,0.3782,Moderate Risk,3,16.90,0.1109,Bare Land,Low Density Urban,0.3541,0.0385,0.7751,0.7000,#FFAA00,25.607248156963507,50.123488864503194
908,0.3781,Moderate Risk,3,24.45,0.1154,Bare Land,Low Density Urban,0.3541,0.0557,0.7489,0.7000,#FFAA00,25.054518260152637,49.194776203544926
909,0.3781,Moderate Risk,3,27.99,0.1175,Bare Land,Low Density Urban,0.3541,0.0638,0.7364,0.7000,#FFAA00,25.49089144703317,49.20983105067611
910,0.3781,Moderate Risk,3,2.62,0.1197,Minepits/Industry,Peri-Urban / Sparse,0.3541,0.0060,0.7236,0.9000,#FFAA00,24.921683733899897,48.71395204961032
911,0.3780,Moderate Risk,3,1.19,0.1018,Bare Land,Peri-Urban / Sparse,0.3541,0.0027,0.8278,0.7000,#FFAA00,20.03804045931158,48.8616101142149
912,0.3780,Moderate Risk,3,1.21,0.1019,Bare Land,Peri-Urban / Sparse,0.3541,0.0028,0.8277,0.7000,#FFAA00,20.454390744393407,49.701440895144096
913,0.3780,Moderate Risk,3,1.18,0.1018,Bare Land,Peri-Urban / Sparse,0.3541,0.0027,0.8278,0.7000,#FFAA00,19.89040857268566,48.94988164955036
914,0.3779,Moderate Risk,3,1.10,0.1019,Bare Land,Peri-Urban / Sparse,0.3541,0.0025,0.8277,0.7000,#FFAA00,19.39437630261525,48.25067769802346
915,0.3779,Moderate Risk,3,1.63,0.1022,Bare Land,Peri-Urban / Sparse,0.3541,0.0037,0.8259,0.7000,#FFAA00,21.11431914274778,51.70900452596033
916,0.3779,Moderate Risk,3,5.05,0.1213,Minepits/Industry,Peri-Urban / Sparse,0.3541,0.0115,0.7142,0.9000,#FFAA00,23.156840352318206,49.36813311849396
917,0.3779,Moderate Risk,3,1.15,0.1019,Bare Land,Peri-Urban / Sparse,0.3541,0.0026,0.8275,0.7000,#FFAA00,20.381667214900165,49.699228057540644
918,0.3779,Moderate Risk,3,1.97,0.1195,Minepits/Industry,Peri-Urban / Sparse,0.3541,0.0045,0.7248,0.9000,#FFAA00,23.650400787935958,49.90277866949828
919,0.3779,Moderate Risk,3,1.21,0.1020,Bare Land,Peri-Urban / Sparse,0.3541,0.0028,0.8270,0.7000,#FFAA00,19.539263878579757,48.299428247582654
920,0.3778,Moderate Risk,3,1.13,0.1020,Bare Land,Peri-Urban / Sparse,0.3541,0.0026,0.8271,0.7000,#FFAA00,19.464715462685774,48.3895841242468
921,0.3778,Moderate Risk,3,1.19,0.1020,Bare Land,Peri-Urban / Sparse,0.3541,0.0027,0.8267,0.7000,#FFAA00,19.748761181099344,48.76279782330566
922,0.3777,Moderate Risk,3,1.21,0.1021,Bare Land,Peri-Urban / Sparse,0.3541,0.0028,0.8261,0.7000,#FFAA00,20.52585577346242,49.74970957718919
923,0.3777,Moderate Risk,3,1.18,0.1021,Bare Land,Peri-Urban / Sparse,0.3541,0.0027,0.8264,0.7000,#FFAA00,19.817607867864485,48.948077685380255
924,0.3776,Moderate Risk,3,1.16,0.1022,Bare Land,Peri-Urban / Sparse,0.3541,0.0026,0.8258,0.7000,#FFAA00,20.380419237199966,49.74523124474242
925,0.3776,Moderate Risk,3,1.19,0.1022,Bare Land,Peri-Urban / Sparse,0.3541,0.0027,0.8259,0.7000,#FFAA00,19.893416004146857,48.81214809905487
926,0.3776,Moderate Risk,3,1.18,0.1022,Bare Land,Peri-Urban / Sparse,0.3541,0.0027,0.8258,0.7000,#FFAA00,19.744806413061433,48.94628170629746
927,0.3775,Moderate Risk,3,1.51,0.1025,Bare Land,Peri-Urban / Sparse,0.3541,0.0035,0.8240,0.7000,#FFAA00,21.22086253696723,48.010881664222396
928,0.3775,Moderate Risk,3,1.17,0.1023,Bare Land,Peri-Urban / Sparse,0.3541,0.0027,0.8254,0.7000,#FFAA00,20.358814744681855,50.48079007929023
929,0.3775,Moderate Risk,3,1.20,0.1023,Bare Land,Peri-Urban / Sparse,0.3541,0.0027,0.8250,0.7000,#FFAA00,20.45313792639891,49.747465547325966
930,0.3775,Moderate Risk,3,1.20,0.1023,Bare Land,Peri-Urban / Sparse,0.3541,0.0027,0.8250,0.7000,#FFAA00,19.537564800042023,48.39110343068812
931,0.3775,Moderate Risk,3,1.18,0.1023,Bare Land,Peri-Urban / Sparse,0.3541,0.0027,0.8252,0.7000,#FFAA00,19.81658587236404,48.99396238793486
932,0.3775,Moderate Risk,3,1.14,0.1023,Bare Land,Peri-Urban / Sparse,0.3541,0.0026,0.8254,0.7000,#FFAA00,20.027401771219097,49.32101054480019
933,0.3774,Moderate Risk,3,1.45,0.1025,Bare Land,Peri-Urban / Sparse,0.3541,0.0033,0.8240,0.7000,#FFAA00,21.43774639314703,48.10818598341105
934,0.3774,Moderate Risk,3,3.80,0.1210,Minepits/Industry,Peri-Urban / Sparse,0.3541,0.0087,0.7159,0.9000,#FFAA00,25.213973686875796,48.675034312567476
935,0.3774,Moderate Risk,3,1.48,0.1025,Bare Land,Peri-Urban / Sparse,0.3541,0.0034,0.8237,0.7000,#FFAA00,21.041856480409386,51.705738887398894
936,0.3774,Moderate Risk,3,1.18,0.1024,Bare Land,Peri-Urban / Sparse,0.3541,0.0027,0.8248,0.7000,#FFAA00,19.60216113217293,48.805228537668874
937,0.3774,Moderate Risk,3,1.52,0.1026,Bare Land,Peri-Urban / Sparse,0.3541,0.0035,0.8234,0.7000,#FFAA00,20.854050770933135,48.142273496422064
938,0.3774,Moderate Risk,3,1.59,0.1026,Bare Land,Peri-Urban / Sparse,0.3541,0.0036,0.8234,0.7000,#FFAA00,21.196215091917463,49.168905527396994
939,0.3774,Moderate Risk,3,1.09,0.1023,Bare Land,Peri-Urban / Sparse,0.3541,0.0025,0.8253,0.7000,#FFAA00,20.307699708765252,49.74300664870822
940,0.3773,Moderate Risk,3,1.15,0.1025,Bare Land,Peri-Urban / Sparse,0.3541,0.0026,0.8242,0.7000,#FFAA00,20.243396096466782,49.418997611291275
941,0.3773,Moderate Risk,3,1.19,0.1025,Bare Land,Peri-Urban / Sparse,0.3541,0.0027,0.8240,0.7000,#FFAA00,20.44669238051792,49.977536228891665
942,0.3773,Moderate Risk,3,1.15,0.1024,Bare Land,Peri-Urban / Sparse,0.3541,0.0026,0.8245,0.7000,#FFAA00,20.028519043458584,49.27508400952967
943,0.3773,Moderate Risk,3,1.11,0.1024,Bare Land,Peri-Urban / Sparse,0.3541,0.0025,0.8243,0.7000,#FFAA00,19.39519025637835,48.204875038995475
944,0.3773,Moderate Risk,3,1.63,0.1027,Bare Land,Peri-Urban / Sparse,0.3541,0.0037,0.8228,0.7000,#FFAA00,21.116144686191706,51.66293758500048
945,0.3773,Moderate Risk,3,1.17,0.1025,Bare Land,Peri-Urban / Sparse,0.3541,0.0027,0.8242,0.7000,#FFAA00,19.745812655127057,48.900414906816714
946,0.3772,Moderate Risk,3,1.11,0.1025,Bare Land,Peri-Urban / Sparse,0.3541,0.0025,0.8241,0.7000,#FFAA00,20.237443998268503,49.64886726048255
947,0.3772,Moderate Risk,3,1.14,0.1025,Bare Land,Peri-Urban / Sparse,0.3541,0.0026,0.8238,0.7000,#FFAA00,19.67099032879255,48.990337013326766
948,0.3772,Moderate Risk,3,1.13,0.1026,Bare Land,Peri-Urban / Sparse,0.3541,0.0026,0.8237,0.7000,#FFAA00,20.02627264381837,49.3669339577617
949,0.3772,Moderate Risk,3,1.10,0.1025,Bare Land,Peri-Urban / Sparse,0.3541,0.0025,0.8240,0.7000,#FFAA00,19.391865426905436,48.38807162562358
950,0.3772,Moderate Risk,3,1.10,0.1025,Bare Land,Peri-Urban / Sparse,0.3541,0.0025,0.8241,0.7000,#FFAA00,20.308942850542817,49.69702483350959
951,0.3772,Moderate Risk,3,1.19,0.1025,Bare Land,Peri-Urban / Sparse,0.3541,0.0027,0.8239,0.7000,#FFAA00,19.603124537051084,48.75939467578417
952,0.3772,Moderate Risk,3,1.15,0.1025,Bare Land,Peri-Urban / Sparse,0.3541,0.0026,0.8239,0.7000,#FFAA00,20.214971416253995,50.42976867025755
953,0.3772,Moderate Risk,3,1.21,0.1025,Bare Land,Peri-Urban / Sparse,0.3541,0.0028,0.8238,0.7000,#FFAA00,20.524585961793854,49.79575231898696
954,0.3772,Moderate Risk,3,1.77,0.1201,Minepits/Industry,Peri-Urban / Sparse,0.3541,0.0040,0.7216,0.9000,#FFAA00,22.808654799031025,48.74782651213272
955,0.3772,Moderate Risk,3,5.04,0.1220,Minepits/Industry,Peri-Urban / Sparse,0.3541,0.0115,0.7105,0.9000,#FFAA00,24.994458687322638,48.716139228060996
956,0.3772,Moderate Risk,3,1.15,0.1025,Bare Land,Peri-Urban / Sparse,0.3541,0.0026,0.8237,0.7000,#FFAA00,20.382903133192514,49.65322144967751
957,0.3772,Moderate Risk,3,1.17,0.1025,Bare Land,Peri-Urban / Sparse,0.3541,0.0027,0.8240,0.7000,#FFAA00,20.37915920391462,49.791230978200154
958,0.3771,Moderate Risk,3,1.99,0.1202,Minepits/Industry,Peri-Urban / Sparse,0.3541,0.0045,0.7207,0.9000,#FFAA00,23.576233298185635,49.947100181831104
959,0.3771,Moderate Risk,3,1.80,0.1030,Bare Land,Peri-Urban / Sparse,0.3541,0.0041,0.8213,0.7000,#FFAA00,21.1886130980532,51.66619501002045
960,0.3771,Moderate Risk,3,1.15,0.1026,Bare Land,Peri-Urban / Sparse,0.3541,0.0026,0.8232,0.7000,#FFAA00,20.171792055013523,49.3709783705616
961,0.3771,Moderate Risk,3,1.13,0.1026,Bare Land,Peri-Urban / Sparse,0.3541,0.0026,0.8235,0.7000,#FFAA00,20.311393092072457,49.60505099595674
962,0.3771,Moderate Risk,3,1.15,0.1026,Bare Land,Peri-Urban / Sparse,0.3541,0.0026,0.8236,0.7000,#FFAA00,20.28617892184981,50.47822457575399
963,0.3771,Moderate Risk,3,1.12,0.1026,Bare Land,Peri-Urban / Sparse,0.3541,0.0026,0.8233,0.7000,#FFAA00,20.310173979568404,49.651039604916576
964,0.3771,Moderate Risk,3,1.15,0.1026,Bare Land,Peri-Urban / Sparse,0.3541,0.0026,0.8235,0.7000,#FFAA00,20.24222963865479,49.46497808961495
965,0.3771,Moderate Risk,3,1.18,0.1026,Bare Land,Peri-Urban / Sparse,0.3541,0.0027,0.8231,0.7000,#FFAA00,19.81961663121458,48.85629978936296
966,0.3770,Moderate Risk,3,1.10,0.1027,Bare Land,Peri-Urban / Sparse,0.3541,0.0025,0.8230,0.7000,#FFAA00,19.5992012638283,48.942713637285685
967,0.3770,Moderate Risk,3,1.43,0.1028,Bare Land,Peri-Urban / Sparse,0.3541,0.0033,0.8221,0.7000,#FFAA00,21.365745283829135,48.06025017992556
968,0.3770,Moderate Risk,3,1.20,0.1027,Bare Land,Peri-Urban / Sparse,0.3541,0.0027,0.8228,0.7000,#FFAA00,19.61041343658119,48.39262955891229
969,0.3770,Moderate Risk,3,1.09,0.1027,Bare Land,Peri-Urban / Sparse,0.3541,0.0025,0.8229,0.7000,#FFAA00,20.23621765420031,49.694831202627505
970,0.3770,Moderate Risk,3,1.17,0.1027,Bare Land,Peri-Urban / Sparse,0.3541,0.0027,0.8230,0.7000,#FFAA00,19.884075516337845,49.2252709923819
971,0.3770,Moderate Risk,3,1.15,0.1027,Bare Land,Peri-Urban / Sparse,0.3541,0.0026,0.8229,0.7000,#FFAA00,20.21210106192899,50.521567839520245
972,0.3770,Moderate Risk,3,1.15,0.1027,Bare Land,Peri-Urban / Sparse,0.3541,0.0026,0.8229,0.7000,#FFAA00,20.170642086193666,49.41694082158636
973,0.3769,Moderate Risk,3,1.39,0.1029,Bare Land,Peri-Urban / Sparse,0.3541,0.0032,0.8214,0.7000,#FFAA00,20.97120457549547,51.6564641133181
974,0.3769,Moderate Risk,3,15.19,0.1282,Minepits/Industry,Low Density Urban,0.3541,0.0346,0.6742,0.9000,#FFAA00,24.0322603729859,49.30271677260698
975,0.3769,Moderate Risk,3,1.21,0.1029,Bare Land,Peri-Urban / Sparse,0.3541,0.0028,0.8219,0.7000,#FFAA00,20.455631456282884,49.65541281499423
976,0.3769,Moderate Risk,3,1.18,0.1028,Bare Land,Peri-Urban / Sparse,0.3541,0.0027,0.8221,0.7000,#FFAA00,19.88938251512945,48.99578718253093
977,0.3769,Moderate Risk,3,1.13,0.1028,Bare Land,Peri-Urban / Sparse,0.3541,0.0026,0.8223,0.7000,#FFAA00,20.31260018432163,49.55905903967155
978,0.3769,Moderate Risk,3,1.14,0.1028,Bare Land,Peri-Urban / Sparse,0.3541,0.0026,0.8223,0.7000,#FFAA00,20.3137952526188,49.51306376911628
979,0.3769,Moderate Risk,3,1.14,0.1027,Bare Land,Peri-Urban / Sparse,0.3541,0.0026,0.8226,0.7000,#FFAA00,20.384126988290628,49.60721145424981
980,0.3769,Moderate Risk,3,1.13,0.1027,Bare Land,Peri-Urban / Sparse,0.3541,0.0026,0.8226,0.7000,#FFAA00,20.38533877644448,49.56119810436829
981,0.3769,Moderate Risk,3,3.66,0.1214,Minepits/Industry,Peri-Urban / Sparse,0.3541,0.0083,0.7140,0.9000,#FFAA00,25.138799043210224,48.76822584491081
982,0.3769,Moderate Risk,3,1.15,0.1027,Bare Land,Peri-Urban / Sparse,0.3541,0.0026,0.8226,0.7000,#FFAA00,20.241051196302475,49.510955326702515
983,0.3768,Moderate Risk,3,1.22,0.1029,Bare Land,Peri-Urban / Sparse,0.3541,0.0028,0.8215,0.7000,#FFAA00,20.42999164810961,50.52932808782972
984,0.3768,Moderate Risk,3,1.41,0.1030,Bare Land,Peri-Urban / Sparse,0.3541,0.0032,0.8208,0.7000,#FFAA00,20.969392718697517,51.70248711441081
985,0.3768,Moderate Risk,3,1.18,0.1028,Bare Land,Peri-Urban / Sparse,0.3541,0.0027,0.8220,0.7000,#FFAA00,19.95685037539872,49.2272084024165
986,0.3768,Moderate Risk,3,1.19,0.1029,Bare Land,Peri-Urban / Sparse,0.3541,0.0027,0.8215,0.7000,#FFAA00,20.44930687436509,49.885518604613196
987,0.3768,Moderate Risk,3,13.53,0.1102,Bare Land,Low Density Urban,0.3541,0.0308,0.7793,0.7000,#FFAA00,25.63634154545923,49.21492756962476
988,0.3768,Moderate Risk,3,1.14,0.1028,Bare Land,Peri-Urban / Sparse,0.3541,0.0026,0.8221,0.7000,#FFAA00,20.136562482795846,50.610744686878554
989,0.3768,Moderate Risk,3,1.19,0.1029,Bare Land,Peri-Urban / Sparse,0.3541,0.0027,0.8216,0.7000,#FFAA00,20.450595987490328,49.839504435191195
990,0.3768,Moderate Risk,3,1.15,0.1028,Bare Land,Peri-Urban / Sparse,0.3541,0.0026,0.8220,0.7000,#FFAA00,20.244550566166154,49.37301392475815
991,0.3768,Moderate Risk,3,1.19,0.1029,Bare Land,Peri-Urban / Sparse,0.3541,0.0027,0.8217,0.7000,#FFAA00,19.963208524947223,48.95169361544875
992,0.3768,Moderate Risk,3,1.17,0.1028,Bare Land,Peri-Urban / Sparse,0.3541,0.0027,0.8220,0.7000,#FFAA00,20.357362371450762,50.526730065629316
993,0.3767,Moderate Risk,3,1.10,0.1029,Bare Land,Peri-Urban / Sparse,0.3541,0.0025,0.8216,0.7000,#FFAA00,20.306444558041424,49.788985017498945
994,0.3767,Moderate Risk,3,1.22,0.1030,Bare Land,Peri-Urban / Sparse,0.3541,0.0028,0.8211,0.7000,#FFAA00,20.431449652749546,50.48336677130922
995,0.3767,Moderate Risk,3,1.09,0.1029,Bare Land,Peri-Urban / Sparse,0.3541,0.0025,0.8217,0.7000,#FFAA00,20.234979343994908,49.74079173860555
996,0.3767,Moderate Risk,3,1.09,0.1029,Bare Land,Peri-Urban / Sparse,0.3541,0.0025,0.8217,0.7000,#FFAA00,20.234979343994908,49.74079173860555
997,0.3767,Moderate Risk,3,1.11,0.1030,Bare Land,Peri-Urban / Sparse,0.3541,0.0025,0.8213,0.7000,#FFAA00,20.164713192151314,49.64670439625645
998,0.3767,Moderate Risk,3,1.19,0.1030,Bare Land,Peri-Urban / Sparse,0.3541,0.0027,0.8211,0.7000,#FFAA00,19.957939624583005,49.181296705202726
999,0.3767,Moderate Risk,3,1.46,0.1031,Bare Land,Peri-Urban / Sparse,0.3541,0.0033,0.8205,0.7000,#FFAA00,21.29372432491374,48.012364275352645
1000,0.3767,Moderate Risk,3,1.09,0.1029,Bare Land,Peri-Urban / Sparse,0.3541,0.0025,0.8217,0.7000,#FFAA00,20.234979343994908,49.74079173860555
1001,0.3767,Moderate Risk,3,1.09,0.1029,Bare Land,Peri-Urban / Sparse,0.3541,0.0025,0.8217,0.7000,#FFAA00,20.234979343994908,49.74079173860555
1002,0.3767,Moderate Risk,3,2.10,0.1035,Bare Land,Peri-Urban / Sparse,0.3541,0.0048,0.8180,0.7000,#FFAA00,23.486260517204222,50.46116921606942
1003,0.3767,Moderate Risk,3,1.24,0.1030,Bare Land,Peri-Urban / Sparse,0.3541,0.0028,0.8212,0.7000,#FFAA00,20.527113436144123,49.70366336685485
1004,0.3767,Moderate Risk,3,1.17,0.1030,Bare Land,Peri-Urban / Sparse,0.3541,0.0027,0.8213,0.7000,#FFAA00,19.67200421085576,48.94449369575224
1005,0.3767,Moderate Risk,3,1.19,0.1030,Bare Land,Peri-Urban / Sparse,0.3541,0.0027,0.8213,0.7000,#FFAA00,19.89536197687082,48.72031193411858
1006,0.3767,Moderate Risk,3,1.20,0.1030,Bare Land,Peri-Urban / Sparse,0.3541,0.0027,0.8212,0.7000,#FFAA00,20.445367007803153,50.02353961757462
1007,0.3766,Moderate Risk,3,1.19,0.1030,Bare Land,Peri-Urban / Sparse,0.3541,0.0027,0.8208,0.7000,#FFAA00,20.036007722072984,48.95351359980801
1008,0.3766,Moderate Risk,3,1.23,0.1031,Bare Land,Peri-Urban / Sparse,0.3541,0.0028,0.8205,0.7000,#FFAA00,20.518054806198982,50.02591283816628
1009,0.3766,Moderate Risk,3,1.18,0.1031,Bare Land,Peri-Urban / Sparse,0.3541,0.0027,0.8207,0.7000,#FFAA00,19.743788476052806,48.99214567044624
1010,0.3766,Moderate Risk,3,1.15,0.1031,Bare Land,Peri-Urban / Sparse,0.3541,0.0026,0.8207,0.7000,#FFAA00,20.284732174960396,50.5241433241575
1011,0.3766,Moderate Risk,3,1.17,0.1030,Bare Land,Peri-Urban / Sparse,0.3541,0.0027,0.8208,0.7000,#FFAA00,20.377887118903164,49.83722722484543
1012,0.3766,Moderate Risk,3,1.17,0.1030,Bare Land,Peri-Urban / Sparse,0.3541,0.0027,0.8209,0.7000,#FFAA00,19.673006444513714,48.89864754870208
1013,0.3766,Moderate Risk,3,1.14,0.1030,Bare Land,Peri-Urban / Sparse,0.3541,0.0026,0.8210,0.7000,#FFAA00,20.099032746651233,49.36895172114563
1014,0.3766,Moderate Risk,3,2.03,0.1035,Bare Land,Peri-Urban / Sparse,0.3541,0.0046,0.8179,0.7000,#FFAA00,23.656254182998556,49.7145139433117
1015,0.3766,Moderate Risk,3,1.15,0.1030,Bare Land,Peri-Urban / Sparse,0.3541,0.0026,0.8211,0.7000,#FFAA00,20.169480175933177,49.46290007117807
1016,0.3766,Moderate Risk,3,1.19,0.1031,Bare Land,Peri-Urban / Sparse,0.3541,0.0027,0.8207,0.7000,#FFAA00,19.604076328046048,48.71355812052883
1017,0.3766,Moderate Risk,3,1.21,0.1030,Bare Land,Peri-Urban / Sparse,0.3541,0.0027,0.8209,0.7000,#FFAA00,19.681501875852597,48.485910284797505
1018,0.3766,Moderate Risk,3,1.13,0.1030,Bare Land,Peri-Urban / Sparse,0.3541,0.0026,0.8209,0.7000,#FFAA00,20.386538493940428,49.51518143315757
1019,0.3766,Moderate Risk,3,1.15,0.1031,Bare Land,Peri-Urban / Sparse,0.3541,0.0026,0.8208,0.7000,#FFAA00,19.467236509658953,48.252129130664414
1020,0.3765,Moderate Risk,3,1.85,0.1207,Minepits/Industry,Peri-Urban / Sparse,0.3541,0.0042,0.7180,0.9000,#FFAA00,22.852364898075294,49.826784672518556
1021,0.3765,Moderate Risk,3,1.14,0.1031,Bare Land,Peri-Urban / Sparse,0.3541,0.0026,0.8203,0.7000,#FFAA00,20.201680444579445,50.84273731546744
1022,0.3765,Moderate Risk,3,1.19,0.1031,Bare Land,Peri-Urban / Sparse,0.3541,0.0027,0.8203,0.7000,#FFAA00,19.962178401753725,48.99762007106504
1023,0.3765,Moderate Risk,3,1.16,0.1032,Bare Land,Peri-Urban / Sparse,0.3541,0.0027,0.8202,0.7000,#FFAA00,19.954636434350537,49.31902261349548
1024,0.3765,Moderate Risk,3,2.35,0.1039,Bare Land,Peri-Urban / Sparse,0.3541,0.0054,0.8161,0.7000,#FFAA00,22.284987896484992,51.48449805601111
1025,0.3765,Moderate Risk,3,1.12,0.1031,Bare Land,Peri-Urban / Sparse,0.3541,0.0025,0.8204,0.7000,#FFAA00,20.140904544955678,50.473127039446986
1026,0.3765,Moderate Risk,3,1.18,0.1032,Bare Land,Peri-Urban / Sparse,0.3541,0.0027,0.8201,0.7000,#FFAA00,19.88516046680787,49.179380187018786
1027,0.3765,Moderate Risk,3,1.22,0.1031,Bare Land,Peri-Urban / Sparse,0.3541,0.0028,0.8203,0.7000,#FFAA00,20.456860058264073,49.60938134004276
1028,0.3765,Moderate Risk,3,1.20,0.1032,Bare Land,Peri-Urban / Sparse,0.3541,0.0027,0.8201,0.7000,#FFAA00,19.538420135384808,48.34526703647785
1029,0.3765,Moderate Risk,3,1.23,0.1032,Bare Land,Peri-Urban / Sparse,0.3541,0.0028,0.8200,0.7000,#FFAA00,20.519385303668702,49.97988793687557
1030,0.3765,Moderate Risk,3,1.06,0.1030,Bare Land,Peri-Urban / Sparse,0.3541,0.0024,0.8209,0.7000,#FFAA00,20.068265997423275,50.47059495965577
1031,0.3765,Moderate Risk,3,1.06,0.1031,Bare Land,Peri-Urban / Sparse,0.3541,0.0024,0.8205,0.7000,#FFAA00,20.069684091079477,50.424735425912765
1032,0.3764,Moderate Risk,3,1.15,0.1032,Bare Land,Peri-Urban / Sparse,0.3541,0.0026,0.8198,0.7000,#FFAA00,20.245693044216818,49.32702706305544
1033,0.3764,Moderate Risk,3,1.13,0.1032,Bare Land,Peri-Urban / Sparse,0.3541,0.0026,0.8201,0.7000,#FFAA00,20.165922832251223,49.600758281842495
1034,0.3764,Moderate Risk,3,1.16,0.1032,Bare Land,Peri-Urban / Sparse,0.3541,0.0026,0.8198,0.7000,#FFAA00,20.029624457119482,49.22915438481026
1035,0.3764,Moderate Risk,3,1.19,0.1033,Bare Land,Peri-Urban / Sparse,0.3541,0.0027,0.8195,0.7000,#FFAA00,19.60501650225157,48.667718904500575
1036,0.3764,Moderate Risk,3,1.19,0.1033,Bare Land,Peri-Urban / Sparse,0.3541,0.0027,0.8195,0.7000,#FFAA00,20.03392745888251,49.04540564908521
1037,0.3764,Moderate Risk,3,1.14,0.1032,Bare Land,Peri-Urban / Sparse,0.3541,0.0026,0.8200,0.7000,#FFAA00,20.168306327788404,49.50885608637885
1038,0.3764,Moderate Risk,3,1.25,0.1033,Bare Land,Peri-Urban / Sparse,0.3541,0.0028,0.8194,0.7000,#FFAA00,20.596011168585267,49.844088617628806
1039,0.3764,Moderate Risk,3,1.14,0.1032,Bare Land,Peri-Urban / Sparse,0.3541,0.0026,0.8197,0.7000,#FFAA00,20.239860773018272,49.55692928954062
1040,0.3764,Moderate Risk,3,1.18,0.1032,Bare Land,Peri-Urban / Sparse,0.3541,0.0027,0.8197,0.7000,#FFAA00,20.37660298606087,49.88321995162419
1041,0.3764,Moderate Risk,3,1.15,0.1032,Bare Land,Peri-Urban / Sparse,0.3541,0.0026,0.8199,0.7000,#FFAA00,20.209183137801386,50.613351021181785
1042,0.3764,Moderate Risk,3,7.74,0.1243,Minepits/Industry,Peri-Urban / Sparse,0.3541,0.0176,0.6971,0.9000,#FFAA00,23.161942246634915,49.18042605736547
1043,0.3764,Moderate Risk,3,1.18,0.1033,Bare Land,Peri-Urban / Sparse,0.3541,0.0027,0.8196,0.7000,#FFAA00,20.37399859264609,49.97519471343866
1044,0.3764,Moderate Risk,3,29.48,0.1198,Bare Land,Low Density Urban,0.3541,0.0672,0.7232,0.7000,#FFAA00,25.12724949444005,49.19726104415776
1045,0.3764,Moderate Risk,3,1.15,0.1032,Bare Land,Peri-Urban / Sparse,0.3541,0.0026,0.8198,0.7000,#FFAA00,20.210648043879115,50.567461445138456
1046,0.3763,Moderate Risk,3,1.11,0.1033,Bare Land,Peri-Urban / Sparse,0.3541,0.0025,0.8196,0.7000,#FFAA00,20.14232820367417,50.427246535065805
1047,0.3763,Moderate Risk,3,1.23,0.1034,Bare Land,Peri-Urban / Sparse,0.3541,0.0028,0.8189,0.7000,#FFAA00,20.346860429758564,50.848195745899574
1048,0.3763,Moderate Risk,3,1.23,0.1033,Bare Land,Peri-Urban / Sparse,0.3541,0.0028,0.8191,0.7000,#FFAA00,20.34531230316045,50.89410270371313
1049,0.3763,Moderate Risk,3,1.17,0.1033,Bare Land,Peri-Urban / Sparse,0.3541,0.0027,0.8193,0.7000,#FFAA00,19.88297879709018,49.27115875392372
1050,0.3763,Moderate Risk,3,1.18,0.1033,Bare Land,Peri-Urban / Sparse,0.3541,0.0027,0.8193,0.7000,#FFAA00,19.955749310865762,49.273117049449034
1051,0.3763,Moderate Risk,3,1.15,0.1033,Bare Land,Peri-Urban / Sparse,0.3541,0.0026,0.8196,0.7000,#FFAA00,19.953511749255036,49.364925061763536
1052,0.3763,Moderate Risk,3,1.15,0.1033,Bare Land,Peri-Urban / Sparse,0.3541,0.0026,0.8192,0.7000,#FFAA00,20.287613725578623,50.43230185474489
1053,0.3763,Moderate Risk,3,1.16,0.1033,Bare Land,Peri-Urban / Sparse,0.3541,0.0026,0.8195,0.7000,#FFAA00,20.274270913651737,50.84546058073085
1054,0.3763,Moderate Risk,3,1.14,0.1033,Bare Land,Peri-Urban / Sparse,0.3541,0.0026,0.8196,0.7000,#FFAA00,19.95237525901687,49.41082436147364
1055,0.3763,Moderate Risk,3,1.15,0.1033,Bare Land,Peri-Urban / Sparse,0.3541,0.0026,0.8192,0.7000,#FFAA00,20.213542187519355,50.47567023699766
1056,0.3763,Moderate Risk,3,1.15,0.1033,Bare Land,Peri-Urban / Sparse,0.3541,0.0026,0.8195,0.7000,#FFAA00,20.283273489326252,50.5700580672009
1057,0.3763,Moderate Risk,3,1.21,0.1033,Bare Land,Peri-Urban / Sparse,0.3541,0.0028,0.8193,0.7000,#FFAA00,20.52330400503188,49.841791559040395
1058,0.3762,Moderate Risk,3,2.08,0.1039,Bare Land,Peri-Urban / Sparse,0.3541,0.0047,0.8155,0.7000,#FFAA00,23.41199805021799,50.50510646098022
1059,0.3762,Moderate Risk,3,1.96,0.1039,Bare Land,Peri-Urban / Sparse,0.3541,0.0045,0.8160,0.7000,#FFAA00,21.261080408959835,51.66946626819505
1060,0.3762,Moderate Risk,3,1.14,0.1034,Bare Land,Peri-Urban / Sparse,0.3541,0.0026,0.8189,0.7000,#FFAA00,20.09788727468835,49.4148930293252
1061,0.3762,Moderate Risk,3,12.69,0.1273,Minepits/Industry,Low Density Urban,0.3541,0.0289,0.6794,0.9000,#FFAA00,25.934038532678603,48.98534090897594
1062,0.3762,Moderate Risk,3,1.28,0.1034,Bare Land,Peri-Urban / Sparse,0.3541,0.0029,0.8186,0.7000,#FFAA00,20.419448989432365,50.850942836200076
1063,0.3762,Moderate Risk,3,1.27,0.1034,Bare Land,Peri-Urban / Sparse,0.3541,0.0029,0.8186,0.7000,#FFAA00,20.416328738190547,50.94279498667112
1064,0.3762,Moderate Risk,3,1.15,0.1034,Bare Land,Peri-Urban / Sparse,0.3541,0.0026,0.8189,0.7000,#FFAA00,20.17293007887245,49.3250127510748
1065,0.3762,Moderate Risk,3,1.98,0.1210,Minepits/Industry,Peri-Urban / Sparse,0.3541,0.0045,0.7161,0.9000,#FFAA00,23.644320265960996,50.090981559300424
1066,0.3762,Moderate Risk,3,1.13,0.1033,Bare Land,Peri-Urban / Sparse,0.3541,0.0026,0.8191,0.7000,#FFAA00,20.167120545351658,49.554808834244064
1067,0.3761,Moderate Risk,3,1.22,0.1035,Bare Land,Peri-Urban / Sparse,0.3541,0.0028,0.8181,0.7000,#FFAA00,20.45807654657024,49.5633465034701
1068,0.3761,Moderate Risk,3,1.17,0.1035,Bare Land,Peri-Urban / Sparse,0.3541,0.0027,0.8184,0.7000,#FFAA00,19.8807500657023,49.36292501460665
1069,0.3761,Moderate Risk,3,1.17,0.1034,Bare Land,Peri-Urban / Sparse,0.3541,0.0027,0.8184,0.7000,#FFAA00,19.881870312416105,49.317043438906914
1070,0.3761,Moderate Risk,3,1.13,0.1035,Bare Land,Peri-Urban / Sparse,0.3541,0.0026,0.8182,0.7000,#FFAA00,20.139469035646176,50.51900358795316
1071,0.3761,Moderate Risk,3,1.11,0.1035,Bare Land,Peri-Urban / Sparse,0.3541,0.0025,0.8183,0.7000,#FFAA00,19.947711316633704,49.5943894195947
1072,0.3761,Moderate Risk,3,3.09,0.1217,Minepits/Industry,Peri-Urban / Sparse,0.3541,0.0070,0.7119,0.9000,#FFAA00,25.5038582635262,48.731690170105715
1073,0.3761,Moderate Risk,3,1.15,0.1034,Bare Land,Peri-Urban / Sparse,0.3541,0.0026,0.8186,0.7000,#FFAA00,20.177362655554695,49.141119248380186
1074,0.3761,Moderate Risk,3,1.48,0.1037,Bare Land,Peri-Urban / Sparse,0.3541,0.0034,0.8173,0.7000,#FFAA00,21.34735655964151,48.94131937129386
1075,0.3761,Moderate Risk,3,1.14,0.1034,Bare Land,Peri-Urban / Sparse,0.3541,0.0026,0.8186,0.7000,#FFAA00,20.102397758816288,49.23110895753572
1076,0.3761,Moderate Risk,3,2.31,0.1213,Minepits/Industry,Peri-Urban / Sparse,0.3541,0.0053,0.7145,0.9000,#FFAA00,23.86841630485639,49.910972003791805
1077,0.3761,Moderate Risk,3,1.13,0.1034,Bare Land,Peri-Urban / Sparse,0.3541,0.0026,0.8185,0.7000,#FFAA00,20.094379504139763,49.55269765415778
1078,0.3761,Moderate Risk,3,1.19,0.1035,Bare Land,Peri-Urban / Sparse,0.3541,0.0027,0.8181,0.7000,#FFAA00,20.448005670712483,49.93152921354474
1079,0.3761,Moderate Risk,3,1.10,0.1035,Bare Land,Peri-Urban / Sparse,0.3541,0.0025,0.8184,0.7000,#FFAA00,20.090764777078057,49.69047263917085
1080,0.3761,Moderate Risk,3,9.52,0.1084,Bare Land,Peri-Urban / Sparse,0.3541,0.0217,0.7898,0.7000,#FFAA00,24.408687713200692,48.8411019542837
1081,0.3761,Moderate Risk,3,1.47,0.1036,Bare Land,Peri-Urban / Sparse,0.3541,0.0034,0.8173,0.7000,#FFAA00,21.045481546067506,51.61364413769856
1082,0.3761,Moderate Risk,3,1.11,0.1034,Bare Land,Peri-Urban / Sparse,0.3541,0.0025,0.8185,0.7000,#FFAA00,19.66787882330235,49.12784966317057
1083,0.3761,Moderate Risk,3,1.11,0.1034,Bare Land,Peri-Urban / Sparse,0.3541,0.0025,0.8186,0.7000,#FFAA00,20.020449301505288,49.59650303873038
1084,0.3760,Moderate Risk,3,1.23,0.1036,Bare Land,Peri-Urban / Sparse,0.3541,0.0028,0.8177,0.7000,#FFAA00,20.343752228260925,50.94000538568883
1085,0.3760,Moderate Risk,3,1.28,0.1036,Bare Land,Peri-Urban / Sparse,0.3541,0.0029,0.8173,0.7000,#FFAA00,20.417894861063353,50.89687105390085
1086,0.3760,Moderate Risk,3,1.33,0.1037,Bare Land,Peri-Urban / Sparse,0.3541,0.0030,0.8171,0.7000,#FFAA00,20.89873288459822,51.65324800650724
1087,0.3760,Moderate Risk,3,1.13,0.1035,Bare Land,Peri-Urban / Sparse,0.3541,0.0026,0.8179,0.7000,#FFAA00,20.095560649874283,49.50676602871416
1088,0.3760,Moderate Risk,3,1.14,0.1035,Bare Land,Peri-Urban / Sparse,0.3541,0.0026,0.8181,0.7000,#FFAA00,20.31497829330309,49.46706521735983
1089,0.3760,Moderate Risk,3,1.11,0.1035,Bare Land,Peri-Urban / Sparse,0.3541,0.0025,0.8181,0.7000,#FFAA00,20.093186474324376,49.598625986279146
1090,0.3760,Moderate Risk,3,1.24,0.1036,Bare Land,Peri-Urban / Sparse,0.3541,0.0028,0.8178,0.7000,#FFAA00,20.516712183651382,50.071934071894155
1091,0.3760,Moderate Risk,3,1.13,0.1036,Bare Land,Peri-Urban / Sparse,0.3541,0.0026,0.8177,0.7000,#FFAA00,20.023978837381453,49.45877128538114
1092,0.3760,Moderate Risk,3,1.19,0.1036,Bare Land,Peri-Urban / Sparse,0.3541,0.0027,0.8177,0.7000,#FFAA00,20.039038997895343,48.81565416520064
1093,0.3760,Moderate Risk,3,2.21,0.1042,Bare Land,Peri-Urban / Sparse,0.3541,0.0050,0.8143,0.7000,#FFAA00,21.552792668407232,51.63648426659858
1094,0.3760,Moderate Risk,3,1.87,0.1211,Minepits/Industry,Peri-Urban / Sparse,0.3541,0.0043,0.7156,0.9000,#FFAA00,23.141663928291837,49.88403982806977
1095,0.3760,Moderate Risk,3,1.14,0.1035,Bare Land,Peri-Urban / Sparse,0.3541,0.0026,0.8181,0.7000,#FFAA00,20.203204723083577,50.79686837677524
1096,0.3760,Moderate Risk,3,1.22,0.1036,Bare Land,Peri-Urban / Sparse,0.3541,0.0028,0.8177,0.7000,#FFAA00,20.52200990710654,49.88782726415625
1097,0.3760,Moderate Risk,3,1.16,0.1035,Bare Land,Peri-Urban / Sparse,0.3541,0.0026,0.8180,0.7000,#FFAA00,20.301303943062166,49.97286336881179
1098,0.3760,Moderate Risk,3,1.11,0.1036,Bare Land,Peri-Urban / Sparse,0.3541,0.0025,0.8178,0.7000,#FFAA00,20.305177402213197,49.83495990688244
1099,0.3760,Moderate Risk,3,1.12,0.1036,Bare Land,Peri-Urban / Sparse,0.3541,0.0025,0.8178,0.7000,#FFAA00,19.395992703568087,48.15907009256208
1100,0.3759,Moderate Risk,3,1.10,0.1036,Bare Land,Peri-Urban / Sparse,0.3541,0.0025,0.8176,0.7000,#FFAA00,20.16349162875207,49.69264714458191
1101,0.3759,Moderate Risk,3,1.15,0.1036,Bare Land,Peri-Urban / Sparse,0.3541,0.0026,0.8175,0.7000,#FFAA00,20.17844090306677,49.095138281599084
1102,0.3759,Moderate Risk,3,1.15,0.1037,Bare Land,Peri-Urban / Sparse,0.3541,0.0026,0.8172,0.7000,#FFAA00,20.316149302749913,49.421063417484646
1103,0.3759,Moderate Risk,3,1.16,0.1037,Bare Land,Peri-Urban / Sparse,0.3541,0.0026,0.8172,0.7000,#FFAA00,20.275801137029926,50.79957055676462
1104,0.3759,Moderate Risk,3,1.79,0.1040,Bare Land,Peri-Urban / Sparse,0.3541,0.0041,0.8152,0.7000,#FFAA00,22.27624542552688,49.620150458360115
1105,0.3759,Moderate Risk,3,1.17,0.1037,Bare Land,Peri-Urban / Sparse,0.3541,0.0027,0.8172,0.7000,#FFAA00,20.271174751078515,50.93722789351907
1106,0.3759,Moderate Risk,3,4.43,0.1055,Bare Land,Peri-Urban / Sparse,0.3541,0.0101,0.8063,0.7000,#FFAA00,23.376345709706126,49.3282671295256
1107,0.3759,Moderate Risk,3,1.11,0.1036,Bare Land,Peri-Urban / Sparse,0.3541,0.0025,0.8174,0.7000,#FFAA00,20.019249116902092,49.64240702849899
1108,0.3759,Moderate Risk,3,1.79,0.1040,Bare Land,Peri-Urban / Sparse,0.3541,0.0041,0.8152,0.7000,#FFAA00,21.190433073635806,51.620101037538575
1109,0.3759,Moderate Risk,3,1.20,0.1036,Bare Land,Peri-Urban / Sparse,0.3541,0.0027,0.8174,0.7000,#FFAA00,20.444029556626248,50.06953934652924
1110,0.3759,Moderate Risk,3,1.27,0.1037,Bare Land,Peri-Urban / Sparse,0.3541,0.0029,0.8170,0.7000,#FFAA00,20.42554546357283,50.66718777144953
1111,0.3759,Moderate Risk,3,1.15,0.1037,Bare Land,Peri-Urban / Sparse,0.3541,0.0026,0.8172,0.7000,#FFAA00,20.281802869398845,50.6159687721461
1112,0.3759,Moderate Risk,3,1.21,0.1037,Bare Land,Peri-Urban / Sparse,0.3541,0.0028,0.8172,0.7000,#FFAA00,20.44131843529961,50.161527693071726
1113,0.3759,Moderate Risk,3,1.10,0.1036,Bare Land,Peri-Urban / Sparse,0.3541,0.0025,0.8174,0.7000,#FFAA00,20.16225814578948,49.73858649392864
1114,0.3759,Moderate Risk,3,1.20,0.1037,Bare Land,Peri-Urban / Sparse,0.3541,0.0027,0.8170,0.7000,#FFAA00,19.611272214836713,48.34677263109743
1115,0.3758,Moderate Risk,3,1.13,0.1037,Bare Land,Peri-Urban / Sparse,0.3541,0.0026,0.8168,0.7000,#FFAA00,20.025131664709548,49.412854215566846
1116,0.3758,Moderate Risk,3,1.06,0.1037,Bare Land,Peri-Urban / Sparse,0.3541,0.0024,0.8173,0.7000,#FFAA00,19.998439852749364,50.37639275820696
1117,0.3758,Moderate Risk,3,1.23,0.1037,Bare Land,Peri-Urban / Sparse,0.3541,0.0028,0.8168,0.7000,#FFAA00,20.428521612033382,50.575285381940056
1118,0.3758,Moderate Risk,3,1.28,0.1038,Bare Land,Peri-Urban / Sparse,0.3541,0.0029,0.8163,0.7000,#FFAA00,20.589393933578055,50.07433919781214
1119,0.3758,Moderate Risk,3,1.28,0.1038,Bare Land,Peri-Urban / Sparse,0.3541,0.0029,0.8166,0.7000,#FFAA00,20.5907417322013,50.02829636623279
1120,0.3758,Moderate Risk,3,1.18,0.1037,Bare Land,Peri-Urban / Sparse,0.3541,0.0027,0.8168,0.7000,#FFAA00,20.36864540725794,50.159100545918214
1121,0.3758,Moderate Risk,3,1.33,0.1038,Bare Land,Peri-Urban / Sparse,0.3541,0.0030,0.8162,0.7000,#FFAA00,20.90052567173864,51.6072419569562
1122,0.3758,Moderate Risk,3,1.15,0.1038,Bare Land,Peri-Urban / Sparse,0.3541,0.0026,0.8167,0.7000,#FFAA00,20.291846434177426,50.29451018387252
1123,0.3758,Moderate Risk,3,1.15,0.1037,Bare Land,Peri-Urban / Sparse,0.3541,0.0026,0.8170,0.7000,#FFAA00,20.29044748606915,50.3404446260092
1124,0.3758,Moderate Risk,3,1.16,0.1038,Bare Land,Peri-Urban / Sparse,0.3541,0.0026,0.8167,0.7000,#FFAA00,20.272728783434705,50.8913463705222
1125,0.3758,Moderate Risk,3,1.14,0.1037,Bare Land,Peri-Urban / Sparse,0.3541,0.0026,0.8171,0.7000,#FFAA00,19.46640770794021,48.29794982993623
1126,0.3758,Moderate Risk,3,1.37,0.1039,Bare Land,Peri-Urban / Sparse,0.3541,0.0031,0.8159,0.7000,#FFAA00,20.973004150279216,51.61043622235896
1127,0.3758,Moderate Risk,3,2.45,0.1217,Minepits/Industry,Peri-Urban / Sparse,0.3541,0.0056,0.7123,0.9000,#FFAA00,24.01526532232071,49.86929808982077
1128,0.3758,Moderate Risk,3,1.07,0.1037,Bare Land,Peri-Urban / Sparse,0.3541,0.0024,0.8170,0.7000,#FFAA00,20.22464254361214,50.108349454053354
1129,0.3758,Moderate Risk,3,1.15,0.1037,Bare Land,Peri-Urban / Sparse,0.3541,0.0026,0.8171,0.7000,#FFAA00,19.60118611635296,48.85105967359607
1130,0.3758,Moderate Risk,3,1.19,0.1038,Bare Land,Peri-Urban / Sparse,0.3541,0.0027,0.8166,0.7000,#FFAA00,19.605945056796465,48.621877060307924
1131,0.3758,Moderate Risk,3,1.11,0.1037,Bare Land,Peri-Urban / Sparse,0.3541,0.0025,0.8168,0.7000,#FFAA00,19.73959984131045,49.17557252039431
1132,0.3758,Moderate Risk,3,1.18,0.1037,Bare Land,Peri-Urban / Sparse,0.3541,0.0027,0.8169,0.7000,#FFAA00,19.74275884721083,49.03800676658792
1133,0.3758,Moderate Risk,3,1.20,0.1037,Bare Land,Peri-Urban / Sparse,0.3541,0.0027,0.8167,0.7000,#FFAA00,19.82627709579423,48.53499144027897
1134,0.3758,Moderate Risk,3,1.11,0.1037,Bare Land,Peri-Urban / Sparse,0.3541,0.0025,0.8171,0.7000,#FFAA00,19.946515853490006,49.64027248527501
1135,0.3758,Moderate Risk,3,1.14,0.1037,Bare Land,Peri-Urban / Sparse,0.3541,0.0026,0.8171,0.7000,#FFAA00,19.9512269671092,49.45672047985903
1136,0.3758,Moderate Risk,3,1.11,0.1037,Bare Land,Peri-Urban / Sparse,0.3541,0.0025,0.8170,0.7000,#FFAA00,20.09198156407595,49.64455099222878
1137,0.3758,Moderate Risk,3,1.14,0.1037,Bare Land,Peri-Urban / Sparse,0.3541,0.0026,0.8169,0.7000,#FFAA00,20.096729907915893,49.4608311428112
1138,0.3758,Moderate Risk,3,1.50,0.1040,Bare Land,Peri-Urban / Sparse,0.3541,0.0034,0.8155,0.7000,#FFAA00,21.717713398504095,48.672346577715345
1139,0.3758,Moderate Risk,3,1.19,0.1038,Bare Land,Peri-Urban / Sparse,0.3541,0.0027,0.8165,0.7000,#FFAA00,20.109832498534306,48.90937017607089
1140,0.3758,Moderate Risk,3,1.15,0.1037,Bare Land,Peri-Urban / Sparse,0.3541,0.0026,0.8168,0.7000,#FFAA00,20.174056154286177,49.27904399611001
1141,0.3758,Moderate Risk,3,1.14,0.1037,Bare Land,Peri-Urban / Sparse,0.3541,0.0026,0.8167,0.7000,#FFAA00,20.20471713624854,50.750995245405214
1142,0.3758,Moderate Risk,3,3.08,0.1220,Minepits/Industry,Peri-Urban / Sparse,0.3541,0.0070,0.7102,0.9000,#FFAA00,25.137576877117546,48.81590933023934
1143,0.3758,Moderate Risk,3,1.10,0.1037,Bare Land,Peri-Urban / Sparse,0.3541,0.0025,0.8170,0.7000,#FFAA00,20.09198156407595,49.64455099222878
1144,0.3757,Moderate Risk,3,1.27,0.1038,Bare Land,Peri-Urban / Sparse,0.3541,0.0029,0.8162,0.7000,#FFAA00,20.512611606848665,50.20997543659034
1145,0.3757,Moderate Risk,3,1.14,0.1038,Bare Land,Peri-Urban / Sparse,0.3541,0.0026,0.8163,0.7000,#FFAA00,20.38772613710125,49.469161473755975
1146,0.3757,Moderate Risk,3,1.09,0.1038,Bare Land,Peri-Urban / Sparse,0.3541,0.0025,0.8164,0.7000,#FFAA00,19.661341734332638,49.40279416858953
1147,0.3757,Moderate Risk,3,1.11,0.1038,Bare Land,Peri-Urban / Sparse,0.3541,0.0025,0.8163,0.7000,#FFAA00,19.59403615367393,49.17179856332542
1148,0.3757,Moderate Risk,3,1.26,0.1039,Bare Land,Peri-Urban / Sparse,0.3541,0.0029,0.8161,0.7000,#FFAA00,20.528358945982138,49.65761372120603
1149,0.3757,Moderate Risk,3,1.17,0.1038,Bare Land,Peri-Urban / Sparse,0.3541,0.0027,0.8162,0.7000,#FFAA00,20.269608821318165,50.98310511711933
1150,0.3757,Moderate Risk,3,1.17,0.1038,Bare Land,Peri-Urban / Sparse,0.3541,0.0027,0.8163,0.7000,#FFAA00,20.106717705865172,49.04727587789848
1151,0.3757,Moderate Risk,3,1.04,0.1038,Bare Land,Peri-Urban / Sparse,0.3541,0.0024,0.8166,0.7000,#FFAA00,19.99562654818588,50.46807397430531
1152,0.3757,Moderate Risk,3,1.06,0.1037,Bare Land,Peri-Urban / Sparse,0.3541,0.0024,0.8168,0.7000,#FFAA00,20.065394401369115,50.56230215185561
1153,0.3757,Moderate Risk,3,1.14,0.1038,Bare Land,Peri-Urban / Sparse,0.3541,0.0026,0.8165,0.7000,#FFAA00,20.30260709079149,49.926899115502145
1154,0.3757,Moderate Risk,3,1.35,0.1039,Bare Land,Peri-Urban / Sparse,0.3541,0.0031,0.8156,0.7000,#FFAA00,20.896927861609537,51.699249176806816
1155,0.3757,Moderate Risk,3,1.16,0.1038,Bare Land,Peri-Urban / Sparse,0.3541,0.0026,0.8163,0.7000,#FFAA00,20.36168351822676,50.38889819633264
1156,0.3757,Moderate Risk,3,1.05,0.1037,Bare Land,Peri-Urban / Sparse,0.3541,0.0024,0.8168,0.7000,#FFAA00,20.007915546434653,50.05538817038645
1157,0.3757,Moderate Risk,3,1.21,0.1038,Bare Land,Peri-Urban / Sparse,0.3541,0.0027,0.8162,0.7000,#FFAA00,20.442680031081533,50.115535382706284
1158,0.3757,Moderate Risk,3,7.25,0.1074,Bare Land,Peri-Urban / Sparse,0.3541,0.0165,0.7956,0.7000,#FFAA00,26.08844457314508,48.65385262108516
1159,0.3757,Moderate Risk,3,1.26,0.1039,Bare Land,Peri-Urban / Sparse,0.3541,0.0029,0.8160,0.7000,#FFAA00,20.59729806795791,49.79802774103779
1160,0.3757,Moderate Risk,3,1.18,0.1039,Bare Land,Peri-Urban / Sparse,0.3541,0.0027,0.8160,0.7000,#FFAA00,19.886233645184504,49.13348637058411
1161,0.3757,Moderate Risk,3,1.10,0.1038,Bare Land,Peri-Urban / Sparse,0.3541,0.0025,0.8163,0.7000,#FFAA00,20.14374000746037,50.38136210744531
1162,0.3757,Moderate Risk,3,1.13,0.1038,Bare Land,Peri-Urban / Sparse,0.3541,0.0026,0.8164,0.7000,#FFAA00,20.13060736493591,50.794177980066024
1163,0.3756,Moderate Risk,3,1.19,0.1039,Bare Land,Peri-Urban / Sparse,0.3541,0.0027,0.8155,0.7000,#FFAA00,19.961136446914765,49.043543640708364
1164,0.3756,Moderate Risk,3,1.19,0.1039,Bare Land,Peri-Urban / Sparse,0.3541,0.0027,0.8159,0.7000,#FFAA00,19.967210638760623,48.767959590978336
1165,0.3756,Moderate Risk,3,1.14,0.1039,Bare Land,Peri-Urban / Sparse,0.3541,0.0026,0.8159,0.7000,#FFAA00,20.200144305379737,50.88860202891207
1166,0.3756,Moderate Risk,3,1.18,0.1039,Bare Land,Peri-Urban / Sparse,0.3541,0.0027,0.8160,0.7000,#FFAA00,20.355898013149407,50.57266603810643
1167,0.3756,Moderate Risk,3,1.15,0.1039,Bare Land,Peri-Urban / Sparse,0.3541,0.0026,0.8161,0.7000,#FFAA00,20.246823527118867,49.281037059236056
1168,0.3756,Moderate Risk,3,1.08,0.1038,Bare Land,Peri-Urban / Sparse,0.3541,0.0025,0.8162,0.7000,#FFAA00,19.874972522550074,49.59228510937757
1169,0.3756,Moderate Risk,3,1.10,0.1038,Bare Land,Peri-Urban / Sparse,0.3541,0.0025,0.8161,0.7000,#FFAA00,19.662460308533426,49.356977782256806
1170,0.3756,Moderate Risk,3,1.18,0.1039,Bare Land,Peri-Urban / Sparse,0.3541,0.0027,0.8158,0.7000,#FFAA00,20.37000174325695,50.11312963165171
1171,0.3756,Moderate Risk,3,29.57,0.1206,Bare Land,Low Density Urban,0.3541,0.0674,0.7185,0.7000,#FFAA00,24.04831558216497,48.688365052208354
1172,0.3756,Moderate Risk,3,1.21,0.1039,Bare Land,Peri-Urban / Sparse,0.3541,0.0028,0.8158,0.7000,#FFAA00,19.61211935431831,48.300913303667826
1173,0.3756,Moderate Risk,3,1.10,0.1039,Bare Land,Peri-Urban / Sparse,0.3541,0.0025,0.8158,0.7000,#FFAA00,20.01803710205875,49.68830766630234
1174,0.3756,Moderate Risk,3,1.27,0.1040,Bare Land,Peri-Urban / Sparse,0.3541,0.0029,0.8154,0.7000,#FFAA00,20.59207735908952,49.98224985921345
1175,0.3756,Moderate Risk,3,1.12,0.1039,Bare Land,Peri-Urban / Sparse,0.3541,0.0025,0.8159,0.7000,#FFAA00,19.595092360786158,49.12598742059142
1176,0.3756,Moderate Risk,3,1.87,0.1215,Minepits/Industry,Peri-Urban / Sparse,0.3541,0.0043,0.7133,0.9000,#FFAA00,22.993382800468495,49.972435686861154
1177,0.3756,Moderate Risk,3,1.09,0.1039,Bare Land,Peri-Urban / Sparse,0.3541,0.0025,0.8159,0.7000,#FFAA00,19.592968360411078,49.21760671981437
1178,0.3756,Moderate Risk,3,1.18,0.1039,Bare Land,Peri-Urban / Sparse,0.3541,0.0027,0.8159,0.7000,#FFAA00,20.375306809319266,49.929209125496904
1179,0.3756,Moderate Risk,3,9.45,0.1088,Bare Land,Peri-Urban / Sparse,0.3541,0.0216,0.7874,0.7000,#FFAA00,25.610574969818217,50.02791852618125
1180,0.3756,Moderate Risk,3,2.32,0.1217,Minepits/Industry,Peri-Urban / Sparse,0.3541,0.0053,0.7118,0.9000,#FFAA00,24.922863572016812,48.666346377799684
1181,0.3756,Moderate Risk,3,1.14,0.1039,Bare Land,Peri-Urban / Sparse,0.3541,0.0026,0.8157,0.7000,#FFAA00,20.10016632029998,49.32300725117505
1182,0.3756,Moderate Risk,3,1.15,0.1039,Bare Land,Peri-Urban / Sparse,0.3541,0.0026,0.8157,0.7000,#FFAA00,20.280320319665204,50.661875406271534
1183,0.3756,Moderate Risk,3,1.25,0.1040,Bare Land,Peri-Urban / Sparse,0.3541,0.0028,0.8153,0.7000,#FFAA00,20.414750625591225,50.98871460177367
1184,0.3756,Moderate Risk,3,1.35,0.1040,Bare Land,Peri-Urban / Sparse,0.3541,0.0031,0.8150,0.7000,#FFAA00,20.668717475208233,49.84639563230783
1185,0.3755,Moderate Risk,3,1.05,0.1039,Bare Land,Peri-Urban / Sparse,0.3541,0.0024,0.8156,0.7000,#FFAA00,20.07927986581751,50.10361089529485
1186,0.3755,Moderate Risk,3,1.11,0.1040,Bare Land,Peri-Urban / Sparse,0.3541,0.0025,0.8155,0.7000,#FFAA00,20.12755887248768,50.88586965360455
1187,0.3755,Moderate Risk,3,1.12,0.1040,Bare Land,Peri-Urban / Sparse,0.3541,0.0025,0.8155,0.7000,#FFAA00,20.129089026007854,50.84002592501965
1188,0.3755,Moderate Risk,3,1.13,0.1040,Bare Land,Peri-Urban / Sparse,0.3541,0.0026,0.8153,0.7000,#FFAA00,20.138021680122264,50.56487614796478
1189,0.3755,Moderate Risk,3,1.15,0.1040,Bare Land,Peri-Urban / Sparse,0.3541,0.0026,0.8154,0.7000,#FFAA00,20.317308277371,49.37505840258654
1190,0.3755,Moderate Risk,3,1.16,0.1040,Bare Land,Peri-Urban / Sparse,0.3541,0.0026,0.8152,0.7000,#FFAA00,20.318455213614417,49.32905020577458
1191,0.3755,Moderate Risk,3,1.52,0.1042,Bare Land,Peri-Urban / Sparse,0.3541,0.0035,0.8140,0.7000,#FFAA00,21.069079319768143,48.332030108093456
1192,0.3755,Moderate Risk,3,1.05,0.1040,Bare Land,Peri-Urban / Sparse,0.3541,0.0024,0.8155,0.7000,#FFAA00,20.154607150913165,50.014149371374174
1193,0.3755,Moderate Risk,3,1.26,0.1040,Bare Land,Peri-Urban / Sparse,0.3541,0.0029,0.8152,0.7000,#FFAA00,20.593400810148516,49.93619970995792
1194,0.3755,Moderate Risk,3,1.25,0.1040,Bare Land,Peri-Urban / Sparse,0.3541,0.0028,0.8150,0.7000,#FFAA00,20.51535744013843,50.11795160494048
1195,0.3755,Moderate Risk,3,1.26,0.1041,Bare Land,Peri-Urban / Sparse,0.3541,0.0029,0.8149,0.7000,#FFAA00,20.513990579809086,50.16396540420187
1196,0.3755,Moderate Risk,3,1.21,0.1040,Bare Land,Peri-Urban / Sparse,0.3541,0.0028,0.8152,0.7000,#FFAA00,20.43994477344725,50.20751624460693
1197,0.3755,Moderate Risk,3,1.21,0.1040,Bare Land,Peri-Urban / Sparse,0.3541,0.0028,0.8150,0.7000,#FFAA00,20.432895621497867,50.437401465269495
1198,0.3755,Moderate Risk,3,1.16,0.1040,Bare Land,Peri-Urban / Sparse,0.3541,0.0026,0.8154,0.7000,#FFAA00,20.36309990977683,50.342946365408125
1199,0.3755,Moderate Risk,3,1.23,0.1041,Bare Land,Peri-Urban / Sparse,0.3541,0.0028,0.8149,0.7000,#FFAA00,20.34839660333461,50.80228454493516
1200,0.3755,Moderate Risk,3,1.16,0.1040,Bare Land,Peri-Urban / Sparse,0.3541,0.0027,0.8155,0.7000,#FFAA00,19.468053760719105,48.206306106733656
1201,0.3755,Moderate Risk,3,2.10,0.1046,Bare Land,Peri-Urban / Sparse,0.3541,0.0048,0.8119,0.7000,#FFAA00,23.707393345145142,50.37614310096766
1202,0.3755,Moderate Risk,3,1.12,0.1039,Bare Land,Peri-Urban / Sparse,0.3541,0.0025,0.8157,0.7000,#FFAA00,19.665746301970493,49.219510018178944
1203,0.3755,Moderate Risk,3,1.11,0.1039,Bare Land,Peri-Urban / Sparse,0.3541,0.0025,0.8156,0.7000,#FFAA00,19.737435436807154,49.267268084381726
1204,0.3755,Moderate Risk,3,1.16,0.1040,Bare Land,Peri-Urban / Sparse,0.3541,0.0026,0.8155,0.7000,#FFAA00,19.741717529680443,49.083864962059
1205,0.3755,Moderate Risk,3,1.17,0.1040,Bare Land,Peri-Urban / Sparse,0.3541,0.0027,0.8152,0.7000,#FFAA00,19.812380538161143,49.177472131278506
1206,0.3755,Moderate Risk,3,1.18,0.1040,Bare Land,Peri-Urban / Sparse,0.3541,0.0027,0.8154,0.7000,#FFAA00,19.814506669331227,49.08572313842497
1207,0.3755,Moderate Risk,3,1.20,0.1040,Bare Land,Peri-Urban / Sparse,0.3541,0.0027,0.8152,0.7000,#FFAA00,19.825360882175737,48.58090053374055
1208,0.3755,Moderate Risk,3,1.20,0.1040,Bare Land,Peri-Urban / Sparse,0.3541,0.0027,0.8151,0.7000,#FFAA00,19.82718154137693,48.489079800780814
1209,0.3755,Moderate Risk,3,1.19,0.1040,Bare Land,Peri-Urban / Sparse,0.3541,0.0027,0.8152,0.7000,#FFAA00,19.888344672572217,49.04168983556008
1210,0.3755,Moderate Risk,3,1.15,0.1040,Bare Land,Peri-Urban / Sparse,0.3541,0.0026,0.8155,0.7000,#FFAA00,20.1751702778065,49.23307213866413
1211,0.3754,Moderate Risk,3,1.23,0.1041,Bare Land,Peri-Urban / Sparse,0.3541,0.0028,0.8147,0.7000,#FFAA00,20.340596252617487,51.03179779146626
1212,0.3754,Moderate Risk,3,1.32,0.1042,Bare Land,Peri-Urban / Sparse,0.3541,0.0030,0.8144,0.7000,#FFAA00,20.828046114379774,51.60406131185244
1213,0.3754,Moderate Risk,3,1.11,0.1040,Bare Land,Peri-Urban / Sparse,0.3541,0.0025,0.8151,0.7000,#FFAA00,19.948894992355665,49.54850304165363
1214,0.3754,Moderate Risk,3,1.30,0.1041,Bare Land,Peri-Urban / Sparse,0.3541,0.0030,0.8144,0.7000,#FFAA00,20.662074803352027,50.07675474661777
1215,0.3754,Moderate Risk,3,1.10,0.1040,Bare Land,Peri-Urban / Sparse,0.3541,0.0025,0.8150,0.7000,#FFAA00,19.52934557799515,48.80351783981909
1216,0.3754,Moderate Risk,3,1.44,0.1042,Bare Land,Peri-Urban / Sparse,0.3541,0.0033,0.8140,0.7000,#FFAA00,21.148818069530073,47.96307434813781
1217,0.3754,Moderate Risk,3,1.17,0.1041,Bare Land,Peri-Urban / Sparse,0.3541,0.0027,0.8146,0.7000,#FFAA00,20.36025512840712,50.43484611191172
1218,0.3754,Moderate Risk,3,1.19,0.1041,Bare Land,Peri-Urban / Sparse,0.3541,0.0027,0.8147,0.7000,#FFAA00,19.6768988344128,48.71523531831103
1219,0.3754,Moderate Risk,3,1.06,0.1040,Bare Land,Peri-Urban / Sparse,0.3541,0.0024,0.8151,0.7000,#FFAA00,19.80223292209549,49.59019008869101
1220,0.3754,Moderate Risk,3,1.03,0.1040,Bare Land,Peri-Urban / Sparse,0.3541,0.0023,0.8153,0.7000,#FFAA00,19.801046889395366,49.63603158171587
1221,0.3754,Moderate Risk,3,1.10,0.1040,Bare Land,Peri-Urban / Sparse,0.3541,0.0025,0.8151,0.7000,#FFAA00,19.663567263451426,49.31115827340063
1222,0.3754,Moderate Risk,3,1.20,0.1041,Bare Land,Peri-Urban / Sparse,0.3541,0.0027,0.8148,0.7000,#FFAA00,20.35293335925693,50.6645258102672
1223,0.3754,Moderate Risk,3,1.18,0.1041,Bare Land,Peri-Urban / Sparse,0.3541,0.0027,0.8148,0.7000,#FFAA00,20.297322579741564,50.110734329489524
1224,0.3754,Moderate Risk,3,1.48,0.1043,Bare Land,Peri-Urban / Sparse,0.3541,0.0034,0.8135,0.7000,#FFAA00,20.99155170412942,48.561720160250054
1225,0.3754,Moderate Risk,3,1.15,0.1040,Bare Land,Peri-Urban / Sparse,0.3541,0.0026,0.8150,0.7000,#FFAA00,20.176272446021333,49.187097211746774
1226,0.3754,Moderate Risk,3,1.18,0.1041,Bare Land,Peri-Urban / Sparse,0.3541,0.0027,0.8148,0.7000,#FFAA00,20.372678340045248,50.021176682439354
1227,0.3754,Moderate Risk,3,1.29,0.1042,Bare Land,Peri-Urban / Sparse,0.3541,0.0029,0.8143,0.7000,#FFAA00,20.49047645364831,50.8996514466397
1228,0.3754,Moderate Risk,3,1.07,0.1040,Bare Land,Peri-Urban / Sparse,0.3541,0.0024,0.8150,0.7000,#FFAA00,20.157205094279856,49.92230924421387
1229,0.3754,Moderate Risk,3,1.16,0.1041,Bare Land,Peri-Urban / Sparse,0.3541,0.0026,0.8146,0.7000,#FFAA00,20.277319448904965,50.753676331260415
1230,0.3753,Moderate Risk,3,1.29,0.1043,Bare Land,Peri-Urban / Sparse,0.3541,0.0029,0.8138,0.7000,#FFAA00,20.598572775491174,49.75196335517545
1231,0.3753,Moderate Risk,3,1.11,0.1041,Bare Land,Peri-Urban / Sparse,0.3541,0.0025,0.8147,0.7000,#FFAA00,19.666818378924663,49.17368133687502
1232,0.3753,Moderate Risk,3,1.10,0.1041,Bare Land,Peri-Urban / Sparse,0.3541,0.0025,0.8146,0.7000,#FFAA00,19.94530860657514,49.68615220599395
1233,0.3753,Moderate Risk,3,1.02,0.1041,Bare Land,Peri-Urban / Sparse,0.3541,0.0023,0.8149,0.7000,#FFAA00,20.058009066026024,50.79149934187116
1234,0.3753,Moderate Risk,3,1.21,0.1042,Bare Land,Peri-Urban / Sparse,0.3541,0.0028,0.8140,0.7000,#FFAA00,20.434329549935196,50.39143220261788
1235,0.3753,Moderate Risk,3,1.09,0.1041,Bare Land,Peri-Urban / Sparse,0.3541,0.0025,0.8145,0.7000,#FFAA00,19.876151527423062,49.54641957052014
1236,0.3753,Moderate Risk,3,1.10,0.1042,Bare Land,Peri-Urban / Sparse,0.3541,0.0025,0.8143,0.7000,#FFAA00,19.664662595710762,49.265335674533134
1237,0.3753,Moderate Risk,3,1.28,0.1043,Bare Land,Peri-Urban / Sparse,0.3541,0.0029,0.8137,0.7000,#FFAA00,21.221683668197056,47.964528014740345
1238,0.3753,Moderate Risk,3,1.06,0.1041,Bare Land,Peri-Urban / Sparse,0.3541,0.0024,0.8149,0.7000,#FFAA00,20.155912070794272,49.96823110580554
1239,0.3753,Moderate Risk,3,15.65,0.1127,Bare Land,Low Density Urban,0.3541,0.0357,0.7646,0.7000,#FFAA00,24.24909986363636,49.357354332913054
1240,0.3753,Moderate Risk,3,1.09,0.1041,Bare Land,Peri-Urban / Sparse,0.3541,0.0025,0.8147,0.7000,#FFAA00,19.598191433181544,48.988536399929984
1241,0.3753,Moderate Risk,3,49.23,,Built_up,Low Density Urban,0.3541,0.1122,0.5000,1.0000,#FFAA00,25.70045710965669,49.504727557055645
1242,0.3753,Moderate Risk,3,1.19,0.1042,Bare Land,Peri-Urban / Sparse,0.3541,0.0027,0.8140,0.7000,#FFAA00,19.751604344030103,48.62515639920065
1243,0.3753,Moderate Risk,3,1.09,0.1041,Bare Land,Peri-Urban / Sparse,0.3541,0.0025,0.8144,0.7000,#FFAA00,20.233729071441054,49.78674883547199
1244,0.3753,Moderate Risk,3,1.36,0.1043,Bare Land,Peri-Urban / Sparse,0.3541,0.0031,0.8134,0.7000,#FFAA00,20.67000932171085,49.80031302569434
1245,0.3753,Moderate Risk,3,1.18,0.1042,Bare Land,Peri-Urban / Sparse,0.3541,0.0027,0.8143,0.7000,#FFAA00,20.37134605555681,50.06715499950376
1246,0.3753,Moderate Risk,3,1.12,0.1041,Bare Land,Peri-Urban / Sparse,0.3541,0.0025,0.8147,0.7000,#FFAA00,20.021637652201292,49.55059572976457
1247,0.3753,Moderate Risk,3,1.15,0.1042,Bare Land,Peri-Urban / Sparse,0.3541,0.0026,0.8142,0.7000,#FFAA00,20.216388743772164,50.38386317200299
1248,0.3753,Moderate Risk,3,1.13,0.1042,Bare Land,Peri-Urban / Sparse,0.3541,0.0026,0.8142,0.7000,#FFAA00,20.022814165358632,49.50468513438315
1249,0.3753,Moderate Risk,3,1.24,0.1042,Bare Land,Peri-Urban / Sparse,0.3541,0.0028,0.8140,0.7000,#FFAA00,20.349920819203486,50.75636913352432
1250,0.3753,Moderate Risk,3,1.10,0.1041,Bare Land,Peri-Urban / Sparse,0.3541,0.0025,0.8147,0.7000,#FFAA00,20.08953611704999,49.73639089428322
1251,0.3753,Moderate Risk,3,1.22,0.1042,Bare Land,Peri-Urban / Sparse,0.3541,0.0028,0.8141,0.7000,#FFAA00,20.342180209816085,50.985903759157154
1252,0.3753,Moderate Risk,3,1.51,0.1044,Bare Land,Peri-Urban / Sparse,0.3541,0.0034,0.8130,0.7000,#FFAA00,20.928586818548226,48.0512754782657
1253,0.3753,Moderate Risk,3,1.05,0.1041,Bare Land,Peri-Urban / Sparse,0.3541,0.0024,0.8145,0.7000,#FFAA00,20.073867502807612,50.2871334649832
1254,0.3753,Moderate Risk,3,1.19,0.1041,Bare Land,Peri-Urban / Sparse,0.3541,0.0027,0.8144,0.7000,#FFAA00,19.823493162081796,48.672710951198674
1255,0.3753,Moderate Risk,3,1.14,0.1041,Bare Land,Peri-Urban / Sparse,0.3541,0.0026,0.8146,0.7000,#FFAA00,20.198596310163204,50.93446248455658
1256,0.3753,Moderate Risk,3,1.33,0.1043,Bare Land,Peri-Urban / Sparse,0.3541,0.0030,0.8138,0.7000,#FFAA00,20.8262601086212,51.65004561255265
1257,0.3753,Moderate Risk,3,1.48,0.1044,Bare Land,Peri-Urban / Sparse,0.3541,0.0034,0.8130,0.7000,#FFAA00,21.138167241179165,48.51889128119115
1258,0.3753,Moderate Risk,3,1.33,0.1042,Bare Land,Peri-Urban / Sparse,0.3541,0.0030,0.8138,0.7000,#FFAA00,20.824461913139537,51.69602504455941
1259,0.3753,Moderate Risk,3,1.19,0.1042,Bare Land,Peri-Urban / Sparse,0.3541,0.0027,0.8142,0.7000,#FFAA00,19.95901705508788,49.13538199062501
1260,0.3753,Moderate Risk,3,1.29,0.1043,Bare Land,Peri-Urban / Sparse,0.3541,0.0029,0.8137,0.7000,#FFAA00,20.68131131726767,51.643681844680465
1261,0.3753,Moderate Risk,3,1.09,0.1041,Bare Land,Peri-Urban / Sparse,0.3541,0.0025,0.8144,0.7000,#FFAA00,20.233729071441054,49.78674883547199
1262,0.3753,Moderate Risk,3,1.09,0.1041,Bare Land,Peri-Urban / Sparse,0.3541,0.0025,0.8144,0.7000,#FFAA00,20.233729071441054,49.78674883547199
1263,0.3753,Moderate Risk,3,1.09,0.1041,Bare Land,Peri-Urban / Sparse,0.3541,0.0025,0.8144,0.7000,#FFAA00,20.233729071441054,49.78674883547199
1264,0.3752,Moderate Risk,3,1.09,0.1042,Bare Land,Peri-Urban / Sparse,0.3541,0.0025,0.8140,0.7000,#FFAA00,20.088295587746725,49.782305724757634
1265,0.3752,Moderate Risk,3,0.94,0.1041,Bare Land,Rural / Scattered,0.3541,0.0021,0.8144,0.7000,#FFAA00,19.935226865232423,50.05306563361482
1266,0.3752,Moderate Risk,3,1.06,0.1042,Bare Land,Peri-Urban / Sparse,0.3541,0.0024,0.8143,0.7000,#FFAA00,19.66021154425989,49.44860739989928
1267,0.3752,Moderate Risk,3,0.95,0.1041,Bare Land,Rural / Scattered,0.3541,0.0022,0.8144,0.7000,#FFAA00,19.937817874780666,49.96135845661596
1268,0.3752,Moderate Risk,3,1.29,0.1043,Bare Land,Peri-Urban / Sparse,0.3541,0.0029,0.8133,0.7000,#FFAA00,20.529592299156274,49.61156067347912
1269,0.3752,Moderate Risk,3,1.06,0.1042,Bare Land,Peri-Urban / Sparse,0.3541,0.0024,0.8143,0.7000,#FFAA00,19.873781776700596,49.6381473428728
1270,0.3752,Moderate Risk,3,1.12,0.1042,Bare Land,Peri-Urban / Sparse,0.3541,0.0026,0.8140,0.7000,#FFAA00,19.95006687704073,49.50261338416592
1271,0.3752,Moderate Risk,3,1.25,0.1043,Bare Land,Peri-Urban / Sparse,0.3541,0.0028,0.8134,0.7000,#FFAA00,20.594712081320733,49.890145951685085
1272,0.3752,Moderate Risk,3,1.28,0.1043,Bare Land,Peri-Urban / Sparse,0.3541,0.0029,0.8134,0.7000,#FFAA00,20.588033967350565,50.12037832076298
1273,0.3752,Moderate Risk,3,1.14,0.1042,Bare Land,Peri-Urban / Sparse,0.3541,0.0026,0.8140,0.7000,#FFAA00,20.13360858055925,50.702469571081515
1274,0.3752,Moderate Risk,3,1.24,0.1043,Bare Land,Peri-Urban / Sparse,0.3541,0.0028,0.8136,0.7000,#FFAA00,20.502620001645656,50.531937414782924
1275,0.3752,Moderate Risk,3,1.15,0.1043,Bare Land,Peri-Urban / Sparse,0.3541,0.0026,0.8137,0.7000,#FFAA00,20.207706348162873,50.659236534996204
1276,0.3752,Moderate Risk,3,1.29,0.1043,Bare Land,Peri-Urban / Sparse,0.3541,0.0029,0.8134,0.7000,#FFAA00,20.492036589204208,50.8537018769962
1277,0.3752,Moderate Risk,3,1.29,0.1043,Bare Land,Peri-Urban / Sparse,0.3541,0.0030,0.8135,0.7000,#FFAA00,20.66342778277866,50.030690223912444
1278,0.3752,Moderate Risk,3,1.12,0.1042,Bare Land,Peri-Urban / Sparse,0.3541,0.0026,0.8141,0.7000,#FFAA00,19.809103408138647,49.315073002780835
1279,0.3752,Moderate Risk,3,1.09,0.1042,Bare Land,Peri-Urban / Sparse,0.3541,0.0025,0.8142,0.7000,#FFAA00,19.806860071533077,49.40679145744584
1280,0.3752,Moderate Risk,3,1.25,0.1043,Bare Land,Peri-Urban / Sparse,0.3541,0.0028,0.8137,0.7000,#FFAA00,20.42703954901208,50.62123862076588
1281,0.3752,Moderate Risk,3,1.27,0.1043,Bare Land,Peri-Urban / Sparse,0.3541,0.0029,0.8134,0.7000,#FFAA00,20.424039360278588,50.71313280115012
1282,0.3752,Moderate Risk,3,1.27,0.1044,Bare Land,Peri-Urban / Sparse,0.3541,0.0029,0.8132,0.7000,#FFAA00,20.422521243728113,50.75907367704376
1283,0.3752,Moderate Risk,3,1.24,0.1043,Bare Land,Peri-Urban / Sparse,0.3541,0.0028,0.8134,0.7000,#FFAA00,20.413160528078254,51.03462986648901
1284,0.3752,Moderate Risk,3,1.18,0.1042,Bare Land,Peri-Urban / Sparse,0.3541,0.0027,0.8140,0.7000,#FFAA00,20.367277051708093,50.205067709353564
1285,0.3752,Moderate Risk,3,1.23,0.1043,Bare Land,Peri-Urban / Sparse,0.3541,0.0028,0.8135,0.7000,#FFAA00,20.33900036149208,51.077687449982065
1286,0.3752,Moderate Risk,3,1.18,0.1042,Bare Land,Peri-Urban / Sparse,0.3541,0.0027,0.8139,0.7000,#FFAA00,20.298661683497116,50.06478100872443
1287,0.3752,Moderate Risk,3,1.16,0.1042,Bare Land,Peri-Urban / Sparse,0.3541,0.0026,0.8140,0.7000,#FFAA00,20.295971498784013,50.1566839402603
1288,0.3752,Moderate Risk,3,1.05,0.1042,Bare Land,Peri-Urban / Sparse,0.3541,0.0024,0.8142,0.7000,#FFAA00,20.006597230305175,50.10125716823947
1289,0.3752,Moderate Risk,3,1.17,0.1043,Bare Land,Peri-Urban / Sparse,0.3541,0.0027,0.8138,0.7000,#FFAA00,20.03071800882019,49.1832217035147
1290,0.3752,Moderate Risk,3,1.08,0.1042,Bare Land,Peri-Urban / Sparse,0.3541,0.0025,0.8141,0.7000,#FFAA00,20.146528033047474,50.289581613109135
1291,0.3752,Moderate Risk,3,1.05,0.1042,Bare Land,Peri-Urban / Sparse,0.3541,0.0024,0.8143,0.7000,#FFAA00,19.99703908170954,50.42223531966804
1292,0.3752,Moderate Risk,3,1.06,0.1042,Bare Land,Peri-Urban / Sparse,0.3541,0.0024,0.8140,0.7000,#FFAA00,20.14926858769429,50.19778581784194
1293,0.3752,Moderate Risk,3,1.05,0.1042,Bare Land,Peri-Urban / Sparse,0.3541,0.0024,0.8140,0.7000,#FFAA00,20.15062105293805,50.15188226411627
1294,0.3752,Moderate Risk,3,1.05,0.1041,Bare Land,Peri-Urban / Sparse,0.3541,0.0024,0.8144,0.7000,#FFAA00,20.151961637945288,50.10597498329719
1295,0.3752,Moderate Risk,3,1.15,0.1042,Bare Land,Peri-Urban / Sparse,0.3541,0.0026,0.8139,0.7000,#FFAA00,19.879618060370884,49.40880344831077
1296,0.3752,Moderate Risk,3,1.14,0.1042,Bare Land,Peri-Urban / Sparse,0.3541,0.0026,0.8138,0.7000,#FFAA00,20.10128799216592,49.27705965232897
1297,0.3752,Moderate Risk,3,1.22,0.1043,Bare Land,Peri-Urban / Sparse,0.3541,0.0028,0.8134,0.7000,#FFAA00,19.540096027049124,48.2535870966257
1298,0.3752,Moderate Risk,3,1.15,0.1042,Bare Land,Peri-Urban / Sparse,0.3541,0.0026,0.8138,0.7000,#FFAA00,20.247942011408636,49.23504394636585
1299,0.3752,Moderate Risk,3,0.99,0.1042,Bare Land,Rural / Scattered,0.3541,0.0022,0.8142,0.7000,#FFAA00,19.58400931092756,49.583960571522866
1300,0.3752,Moderate Risk,3,1.62,0.1045,Bare Land,Peri-Urban / Sparse,0.3541,0.0037,0.8121,0.7000,#FFAA00,21.117957855166445,51.61686573277245
1301,0.3752,Moderate Risk,3,1.10,0.1042,Bare Land,Peri-Urban / Sparse,0.3541,0.0025,0.8140,0.7000,#FFAA00,19.668927631867614,49.08201502962689
1302,0.3752,Moderate Risk,3,1.15,0.1042,Bare Land,Peri-Urban / Sparse,0.3541,0.0026,0.8141,0.7000,#FFAA00,20.179507185253915,49.04915434445052
1303,0.3751,Moderate Risk,3,1.10,0.1043,Bare Land,Peri-Urban / Sparse,0.3541,0.0025,0.8134,0.7000,#FFAA00,20.223296712977547,50.15427785373889
1304,0.3751,Moderate Risk,3,1.28,0.1044,Bare Land,Peri-Urban / Sparse,0.3541,0.0029,0.8127,0.7000,#FFAA00,20.683083778927685,51.59774076478495
1305,0.3751,Moderate Risk,3,1.06,0.1043,Bare Land,Peri-Urban / Sparse,0.3541,0.0024,0.8136,0.7000,#FFAA00,20.07248484804072,50.33300464598394
1306,0.3751,Moderate Risk,3,1.49,0.1045,Bare Land,Peri-Urban / Sparse,0.3541,0.0034,0.8121,0.7000,#FFAA00,20.920632580170473,48.46752267944439
1307,0.3751,Moderate Risk,3,1.15,0.1043,Bare Land,Peri-Urban / Sparse,0.3541,0.0026,0.8134,0.7000,#FFAA00,20.278825844647894,50.70777793687234
1308,0.3751,Moderate Risk,3,1.29,0.1044,Bare Land,Peri-Urban / Sparse,0.3541,0.0029,0.8130,0.7000,#FFAA00,20.488904277345945,50.94559672221062
1309,0.3751,Moderate Risk,3,1.19,0.1043,Bare Land,Peri-Urban / Sparse,0.3541,0.0027,0.8133,0.7000,#FFAA00,20.03286951299373,49.09134730274845
1310,0.3751,Moderate Risk,3,1.29,0.1044,Bare Land,Peri-Urban / Sparse,0.3541,0.0029,0.8127,0.7000,#FFAA00,20.58527754878882,50.21244530810193
1311,0.3751,Moderate Risk,3,1.15,0.1043,Bare Land,Peri-Urban / Sparse,0.3541,0.0026,0.8132,0.7000,#FFAA00,20.294608444754335,50.20262980815564
1312,0.3751,Moderate Risk,3,1.13,0.1043,Bare Land,Peri-Urban / Sparse,0.3541,0.0026,0.8135,0.7000,#FFAA00,19.740664526641837,49.129720224207745
1313,0.3751,Moderate Risk,3,1.06,0.1043,Bare Land,Peri-Urban / Sparse,0.3541,0.0024,0.8137,0.7000,#FFAA00,20.07109037604752,50.37887197716061
1314,0.3751,Moderate Risk,3,1.16,0.1043,Bare Land,Peri-Urban / Sparse,0.3541,0.0026,0.8133,0.7000,#FFAA00,20.36450429872923,50.29699065200936
1315,0.3751,Moderate Risk,3,1.29,0.1044,Bare Land,Peri-Urban / Sparse,0.3541,0.0029,0.8129,0.7000,#FFAA00,20.58666183768619,50.16641370191213
1316,0.3751,Moderate Risk,3,1.90,0.1048,Bare Land,Peri-Urban / Sparse,0.3541,0.0043,0.8108,0.7000,#FFAA00,21.262907197532197,51.62335008211594
1317,0.3751,Moderate Risk,3,2.38,0.1050,Bare Land,Peri-Urban / Sparse,0.3541,0.0054,0.8091,0.7000,#FFAA00,22.28684506492775,51.43803602539816
1318,0.3751,Moderate Risk,3,1.13,0.1043,Bare Land,Peri-Urban / Sparse,0.3541,0.0026,0.8133,0.7000,#FFAA00,20.22056927595331,50.2461234154236
1319,0.3751,Moderate Risk,3,0.91,0.1042,Bare Land,Rural / Scattered,0.3541,0.0021,0.8143,0.7000,#FFAA00,19.793685312246584,49.911009448544384
1320,0.3750,Moderate Risk,3,1.05,0.1044,Bare Land,Peri-Urban / Sparse,0.3541,0.0024,0.8130,0.7000,#FFAA00,20.005267122557033,50.14712248722034
1321,0.3750,Moderate Risk,3,1.30,0.1045,Bare Land,Peri-Urban / Sparse,0.3541,0.0030,0.8124,0.7000,#FFAA00,20.755565482133502,51.600894257568875
1322,0.3750,Moderate Risk,3,1.13,0.1044,Bare Land,Peri-Urban / Sparse,0.3541,0.0026,0.8129,0.7000,#FFAA00,19.878474299879382,49.45467870731987
1323,0.3750,Moderate Risk,3,1.14,0.1044,Bare Land,Peri-Urban / Sparse,0.3541,0.0026,0.8129,0.7000,#FFAA00,20.135091448114053,50.656609172107586
1324,0.3750,Moderate Risk,3,1.16,0.1044,Bare Land,Peri-Urban / Sparse,0.3541,0.0026,0.8126,0.7000,#FFAA00,19.811299882621853,49.22334213683217
1325,0.3750,Moderate Risk,3,1.09,0.1043,Bare Land,Peri-Urban / Sparse,0.3541,0.0025,0.8132,0.7000,#FFAA00,19.807987595902233,49.36093379784794
1326,0.3750,Moderate Risk,3,1.08,0.1043,Bare Land,Peri-Urban / Sparse,0.3541,0.0025,0.8133,0.7000,#FFAA00,19.80340726022439,49.544345297164746
1327,0.3750,Moderate Risk,3,1.18,0.1044,Bare Land,Peri-Urban / Sparse,0.3541,0.0027,0.8127,0.7000,#FFAA00,20.031799695214925,49.13728599852823
1328,0.3750,Moderate Risk,3,1.02,0.1043,Bare Land,Peri-Urban / Sparse,0.3541,0.0023,0.8135,0.7000,#FFAA00,19.994202256480918,50.51390868961672
1329,0.3750,Moderate Risk,3,0.99,0.1043,Bare Land,Rural / Scattered,0.3541,0.0022,0.8133,0.7000,#FFAA00,19.991318415912193,50.605566172333894
1330,0.3750,Moderate Risk,3,1.20,0.1044,Bare Land,Peri-Urban / Sparse,0.3541,0.0027,0.8127,0.7000,#FFAA00,19.678775061032542,48.62351307490934
1331,0.3750,Moderate Risk,3,2.34,0.1051,Bare Land,Peri-Urban / Sparse,0.3541,0.0053,0.8087,0.7000,#FFAA00,22.065677736131025,51.520874919873364
1332,0.3750,Moderate Risk,3,1.18,0.1044,Bare Land,Peri-Urban / Sparse,0.3541,0.0027,0.8130,0.7000,#FFAA00,20.108806161488246,48.95534161945277
1333,0.3750,Moderate Risk,3,1.07,0.1044,Bare Land,Peri-Urban / Sparse,0.3541,0.0025,0.8132,0.7000,#FFAA00,20.23119265462296,49.87865258016183
1334,0.3750,Moderate Risk,3,1.06,0.1043,Bare Land,Peri-Urban / Sparse,0.3541,0.0024,0.8133,0.7000,#FFAA00,20.22990651811601,49.92459916216691
1335,0.3750,Moderate Risk,3,1.06,0.1043,Bare Land,Peri-Urban / Sparse,0.3541,0.0024,0.8133,0.7000,#FFAA00,20.228608434775186,49.970542173424015
1336,0.3750,Moderate Risk,3,1.06,0.1043,Bare Land,Peri-Urban / Sparse,0.3541,0.0024,0.8133,0.7000,#FFAA00,20.22729840856884,50.01648158106032
1337,0.3750,Moderate Risk,3,0.94,0.1043,Bare Land,Rural / Scattered,0.3541,0.0021,0.8135,0.7000,#FFAA00,19.933913734484594,50.098913780442956
1338,0.3750,Moderate Risk,3,1.11,0.1044,Bare Land,Peri-Urban / Sparse,0.3541,0.0025,0.8132,0.7000,#FFAA00,19.596136978526555,49.08017332410752
1339,0.3750,Moderate Risk,3,1.46,0.1046,Bare Land,Peri-Urban / Sparse,0.3541,0.0033,0.8118,0.7000,#FFAA00,21.047275581043774,51.567589445112986
1340,0.3750,Moderate Risk,3,1.02,0.1044,Bare Land,Peri-Urban / Sparse,0.3541,0.0023,0.8131,0.7000,#FFAA00,19.52125316822961,49.169924182445854
1341,0.3750,Moderate Risk,3,0.98,0.1043,Bare Land,Rural / Scattered,0.3541,0.0022,0.8133,0.7000,#FFAA00,19.925788440781133,50.37392442776739
1342,0.3750,Moderate Risk,3,1.14,0.1044,Bare Land,Peri-Urban / Sparse,0.3541,0.0026,0.8128,0.7000,#FFAA00,20.21779416574864,50.337953774953114
1343,0.3750,Moderate Risk,3,2.26,0.1050,Bare Land,Peri-Urban / Sparse,0.3541,0.0052,0.8091,0.7000,#FFAA00,21.69958378417857,51.59687818818175
1344,0.3750,Moderate Risk,3,1.18,0.1045,Bare Land,Peri-Urban / Sparse,0.3541,0.0027,0.8126,0.7000,#FFAA00,20.268030998923933,51.028978008738385
1345,0.3750,Moderate Risk,3,1.46,0.1046,Bare Land,Peri-Urban / Sparse,0.3541,0.0033,0.8119,0.7000,#FFAA00,21.13912428147621,48.47258675557225
1346,0.3750,Moderate Risk,3,1.15,0.1044,Bare Land,Peri-Urban / Sparse,0.3541,0.0026,0.8131,0.7000,#FFAA00,20.289036581766595,50.38637519390098
1347,0.3750,Moderate Risk,3,1.17,0.1044,Bare Land,Peri-Urban / Sparse,0.3541,0.0027,0.8129,0.7000,#FFAA00,20.299988805956673,50.018824010861366
1348,0.3750,Moderate Risk,3,1.50,0.1046,Bare Land,Peri-Urban / Sparse,0.3541,0.0034,0.8116,0.7000,#FFAA00,21.19959027700155,49.03003431281347
1349,0.3750,Moderate Risk,3,1.28,0.1045,Bare Land,Peri-Urban / Sparse,0.3541,0.0029,0.8122,0.7000,#FFAA00,20.420991118555943,50.80501036632362
1350,0.3750,Moderate Risk,3,1.20,0.1044,Bare Land,Peri-Urban / Sparse,0.3541,0.0027,0.8129,0.7000,#FFAA00,20.435751433678142,50.34545901627801
1351,0.3750,Moderate Risk,3,1.25,0.1045,Bare Land,Peri-Urban / Sparse,0.3541,0.0028,0.8125,0.7000,#FFAA00,20.50840205457904,50.347982601873056
1352,0.3750,Moderate Risk,3,1.05,0.1043,Bare Land,Peri-Urban / Sparse,0.3541,0.0024,0.8133,0.7000,#FFAA00,20.063940907720383,50.6081497452234
1353,0.3750,Moderate Risk,3,1.22,0.1044,Bare Land,Peri-Urban / Sparse,0.3541,0.0028,0.8128,0.7000,#FFAA00,20.520703671984435,49.93385940115592
1354,0.3750,Moderate Risk,3,1.29,0.1045,Bare Land,Peri-Urban / Sparse,0.3541,0.0029,0.8126,0.7000,#FFAA00,20.664768543771512,49.98462201784716
1355,0.3749,Moderate Risk,3,1.25,0.1046,Bare Land,Peri-Urban / Sparse,0.3541,0.0029,0.8120,0.7000,#FFAA00,20.484115552123658,51.083406456523996
1356,0.3749,Moderate Risk,3,1.05,0.1045,Bare Land,Peri-Urban / Sparse,0.3541,0.0024,0.8125,0.7000,#FFAA00,19.390134023377392,48.479655544568
1357,0.3749,Moderate Risk,3,1.31,0.1046,Bare Land,Peri-Urban / Sparse,0.3541,0.0030,0.8119,0.7000,#FFAA00,20.751994877278303,51.692814687802134
1358,0.3749,Moderate Risk,3,1.14,0.1045,Bare Land,Peri-Urban / Sparse,0.3541,0.0026,0.8125,0.7000,#FFAA00,20.219187677893732,50.29204051184301
1359,0.3749,Moderate Risk,3,1.06,0.1045,Bare Land,Peri-Urban / Sparse,0.3541,0.0024,0.8125,0.7000,#FFAA00,20.22597644350116,50.06241735221781
1360,0.3749,Moderate Risk,3,1.24,0.1045,Bare Land,Peri-Urban / Sparse,0.3541,0.0028,0.8122,0.7000,#FFAA00,20.50697467367383,50.393977236203696
1361,0.3749,Moderate Risk,3,1.02,0.1044,Bare Land,Peri-Urban / Sparse,0.3541,0.0023,0.8127,0.7000,#FFAA00,19.657916330316237,49.540224267515626
1362,0.3749,Moderate Risk,3,1.14,0.1045,Bare Land,Peri-Urban / Sparse,0.3541,0.0026,0.8123,0.7000,#FFAA00,20.206217679465997,50.705117953944246
1363,0.3749,Moderate Risk,3,1.05,0.1044,Bare Land,Peri-Urban / Sparse,0.3541,0.0024,0.8129,0.7000,#FFAA00,19.523345572292452,49.078339828573284
1364,0.3749,Moderate Risk,3,1.06,0.1044,Bare Land,Peri-Urban / Sparse,0.3541,0.0024,0.8127,0.7000,#FFAA00,20.06683609940081,50.51645054582093
1365,0.3749,Moderate Risk,3,1.27,0.1046,Bare Land,Peri-Urban / Sparse,0.3541,0.0029,0.8119,0.7000,#FFAA00,20.511220525478826,50.25598166903352
1366,0.3749,Moderate Risk,3,1.04,0.1044,Bare Land,Peri-Urban / Sparse,0.3541,0.0024,0.8128,0.7000,#FFAA00,19.730662193581303,49.542280202493146
1367,0.3749,Moderate Risk,3,1.20,0.1045,Bare Land,Peri-Urban / Sparse,0.3541,0.0027,0.8123,0.7000,#FFAA00,19.753441212210724,48.533382363769995
1368,0.3749,Moderate Risk,3,1.02,0.1044,Bare Land,Peri-Urban / Sparse,0.3541,0.0023,0.8127,0.7000,#FFAA00,19.729492518111762,49.58810433825306
1369,0.3749,Moderate Risk,3,1.22,0.1045,Bare Land,Peri-Urban / Sparse,0.3541,0.0028,0.8123,0.7000,#FFAA00,20.351433072715594,50.71044954438874
1370,0.3749,Moderate Risk,3,0.91,0.1044,Bare Land,Rural / Scattered,0.3541,0.0021,0.8131,0.7000,#FFAA00,19.792417520807312,49.95682694095268
1371,0.3749,Moderate Risk,3,1.09,0.1044,Bare Land,Peri-Urban / Sparse,0.3541,0.0025,0.8127,0.7000,#FFAA00,19.73522434259791,49.35895139314522
1372,0.3749,Moderate Risk,3,2.06,0.1050,Bare Land,Peri-Urban / Sparse,0.3541,0.0047,0.8095,0.7000,#FFAA00,21.333546614934665,51.67275139000428
1373,0.3749,Moderate Risk,3,1.19,0.1045,Bare Land,Peri-Urban / Sparse,0.3541,0.0027,0.8124,0.7000,#FFAA00,19.896317259771944,48.674389810834384
1374,0.3748,Moderate Risk,3,1.18,0.1046,Bare Land,Peri-Urban / Sparse,0.3541,0.0027,0.8116,0.7000,#FFAA00,19.533114333787804,48.620248340337355
1375,0.3748,Moderate Risk,3,1.05,0.1045,Bare Land,Peri-Urban / Sparse,0.3541,0.0024,0.8123,0.7000,#FFAA00,20.07523833613198,50.241258466774525
1376,0.3748,Moderate Risk,3,1.02,0.1045,Bare Land,Peri-Urban / Sparse,0.3541,0.0023,0.8121,0.7000,#FFAA00,20.056496661401752,50.837326384433965
1377,0.3748,Moderate Risk,3,1.11,0.1046,Bare Land,Peri-Urban / Sparse,0.3541,0.0025,0.8118,0.7000,#FFAA00,19.877318787720693,49.50055075894748
1378,0.3748,Moderate Risk,3,1.24,0.1047,Bare Land,Peri-Urban / Sparse,0.3541,0.0028,0.8113,0.7000,#FFAA00,20.411558450500056,51.08054074811552
1379,0.3748,Moderate Risk,3,1.04,0.1045,Bare Land,Peri-Urban / Sparse,0.3541,0.0024,0.8123,0.7000,#FFAA00,19.52230514174644,49.12413347935661
1380,0.3748,Moderate Risk,3,0.99,0.1045,Bare Land,Rural / Scattered,0.3541,0.0023,0.8125,0.7000,#FFAA00,19.939095745679975,49.91549949160671
1381,0.3748,Moderate Risk,3,1.20,0.1046,Bare Land,Peri-Urban / Sparse,0.3541,0.0027,0.8116,0.7000,#FFAA00,19.607767295595405,48.530185617916366
1382,0.3748,Moderate Risk,3,1.06,0.1045,Bare Land,Peri-Urban / Sparse,0.3541,0.0024,0.8122,0.7000,#FFAA00,20.0845028222702,49.92002934048136
1383,0.3748,Moderate Risk,3,7.63,0.1084,Bare Land,Peri-Urban / Sparse,0.3541,0.0174,0.7899,0.7000,#FFAA00,25.660879261709436,48.25718360564953
1384,0.3748,Moderate Risk,3,0.97,0.1045,Bare Land,Rural / Scattered,0.3541,0.0022,0.8125,0.7000,#FFAA00,19.385604467278508,48.70857133356717
1385,0.3748,Moderate Risk,3,1.18,0.1046,Bare Land,Peri-Urban / Sparse,0.3541,0.0027,0.8120,0.7000,#FFAA00,19.81555213846654,49.03984421652661
1386,0.3748,Moderate Risk,3,1.28,0.1047,Bare Land,Peri-Urban / Sparse,0.3541,0.0029,0.8112,0.7000,#FFAA00,20.498156629246647,50.66986131441809
1387,0.3748,Moderate Risk,3,1.28,0.1047,Bare Land,Peri-Urban / Sparse,0.3541,0.0029,0.8114,0.7000,#FFAA00,20.49664470394523,50.71582773194745
1388,0.3748,Moderate Risk,3,1.15,0.1046,Bare Land,Peri-Urban / Sparse,0.3541,0.0026,0.8118,0.7000,#FFAA00,19.81020750483566,49.269209104889676
1389,0.3748,Moderate Risk,3,1.03,0.1045,Bare Land,Peri-Urban / Sparse,0.3541,0.0024,0.8124,0.7000,#FFAA00,20.05950969751984,50.74566812420677
1390,0.3748,Moderate Risk,3,1.21,0.1046,Bare Land,Peri-Urban / Sparse,0.3541,0.0028,0.8116,0.7000,#FFAA00,19.683261369912433,48.394162522961444
1391,0.3748,Moderate Risk,3,1.25,0.1046,Bare Land,Peri-Urban / Sparse,0.3541,0.0029,0.8115,0.7000,#FFAA00,20.474213660564264,51.35890556214382
1392,0.3748,Moderate Risk,3,1.15,0.1045,Bare Land,Peri-Urban / Sparse,0.3541,0.0026,0.8121,0.7000,#FFAA00,20.293233421818282,50.24857190030979
1393,0.3748,Moderate Risk,3,1.06,0.1046,Bare Land,Peri-Urban / Sparse,0.3541,0.0024,0.8120,0.7000,#FFAA00,20.080603371916077,50.05772095472499
1394,0.3748,Moderate Risk,3,1.01,0.1045,Bare Land,Peri-Urban / Sparse,0.3541,0.0023,0.8122,0.7000,#FFAA00,19.58516967325239,49.538177473346586
1395,0.3748,Moderate Risk,3,0.89,0.1044,Bare Land,Rural / Scattered,0.3541,0.0020,0.8129,0.7000,#FFAA00,19.789846947880715,50.048451217361
1396,0.3748,Moderate Risk,3,1.31,0.1046,Bare Land,Peri-Urban / Sparse,0.3541,0.0030,0.8115,0.7000,#FFAA00,20.75378625152514,51.64685690178155
1397,0.3748,Moderate Risk,3,1.03,0.1045,Bare Land,Peri-Urban / Sparse,0.3541,0.0023,0.8124,0.7000,#FFAA00,19.659069741760888,49.49441744369928
1398,0.3748,Moderate Risk,3,1.79,0.1049,Bare Land,Peri-Urban / Sparse,0.3541,0.0041,0.8098,0.7000,#FFAA00,21.192240622890512,51.574002176214286
1399,0.3747,Moderate Risk,3,1.18,0.1047,Bare Land,Peri-Urban / Sparse,0.3541,0.0027,0.8111,0.7000,#FFAA00,20.266441288701337,51.07484653580936
1400,0.3747,Moderate Risk,3,1.25,0.1048,Bare Land,Peri-Urban / Sparse,0.3541,0.0029,0.8108,0.7000,#FFAA00,20.475893983370803,51.313000407300784
1401,0.3747,Moderate Risk,3,1.09,0.1046,Bare Land,Peri-Urban / Sparse,0.3541,0.0025,0.8115,0.7000,#FFAA00,20.14513995200832,50.335473789237234
1402,0.3747,Moderate Risk,3,1.07,0.1047,Bare Land,Peri-Urban / Sparse,0.3541,0.0024,0.8114,0.7000,#FFAA00,20.013070814869042,49.87187604298346
1403,0.3747,Moderate Risk,3,1.09,0.1046,Bare Land,Peri-Urban / Sparse,0.3541,0.0025,0.8116,0.7000,#FFAA00,19.732966585672298,49.450622186007294
1404,0.3747,Moderate Risk,3,1.09,0.1046,Bare Land,Peri-Urban / Sparse,0.3541,0.0025,0.8118,0.7000,#FFAA00,19.804569900199418,49.49849723971731
1405,0.3747,Moderate Risk,3,1.19,0.1047,Bare Land,Peri-Urban / Sparse,0.3541,0.0027,0.8110,0.7000,#FFAA00,19.88729504818752,49.087589575839836
1406,0.3747,Moderate Risk,3,1.20,0.1047,Bare Land,Peri-Urban / Sparse,0.3541,0.0027,0.8113,0.7000,#FFAA00,19.89726073645553,48.62846503750561
1407,0.3747,Moderate Risk,3,1.49,0.1048,Bare Land,Peri-Urban / Sparse,0.3541,0.0034,0.8103,0.7000,#FFAA00,21.3451531397216,49.034005874778444
1408,0.3747,Moderate Risk,3,1.16,0.1046,Bare Land,Peri-Urban / Sparse,0.3541,0.0026,0.8115,0.7000,#FFAA00,20.388901702286184,49.42313825931539
1409,0.3747,Moderate Risk,3,1.08,0.1046,Bare Land,Peri-Urban / Sparse,0.3541,0.0025,0.8118,0.7000,#FFAA00,20.23246684036351,49.83270246029619
1410,0.3747,Moderate Risk,3,1.10,0.1046,Bare Land,Peri-Urban / Sparse,0.3541,0.0025,0.8115,0.7000,#FFAA00,19.734101295265862,49.404788370348406
1411,0.3747,Moderate Risk,3,1.20,0.1047,Bare Land,Peri-Urban / Sparse,0.3541,0.0027,0.8114,0.7000,#FFAA00,19.96914062553994,48.67607611826818
1412,0.3747,Moderate Risk,3,0.91,0.1045,Bare Land,Rural / Scattered,0.3541,0.0021,0.8121,0.7000,#FFAA00,19.865118118117323,49.95908768770376
1413,0.3747,Moderate Risk,3,1.07,0.1046,Bare Land,Peri-Urban / Sparse,0.3541,0.0024,0.8118,0.7000,#FFAA00,20.147904246342694,50.24368561174439
1414,0.3747,Moderate Risk,3,0.96,0.1046,Bare Land,Rural / Scattered,0.3541,0.0022,0.8118,0.7000,#FFAA00,19.513566424148895,49.49037384609983
1415,0.3747,Moderate Risk,3,1.14,0.1047,Bare Land,Peri-Urban / Sparse,0.3541,0.0026,0.8113,0.7000,#FFAA00,20.197036463643794,50.98031864986584
1416,0.3747,Moderate Risk,3,1.10,0.1046,Bare Land,Peri-Urban / Sparse,0.3541,0.0025,0.8117,0.7000,#FFAA00,19.736335724242092,49.313111286963505
1417,0.3747,Moderate Risk,3,0.91,0.1045,Bare Land,Rural / Scattered,0.3541,0.0021,0.8121,0.7000,#FFAA00,19.86253733136318,50.050753323028104
1418,0.3747,Moderate Risk,3,6.79,0.1080,Bare Land,Peri-Urban / Sparse,0.3541,0.0155,0.7919,0.7000,#FFAA00,25.53293657383758,50.16814089995416
1419,0.3747,Moderate Risk,3,1.18,0.1047,Bare Land,Peri-Urban / Sparse,0.3541,0.0027,0.8114,0.7000,#FFAA00,19.813449468152736,49.1315991209112
1420,0.3747,Moderate Risk,3,1.21,0.1047,Bare Land,Peri-Urban / Sparse,0.3541,0.0028,0.8113,0.7000,#FFAA00,20.437161268379338,50.29948193918968
1421,0.3747,Moderate Risk,3,1.12,0.1047,Bare Land,Peri-Urban / Sparse,0.3541,0.0026,0.8113,0.7000,#FFAA00,20.303898245158535,49.8809312838737
1422,0.3747,Moderate Risk,3,1.61,0.1049,Bare Land,Peri-Urban / Sparse,0.3541,0.0037,0.8098,0.7000,#FFAA00,21.19506478443107,49.21518978622972
1423,0.3747,Moderate Risk,3,1.00,0.1046,Bare Land,Rural / Scattered,0.3541,0.0023,0.8120,0.7000,#FFAA00,19.516929909105396,49.35305686945605
1424,0.3747,Moderate Risk,3,0.91,0.1045,Bare Land,Rural / Scattered,0.3541,0.0021,0.8122,0.7000,#FFAA00,19.794941435174575,49.865188429954735
1425,0.3747,Moderate Risk,3,1.24,0.1047,Bare Land,Peri-Urban / Sparse,0.3541,0.0028,0.8110,0.7000,#FFAA00,20.405030437745754,51.26413979033254
1426,0.3747,Moderate Risk,3,1.26,0.1047,Bare Land,Peri-Urban / Sparse,0.3541,0.0029,0.8110,0.7000,#FFAA00,20.487320065095602,50.99153767090364
1427,0.3747,Moderate Risk,3,1.20,0.1047,Bare Land,Peri-Urban / Sparse,0.3541,0.0027,0.8112,0.7000,#FFAA00,19.754342065689602,48.48749151853674
1428,0.3746,Moderate Risk,3,1.10,0.1048,Bare Land,Peri-Urban / Sparse,0.3541,0.0025,0.8109,0.7000,#FFAA00,20.016813260677882,49.73420491938606
1429,0.3746,Moderate Risk,3,1.07,0.1047,Bare Land,Peri-Urban / Sparse,0.3541,0.0024,0.8109,0.7000,#FFAA00,19.591888984253696,49.263411857575186
1430,0.3746,Moderate Risk,3,1.18,0.1047,Bare Land,Peri-Urban / Sparse,0.3541,0.0027,0.8109,0.7000,#FFAA00,20.10776789620498,49.0013101977334
1431,0.3746,Moderate Risk,3,1.15,0.1047,Bare Land,Peri-Urban / Sparse,0.3541,0.0026,0.8111,0.7000,#FFAA00,20.10458156291898,49.13919841188425
1432,0.3746,Moderate Risk,3,1.09,0.1047,Bare Land,Peri-Urban / Sparse,0.3541,0.0025,0.8113,0.7000,#FFAA00,19.52739180185383,48.89513639749838
1433,0.3746,Moderate Risk,3,1.15,0.1047,Bare Land,Peri-Urban / Sparse,0.3541,0.0026,0.8111,0.7000,#FFAA00,20.103495616854264,49.18515519973629
1434,0.3746,Moderate Risk,3,8.29,0.1089,Bare Land,Peri-Urban / Sparse,0.3541,0.0189,0.7866,0.7000,#FFAA00,23.902742053655768,48.68421737528273
1435,0.3746,Moderate Risk,3,1.05,0.1047,Bare Land,Peri-Urban / Sparse,0.3541,0.0024,0.8112,0.7000,#FFAA00,20.15329033862285,50.060064008129764
1436,0.3746,Moderate Risk,3,11.51,0.1108,Bare Land,Low Density Urban,0.3541,0.0262,0.7754,0.7000,#FFAA00,25.612215091945092,49.98012707062521
1437,0.3746,Moderate Risk,3,1.35,0.1048,Bare Land,Peri-Urban / Sparse,0.3541,0.0031,0.8104,0.7000,#FFAA00,20.974791437551644,51.564403474536135
1438,0.3746,Moderate Risk,3,0.91,0.1046,Bare Land,Rural / Scattered,0.3541,0.0021,0.8117,0.7000,#FFAA00,19.866390947074727,49.91324950471517
1439,0.3746,Moderate Risk,3,1.05,0.1047,Bare Land,Peri-Urban / Sparse,0.3541,0.0024,0.8112,0.7000,#FFAA00,20.01051678778763,49.963639268580515
1440,0.3746,Moderate Risk,3,1.06,0.1047,Bare Land,Peri-Urban / Sparse,0.3541,0.0024,0.8114,0.7000,#FFAA00,20.01179970507438,49.9177594299229
1441,0.3746,Moderate Risk,3,1.56,0.1050,Bare Land,Peri-Urban / Sparse,0.3541,0.0036,0.8093,0.7000,#FFAA00,21.482539460720005,49.362637095416
1442,0.3746,Moderate Risk,3,1.77,0.1051,Bare Land,Peri-Urban / Sparse,0.3541,0.0040,0.8089,0.7000,#FFAA00,21.19403574028477,51.52789845928113
1443,0.3746,Moderate Risk,3,1.24,0.1048,Bare Land,Peri-Urban / Sparse,0.3541,0.0028,0.8104,0.7000,#FFAA00,20.403368533809562,51.310028266624265
1444,0.3746,Moderate Risk,3,1.60,0.1050,Bare Land,Peri-Urban / Sparse,0.3541,0.0036,0.8094,0.7000,#FFAA00,21.62803506265301,49.36699872112109
1445,0.3746,Moderate Risk,3,1.08,0.1047,Bare Land,Peri-Urban / Sparse,0.3541,0.0025,0.8110,0.7000,#FFAA00,19.805720838473093,49.45264594894215
1446,0.3746,Moderate Risk,3,1.19,0.1048,Bare Land,Peri-Urban / Sparse,0.3541,0.0027,0.8105,0.7000,#FFAA00,19.96008266361826,49.08946429151296
1447,0.3746,Moderate Risk,3,1.24,0.1048,Bare Land,Peri-Urban / Sparse,0.3541,0.0028,0.8106,0.7000,#FFAA00,20.5040836427862,50.485954675642986
1448,0.3746,Moderate Risk,3,1.24,0.1048,Bare Land,Peri-Urban / Sparse,0.3541,0.0028,0.8105,0.7000,#FFAA00,20.50553520160859,50.439967938457855
1449,0.3746,Moderate Risk,3,1.26,0.1048,Bare Land,Peri-Urban / Sparse,0.3541,0.0029,0.8105,0.7000,#FFAA00,20.50981733995754,50.3019840684747
1450,0.3746,Moderate Risk,3,1.05,0.1047,Bare Land,Peri-Urban / Sparse,0.3541,0.0024,0.8114,0.7000,#FFAA00,20.076597343832923,50.19537968398962
1451,0.3746,Moderate Risk,3,1.02,0.1047,Bare Land,Peri-Urban / Sparse,0.3541,0.0023,0.8113,0.7000,#FFAA00,19.940361855453993,49.869636985722835
1452,0.3745,Moderate Risk,3,1.32,0.1049,Bare Land,Peri-Urban / Sparse,0.3541,0.0030,0.8099,0.7000,#FFAA00,20.835068131737813,51.42007607970369
1453,0.3745,Moderate Risk,3,1.33,0.1049,Bare Land,Peri-Urban / Sparse,0.3541,0.0030,0.8098,0.7000,#FFAA00,20.90230621755765,51.56123106108704
1454,0.3745,Moderate Risk,3,1.17,0.1049,Bare Land,Peri-Urban / Sparse,0.3541,0.0027,0.8103,0.7000,#FFAA00,20.365896680791742,50.251031089023506
1455,0.3745,Moderate Risk,3,1.23,0.1049,Bare Land,Peri-Urban / Sparse,0.3541,0.0028,0.8101,0.7000,#FFAA00,20.337392541302155,51.1235727020884
1456,0.3745,Moderate Risk,3,1.05,0.1048,Bare Land,Peri-Urban / Sparse,0.3541,0.0024,0.8107,0.7000,#FFAA00,20.009222066924153,50.0095155262867
1457,0.3745,Moderate Risk,3,1.07,0.1048,Bare Land,Peri-Urban / Sparse,0.3541,0.0024,0.8107,0.7000,#FFAA00,19.73182021727864,49.49645280756889
1458,0.3745,Moderate Risk,3,1.26,0.1049,Bare Land,Peri-Urban / Sparse,0.3541,0.0029,0.8100,0.7000,#FFAA00,20.612354650602825,51.5486763920819
1459,0.3745,Moderate Risk,3,1.28,0.1049,Bare Land,Peri-Urban / Sparse,0.3541,0.0029,0.8101,0.7000,#FFAA00,20.493584679250937,50.80774804610308
1460,0.3745,Moderate Risk,3,1.28,0.1049,Bare Land,Peri-Urban / Sparse,0.3541,0.0029,0.8101,0.7000,#FFAA00,20.495120719061614,50.76178998680085
1461,0.3745,Moderate Risk,3,1.03,0.1048,Bare Land,Peri-Urban / Sparse,0.3541,0.0023,0.8107,0.7000,#FFAA00,19.458429141977994,48.71022614346349
1462,0.3745,Moderate Risk,3,1.08,0.1048,Bare Land,Peri-Urban / Sparse,0.3541,0.0025,0.8105,0.7000,#FFAA00,20.085778936512753,49.87412498062971
1463,0.3745,Moderate Risk,3,1.12,0.1048,Bare Land,Peri-Urban / Sparse,0.3541,0.0026,0.8106,0.7000,#FFAA00,19.600199492567597,48.89688805098991
1464,0.3745,Moderate Risk,3,1.11,0.1048,Bare Land,Peri-Urban / Sparse,0.3541,0.0025,0.8104,0.7000,#FFAA00,19.46209052927525,48.52701731692123
1465,0.3745,Moderate Risk,3,1.14,0.1048,Bare Land,Peri-Urban / Sparse,0.3541,0.0026,0.8104,0.7000,#FFAA00,19.465567358093832,48.34376817198267
1466,0.3745,Moderate Risk,3,1.54,0.1051,Bare Land,Peri-Urban / Sparse,0.3541,0.0035,0.8091,0.7000,#FFAA00,21.073469047533802,48.100545499518525
1467,0.3745,Moderate Risk,3,0.92,0.1047,Bare Land,Rural / Scattered,0.3541,0.0021,0.8113,0.7000,#FFAA00,19.7234694902287,49.81717499207247
1468,0.3745,Moderate Risk,3,1.04,0.1048,Bare Land,Peri-Urban / Sparse,0.3541,0.0024,0.8108,0.7000,#FFAA00,20.062475622881873,50.65399329340419
1469,0.3745,Moderate Risk,3,1.02,0.1048,Bare Land,Peri-Urban / Sparse,0.3541,0.0023,0.8107,0.7000,#FFAA00,19.58631847644957,49.492391129408645
1470,0.3745,Moderate Risk,3,1.01,0.1048,Bare Land,Peri-Urban / Sparse,0.3541,0.0023,0.8106,0.7000,#FFAA00,19.656751313441383,49.58602783888741
1471,0.3745,Moderate Risk,3,1.26,0.1049,Bare Land,Peri-Urban / Sparse,0.3541,0.0029,0.8099,0.7000,#FFAA00,19.612954852436467,48.2550516093133
1472,0.3745,Moderate Risk,3,1.01,0.1048,Bare Land,Peri-Urban / Sparse,0.3541,0.0023,0.8108,0.7000,#FFAA00,19.519114605144345,49.261496615836755
1473,0.3745,Moderate Risk,3,26.24,0.1195,Bare Land,Low Density Urban,0.3541,0.0598,0.7247,0.7000,#FFAA00,25.298925388922243,48.151827946196335
1474,0.3745,Moderate Risk,3,1.09,0.1048,Bare Land,Peri-Urban / Sparse,0.3541,0.0025,0.8108,0.7000,#FFAA00,19.526397574561376,48.940941514529335
1475,0.3745,Moderate Risk,3,0.94,0.1047,Bare Land,Rural / Scattered,0.3541,0.0021,0.8110,0.7000,#FFAA00,19.936528246653825,50.00721384814803
1476,0.3745,Moderate Risk,3,1.24,0.1049,Bare Land,Peri-Urban / Sparse,0.3541,0.0028,0.8099,0.7000,#FFAA00,20.401694679643228,51.355912163999506
1477,0.3745,Moderate Risk,3,1.50,0.1050,Bare Land,Peri-Urban / Sparse,0.3541,0.0034,0.8094,0.7000,#FFAA00,21.727378171825855,48.207429434011466
1478,0.3745,Moderate Risk,3,1.06,0.1048,Bare Land,Peri-Urban / Sparse,0.3541,0.0024,0.8108,0.7000,#FFAA00,20.08321485412866,49.96593014460333
1479,0.3745,Moderate Risk,3,1.19,0.1048,Bare Land,Peri-Urban / Sparse,0.3541,0.0027,0.8104,0.7000,#FFAA00,20.11084690419863,48.86339590061383
1480,0.3744,Moderate Risk,3,0.96,0.1049,Bare Land,Rural / Scattered,0.3541,0.0022,0.8103,0.7000,#FFAA00,19.384664112842874,48.75434668760433
1481,0.3744,Moderate Risk,3,1.33,0.1050,Bare Land,Peri-Urban / Sparse,0.3541,0.0030,0.8092,0.7000,#FFAA00,20.905830563519476,51.469194862228235
1482,0.3744,Moderate Risk,3,1.15,0.1049,Bare Land,Peri-Urban / Sparse,0.3541,0.0026,0.8099,0.7000,#FFAA00,20.250142970478006,49.143048525800175
1483,0.3744,Moderate Risk,3,1.23,0.1049,Bare Land,Peri-Urban / Sparse,0.3541,0.0028,0.8098,0.7000,#FFAA00,20.459280917471194,49.5173083384706
1484,0.3744,Moderate Risk,3,1.19,0.1050,Bare Land,Peri-Urban / Sparse,0.3541,0.0027,0.8095,0.7000,#FFAA00,19.74972061300314,48.71692000947636
1485,0.3744,Moderate Risk,3,1.04,0.1049,Bare Land,Peri-Urban / Sparse,0.3541,0.0024,0.8102,0.7000,#FFAA00,20.060998551315905,50.699832763894335
1486,0.3744,Moderate Risk,3,0.90,0.1048,Bare Land,Rural / Scattered,0.3541,0.0021,0.8105,0.7000,#FFAA00,19.51126651341421,49.58190251719293
1487,0.3744,Moderate Risk,3,1.05,0.1049,Bare Land,Peri-Urban / Sparse,0.3541,0.0024,0.8102,0.7000,#FFAA00,20.08191503602112,50.01182736025865
1488,0.3744,Moderate Risk,3,0.90,0.1048,Bare Land,Rural / Scattered,0.3541,0.0021,0.8107,0.7000,#FFAA00,19.791138064719483,50.002640874709975
1489,0.3744,Moderate Risk,3,1.29,0.1050,Bare Land,Peri-Urban / Sparse,0.3541,0.0029,0.8093,0.7000,#FFAA00,20.679526758013395,51.689618076828815
1490,0.3744,Moderate Risk,3,0.93,0.1048,Bare Land,Rural / Scattered,0.3541,0.0021,0.8108,0.7000,#FFAA00,19.512422225213736,49.536139801204136
1491,0.3744,Moderate Risk,3,1.29,0.1050,Bare Land,Peri-Urban / Sparse,0.3541,0.0030,0.8095,0.7000,#FFAA00,20.762560860210954,51.41699575500946
1492,0.3744,Moderate Risk,3,0.87,0.1048,Bare Land,Rural / Scattered,0.3541,0.0020,0.8106,0.7000,#FFAA00,19.788544174223453,50.094257936465034
1493,0.3744,Moderate Risk,3,1.22,0.1050,Bare Land,Peri-Urban / Sparse,0.3541,0.0028,0.8096,0.7000,#FFAA00,20.438559049727452,50.253501004308745
1494,0.3744,Moderate Risk,3,1.28,0.1050,Bare Land,Peri-Urban / Sparse,0.3541,0.0029,0.8093,0.7000,#FFAA00,20.575247428766716,50.53455807064394
1495,0.3744,Moderate Risk,3,1.30,0.1050,Bare Land,Peri-Urban / Sparse,0.3541,0.0030,0.8094,0.7000,#FFAA00,20.66070960964071,50.1228155527044
1496,0.3744,Moderate Risk,3,1.25,0.1050,Bare Land,Peri-Urban / Sparse,0.3541,0.0029,0.8095,0.7000,#FFAA00,20.477562309901096,51.26709066378933
1497,0.3744,Moderate Risk,3,1.19,0.1049,Bare Land,Peri-Urban / Sparse,0.3541,0.0027,0.8098,0.7000,#FFAA00,20.261600879646466,51.21242560433324
1498,0.3744,Moderate Risk,3,1.10,0.1049,Bare Land,Peri-Urban / Sparse,0.3541,0.0025,0.8101,0.7000,#FFAA00,19.59717000370882,49.03435630638076
1499,0.3744,Moderate Risk,3,8.93,0.1095,Bare Land,Peri-Urban / Sparse,0.3541,0.0204,0.7833,0.7000,#FFAA00,24.48024106853044,48.89073968713124
1500,0.3744,Moderate Risk,3,1.09,0.1049,Bare Land,Peri-Urban / Sparse,0.3541,0.0025,0.8102,0.7000,#FFAA00,20.1610127470354,49.78452241142034
1501,0.3744,Moderate Risk,3,0.89,0.1048,Bare Land,Rural / Scattered,0.3541,0.0020,0.8107,0.7000,#FFAA00,19.44194171619503,49.44261671790502
1502,0.3744,Moderate Risk,3,1.13,0.1049,Bare Land,Peri-Urban / Sparse,0.3541,0.0026,0.8099,0.7000,#FFAA00,20.132113884648973,50.74832585124664
1503,0.3744,Moderate Risk,3,1.31,0.1050,Bare Land,Peri-Urban / Sparse,0.3541,0.0030,0.8095,0.7000,#FFAA00,20.83679310786211,51.37406792890009
1504,0.3744,Moderate Risk,3,0.93,0.1048,Bare Land,Rural / Scattered,0.3541,0.0021,0.8108,0.7000,#FFAA00,19.445257246980848,49.30535126717889
1505,0.3744,Moderate Risk,3,1.24,0.1050,Bare Land,Peri-Urban / Sparse,0.3541,0.0028,0.8094,0.7000,#FFAA00,20.40668038639085,51.21824676771615
1506,0.3744,Moderate Risk,3,1.26,0.1050,Bare Land,Peri-Urban / Sparse,0.3541,0.0029,0.8097,0.7000,#FFAA00,20.610601008687162,51.594600804337695
1507,0.3744,Moderate Risk,3,1.26,0.1050,Bare Land,Peri-Urban / Sparse,0.3541,0.0029,0.8093,0.7000,#FFAA00,20.607057559329178,51.686435182092914
1508,0.3744,Moderate Risk,3,0.98,0.1049,Bare Land,Rural / Scattered,0.3541,0.0022,0.8102,0.7000,#FFAA00,19.922986200506575,50.465564060203825
1509,0.3744,Moderate Risk,3,0.99,0.1049,Bare Land,Rural / Scattered,0.3541,0.0022,0.8102,0.7000,#FFAA00,19.92439317880342,50.419746193327136
1510,0.3744,Moderate Risk,3,2.24,0.1056,Bare Land,Peri-Urban / Sparse,0.3541,0.0051,0.8060,0.7000,#FFAA00,21.6271095054001,51.59356885212389
1511,0.3743,Moderate Risk,3,1.05,0.1049,Bare Land,Peri-Urban / Sparse,0.3541,0.0024,0.8097,0.7000,#FFAA00,20.07794452176484,50.14949714927559
1512,0.3743,Moderate Risk,3,1.20,0.1050,Bare Land,Peri-Urban / Sparse,0.3541,0.0027,0.8094,0.7000,#FFAA00,19.898192404033534,48.582537647020374
1513,0.3743,Moderate Risk,3,1.02,0.1049,Bare Land,Peri-Urban / Sparse,0.3541,0.0023,0.8097,0.7000,#FFAA00,20.05497248824925,50.883149219458645
1514,0.3743,Moderate Risk,3,11.92,0.1114,Bare Land,Low Density Urban,0.3541,0.0272,0.7724,0.7000,#FFAA00,24.266669407770493,48.694648680019895
1515,0.3743,Moderate Risk,3,1.05,0.1049,Bare Land,Peri-Urban / Sparse,0.3541,0.0024,0.8098,0.7000,#FFAA00,20.00392522724682,50.19298409471856
1516,0.3743,Moderate Risk,3,1.06,0.1050,Bare Land,Peri-Urban / Sparse,0.3541,0.0024,0.8097,0.7000,#FFAA00,20.001206090342638,50.284696044900855
1517,0.3743,Moderate Risk,3,1.54,0.1053,Bare Land,Peri-Urban / Sparse,0.3541,0.0035,0.8078,0.7000,#FFAA00,21.41099194993099,49.31412727976663
1518,0.3743,Moderate Risk,3,1.33,0.1051,Bare Land,Peri-Urban / Sparse,0.3541,0.0030,0.8089,0.7000,#FFAA00,20.90407451661821,51.51521535185323
1519,0.3743,Moderate Risk,3,0.91,0.1049,Bare Land,Rural / Scattered,0.3541,0.0021,0.8102,0.7000,#FFAA00,19.722229980243302,49.862978890526556
1520,0.3743,Moderate Risk,3,1.29,0.1051,Bare Land,Peri-Urban / Sparse,0.3541,0.0029,0.8090,0.7000,#FFAA00,20.765985548060836,51.32501820820652
1521,0.3743,Moderate Risk,3,1.29,0.1051,Bare Land,Peri-Urban / Sparse,0.3541,0.0029,0.8087,0.7000,#FFAA00,20.76427929196238,51.37100931216865
1522,0.3743,Moderate Risk,3,1.25,0.1051,Bare Land,Peri-Urban / Sparse,0.3541,0.0029,0.8090,0.7000,#FFAA00,20.539864106603606,51.54557132578159
1523,0.3743,Moderate Risk,3,1.14,0.1050,Bare Land,Peri-Urban / Sparse,0.3541,0.0026,0.8096,0.7000,#FFAA00,20.195464770570563,51.02617049232218
1524,0.3743,Moderate Risk,3,1.25,0.1051,Bare Land,Peri-Urban / Sparse,0.3541,0.0028,0.8091,0.7000,#FFAA00,20.50114428266209,50.57791612291799
1525,0.3743,Moderate Risk,3,1.13,0.1050,Bare Land,Peri-Urban / Sparse,0.3541,0.0026,0.8094,0.7000,#FFAA00,19.463852024316942,48.435397654181315
1526,0.3743,Moderate Risk,3,1.27,0.1051,Bare Land,Peri-Urban / Sparse,0.3541,0.0029,0.8088,0.7000,#FFAA00,19.471966670007685,47.977157257669205
1527,0.3743,Moderate Risk,3,1.00,0.1049,Bare Land,Peri-Urban / Sparse,0.3541,0.0023,0.8097,0.7000,#FFAA00,19.51802802209311,49.30727828131586
1528,0.3743,Moderate Risk,3,1.01,0.1049,Bare Land,Peri-Urban / Sparse,0.3541,0.0023,0.8100,0.7000,#FFAA00,19.520189654948496,49.21571190541167
1529,0.3743,Moderate Risk,3,1.05,0.1050,Bare Land,Peri-Urban / Sparse,0.3541,0.0024,0.8096,0.7000,#FFAA00,19.588581391497737,49.40080883384137
1530,0.3743,Moderate Risk,3,1.00,0.1049,Bare Land,Peri-Urban / Sparse,0.3541,0.0023,0.8101,0.7000,#FFAA00,19.655574694686578,49.63182812536685
1531,0.3743,Moderate Risk,3,1.92,0.1055,Bare Land,Peri-Urban / Sparse,0.3541,0.0044,0.8067,0.7000,#FFAA00,21.911343582361294,49.65479066846081
1532,0.3743,Moderate Risk,3,2.39,0.1058,Bare Land,Peri-Urban / Sparse,0.3541,0.0055,0.8049,0.7000,#FFAA00,22.14001570035572,51.47781110148374
1533,0.3743,Moderate Risk,3,1.09,0.1050,Bare Land,Peri-Urban / Sparse,0.3541,0.0025,0.8096,0.7000,#FFAA00,20.126016909033304,50.9317091333349
1534,0.3742,Moderate Risk,3,0.95,0.1050,Bare Land,Rural / Scattered,0.3541,0.0022,0.8094,0.7000,#FFAA00,19.868901456749093,49.82156257076475
1535,0.3742,Moderate Risk,3,1.23,0.1052,Bare Land,Peri-Urban / Sparse,0.3541,0.0028,0.8085,0.7000,#FFAA00,20.33249755549806,51.26120169406018
1536,0.3742,Moderate Risk,3,1.32,0.1052,Bare Land,Peri-Urban / Sparse,0.3541,0.0030,0.8083,0.7000,#FFAA00,20.833330939004277,51.466079526334596
1537,0.3742,Moderate Risk,3,1.31,0.1051,Bare Land,Peri-Urban / Sparse,0.3541,0.0030,0.8085,0.7000,#FFAA00,20.8315815349666,51.5120782358491
1538,0.3742,Moderate Risk,3,1.20,0.1051,Bare Land,Peri-Urban / Sparse,0.3541,0.0027,0.8088,0.7000,#FFAA00,20.04002564569882,48.76969545601135
1539,0.3742,Moderate Risk,3,1.26,0.1052,Bare Land,Peri-Urban / Sparse,0.3541,0.0029,0.8083,0.7000,#FFAA00,20.485723821731526,51.03747425993129
1540,0.3742,Moderate Risk,3,0.91,0.1050,Bare Land,Rural / Scattered,0.3541,0.0021,0.8096,0.7000,#FFAA00,19.443058371185053,49.39686469256858
1541,0.3742,Moderate Risk,3,0.84,0.1049,Bare Land,Rural / Scattered,0.3541,0.0019,0.8100,0.7000,#FFAA00,19.853136143357514,50.37146696314924
1542,0.3742,Moderate Risk,3,0.94,0.1049,Bare Land,Rural / Scattered,0.3541,0.0021,0.8098,0.7000,#FFAA00,19.931252241057834,50.19059902796362
1543,0.3742,Moderate Risk,3,2.40,0.1058,Bare Land,Peri-Urban / Sparse,0.3541,0.0055,0.8047,0.7000,#FFAA00,22.21250236007662,51.48114768210377
1544,0.3742,Moderate Risk,3,1.14,0.1051,Bare Land,Peri-Urban / Sparse,0.3541,0.0026,0.8087,0.7000,#FFAA00,20.193881235727655,51.07201797942556
1545,0.3742,Moderate Risk,3,1.16,0.1051,Bare Land,Peri-Urban / Sparse,0.3541,0.0026,0.8089,0.7000,#FFAA00,20.10565559368557,49.093238626945556
1546,0.3742,Moderate Risk,3,1.87,0.1055,Bare Land,Peri-Urban / Sparse,0.3541,0.0043,0.8065,0.7000,#FFAA00,21.266523351071232,51.53110304441177
1547,0.3742,Moderate Risk,3,1.25,0.1052,Bare Land,Peri-Urban / Sparse,0.3541,0.0029,0.8083,0.7000,#FFAA00,20.54673161602987,51.36191194821121
1548,0.3742,Moderate Risk,3,1.05,0.1051,Bare Land,Peri-Urban / Sparse,0.3541,0.0024,0.8090,0.7000,#FFAA00,19.87257929350877,49.68400623837227
1549,0.3742,Moderate Risk,3,0.47,0.1218,Minepits/Industry,Rural / Scattered,0.3541,0.0011,0.7113,0.9000,#FFAA00,26.033077400011482,47.88258602327312
1550,0.3742,Moderate Risk,3,0.86,0.1049,Bare Land,Rural / Scattered,0.3541,0.0020,0.8097,0.7000,#FFAA00,19.71715571783887,50.04615929546446
1551,0.3742,Moderate Risk,3,1.29,0.1051,Bare Land,Peri-Urban / Sparse,0.3541,0.0029,0.8086,0.7000,#FFAA00,20.56147884220404,50.94841061819199
1552,0.3742,Moderate Risk,3,1.25,0.1052,Bare Land,Peri-Urban / Sparse,0.3541,0.0029,0.8085,0.7000,#FFAA00,20.47081704663329,51.45070197528198
1553,0.3742,Moderate Risk,3,0.82,0.1049,Bare Land,Rural / Scattered,0.3541,0.0019,0.8098,0.7000,#FFAA00,19.7804829636927,50.36902034178371
1554,0.3742,Moderate Risk,3,1.16,0.1051,Bare Land,Peri-Urban / Sparse,0.3541,0.0026,0.8088,0.7000,#FFAA00,19.531253096401112,48.71188840069594
1555,0.3742,Moderate Risk,3,1.20,0.1052,Bare Land,Peri-Urban / Sparse,0.3541,0.0027,0.8085,0.7000,#FFAA00,20.2599636668692,51.25827634790161
1556,0.3742,Moderate Risk,3,1.54,0.1053,Bare Land,Peri-Urban / Sparse,0.3541,0.0035,0.8077,0.7000,#FFAA00,21.00061138424401,48.099036846560445
1557,0.3742,Moderate Risk,3,1.08,0.1051,Bare Land,Peri-Urban / Sparse,0.3541,0.0025,0.8089,0.7000,#FFAA00,20.158486217419245,49.876383819403856
1558,0.3742,Moderate Risk,3,1.23,0.1051,Bare Land,Peri-Urban / Sparse,0.3541,0.0028,0.8087,0.7000,#FFAA00,20.334141133354596,51.21532985669829
1559,0.3742,Moderate Risk,3,0.95,0.1050,Bare Land,Rural / Scattered,0.3541,0.0022,0.8094,0.7000,#FFAA00,19.929903886490706,50.23643606358375
1560,0.3742,Moderate Risk,3,1.06,0.1051,Bare Land,Peri-Urban / Sparse,0.3541,0.0024,0.8090,0.7000,#FFAA00,20.002571548466346,50.23884195813878
1561,0.3742,Moderate Risk,3,1.31,0.1052,Bare Land,Peri-Urban / Sparse,0.3541,0.0030,0.8081,0.7000,#FFAA00,20.838505862108203,51.32805510688701
1562,0.3742,Moderate Risk,3,1.32,0.1052,Bare Land,Peri-Urban / Sparse,0.3541,0.0030,0.8081,0.7000,#FFAA00,20.66741339404342,49.892474688748095
1563,0.3742,Moderate Risk,3,1.29,0.1052,Bare Land,Peri-Urban / Sparse,0.3541,0.0030,0.8085,0.7000,#FFAA00,20.760830258052483,51.4629775038348
1564,0.3742,Moderate Risk,3,1.26,0.1052,Bare Land,Peri-Urban / Sparse,0.3541,0.0029,0.8083,0.7000,#FFAA00,20.608835309803293,51.64052041189452
1565,0.3741,Moderate Risk,3,1.24,0.1053,Bare Land,Peri-Urban / Sparse,0.3541,0.0028,0.8079,0.7000,#FFAA00,20.40831837471921,51.172349231385496
1566,0.3741,Moderate Risk,3,1.29,0.1052,Bare Land,Peri-Urban / Sparse,0.3541,0.0030,0.8080,0.7000,#FFAA00,20.757332563677956,51.5549267879598
1567,0.3741,Moderate Risk,3,1.00,0.1051,Bare Land,Peri-Urban / Sparse,0.3541,0.0023,0.8089,0.7000,#FFAA00,19.99276621093219,50.55973943311623
1568,0.3741,Moderate Risk,3,1.25,0.1052,Bare Land,Peri-Urban / Sparse,0.3541,0.0029,0.8082,0.7000,#FFAA00,20.54841841332145,51.3159854441664
1569,0.3741,Moderate Risk,3,10.04,0.1104,Bare Land,Low Density Urban,0.3541,0.0229,0.7778,0.7000,#FFAA00,24.121101055322637,48.690451292519306
1570,0.3741,Moderate Risk,3,1.23,0.1053,Bare Land,Peri-Urban / Sparse,0.3541,0.0028,0.8079,0.7000,#FFAA00,20.330842068379116,51.307068994729555
1571,0.3741,Moderate Risk,3,0.92,0.1050,Bare Land,Rural / Scattered,0.3541,0.0021,0.8092,0.7000,#FFAA00,19.796185885763474,49.819363917667665
1572,0.3741,Moderate Risk,3,1.29,0.1052,Bare Land,Peri-Urban / Sparse,0.3541,0.0029,0.8080,0.7000,#FFAA00,20.563057077418673,50.902443907623045
1573,0.3741,Moderate Risk,3,0.92,0.1050,Bare Land,Rural / Scattered,0.3541,0.0021,0.8093,0.7000,#FFAA00,19.64951769940688,49.86077914964165
1574,0.3741,Moderate Risk,3,1.30,0.1053,Bare Land,Peri-Urban / Sparse,0.3541,0.0030,0.8077,0.7000,#FFAA00,20.659332205830502,50.168872608929
1575,0.3741,Moderate Risk,3,1.06,0.1051,Bare Land,Peri-Urban / Sparse,0.3541,0.0024,0.8089,0.7000,#FFAA00,19.589695496453878,49.355012947041075
1576,0.3741,Moderate Risk,3,1.18,0.1052,Bare Land,Peri-Urban / Sparse,0.3541,0.0027,0.8084,0.7000,#FFAA00,20.264839695491116,51.120710665783214
1577,0.3741,Moderate Risk,3,0.92,0.1050,Bare Land,Rural / Scattered,0.3541,0.0021,0.8091,0.7000,#FFAA00,19.867652061233702,49.86740778821875
1578,0.3741,Moderate Risk,3,1.03,0.1051,Bare Land,Peri-Urban / Sparse,0.3541,0.0023,0.8089,0.7000,#FFAA00,19.587455717019612,49.44660157210419
1579,0.3741,Moderate Risk,3,0.83,0.1050,Bare Land,Rural / Scattered,0.3541,0.0019,0.8096,0.7000,#FFAA00,19.7818555937315,50.32323604438753
1580,0.3741,Moderate Risk,3,1.20,0.1052,Bare Land,Peri-Urban / Sparse,0.3541,0.0027,0.8082,0.7000,#FFAA00,19.899112259653734,48.536607672277476
1581,0.3741,Moderate Risk,3,1.29,0.1053,Bare Land,Peri-Urban / Sparse,0.3541,0.0029,0.8079,0.7000,#FFAA00,20.583881104898836,50.25847310619037
1582,0.3741,Moderate Risk,3,1.09,0.1051,Bare Land,Peri-Urban / Sparse,0.3541,0.0025,0.8086,0.7000,#FFAA00,20.159755436297498,49.83045486419476
1583,0.3741,Moderate Risk,3,0.91,0.1050,Bare Land,Rural / Scattered,0.3541,0.0021,0.8093,0.7000,#FFAA00,19.86122938143198,50.096580710335495
1584,0.3741,Moderate Risk,3,1.01,0.1051,Bare Land,Peri-Urban / Sparse,0.3541,0.0023,0.8088,0.7000,#FFAA00,19.728311194436436,49.63392518233481
1585,0.3741,Moderate Risk,3,0.87,0.1050,Bare Land,Rural / Scattered,0.3541,0.0020,0.8095,0.7000,#FFAA00,19.7184417091189,50.000369537369146
1586,0.3741,Moderate Risk,3,1.34,0.1053,Bare Land,Peri-Urban / Sparse,0.3541,0.0031,0.8076,0.7000,#FFAA00,20.978329127755618,51.47232354041116
1587,0.3740,Moderate Risk,3,1.33,0.1054,Bare Land,Peri-Urban / Sparse,0.3541,0.0030,0.8072,0.7000,#FFAA00,20.907574352896813,51.423169625205375
1588,0.3740,Moderate Risk,3,0.86,0.1051,Bare Land,Rural / Scattered,0.3541,0.0020,0.8089,0.7000,#FFAA00,19.43967398902503,49.534111232409614
1589,0.3740,Moderate Risk,3,2.25,0.1059,Bare Land,Peri-Urban / Sparse,0.3541,0.0051,0.8040,0.7000,#FFAA00,21.70142607731696,51.55061685184686
1590,0.3740,Moderate Risk,3,1.12,0.1053,Bare Land,Peri-Urban / Sparse,0.3541,0.0025,0.8078,0.7000,#FFAA00,20.221938955708872,50.2002025184615
1591,0.3740,Moderate Risk,3,22.09,0.1347,Minepits/Industry,Low Density Urban,0.3541,0.0503,0.6365,0.9000,#FFAA00,24.179052261618374,49.260297659636166
1592,0.3740,Moderate Risk,3,0.95,0.1052,Bare Land,Rural / Scattered,0.3541,0.0022,0.8085,0.7000,#FFAA00,19.447410188273707,49.213825557581565
1593,0.3740,Moderate Risk,3,1.16,0.1052,Bare Land,Peri-Urban / Sparse,0.3541,0.0027,0.8080,0.7000,#FFAA00,20.319590107964594,49.28303886017094
1594,0.3740,Moderate Risk,3,0.93,0.1052,Bare Land,Rural / Scattered,0.3541,0.0021,0.8085,0.7000,#FFAA00,19.579252341553815,49.76705985916792
1595,0.3740,Moderate Risk,3,1.24,0.1054,Bare Land,Peri-Urban / Sparse,0.3541,0.0028,0.8073,0.7000,#FFAA00,20.409944397740563,51.12644721396952
1596,0.3740,Moderate Risk,3,2.20,0.1059,Bare Land,Peri-Urban / Sparse,0.3541,0.0050,0.8043,0.7000,#FFAA00,21.554634114842496,51.590273345402856
1597,0.3740,Moderate Risk,3,1.20,0.1053,Bare Land,Peri-Urban / Sparse,0.3541,0.0027,0.8077,0.7000,#FFAA00,19.53581936339937,48.482768904609486
1598,0.3740,Moderate Risk,3,0.88,0.1051,Bare Land,Rural / Scattered,0.3541,0.0020,0.8087,0.7000,#FFAA00,19.440813587663932,49.4883655752779
1599,0.3740,Moderate Risk,3,13.53,0.1297,Minepits/Industry,Low Density Urban,0.3541,0.0308,0.6654,0.9000,#FFAA00,23.38019127261291,49.1872536080925
1600,0.3740,Moderate Risk,3,1.23,0.1053,Bare Land,Peri-Urban / Sparse,0.3541,0.0028,0.8078,0.7000,#FFAA00,20.335772796945356,51.169453515187136
1601,0.3740,Moderate Risk,3,1.29,0.1054,Bare Land,Peri-Urban / Sparse,0.3541,0.0029,0.8072,0.7000,#FFAA00,19.613778706636953,48.20918758073328
1602,0.3740,Moderate Risk,3,0.96,0.1052,Bare Land,Rural / Scattered,0.3541,0.0022,0.8083,0.7000,#FFAA00,19.449517168837716,49.12228782244655
1603,0.3740,Moderate Risk,3,2.40,0.1060,Bare Land,Peri-Urban / Sparse,0.3541,0.0055,0.8037,0.7000,#FFAA00,22.288689078133135,51.39156911003675
1604,0.3740,Moderate Risk,3,1.30,0.1053,Bare Land,Peri-Urban / Sparse,0.3541,0.0030,0.8075,0.7000,#FFAA00,20.66609708221828,49.938550161695964
1605,0.3740,Moderate Risk,3,1.31,0.1054,Bare Land,Peri-Urban / Sparse,0.3541,0.0030,0.8071,0.7000,#FFAA00,20.73611295489954,50.03309443346395
1606,0.3740,Moderate Risk,3,1.25,0.1053,Bare Land,Peri-Urban / Sparse,0.3541,0.0029,0.8075,0.7000,#FFAA00,20.61754318129397,51.41087465401138
1607,0.3740,Moderate Risk,3,1.30,0.1054,Bare Land,Peri-Urban / Sparse,0.3541,0.0030,0.8072,0.7000,#FFAA00,20.73475478991892,50.07918074076705
1608,0.3740,Moderate Risk,3,1.34,0.1054,Bare Land,Peri-Urban / Sparse,0.3541,0.0031,0.8073,0.7000,#FFAA00,20.976566431851943,51.518365902872524
1609,0.3739,Moderate Risk,3,0.95,0.1052,Bare Land,Rural / Scattered,0.3541,0.0022,0.8083,0.7000,#FFAA00,19.5828373930092,49.62974039155536
1610,0.3739,Moderate Risk,3,1.10,0.1053,Bare Land,Peri-Urban / Sparse,0.3541,0.0025,0.8075,0.7000,#FFAA00,19.393550844763343,48.29647803713622
1611,0.3739,Moderate Risk,3,1.75,0.1057,Bare Land,Peri-Urban / Sparse,0.3541,0.0040,0.8052,0.7000,#FFAA00,21.195818420322848,51.48178991999301
1612,0.3739,Moderate Risk,3,0.90,0.1052,Bare Land,Rural / Scattered,0.3541,0.0021,0.8081,0.7000,#FFAA00,19.72097884418374,49.908779302503625
1613,0.3739,Moderate Risk,3,0.94,0.1052,Bare Land,Rural / Scattered,0.3541,0.0021,0.8082,0.7000,#FFAA00,19.650752273090536,49.81499577387221
1614,0.3739,Moderate Risk,3,1.59,0.1056,Bare Land,Peri-Urban / Sparse,0.3541,0.0036,0.8057,0.7000,#FFAA00,21.554064327191416,49.41119861515797
1615,0.3739,Moderate Risk,3,1.09,0.1053,Bare Land,Peri-Urban / Sparse,0.3541,0.0025,0.8077,0.7000,#FFAA00,20.12446314033765,50.97754433174217
1616,0.3739,Moderate Risk,3,1.27,0.1054,Bare Land,Peri-Urban / Sparse,0.3541,0.0029,0.8069,0.7000,#FFAA00,20.69176443550458,51.36796379525123
1617,0.3739,Moderate Risk,3,1.27,0.1054,Bare Land,Peri-Urban / Sparse,0.3541,0.0029,0.8070,0.7000,#FFAA00,20.690052542126974,51.413928622576314
1618,0.3739,Moderate Risk,3,1.49,0.1055,Bare Land,Peri-Urban / Sparse,0.3541,0.0034,0.8062,0.7000,#FFAA00,20.850553842532644,48.327188479415604
1619,0.3739,Moderate Risk,3,1.30,0.1054,Bare Land,Peri-Urban / Sparse,0.3541,0.0030,0.8071,0.7000,#FFAA00,20.657942596143915,50.21492588206386
1620,0.3739,Moderate Risk,3,2.34,0.1061,Bare Land,Peri-Urban / Sparse,0.3541,0.0053,0.8032,0.7000,#FFAA00,21.993195539147425,51.517542532201304
1621,0.3739,Moderate Risk,3,1.15,0.1054,Bare Land,Peri-Urban / Sparse,0.3541,0.0026,0.8072,0.7000,#FFAA00,20.24904849365872,49.189047757523454
1622,0.3739,Moderate Risk,3,0.91,0.1052,Bare Land,Rural / Scattered,0.3541,0.0021,0.8084,0.7000,#FFAA00,19.863833578241717,50.00492230464856
1623,0.3739,Moderate Risk,3,1.88,0.1058,Bare Land,Peri-Urban / Sparse,0.3541,0.0043,0.8048,0.7000,#FFAA00,21.26472151342152,51.57722899642001
1624,0.3739,Moderate Risk,3,1.26,0.1054,Bare Land,Peri-Urban / Sparse,0.3541,0.0029,0.8069,0.7000,#FFAA00,20.62094181991779,51.31898340477721
1625,0.3739,Moderate Risk,3,1.26,0.1054,Bare Land,Peri-Urban / Sparse,0.3541,0.0029,0.8071,0.7000,#FFAA00,20.61582574219532,51.4568132842101
1626,0.3739,Moderate Risk,3,1.26,0.1054,Bare Land,Peri-Urban / Sparse,0.3541,0.0029,0.8071,0.7000,#FFAA00,20.550093168250633,51.27005434164832
1627,0.3739,Moderate Risk,3,1.25,0.1054,Bare Land,Peri-Urban / Sparse,0.3541,0.0029,0.8072,0.7000,#FFAA00,20.543321914961258,51.4537510300675
1628,0.3739,Moderate Risk,3,1.27,0.1054,Bare Land,Peri-Urban / Sparse,0.3541,0.0029,0.8070,0.7000,#FFAA00,20.499656490346677,50.62389076710514
1629,0.3738,Moderate Risk,3,1.31,0.1055,Bare Land,Peri-Urban / Sparse,0.3541,0.0030,0.8065,0.7000,#FFAA00,20.599835287274328,49.70589549331975
1630,0.3738,Moderate Risk,3,1.08,0.1054,Bare Land,Peri-Urban / Sparse,0.3541,0.0025,0.8072,0.7000,#FFAA00,20.122897571128608,51.02337521637527
1631,0.3738,Moderate Risk,3,2.34,0.1061,Bare Land,Peri-Urban / Sparse,0.3541,0.0053,0.8029,0.7000,#FFAA00,21.91886251882823,51.56055917723017
1632,0.3738,Moderate Risk,3,0.98,0.1053,Bare Land,Rural / Scattered,0.3541,0.0022,0.8075,0.7000,#FFAA00,19.514699106736135,49.444604684209786
1633,0.3738,Moderate Risk,3,1.27,0.1055,Bare Land,Peri-Urban / Sparse,0.3541,0.0029,0.8067,0.7000,#FFAA00,19.540916578250346,48.20774361623975
1634,0.3738,Moderate Risk,3,0.85,0.1053,Bare Land,Rural / Scattered,0.3541,0.0019,0.8078,0.7000,#FFAA00,19.438522923745975,49.579853657035386
1635,0.3738,Moderate Risk,3,0.94,0.1053,Bare Land,Rural / Scattered,0.3541,0.0021,0.8078,0.7000,#FFAA00,19.797418660220405,49.773535944181226
1636,0.3738,Moderate Risk,3,0.84,0.1052,Bare Land,Rural / Scattered,0.3541,0.0019,0.8081,0.7000,#FFAA00,19.851746385599572,50.417268024010944
1637,0.3738,Moderate Risk,3,0.92,0.1053,Bare Land,Rural / Scattered,0.3541,0.0021,0.8076,0.7000,#FFAA00,19.44416354923514,49.351109531558905
1638,0.3738,Moderate Risk,3,1.25,0.1055,Bare Land,Peri-Urban / Sparse,0.3541,0.0029,0.8064,0.7000,#FFAA00,20.46910076585278,51.49659316835333
1639,0.3738,Moderate Risk,3,1.14,0.1055,Bare Land,Peri-Urban / Sparse,0.3541,0.0026,0.8068,0.7000,#FFAA00,20.189059628947884,51.20953398388457
1640,0.3738,Moderate Risk,3,1.09,0.1054,Bare Land,Peri-Urban / Sparse,0.3541,0.0025,0.8073,0.7000,#FFAA00,20.01557759649764,49.78009875500956
1641,0.3738,Moderate Risk,3,1.26,0.1055,Bare Land,Peri-Urban / Sparse,0.3541,0.0029,0.8066,0.7000,#FFAA00,20.614096230207846,51.502747207806415
1642,0.3738,Moderate Risk,3,1.29,0.1055,Bare Land,Peri-Urban / Sparse,0.3541,0.0029,0.8065,0.7000,#FFAA00,20.569249100322654,50.7185343617066
1643,0.3738,Moderate Risk,3,9.32,0.1274,Minepits/Industry,Peri-Urban / Sparse,0.3541,0.0212,0.6789,0.9000,#FFAA00,24.39178291303189,49.45706462746104
1644,0.3738,Moderate Risk,3,0.94,0.1053,Bare Land,Rural / Scattered,0.3541,0.0021,0.8075,0.7000,#FFAA00,19.932588858413606,50.1447582560738
1645,0.3738,Moderate Risk,3,0.83,0.1052,Bare Land,Rural / Scattered,0.3541,0.0019,0.8081,0.7000,#FFAA00,19.784565952187414,50.231656028308414
1646,0.3738,Moderate Risk,3,1.34,0.1055,Bare Land,Peri-Urban / Sparse,0.3541,0.0031,0.8063,0.7000,#FFAA00,20.980079519874568,51.426276420215025
1647,0.3738,Moderate Risk,3,1.17,0.1055,Bare Land,Peri-Urban / Sparse,0.3541,0.0027,0.8066,0.7000,#FFAA00,19.532189501655274,48.66606968190131
1648,0.3738,Moderate Risk,3,1.25,0.1055,Bare Land,Peri-Urban / Sparse,0.3541,0.0028,0.8064,0.7000,#FFAA00,20.545032781517442,51.4078338210746
1649,0.3738,Moderate Risk,3,1.08,0.1054,Bare Land,Peri-Urban / Sparse,0.3541,0.0025,0.8071,0.7000,#FFAA00,19.525391791819562,48.986743813700905
1650,0.3738,Moderate Risk,3,1.25,0.1055,Bare Land,Peri-Urban / Sparse,0.3541,0.0029,0.8063,0.7000,#FFAA00,20.482495261177622,51.12933422793029
1651,0.3738,Moderate Risk,3,0.97,0.1054,Bare Land,Rural / Scattered,0.3541,0.0022,0.8073,0.7000,#FFAA00,19.798639754787462,49.727704542007515
1652,0.3738,Moderate Risk,3,1.09,0.1054,Bare Land,Peri-Urban / Sparse,0.3541,0.0025,0.8073,0.7000,#FFAA00,19.461192477978805,48.572823384681335
1653,0.3737,Moderate Risk,3,1.27,0.1056,Bare Land,Peri-Urban / Sparse,0.3541,0.0029,0.8060,0.7000,#FFAA00,20.57961888622395,50.39653332066478
1654,0.3737,Moderate Risk,3,1.19,0.1056,Bare Land,Peri-Urban / Sparse,0.3541,0.0027,0.8062,0.7000,#FFAA00,19.53492926743046,48.52859791912305
1655,0.3737,Moderate Risk,3,1.25,0.1056,Bare Land,Peri-Urban / Sparse,0.3541,0.0029,0.8059,0.7000,#FFAA00,20.541599021573944,51.49966354252003
1656,0.3737,Moderate Risk,3,0.96,0.1054,Bare Land,Rural / Scattered,0.3541,0.0022,0.8068,0.7000,#FFAA00,19.9869045782735,50.743022039841264
1657,0.3737,Moderate Risk,3,1.26,0.1056,Bare Land,Peri-Urban / Sparse,0.3541,0.0029,0.8061,0.7000,#FFAA00,20.538117175333785,51.59147434722102
1658,0.3737,Moderate Risk,3,1.26,0.1056,Bare Land,Peri-Urban / Sparse,0.3541,0.0029,0.8058,0.7000,#FFAA00,20.536358233083423,51.63737257422673
1659,0.3737,Moderate Risk,3,1.30,0.1056,Bare Land,Peri-Urban / Sparse,0.3541,0.0030,0.8057,0.7000,#FFAA00,20.530813491883052,49.56550425692456
1660,0.3737,Moderate Risk,3,1.25,0.1056,Bare Land,Peri-Urban / Sparse,0.3541,0.0029,0.8058,0.7000,#FFAA00,20.47252134660033,51.404806095678026
1661,0.3737,Moderate Risk,3,1.07,0.1055,Bare Land,Peri-Urban / Sparse,0.3541,0.0024,0.8067,0.7000,#FFAA00,19.52437445669584,49.03254326253707
1662,0.3737,Moderate Risk,3,1.09,0.1055,Bare Land,Peri-Urban / Sparse,0.3541,0.0025,0.8065,0.7000,#FFAA00,20.087043192958884,49.828217097799836
1663,0.3737,Moderate Risk,3,1.19,0.1056,Bare Land,Peri-Urban / Sparse,0.3541,0.0027,0.8062,0.7000,#FFAA00,20.26322622416914,51.16657036612884
1664,0.3737,Moderate Risk,3,1.26,0.1056,Bare Land,Peri-Urban / Sparse,0.3541,0.0029,0.8058,0.7000,#FFAA00,20.61924854226812,51.364931349948066
1665,0.3737,Moderate Risk,3,1.29,0.1056,Bare Land,Peri-Urban / Sparse,0.3541,0.0029,0.8060,0.7000,#FFAA00,20.759087490768867,51.50895452576996
1666,0.3737,Moderate Risk,3,0.88,0.1053,Bare Land,Rural / Scattered,0.3541,0.0020,0.8074,0.7000,#FFAA00,19.719716085860515,49.95457619558573
1667,0.3737,Moderate Risk,3,1.20,0.1055,Bare Land,Peri-Urban / Sparse,0.3541,0.0027,0.8062,0.7000,#FFAA00,20.041000399699563,48.723734019638776
1668,0.3737,Moderate Risk,3,1.90,0.1059,Bare Land,Peri-Urban / Sparse,0.3541,0.0043,0.8040,0.7000,#FFAA00,21.339009876037156,51.53432121237635
1669,0.3737,Moderate Risk,3,0.93,0.1054,Bare Land,Rural / Scattered,0.3541,0.0021,0.8071,0.7000,#FFAA00,19.581653923066103,49.67551690107518
1670,0.3737,Moderate Risk,3,0.84,0.1054,Bare Land,Rural / Scattered,0.3541,0.0019,0.8072,0.7000,#FFAA00,19.71585811593512,50.09194543749677
1671,0.3737,Moderate Risk,3,1.29,0.1056,Bare Land,Peri-Urban / Sparse,0.3541,0.0029,0.8057,0.7000,#FFAA00,20.564623225603672,50.85647289378974
1672,0.3737,Moderate Risk,3,1.29,0.1056,Bare Land,Peri-Urban / Sparse,0.3541,0.0029,0.8060,0.7000,#FFAA00,20.559888524779524,50.99437299262285
1673,0.3737,Moderate Risk,3,1.19,0.1056,Bare Land,Peri-Urban / Sparse,0.3541,0.0027,0.8061,0.7000,#FFAA00,19.53402758997557,48.57442440855686
1674,0.3737,Moderate Risk,3,0.99,0.1055,Bare Land,Rural / Scattered,0.3541,0.0023,0.8067,0.7000,#FFAA00,19.79984916574174,49.68186974367249
1675,0.3737,Moderate Risk,3,3.33,0.1068,Bare Land,Peri-Urban / Sparse,0.3541,0.0076,0.7990,0.7000,#FFAA00,22.795697195609275,49.26284031362936
1676,0.3737,Moderate Risk,3,1.20,0.1055,Bare Land,Peri-Urban / Sparse,0.3541,0.0027,0.8063,0.7000,#FFAA00,19.60866097428286,48.484336084987056
1677,0.3736,Moderate Risk,3,1.26,0.1057,Bare Land,Peri-Urban / Sparse,0.3541,0.0029,0.8053,0.7000,#FFAA00,20.53458728520683,51.68326597420681
1678,0.3736,Moderate Risk,3,1.59,0.1059,Bare Land,Peri-Urban / Sparse,0.3541,0.0036,0.8044,0.7000,#FFAA00,21.551579099518154,49.503959272046416
1679,0.3736,Moderate Risk,3,1.32,0.1057,Bare Land,Peri-Urban / Sparse,0.3541,0.0030,0.8051,0.7000,#FFAA00,20.840206389243306,51.282037646647055
1680,0.3736,Moderate Risk,3,0.97,0.1055,Bare Land,Rural / Scattered,0.3541,0.0022,0.8064,0.7000,#FFAA00,19.92717198219137,50.328098795976146
1681,0.3736,Moderate Risk,3,1.27,0.1057,Bare Land,Peri-Urban / Sparse,0.3541,0.0029,0.8056,0.7000,#FFAA00,20.684844137591767,51.55179486986967
1682,0.3736,Moderate Risk,3,1.01,0.1055,Bare Land,Peri-Urban / Sparse,0.3541,0.0023,0.8064,0.7000,#FFAA00,19.457484978641276,48.756021806602234
1683,0.3736,Moderate Risk,3,1.21,0.1057,Bare Land,Peri-Urban / Sparse,0.3541,0.0028,0.8055,0.7000,#FFAA00,19.680604611333635,48.5317804279041
1684,0.3736,Moderate Risk,3,0.96,0.1055,Bare Land,Rural / Scattered,0.3541,0.0022,0.8063,0.7000,#FFAA00,19.450553415801867,49.07651452618968
1685,0.3736,Moderate Risk,3,1.55,0.1059,Bare Land,Peri-Urban / Sparse,0.3541,0.0035,0.8043,0.7000,#FFAA00,20.99976184147686,48.145316064177806
1686,0.3736,Moderate Risk,3,1.57,0.1059,Bare Land,Peri-Urban / Sparse,0.3541,0.0036,0.8044,0.7000,#FFAA00,21.798386274328816,48.3021008310497
1687,0.3736,Moderate Risk,3,1.28,0.1057,Bare Land,Peri-Urban / Sparse,0.3541,0.0029,0.8052,0.7000,#FFAA00,20.556671662759364,51.086284601664865
1688,0.3736,Moderate Risk,3,1.32,0.1057,Bare Land,Peri-Urban / Sparse,0.3541,0.0030,0.8052,0.7000,#FFAA00,20.91102513780251,51.331105041037965
1689,0.3736,Moderate Risk,3,0.95,0.1055,Bare Land,Rural / Scattered,0.3541,0.0022,0.8066,0.7000,#FFAA00,19.92854379882072,50.28226933042067
1690,0.3736,Moderate Risk,3,1.25,0.1057,Bare Land,Peri-Urban / Sparse,0.3541,0.0028,0.8055,0.7000,#FFAA00,20.400008880343012,51.401791449885216
1691,0.3736,Moderate Risk,3,1.26,0.1057,Bare Land,Peri-Urban / Sparse,0.3541,0.0029,0.8056,0.7000,#FFAA00,20.53280433709361,51.72915451458917
1692,0.3736,Moderate Risk,3,1.21,0.1056,Bare Land,Peri-Urban / Sparse,0.3541,0.0028,0.8058,0.7000,#FFAA00,19.75610859764708,48.39570233695545
1693,0.3736,Moderate Risk,3,1.86,0.1061,Bare Land,Peri-Urban / Sparse,0.3541,0.0043,0.8033,0.7000,#FFAA00,21.26831270496173,51.484972259416146
1694,0.3736,Moderate Risk,3,0.94,0.1054,Bare Land,Rural / Scattered,0.3541,0.0021,0.8068,0.7000,#FFAA00,19.446339461092204,49.25958993174389
1695,0.3736,Moderate Risk,3,1.43,0.1057,Bare Land,Peri-Urban / Sparse,0.3541,0.0033,0.8051,0.7000,#FFAA00,21.049057276793132,51.52152991815407
1696,0.3736,Moderate Risk,3,1.11,0.1056,Bare Land,Peri-Urban / Sparse,0.3541,0.0025,0.8058,0.7000,#FFAA00,19.66996480141961,49.03617746881725
1697,0.3736,Moderate Risk,3,1.08,0.1055,Bare Land,Peri-Urban / Sparse,0.3541,0.0025,0.8063,0.7000,#FFAA00,19.391005472042636,48.43386481002574
1698,0.3736,Moderate Risk,3,2.10,0.1061,Bare Land,Peri-Urban / Sparse,0.3541,0.0048,0.8027,0.7000,#FFAA00,21.411495311293006,51.53755299321719
1699,0.3736,Moderate Risk,3,1.61,0.1059,Bare Land,Peri-Urban / Sparse,0.3541,0.0037,0.8041,0.7000,#FFAA00,21.11975864412682,51.57078900241884
1700,0.3736,Moderate Risk,3,0.86,0.1054,Bare Land,Rural / Scattered,0.3541,0.0020,0.8069,0.7000,#FFAA00,19.78722974771498,50.140060999595995
1701,0.3736,Moderate Risk,3,0.81,0.1054,Bare Land,Rural / Scattered,0.3541,0.0019,0.8072,0.7000,#FFAA00,19.779098705335866,50.414800788965195
1702,0.3736,Moderate Risk,3,1.06,0.1056,Bare Land,Peri-Urban / Sparse,0.3541,0.0024,0.8061,0.7000,#FFAA00,19.999828857037873,50.33054632244001
1703,0.3735,Moderate Risk,3,0.99,0.1056,Bare Land,Rural / Scattered,0.3541,0.0023,0.8059,0.7000,#FFAA00,19.515820269526454,49.39883234787671
1704,0.3735,Moderate Risk,3,1.10,0.1057,Bare Land,Peri-Urban / Sparse,0.3541,0.0025,0.8055,0.7000,#FFAA00,19.944089579575085,49.73202854906451
1705,0.3735,Moderate Risk,3,1.28,0.1058,Bare Land,Peri-Urban / Sparse,0.3541,0.0029,0.8048,0.7000,#FFAA00,20.58105176928491,50.35051714557411
1706,0.3735,Moderate Risk,3,1.28,0.1058,Bare Land,Peri-Urban / Sparse,0.3541,0.0029,0.8047,0.7000,#FFAA00,20.582472510293105,50.3044970630512
1707,0.3735,Moderate Risk,3,1.27,0.1058,Bare Land,Peri-Urban / Sparse,0.3541,0.0029,0.8050,0.7000,#FFAA00,20.693464199413746,51.32199431683871
1708,0.3735,Moderate Risk,3,1.27,0.1058,Bare Land,Peri-Urban / Sparse,0.3541,0.0029,0.8047,0.7000,#FFAA00,20.68832852450383,51.45988876598855
1709,0.3735,Moderate Risk,3,0.84,0.1055,Bare Land,Rural / Scattered,0.3541,0.0019,0.8066,0.7000,#FFAA00,19.78590367235736,50.18586037434259
1710,0.3735,Moderate Risk,3,0.96,0.1056,Bare Land,Rural / Scattered,0.3541,0.0022,0.8061,0.7000,#FFAA00,19.92013711212318,50.55718796818085
1711,0.3735,Moderate Risk,3,1.26,0.1057,Bare Land,Peri-Urban / Sparse,0.3541,0.0029,0.8051,0.7000,#FFAA00,20.467372509483766,51.54247964230894
1712,0.3735,Moderate Risk,3,0.88,0.1056,Bare Land,Rural / Scattered,0.3541,0.0020,0.8061,0.7000,#FFAA00,19.857235353349626,50.234040760977386
1713,0.3735,Moderate Risk,3,1.99,0.1233,Minepits/Industry,Peri-Urban / Sparse,0.3541,0.0045,0.7026,0.9000,#FFAA00,23.724563368277256,49.85841254909925
1714,0.3735,Moderate Risk,3,11.30,0.1117,Bare Land,Low Density Urban,0.3541,0.0257,0.7705,0.7000,#FFAA00,25.862605925655217,48.93493375632707
1715,0.3735,Moderate Risk,3,1.27,0.1058,Bare Land,Peri-Urban / Sparse,0.3541,0.0029,0.8048,0.7000,#FFAA00,20.555045127982606,51.13223377061849
1716,0.3735,Moderate Risk,3,0.94,0.1056,Bare Land,Rural / Scattered,0.3541,0.0021,0.8060,0.7000,#FFAA00,19.651975263166953,49.76920895117292
1717,0.3735,Moderate Risk,3,1.32,0.1058,Bare Land,Peri-Urban / Sparse,0.3541,0.0030,0.8050,0.7000,#FFAA00,20.90930587942185,51.37713967379772
1718,0.3735,Moderate Risk,3,1.14,0.1057,Bare Land,Peri-Urban / Sparse,0.3541,0.0026,0.8053,0.7000,#FFAA00,20.190678660044618,51.163699757662165
1719,0.3735,Moderate Risk,3,0.96,0.1056,Bare Land,Rural / Scattered,0.3541,0.0022,0.8060,0.7000,#FFAA00,19.98838759512307,50.697207508125445
1720,0.3735,Moderate Risk,3,1.53,0.1059,Bare Land,Peri-Urban / Sparse,0.3541,0.0035,0.8041,0.7000,#FFAA00,20.927752994789426,48.097534641562426
1721,0.3735,Moderate Risk,3,1.21,0.1057,Bare Land,Peri-Urban / Sparse,0.3541,0.0027,0.8050,0.7000,#FFAA00,19.679695672134173,48.5776480355103
1722,0.3735,Moderate Risk,3,1.25,0.1058,Bare Land,Peri-Urban / Sparse,0.3541,0.0028,0.8049,0.7000,#FFAA00,19.684974132794466,48.302405011859456
1723,0.3734,Moderate Risk,3,1.89,0.1062,Bare Land,Peri-Urban / Sparse,0.3541,0.0043,0.8024,0.7000,#FFAA00,21.34080591006674,51.488168087958286
1724,0.3734,Moderate Risk,3,0.90,0.1056,Bare Land,Rural / Scattered,0.3541,0.0020,0.8057,0.7000,#FFAA00,19.85990973243337,50.142404434078564
1725,0.3734,Moderate Risk,3,0.86,0.1056,Bare Land,Rural / Scattered,0.3541,0.0020,0.8058,0.7000,#FFAA00,19.85588063140961,50.279853299223525
1726,0.3734,Moderate Risk,3,1.39,0.1059,Bare Land,Peri-Urban / Sparse,0.3541,0.0032,0.8042,0.7000,#FFAA00,20.741422921958733,49.848712624545016
1727,0.3734,Moderate Risk,3,2.03,0.1063,Bare Land,Peri-Urban / Sparse,0.3541,0.0046,0.8021,0.7000,#FFAA00,21.335380222909023,51.626612896785424
1728,0.3734,Moderate Risk,3,1.36,0.1059,Bare Land,Peri-Urban / Sparse,0.3541,0.0031,0.8041,0.7000,#FFAA00,20.671288929586307,49.75422690224158
1729,0.3734,Moderate Risk,3,1.30,0.1059,Bare Land,Peri-Urban / Sparse,0.3541,0.0030,0.8042,0.7000,#FFAA00,20.656540784840114,50.26097533889697
1730,0.3734,Moderate Risk,3,0.91,0.1056,Bare Land,Rural / Scattered,0.3541,0.0021,0.8057,0.7000,#FFAA00,19.57803423729512,49.81282624307018
1731,0.3734,Moderate Risk,3,1.27,0.1059,Bare Land,Peri-Urban / Sparse,0.3541,0.0029,0.8043,0.7000,#FFAA00,20.576716711524305,50.48855381625329
1732,0.3734,Moderate Risk,3,1.33,0.1059,Bare Land,Peri-Urban / Sparse,0.3541,0.0030,0.8042,0.7000,#FFAA00,20.769361512495376,51.233022148591196
1733,0.3734,Moderate Risk,3,1.09,0.1057,Bare Land,Peri-Urban / Sparse,0.3541,0.0025,0.8052,0.7000,#FFAA00,20.014330113291653,49.82598914044622
1734,0.3734,Moderate Risk,3,2.05,0.1063,Bare Land,Peri-Urban / Sparse,0.3541,0.0047,0.8017,0.7000,#FFAA00,23.29694320867845,49.56073280086078
1735,0.3734,Moderate Risk,3,1.25,0.1058,Bare Land,Peri-Urban / Sparse,0.3541,0.0028,0.8045,0.7000,#FFAA00,20.480862953834677,51.17525754141685
1736,0.3734,Moderate Risk,3,1.25,0.1058,Bare Land,Peri-Urban / Sparse,0.3541,0.0029,0.8045,0.7000,#FFAA00,20.4792186350717,51.22117636426871
1737,0.3734,Moderate Risk,3,1.10,0.1057,Bare Land,Peri-Urban / Sparse,0.3541,0.0025,0.8053,0.7000,#FFAA00,19.392713885342,48.342276023833264
1738,0.3734,Moderate Risk,3,1.31,0.1059,Bare Land,Peri-Urban / Sparse,0.3541,0.0030,0.8041,0.7000,#FFAA00,20.76767962329644,51.279022476036495
1739,0.3734,Moderate Risk,3,1.14,0.1057,Bare Land,Peri-Urban / Sparse,0.3541,0.0026,0.8051,0.7000,#FFAA00,20.187428775568215,51.25536372493264
1740,0.3734,Moderate Risk,3,0.97,0.1057,Bare Land,Rural / Scattered,0.3541,0.0022,0.8054,0.7000,#FFAA00,19.98985887582837,50.651388874816064
1741,0.3734,Moderate Risk,3,0.87,0.1056,Bare Land,Rural / Scattered,0.3541,0.0020,0.8058,0.7000,#FFAA00,19.848931863765987,50.508858441604296
1742,0.3734,Moderate Risk,3,1.45,0.1060,Bare Land,Peri-Urban / Sparse,0.3541,0.0033,0.8039,0.7000,#FFAA00,21.208034763246843,48.65958186031873
1743,0.3733,Moderate Risk,3,1.29,0.1059,Bare Land,Peri-Urban / Sparse,0.3541,0.0029,0.8041,0.7000,#FFAA00,20.558286130000795,51.04033099805975
1744,0.3733,Moderate Risk,3,0.80,0.1057,Bare Land,Rural / Scattered,0.3541,0.0018,0.8054,0.7000,#FFAA00,19.777702822871138,50.46057735361203
1745,0.3733,Moderate Risk,3,0.85,0.1057,Bare Land,Rural / Scattered,0.3541,0.0019,0.8054,0.7000,#FFAA00,19.85451422669235,50.325662044086364
1746,0.3733,Moderate Risk,3,1.29,0.1059,Bare Land,Peri-Urban / Sparse,0.3541,0.0029,0.8040,0.7000,#FFAA00,20.627593994522876,51.13514586882664
1747,0.3733,Moderate Risk,3,58.22,0.0879,Natural Vegetation,Medium Density Urban,0.3541,0.1327,0.9093,0.1000,#FFAA00,24.18423069074119,49.07109840115029
1748,0.3733,Moderate Risk,3,0.97,0.1058,Bare Land,Rural / Scattered,0.3541,0.0022,0.8048,0.7000,#FFAA00,19.6543864776369,49.67762509451943
1749,0.3733,Moderate Risk,3,1.22,0.1059,Bare Land,Peri-Urban / Sparse,0.3541,0.0028,0.8042,0.7000,#FFAA00,20.460473167273317,49.471266878252344
1750,0.3733,Moderate Risk,3,0.96,0.1058,Bare Land,Rural / Scattered,0.3541,0.0022,0.8050,0.7000,#FFAA00,19.98540982979172,50.78883243755938
1751,0.3733,Moderate Risk,3,2.27,0.1065,Bare Land,Peri-Urban / Sparse,0.3541,0.0052,0.8006,0.7000,#FFAA00,21.77390600557088,51.55391715337144
1752,0.3733,Moderate Risk,3,1.45,0.1060,Bare Land,Peri-Urban / Sparse,0.3541,0.0033,0.8033,0.7000,#FFAA00,21.93920489111383,48.53827457194226
1753,0.3733,Moderate Risk,3,1.27,0.1059,Bare Land,Peri-Urban / Sparse,0.3541,0.0029,0.8040,0.7000,#FFAA00,20.686592387893917,51.50584419268186
1754,0.3733,Moderate Risk,3,1.01,0.1057,Bare Land,Peri-Urban / Sparse,0.3541,0.0023,0.8051,0.7000,#FFAA00,19.727118226156712,49.6797427022379
1755,0.3733,Moderate Risk,3,0.97,0.1058,Bare Land,Rural / Scattered,0.3541,0.0022,0.8049,0.7000,#FFAA00,19.9215675101738,50.51137799596167
1756,0.3733,Moderate Risk,3,1.41,0.1060,Bare Land,Peri-Urban / Sparse,0.3541,0.0032,0.8036,0.7000,#FFAA00,21.050826627867423,51.47546558993476
1757,0.3733,Moderate Risk,3,1.48,0.1061,Bare Land,Peri-Urban / Sparse,0.3541,0.0034,0.8032,0.7000,#FFAA00,21.276711756612602,48.846722005048875
1758,0.3733,Moderate Risk,3,1.50,0.1061,Bare Land,Peri-Urban / Sparse,0.3541,0.0034,0.8032,0.7000,#FFAA00,21.42848016152626,48.57222864097777
1759,0.3733,Moderate Risk,3,1.59,0.1061,Bare Land,Peri-Urban / Sparse,0.3541,0.0036,0.8031,0.7000,#FFAA00,21.124578542901325,49.12060000031958
1760,0.3733,Moderate Risk,3,1.29,0.1059,Bare Land,Peri-Urban / Sparse,0.3541,0.0029,0.8040,0.7000,#FFAA00,20.63245600109162,50.99722059314875
1761,0.3732,Moderate Risk,3,2.81,0.1069,Bare Land,Peri-Urban / Sparse,0.3541,0.0064,0.7981,0.7000,#FFAA00,23.228258223366932,49.41744436318328
1762,0.3732,Moderate Risk,3,1.60,0.1062,Bare Land,Peri-Urban / Sparse,0.3541,0.0037,0.8024,0.7000,#FFAA00,21.121547047564246,51.52470742710259
1763,0.3732,Moderate Risk,3,1.14,0.1059,Bare Land,Peri-Urban / Sparse,0.3541,0.0026,0.8041,0.7000,#FFAA00,20.19228586393427,51.117861078693686
1764,0.3732,Moderate Risk,3,1.29,0.1060,Bare Land,Peri-Urban / Sparse,0.3541,0.0029,0.8035,0.7000,#FFAA00,20.56617728197522,50.81049760958358
1765,0.3732,Moderate Risk,3,1.29,0.1060,Bare Land,Peri-Urban / Sparse,0.3541,0.0029,0.8034,0.7000,#FFAA00,20.570766852910968,50.67254646390637
1766,0.3732,Moderate Risk,3,1.07,0.1060,Bare Land,Peri-Urban / Sparse,0.3541,0.0024,0.8039,0.7000,#FFAA00,20.121320206168996,51.06920175480065
1767,0.3732,Moderate Risk,3,1.02,0.1059,Bare Land,Peri-Urban / Sparse,0.3541,0.0023,0.8043,0.7000,#FFAA00,19.45556209218989,48.847605053387234
1768,0.3732,Moderate Risk,3,0.76,0.1057,Bare Land,Rural / Scattered,0.3541,0.0017,0.8052,0.7000,#FFAA00,19.70782890500039,50.36658454122529
1769,0.3732,Moderate Risk,3,1.27,0.1060,Bare Land,Peri-Urban / Sparse,0.3541,0.0029,0.8036,0.7000,#FFAA00,20.62594910145606,51.181112050476294
1770,0.3732,Moderate Risk,3,1.95,0.1064,Bare Land,Peri-Urban / Sparse,0.3541,0.0045,0.8013,0.7000,#FFAA00,21.337201311803405,51.58046949311752
1771,0.3732,Moderate Risk,3,0.89,0.1058,Bare Land,Rural / Scattered,0.3541,0.0020,0.8046,0.7000,#FFAA00,19.64827154587461,49.906559046114886
1772,0.3732,Moderate Risk,3,0.88,0.1058,Bare Land,Rural / Scattered,0.3541,0.0020,0.8046,0.7000,#FFAA00,19.510099292268354,49.627661961749425
1773,0.3732,Moderate Risk,3,1.50,0.1062,Bare Land,Peri-Urban / Sparse,0.3541,0.0034,0.8026,0.7000,#FFAA00,21.068163614707924,48.378319756281115
1774,0.3732,Moderate Risk,3,0.97,0.1058,Bare Land,Rural / Scattered,0.3541,0.0022,0.8046,0.7000,#FFAA00,19.725913616908905,49.725556865475255
1775,0.3732,Moderate Risk,3,1.34,0.1061,Bare Land,Peri-Urban / Sparse,0.3541,0.0031,0.8031,0.7000,#FFAA00,20.981817602857095,51.38022457536691
1776,0.3732,Moderate Risk,3,1.28,0.1060,Bare Land,Peri-Urban / Sparse,0.3541,0.0029,0.8036,0.7000,#FFAA00,20.6951518286674,51.27602022018341
1777,0.3732,Moderate Risk,3,1.29,0.1061,Bare Land,Peri-Urban / Sparse,0.3541,0.0029,0.8033,0.7000,#FFAA00,20.69849066263959,51.184058303618265
1778,0.3732,Moderate Risk,3,0.78,0.1057,Bare Land,Rural / Scattered,0.3541,0.0018,0.8051,0.7000,#FFAA00,19.70919608649912,50.32082077461876
1779,0.3732,Moderate Risk,3,1.06,0.1059,Bare Land,Peri-Urban / Sparse,0.3541,0.0024,0.8042,0.7000,#FFAA00,19.94161620024016,49.82377097158133
1780,0.3732,Moderate Risk,3,0.85,0.1058,Bare Land,Rural / Scattered,0.3541,0.0019,0.8049,0.7000,#FFAA00,19.850344957647753,50.46306519428591
1781,0.3732,Moderate Risk,3,1.18,0.1060,Bare Land,Peri-Urban / Sparse,0.3541,0.0027,0.8036,0.7000,#FFAA00,20.390065185890904,49.377111823001165
1782,0.3732,Moderate Risk,3,0.75,0.1057,Bare Land,Rural / Scattered,0.3541,0.0017,0.8051,0.7000,#FFAA00,19.63653570818508,50.318416212640976
1783,0.3731,Moderate Risk,3,0.96,0.1059,Bare Land,Rural / Scattered,0.3541,0.0022,0.8041,0.7000,#FFAA00,19.44846942526436,49.16805817703181
1784,0.3731,Moderate Risk,3,2.29,0.1067,Bare Land,Peri-Urban / Sparse,0.3541,0.0052,0.7994,0.7000,#FFAA00,21.84638482071188,51.55723125143712
1785,0.3731,Moderate Risk,3,10.63,0.1288,Minepits/Industry,Low Density Urban,0.3541,0.0242,0.6709,0.9000,#FFAA00,25.120298938891573,49.43549511022903
1786,0.3731,Moderate Risk,3,1.01,0.1060,Bare Land,Peri-Urban / Sparse,0.3541,0.0023,0.8037,0.7000,#FFAA00,20.05343655120561,50.92896781452572
1787,0.3731,Moderate Risk,3,1.20,0.1061,Bare Land,Peri-Urban / Sparse,0.3541,0.0027,0.8030,0.7000,#FFAA00,19.828074216155823,48.443165648097896
1788,0.3731,Moderate Risk,3,1.33,0.1062,Bare Land,Peri-Urban / Sparse,0.3541,0.0030,0.8026,0.7000,#FFAA00,20.771031210519922,51.18701725882227
1789,0.3731,Moderate Risk,3,1.09,0.1060,Bare Land,Peri-Urban / Sparse,0.3541,0.0025,0.8034,0.7000,#FFAA00,19.942858776211192,49.77790148181343
1790,0.3731,Moderate Risk,3,1.25,0.1061,Bare Land,Peri-Urban / Sparse,0.3541,0.0028,0.8030,0.7000,#FFAA00,20.39831114104041,51.44766609172723
1791,0.3731,Moderate Risk,3,1.29,0.1061,Bare Land,Peri-Urban / Sparse,0.3541,0.0030,0.8028,0.7000,#FFAA00,20.629226778801815,51.08917521013916
1792,0.3731,Moderate Risk,3,1.29,0.1061,Bare Land,Peri-Urban / Sparse,0.3541,0.0029,0.8027,0.7000,#FFAA00,20.630847449307783,51.04320010728377
1793,0.3731,Moderate Risk,3,1.40,0.1062,Bare Land,Peri-Urban / Sparse,0.3541,0.0032,0.8026,0.7000,#FFAA00,21.052583628854986,51.42939649358803
1794,0.3731,Moderate Risk,3,5.11,0.1255,Minepits/Industry,Peri-Urban / Sparse,0.3541,0.0116,0.6899,0.9000,#FFAA00,23.600951715888222,49.09998458435088
1795,0.3731,Moderate Risk,3,0.87,0.1059,Bare Land,Rural / Scattered,0.3541,0.0020,0.8043,0.7000,#FFAA00,19.647013816286965,49.95233543093962
1796,0.3731,Moderate Risk,3,2.15,0.1067,Bare Land,Peri-Urban / Sparse,0.3541,0.0049,0.7997,0.7000,#FFAA00,21.409680014116567,51.583723696549804
1797,0.3731,Moderate Risk,3,0.75,0.1058,Bare Land,Rural / Scattered,0.3541,0.0017,0.8049,0.7000,#FFAA00,19.635173970493792,50.364159539151224
1798,0.3731,Moderate Risk,3,2.84,0.1242,Minepits/Industry,Peri-Urban / Sparse,0.3541,0.0065,0.6974,0.9000,#FFAA00,25.064811694942957,48.81364885256749
1799,0.3731,Moderate Risk,3,1.30,0.1061,Bare Land,Peri-Urban / Sparse,0.3541,0.0030,0.8028,0.7000,#FFAA00,20.73338436393141,50.125263323417855
1800,0.3731,Moderate Risk,3,1.74,0.1064,Bare Land,Peri-Urban / Sparse,0.3541,0.0040,0.8015,0.7000,#FFAA00,21.197588657545847,51.435676591624066
1801,0.3731,Moderate Risk,3,21.17,0.1349,Minepits/Industry,Low Density Urban,0.3541,0.0483,0.6351,0.9000,#FFAA00,24.106317836335382,49.25788329187678
1802,0.3731,Moderate Risk,3,1.21,0.1061,Bare Land,Peri-Urban / Sparse,0.3541,0.0028,0.8033,0.7000,#FFAA00,19.6841235940735,48.34828496969637
1803,0.3731,Moderate Risk,3,0.98,0.1059,Bare Land,Rural / Scattered,0.3541,0.0022,0.8041,0.7000,#FFAA00,19.870139129810834,49.77571388491764
1804,0.3731,Moderate Risk,3,1.29,0.1061,Bare Land,Peri-Urban / Sparse,0.3541,0.0029,0.8030,0.7000,#FFAA00,20.696827318114405,51.23004153814903
1805,0.3731,Moderate Risk,3,0.26,0.1056,Bare Land,Rural / Scattered,0.3541,0.0006,0.8062,0.7000,#FFAA00,19.478642930667466,50.724823418621455
1806,0.3731,Moderate Risk,3,0.81,0.1058,Bare Land,Rural / Scattered,0.3541,0.0019,0.8046,0.7000,#FFAA00,19.713228096088457,50.183506743945664
1807,0.3731,Moderate Risk,3,1.40,0.1062,Bare Land,Peri-Urban / Sparse,0.3541,0.0032,0.8026,0.7000,#FFAA00,21.05432827438075,51.38332266226679
1808,0.3730,Moderate Risk,3,1.48,0.1063,Bare Land,Peri-Urban / Sparse,0.3541,0.0034,0.8018,0.7000,#FFAA00,21.422305549041816,48.850528289210615
1809,0.3730,Moderate Risk,3,1.29,0.1062,Bare Land,Peri-Urban / Sparse,0.3541,0.0030,0.8023,0.7000,#FFAA00,20.634052429240167,50.95123670064057
1810,0.3730,Moderate Risk,3,1.34,0.1062,Bare Land,Peri-Urban / Sparse,0.3541,0.0030,0.8023,0.7000,#FFAA00,20.841894684070862,51.23601558118211
1811,0.3730,Moderate Risk,3,0.95,0.1060,Bare Land,Rural / Scattered,0.3541,0.0022,0.8035,0.7000,#FFAA00,19.65318666591217,49.72341871392399
1812,0.3730,Moderate Risk,3,2.40,0.1068,Bare Land,Peri-Urban / Sparse,0.3541,0.0055,0.7988,0.7000,#FFAA00,22.06752792118892,51.4744882825532
1813,0.3730,Moderate Risk,3,14.10,0.1137,Bare Land,Low Density Urban,0.3541,0.0321,0.7587,0.7000,#FFAA00,25.79492381300418,48.74076752206606
1814,0.3730,Moderate Risk,3,1.25,0.1062,Bare Land,Peri-Urban / Sparse,0.3541,0.0028,0.8024,0.7000,#FFAA00,20.396601466902144,51.49353605699039
1815,0.3730,Moderate Risk,3,2.28,0.1068,Bare Land,Peri-Urban / Sparse,0.3541,0.0052,0.7989,0.7000,#FFAA00,21.848227794263213,51.51091911002929
1816,0.3730,Moderate Risk,3,1.26,0.1062,Bare Land,Peri-Urban / Sparse,0.3541,0.0029,0.8024,0.7000,#FFAA00,20.578173865496286,50.44254555524511
1817,0.3730,Moderate Risk,3,1.26,0.1062,Bare Land,Peri-Urban / Sparse,0.3541,0.0029,0.8023,0.7000,#FFAA00,20.622623009078715,51.273030851275024
1818,0.3730,Moderate Risk,3,0.80,0.1059,Bare Land,Rural / Scattered,0.3541,0.0018,0.8042,0.7000,#FFAA00,19.7105516815891,50.27505319801045
1819,0.3730,Moderate Risk,3,2.93,0.1072,Bare Land,Peri-Urban / Sparse,0.3541,0.0067,0.7967,0.7000,#FFAA00,22.72042536565177,49.35412717420964
1820,0.3729,Moderate Risk,3,1.56,0.1064,Bare Land,Peri-Urban / Sparse,0.3541,0.0035,0.8011,0.7000,#FFAA00,20.997137946493456,48.284139610578784
1821,0.3729,Moderate Risk,3,7.22,0.1098,Bare Land,Peri-Urban / Sparse,0.3541,0.0164,0.7815,0.7000,#FFAA00,25.722158795506953,48.738485040235375
1822,0.3729,Moderate Risk,3,1.31,0.1063,Bare Land,Peri-Urban / Sparse,0.3541,0.0030,0.8016,0.7000,#FFAA00,20.703407776072364,51.04608161415604
1823,0.3729,Moderate Risk,3,0.94,0.1061,Bare Land,Rural / Scattered,0.3541,0.0021,0.8033,0.7000,#FFAA00,19.7246973703642,49.77136763957337
1824,0.3729,Moderate Risk,3,1.28,0.1063,Bare Land,Peri-Urban / Sparse,0.3541,0.0029,0.8017,0.7000,#FFAA00,20.573766021718466,50.58055828538826
1825,0.3729,Moderate Risk,3,1.26,0.1063,Bare Land,Peri-Urban / Sparse,0.3541,0.0029,0.8021,0.7000,#FFAA00,20.553406530633673,51.17817847211919
1826,0.3729,Moderate Risk,3,1.86,0.1066,Bare Land,Peri-Urban / Sparse,0.3541,0.0042,0.8001,0.7000,#FFAA00,21.270089569610402,51.43883667477841
1827,0.3729,Moderate Risk,3,0.23,0.1057,Bare Land,Rural / Scattered,0.3541,0.0005,0.8054,0.7000,#FFAA00,19.414478884338042,50.44830273475915
1828,0.3729,Moderate Risk,3,0.78,0.1060,Bare Land,Rural / Scattered,0.3541,0.0018,0.8036,0.7000,#FFAA00,19.432595721519068,49.80851616422207
1829,0.3729,Moderate Risk,3,1.23,0.1063,Bare Land,Peri-Urban / Sparse,0.3541,0.0028,0.8019,0.7000,#FFAA00,20.32917467703632,51.35293172618167
1830,0.3729,Moderate Risk,3,0.89,0.1061,Bare Land,Rural / Scattered,0.3541,0.0020,0.8031,0.7000,#FFAA00,19.858578388387542,50.18822446177998
1831,0.3729,Moderate Risk,3,1.58,0.1065,Bare Land,Peri-Urban / Sparse,0.3541,0.0036,0.8008,0.7000,#FFAA00,21.123323060006808,51.47862104000696
1832,0.3729,Moderate Risk,3,0.93,0.1061,Bare Land,Rural / Scattered,0.3541,0.0021,0.8032,0.7000,#FFAA00,19.580458904701647,49.72129006772674
1833,0.3729,Moderate Risk,3,1.12,0.1061,Bare Land,Peri-Urban / Sparse,0.3541,0.0026,0.8027,0.7000,#FFAA00,19.46297704562318,48.481208729248685
1834,0.3728,Moderate Risk,3,1.30,0.1064,Bare Land,Peri-Urban / Sparse,0.3541,0.0030,0.8015,0.7000,#FFAA00,20.700141857163747,51.13807054949262
1835,0.3728,Moderate Risk,3,1.26,0.1063,Bare Land,Peri-Urban / Sparse,0.3541,0.0029,0.8017,0.7000,#FFAA00,20.465632282786498,51.58836136458504
1836,0.3728,Moderate Risk,3,0.97,0.1062,Bare Land,Rural / Scattered,0.3541,0.0022,0.8025,0.7000,#FFAA00,19.45259140730785,48.98495923817563
1837,0.3728,Moderate Risk,3,1.48,0.1065,Bare Land,Peri-Urban / Sparse,0.3541,0.0034,0.8007,0.7000,#FFAA00,20.99346389961152,48.46920348616639
1838,0.3728,Moderate Risk,3,1.24,0.1063,Bare Land,Peri-Urban / Sparse,0.3541,0.0028,0.8017,0.7000,#FFAA00,19.469653600914715,48.11465321520772
1839,0.3728,Moderate Risk,3,2.31,0.1070,Bare Land,Peri-Urban / Sparse,0.3541,0.0053,0.7977,0.7000,#FFAA00,21.920712223895624,51.514223939356334
1840,0.3728,Moderate Risk,3,1.26,0.1064,Bare Land,Peri-Urban / Sparse,0.3541,0.0029,0.8015,0.7000,#FFAA00,20.551755875711475,51.22411867338397
1841,0.3728,Moderate Risk,3,8.83,0.1108,Bare Land,Peri-Urban / Sparse,0.3541,0.0201,0.7758,0.7000,#FFAA00,25.60891932305164,50.075705803840215
1842,0.3728,Moderate Risk,3,1.15,0.1063,Bare Land,Peri-Urban / Sparse,0.3541,0.0026,0.8021,0.7000,#FFAA00,20.251225438511685,49.09704628429983
1843,0.3728,Moderate Risk,3,0.89,0.1061,Bare Land,Rural / Scattered,0.3541,0.0020,0.8030,0.7000,#FFAA00,19.847507108252927,50.55464773361209
1844,0.3728,Moderate Risk,3,1.02,0.1062,Bare Land,Peri-Urban / Sparse,0.3541,0.0023,0.8024,0.7000,#FFAA00,19.871365076643986,49.72986176325598
1845,0.3728,Moderate Risk,3,2.14,0.1069,Bare Land,Peri-Urban / Sparse,0.3541,0.0049,0.7984,0.7000,#FFAA00,23.510865403919063,49.70931182116896
1846,0.3728,Moderate Risk,3,1.38,0.1064,Bare Land,Peri-Urban / Sparse,0.3541,0.0031,0.8010,0.7000,#FFAA00,20.740113842310492,49.8948134970109
1847,0.3728,Moderate Risk,3,0.82,0.1061,Bare Land,Rural / Scattered,0.3541,0.0019,0.8032,0.7000,#FFAA00,19.71454890735699,50.13772793110571
1848,0.3728,Moderate Risk,3,1.21,0.1063,Bare Land,Peri-Urban / Sparse,0.3541,0.0028,0.8018,0.7000,#FFAA00,19.468859458624678,48.16048079071974
1849,0.3728,Moderate Risk,3,1.20,0.1063,Bare Land,Peri-Urban / Sparse,0.3541,0.0027,0.8019,0.7000,#FFAA00,20.25831459081854,51.30412256435748
1850,0.3728,Moderate Risk,3,1.23,0.1063,Bare Land,Peri-Urban / Sparse,0.3541,0.0028,0.8018,0.7000,#FFAA00,20.32749538654336,51.398789855910486
1851,0.3728,Moderate Risk,3,1.01,0.1063,Bare Land,Peri-Urban / Sparse,0.3541,0.0023,0.8021,0.7000,#FFAA00,19.456529294407044,48.80181478739509
1852,0.3727,Moderate Risk,3,0.96,0.1063,Bare Land,Rural / Scattered,0.3541,0.0022,0.8020,0.7000,#FFAA00,19.918695010707566,50.60299394445756
1853,0.3727,Moderate Risk,3,2.17,0.1069,Bare Land,Peri-Urban / Sparse,0.3541,0.0049,0.7981,0.7000,#FFAA00,21.40785214581643,51.62988951199051
1854,0.3727,Moderate Risk,3,13.03,0.1134,Bare Land,Low Density Urban,0.3541,0.0297,0.7606,0.7000,#FFAA00,24.195026659277467,48.645213046257034
1855,0.3727,Moderate Risk,3,1.30,0.1065,Bare Land,Peri-Urban / Sparse,0.3541,0.0030,0.8007,0.7000,#FFAA00,20.732001681141313,50.17134214810253
1856,0.3727,Moderate Risk,3,1.31,0.1065,Bare Land,Peri-Urban / Sparse,0.3541,0.0030,0.8008,0.7000,#FFAA00,20.60108559943342,49.65982418876311
1857,0.3727,Moderate Risk,3,2.36,0.1071,Bare Land,Peri-Urban / Sparse,0.3541,0.0054,0.7973,0.7000,#FFAA00,21.99503902643963,51.47117919388164
1858,0.3727,Moderate Risk,3,2.18,0.1070,Bare Land,Peri-Urban / Sparse,0.3541,0.0050,0.7977,0.7000,#FFAA00,21.483979652946182,51.54079841713781
1859,0.3727,Moderate Risk,3,1.01,0.1063,Bare Land,Peri-Urban / Sparse,0.3541,0.0023,0.8018,0.7000,#FFAA00,19.45458337493915,48.89339257213475
1860,0.3727,Moderate Risk,3,1.44,0.1065,Bare Land,Peri-Urban / Sparse,0.3541,0.0033,0.8006,0.7000,#FFAA00,21.20496292131191,48.79852287277959
1861,0.3727,Moderate Risk,3,14.08,0.1139,Bare Land,Low Density Urban,0.3541,0.0321,0.7572,0.7000,#FFAA00,24.97345479443251,49.4778359860397
1862,0.3727,Moderate Risk,3,0.23,0.1058,Bare Land,Rural / Scattered,0.3541,0.0005,0.8046,0.7000,#FFAA00,19.407466981505408,50.67661844545382
1863,0.3727,Moderate Risk,3,2.41,0.1071,Bare Land,Peri-Urban / Sparse,0.3541,0.0055,0.7970,0.7000,#FFAA00,22.290519930398265,51.34509734437222
1864,0.3727,Moderate Risk,3,0.82,0.1062,Bare Land,Rural / Scattered,0.3541,0.0019,0.8027,0.7000,#FFAA00,19.644463644291488,50.04387753630518
1865,0.3727,Moderate Risk,3,0.83,0.1062,Bare Land,Rural / Scattered,0.3541,0.0019,0.8023,0.7000,#FFAA00,19.783216591276712,50.27744792911212
1866,0.3727,Moderate Risk,3,2.03,0.1069,Bare Land,Peri-Urban / Sparse,0.3541,0.0046,0.7986,0.7000,#FFAA00,21.413298031778222,51.4913774354608
1867,0.3727,Moderate Risk,3,1.30,0.1064,Bare Land,Peri-Urban / Sparse,0.3541,0.0030,0.8010,0.7000,#FFAA00,20.635636728876293,50.90524846268384
1868,0.3727,Moderate Risk,3,1.07,0.1063,Bare Land,Peri-Urban / Sparse,0.3541,0.0024,0.8019,0.7000,#FFAA00,20.11813010822381,51.160841663382485
1869,0.3727,Moderate Risk,3,1.33,0.1065,Bare Land,Peri-Urban / Sparse,0.3541,0.0030,0.8007,0.7000,#FFAA00,20.737458854705842,49.98700443483787
1870,0.3726,Moderate Risk,3,1.20,0.1065,Bare Land,Peri-Urban / Sparse,0.3541,0.0027,0.8008,0.7000,#FFAA00,19.971023200523096,48.58418202320789
1871,0.3726,Moderate Risk,3,1.26,0.1066,Bare Land,Peri-Urban / Sparse,0.3541,0.0029,0.8003,0.7000,#FFAA00,20.46211593962439,51.68011042394109
1872,0.3726,Moderate Risk,3,0.85,0.1063,Bare Land,Rural / Scattered,0.3541,0.0019,0.8017,0.7000,#FFAA00,19.437360395328756,49.62559281690339
1873,0.3726,Moderate Risk,3,0.82,0.1063,Bare Land,Rural / Scattered,0.3541,0.0019,0.8020,0.7000,#FFAA00,19.505315385788986,49.81066637977937
1874,0.3726,Moderate Risk,3,1.80,0.1240,Minepits/Industry,Peri-Urban / Sparse,0.3541,0.0041,0.6987,0.9000,#FFAA00,22.08877533559793,48.355457254356295
1875,0.3726,Moderate Risk,3,1.29,0.1066,Bare Land,Peri-Urban / Sparse,0.3541,0.0029,0.8003,0.7000,#FFAA00,20.56771924178548,50.76451808791366
1876,0.3726,Moderate Risk,3,1.96,0.1070,Bare Land,Peri-Urban / Sparse,0.3541,0.0045,0.7979,0.7000,#FFAA00,23.098692872094894,48.8028019090064
1877,0.3726,Moderate Risk,3,1.30,0.1066,Bare Land,Peri-Urban / Sparse,0.3541,0.0030,0.8002,0.7000,#FFAA00,19.544082760752886,48.02434705338738
1878,0.3726,Moderate Risk,3,1.01,0.1064,Bare Land,Peri-Urban / Sparse,0.3541,0.0023,0.8013,0.7000,#FFAA00,20.051888854942813,50.97478213723297
1879,0.3726,Moderate Risk,3,1.34,0.1065,Bare Land,Peri-Urban / Sparse,0.3541,0.0030,0.8004,0.7000,#FFAA00,20.843570741430575,51.18998894351315
1880,0.3726,Moderate Risk,3,1.93,0.1069,Bare Land,Peri-Urban / Sparse,0.3541,0.0044,0.7982,0.7000,#FFAA00,23.3654728336712,49.7041512963927
1881,0.3726,Moderate Risk,3,1.26,0.1065,Bare Land,Peri-Urban / Sparse,0.3541,0.0029,0.8005,0.7000,#FFAA00,20.463880091056474,51.63423830263732
1882,0.3725,Moderate Risk,3,16.18,0.1154,Bare Land,Low Density Urban,0.3541,0.0369,0.7489,0.7000,#FFAA00,25.566343379187085,49.11671553802827
1883,0.3725,Moderate Risk,3,2.23,0.1072,Bare Land,Peri-Urban / Sparse,0.3541,0.0051,0.7965,0.7000,#FFAA00,21.63076785791006,51.501086892550596
1884,0.3725,Moderate Risk,3,0.79,0.1063,Bare Land,Rural / Scattered,0.3541,0.0018,0.8015,0.7000,#FFAA00,19.433804066782855,49.76279038563969
1885,0.3725,Moderate Risk,3,1.25,0.1066,Bare Land,Peri-Urban / Sparse,0.3541,0.0029,0.7999,0.7000,#FFAA00,20.394879863130086,51.53940131315869
1886,0.3725,Moderate Risk,3,1.20,0.1066,Bare Land,Peri-Urban / Sparse,0.3541,0.0027,0.8001,0.7000,#FFAA00,20.256653656510668,51.34996422124286
1887,0.3725,Moderate Risk,3,0.63,0.1062,Bare Land,Rural / Scattered,0.3541,0.0014,0.8023,0.7000,#FFAA00,19.549794920936414,50.773076060693555
1888,0.3725,Moderate Risk,3,0.80,0.1064,Bare Land,Rural / Scattered,0.3541,0.0018,0.8015,0.7000,#FFAA00,19.64186721445783,50.135405207205075
1889,0.3725,Moderate Risk,3,1.67,0.1240,Minepits/Industry,Peri-Urban / Sparse,0.3541,0.0038,0.6987,0.9000,#FFAA00,22.302253112909582,48.59405969057449
1890,0.3725,Moderate Risk,3,0.76,0.1063,Bare Land,Rural / Scattered,0.3541,0.0017,0.8019,0.7000,#FFAA00,19.706450141249586,50.4123444655599
1891,0.3725,Moderate Risk,3,1.15,0.1065,Bare Land,Peri-Urban / Sparse,0.3541,0.0026,0.8006,0.7000,#FFAA00,20.18056149884869,49.003167469993734
1892,0.3725,Moderate Risk,3,0.78,0.1063,Bare Land,Rural / Scattered,0.3541,0.0018,0.8016,0.7000,#FFAA00,19.776295320543262,50.506350003419946
1893,0.3725,Moderate Risk,3,0.89,0.1064,Bare Land,Rural / Scattered,0.3541,0.0020,0.8012,0.7000,#FFAA00,19.50892056532871,49.673418102569975
1894,0.3725,Moderate Risk,3,1.20,0.1066,Bare Land,Peri-Urban / Sparse,0.3541,0.0027,0.8002,0.7000,#FFAA00,20.39121658434764,49.331082197991954
1895,0.3725,Moderate Risk,3,1.44,0.1067,Bare Land,Peri-Urban / Sparse,0.3541,0.0033,0.7993,0.7000,#FFAA00,21.207023468847922,48.7058982971728
1896,0.3725,Moderate Risk,3,0.99,0.1065,Bare Land,Rural / Scattered,0.3541,0.0023,0.8010,0.7000,#FFAA00,19.453593145638884,48.93917731120477
1897,0.3725,Moderate Risk,3,1.01,0.1065,Bare Land,Peri-Urban / Sparse,0.3541,0.0023,0.8008,0.7000,#FFAA00,20.050329404167616,51.02059215519548
1898,0.3724,Moderate Risk,3,1.29,0.1067,Bare Land,Peri-Urban / Sparse,0.3541,0.0029,0.7994,0.7000,#FFAA00,20.646386825884537,50.58321189383127
1899,0.3724,Moderate Risk,3,1.51,0.1068,Bare Land,Peri-Urban / Sparse,0.3541,0.0034,0.7989,0.7000,#FFAA00,21.57106450730219,48.71509164782566
1900,0.3724,Moderate Risk,3,1.29,0.1067,Bare Land,Peri-Urban / Sparse,0.3541,0.0029,0.7994,0.7000,#FFAA00,20.572272494910752,50.626554427474154
1901,0.3724,Moderate Risk,3,1.57,0.1069,Bare Land,Peri-Urban / Sparse,0.3541,0.0036,0.7986,0.7000,#FFAA00,21.407349045612985,49.45314576226316
1902,0.3724,Moderate Risk,3,2.41,0.1074,Bare Land,Peri-Urban / Sparse,0.3541,0.0055,0.7954,0.7000,#FFAA00,22.141859534329868,51.431396172492086
1903,0.3724,Moderate Risk,3,1.97,0.1072,Bare Land,Peri-Urban / Sparse,0.3541,0.0045,0.7969,0.7000,#FFAA00,21.910019109393748,49.70127158499222
1904,0.3724,Moderate Risk,3,2.20,0.1073,Bare Land,Peri-Urban / Sparse,0.3541,0.0050,0.7962,0.7000,#FFAA00,21.480322962301308,51.63317995833795
1905,0.3724,Moderate Risk,3,0.70,0.1064,Bare Land,Rural / Scattered,0.3541,0.0016,0.8014,0.7000,#FFAA00,19.563874461978873,50.31602233643632
1906,0.3724,Moderate Risk,3,1.30,0.1067,Bare Land,Peri-Urban / Sparse,0.3541,0.0030,0.7993,0.7000,#FFAA00,20.730606745789785,50.21741718152292
1907,0.3724,Moderate Risk,3,1.28,0.1067,Bare Land,Peri-Urban / Sparse,0.3541,0.0029,0.7993,0.7000,#FFAA00,19.472714565926992,47.93132097019534
1908,0.3724,Moderate Risk,3,0.95,0.1066,Bare Land,Rural / Scattered,0.3541,0.0022,0.8004,0.7000,#FFAA00,19.98390335422457,50.834638668892424
1909,0.3724,Moderate Risk,3,1.30,0.1067,Bare Land,Peri-Urban / Sparse,0.3541,0.0030,0.7995,0.7000,#FFAA00,20.729199562154818,50.26348839039661
1910,0.3724,Moderate Risk,3,3.70,0.1082,Bare Land,Peri-Urban / Sparse,0.3541,0.0084,0.7910,0.7000,#FFAA00,25.041775053738732,49.62328050859841
1911,0.3724,Moderate Risk,3,0.95,0.1065,Bare Land,Rural / Scattered,0.3541,0.0022,0.8005,0.7000,#FFAA00,19.91724121031464,50.64879589240423
1912,0.3724,Moderate Risk,3,1.50,0.1068,Bare Land,Peri-Urban / Sparse,0.3541,0.0034,0.7987,0.7000,#FFAA00,21.860152647295905,48.81562640144166
1913,0.3724,Moderate Risk,3,1.31,0.1067,Bare Land,Peri-Urban / Sparse,0.3541,0.0030,0.7993,0.7000,#FFAA00,20.705022490478736,51.00008049884109
1914,0.3724,Moderate Risk,3,1.51,0.1068,Bare Land,Peri-Urban / Sparse,0.3541,0.0034,0.7987,0.7000,#FFAA00,21.58257677613767,48.15774924756215
1915,0.3724,Moderate Risk,3,2.20,0.1073,Bare Land,Peri-Urban / Sparse,0.3541,0.0050,0.7961,0.7000,#FFAA00,21.556462897100996,51.54405751450364
1916,0.3724,Moderate Risk,3,1.29,0.1067,Bare Land,Peri-Urban / Sparse,0.3541,0.0029,0.7996,0.7000,#FFAA00,19.61539147324461,48.117452651741544
1917,0.3724,Moderate Risk,3,1.30,0.1068,Bare Land,Peri-Urban / Sparse,0.3541,0.0030,0.7992,0.7000,#FFAA00,20.641852546016825,50.72125271548894
1918,0.3723,Moderate Risk,3,11.86,0.1130,Bare Land,Low Density Urban,0.3541,0.0270,0.7627,0.7000,#FFAA00,24.049448859725466,48.64108557047478
1919,0.3723,Moderate Risk,3,0.81,0.1065,Bare Land,Rural / Scattered,0.3541,0.0018,0.8005,0.7000,#FFAA00,19.711895686148107,50.22928184368584
1920,0.3723,Moderate Risk,3,1.32,0.1068,Bare Land,Peri-Urban / Sparse,0.3541,0.0030,0.7989,0.7000,#FFAA00,20.912732122783062,51.285065759978245
1921,0.3723,Moderate Risk,3,1.33,0.1068,Bare Land,Peri-Urban / Sparse,0.3541,0.0030,0.7990,0.7000,#FFAA00,20.914426829144166,51.23902186369004
1922,0.3723,Moderate Risk,3,2.23,0.1073,Bare Land,Peri-Urban / Sparse,0.3541,0.0051,0.7959,0.7000,#FFAA00,21.628945039858593,51.54733031584282
1923,0.3723,Moderate Risk,3,1.29,0.1068,Bare Land,Peri-Urban / Sparse,0.3541,0.0029,0.7991,0.7000,#FFAA00,19.68581298347397,48.2565226822075
1924,0.3723,Moderate Risk,3,1.07,0.1067,Bare Land,Peri-Urban / Sparse,0.3541,0.0024,0.7997,0.7000,#FFAA00,20.119731050256537,51.11502391460241
1925,0.3723,Moderate Risk,3,0.71,0.1065,Bare Land,Rural / Scattered,0.3541,0.0016,0.8008,0.7000,#FFAA00,19.565219266216303,50.270295565135505
1926,0.3723,Moderate Risk,3,1.31,0.1068,Bare Land,Peri-Urban / Sparse,0.3541,0.0030,0.7988,0.7000,#FFAA00,20.701780896643704,51.09207830869228
1927,0.3723,Moderate Risk,3,0.92,0.1066,Bare Land,Rural / Scattered,0.3541,0.0021,0.8003,0.7000,#FFAA00,19.914298530321176,50.740387573838724
1928,0.3723,Moderate Risk,3,1.26,0.1067,Bare Land,Peri-Urban / Sparse,0.3541,0.0029,0.7992,0.7000,#FFAA00,20.62429210462238,51.22707372223669
1929,0.3723,Moderate Risk,3,1.29,0.1068,Bare Land,Peri-Urban / Sparse,0.3541,0.0029,0.7988,0.7000,#FFAA00,20.647873926179763,50.537190079699094
1930,0.3723,Moderate Risk,3,0.24,0.1062,Bare Land,Rural / Scattered,0.3541,0.0005,0.8024,0.7000,#FFAA00,19.415847111405864,50.40262784006404
1931,0.3723,Moderate Risk,3,1.53,0.1069,Bare Land,Peri-Urban / Sparse,0.3541,0.0035,0.7981,0.7000,#FFAA00,21.267829611747462,49.217261748318776
1932,0.3723,Moderate Risk,3,1.30,0.1068,Bare Land,Peri-Urban / Sparse,0.3541,0.0030,0.7988,0.7000,#FFAA00,20.644887559361187,50.62922962654721
1933,0.3722,Moderate Risk,3,0.84,0.1066,Bare Land,Rural / Scattered,0.3541,0.0019,0.7999,0.7000,#FFAA00,19.64574451447179,49.99810827177769
1934,0.3722,Moderate Risk,3,1.31,0.1069,Bare Land,Peri-Urban / Sparse,0.3541,0.0030,0.7982,0.7000,#FFAA00,20.706625034927974,50.95407499572294
1935,0.3722,Moderate Risk,3,1.98,0.1073,Bare Land,Peri-Urban / Sparse,0.3541,0.0045,0.7958,0.7000,#FFAA00,23.654812143715162,49.761585793935105
1936,0.3722,Moderate Risk,3,0.84,0.1066,Bare Land,Rural / Scattered,0.3541,0.0019,0.7998,0.7000,#FFAA00,19.506528608450417,49.76492034385516
1937,0.3722,Moderate Risk,3,2.43,0.1076,Bare Land,Peri-Urban / Sparse,0.3541,0.0055,0.7943,0.7000,#FFAA00,22.069365097788552,51.428096759789675
1938,0.3722,Moderate Risk,3,1.37,0.1069,Bare Land,Peri-Urban / Sparse,0.3541,0.0031,0.7981,0.7000,#FFAA00,20.8087972455324,50.035509017266904
1939,0.3722,Moderate Risk,3,1.23,0.1069,Bare Land,Peri-Urban / Sparse,0.3541,0.0028,0.7985,0.7000,#FFAA00,20.324101128577162,51.49049218026815
1940,0.3722,Moderate Risk,3,1.55,0.1070,Bare Land,Peri-Urban / Sparse,0.3541,0.0035,0.7976,0.7000,#FFAA00,21.12508667601926,51.432529874335316
1941,0.3722,Moderate Risk,3,2.40,0.1075,Bare Land,Peri-Urban / Sparse,0.3541,0.0055,0.7946,0.7000,#FFAA00,22.214352857988242,51.43470925056716
1942,0.3722,Moderate Risk,3,76.41,0.0995,Natural Vegetation,Medium Density Urban,0.3541,0.1742,0.8415,0.1000,#FFAA00,24.107629901907586,49.21061510600302
1943,0.3722,Moderate Risk,3,1.21,0.1069,Bare Land,Peri-Urban / Sparse,0.3541,0.0027,0.7985,0.7000,#FFAA00,19.900020300499726,48.49067514618628
1944,0.3722,Moderate Risk,3,1.41,0.1070,Bare Land,Peri-Urban / Sparse,0.3541,0.0032,0.7980,0.7000,#FFAA00,21.056060559106268,51.33724412914372
1945,0.3722,Moderate Risk,3,1.14,0.1068,Bare Land,Peri-Urban / Sparse,0.3541,0.0026,0.7987,0.7000,#FFAA00,20.185786104864633,51.30118894839636
1946,0.3722,Moderate Risk,3,1.37,0.1070,Bare Land,Peri-Urban / Sparse,0.3541,0.0031,0.7980,0.7000,#FFAA00,20.738792485207348,49.940910778233544
1947,0.3721,Moderate Risk,3,0.81,0.1067,Bare Land,Rural / Scattered,0.3541,0.0018,0.7995,0.7000,#FFAA00,19.435000963259434,49.7170612134244
1948,0.3721,Moderate Risk,3,1.23,0.1069,Bare Land,Peri-Urban / Sparse,0.3541,0.0028,0.7981,0.7000,#FFAA00,20.325804202009028,51.44464335142875
1949,0.3721,Moderate Risk,3,1.34,0.1070,Bare Land,Peri-Urban / Sparse,0.3541,0.0031,0.7977,0.7000,#FFAA00,20.983543371387963,51.33416803896931
1950,0.3721,Moderate Risk,3,1.25,0.1069,Bare Land,Peri-Urban / Sparse,0.3541,0.0029,0.7981,0.7000,#FFAA00,20.393146334961273,51.58526182773535
1951,0.3721,Moderate Risk,3,1.17,0.1069,Bare Land,Peri-Urban / Sparse,0.3541,0.0027,0.7985,0.7000,#FFAA00,20.320712956942362,49.237024398910805
1952,0.3721,Moderate Risk,3,1.48,0.1071,Bare Land,Peri-Urban / Sparse,0.3541,0.0034,0.7970,0.7000,#FFAA00,21.351610580971787,48.75591137827712
1953,0.3721,Moderate Risk,3,2.26,0.1075,Bare Land,Peri-Urban / Sparse,0.3541,0.0051,0.7946,0.7000,#FFAA00,21.703255607390858,51.5043506175219
1954,0.3721,Moderate Risk,3,0.76,0.1067,Bare Land,Rural / Scattered,0.3541,0.0017,0.7995,0.7000,#FFAA00,19.70365788379071,50.50385265841028
1955,0.3721,Moderate Risk,3,0.76,0.1066,Bare Land,Rural / Scattered,0.3541,0.0017,0.7998,0.7000,#FFAA00,19.70505979943784,50.45810051536791
1956,0.3721,Moderate Risk,3,1.44,0.1070,Bare Land,Peri-Urban / Sparse,0.3541,0.0033,0.7975,0.7000,#FFAA00,21.431394629163393,48.433042309325046
1957,0.3721,Moderate Risk,3,15.58,0.1153,Bare Land,Low Density Urban,0.3541,0.0355,0.7492,0.7000,#FFAA00,23.975529247497192,48.686287086638764
1958,0.3721,Moderate Risk,3,2.40,0.1076,Bare Land,Peri-Urban / Sparse,0.3541,0.0055,0.7940,0.7000,#FFAA00,22.21619024774358,51.388265945508124
1959,0.3721,Moderate Risk,3,0.96,0.1068,Bare Land,Rural / Scattered,0.3541,0.0022,0.7991,0.7000,#FFAA00,19.451578162999482,49.03073832063691
1960,0.3721,Moderate Risk,3,0.88,0.1067,Bare Land,Rural / Scattered,0.3541,0.0020,0.7995,0.7000,#FFAA00,19.57680459563262,49.85858918711867
1961,0.3721,Moderate Risk,3,1.50,0.1071,Bare Land,Peri-Urban / Sparse,0.3541,0.0034,0.7971,0.7000,#FFAA00,21.51059965246494,48.10973362503634
1962,0.3721,Moderate Risk,3,1.52,0.1071,Bare Land,Peri-Urban / Sparse,0.3541,0.0035,0.7970,0.7000,#FFAA00,21.42748305622651,48.61861879106424
1963,0.3721,Moderate Risk,3,8.86,0.1114,Bare Land,Peri-Urban / Sparse,0.3541,0.0202,0.7719,0.7000,#FFAA00,25.70906515258712,49.21749061410821
1964,0.3721,Moderate Risk,3,2.01,0.1074,Bare Land,Peri-Urban / Sparse,0.3541,0.0046,0.7953,0.7000,#FFAA00,23.57166737360882,50.08816927876492
1965,0.3721,Moderate Risk,3,1.30,0.1070,Bare Land,Peri-Urban / Sparse,0.3541,0.0030,0.7978,0.7000,#FFAA00,20.655126776214882,50.30702094623214
1966,0.3721,Moderate Risk,3,1.29,0.1069,Bare Land,Peri-Urban / Sparse,0.3541,0.0029,0.7981,0.7000,#FFAA00,19.614590914400857,48.16332125063663
1967,0.3721,Moderate Risk,3,1.40,0.1070,Bare Land,Peri-Urban / Sparse,0.3541,0.0032,0.7977,0.7000,#FFAA00,20.811487016129444,49.94328158155295
1968,0.3721,Moderate Risk,3,1.40,0.1070,Bare Land,Peri-Urban / Sparse,0.3541,0.0032,0.7977,0.7000,#FFAA00,20.810148288883703,49.989397132366655
1969,0.3721,Moderate Risk,3,2.19,0.1075,Bare Land,Peri-Urban / Sparse,0.3541,0.0050,0.7950,0.7000,#FFAA00,21.482157616438254,51.58699163712216
1970,0.3721,Moderate Risk,3,1.55,0.1071,Bare Land,Peri-Urban / Sparse,0.3541,0.0035,0.7970,0.7000,#FFAA00,20.998899752479396,48.191592953430614
1971,0.3721,Moderate Risk,3,2.11,0.1075,Bare Land,Peri-Urban / Sparse,0.3541,0.0048,0.7949,0.7000,#FFAA00,23.631479078093378,50.467192478593276
1972,0.3721,Moderate Risk,3,1.89,0.1073,Bare Land,Peri-Urban / Sparse,0.3541,0.0043,0.7959,0.7000,#FFAA00,21.342589408385788,51.4420101532801
1973,0.3721,Moderate Risk,3,1.54,0.1071,Bare Land,Peri-Urban / Sparse,0.3541,0.0035,0.7972,0.7000,#FFAA00,20.92690666966767,48.143791515598174
1974,0.3720,Moderate Risk,3,1.34,0.1071,Bare Land,Peri-Urban / Sparse,0.3541,0.0031,0.7970,0.7000,#FFAA00,20.985256820188443,51.28810684414428
1975,0.3720,Moderate Risk,3,0.89,0.1068,Bare Land,Rural / Scattered,0.3541,0.0020,0.7988,0.7000,#FFAA00,19.846070695441874,50.600433037971335
1976,0.3720,Moderate Risk,3,2.32,0.1077,Bare Land,Peri-Urban / Sparse,0.3541,0.0053,0.7937,0.7000,#FFAA00,21.777565687282976,51.46133399760879
1977,0.3720,Moderate Risk,3,1.51,0.1072,Bare Land,Peri-Urban / Sparse,0.3541,0.0034,0.7966,0.7000,#FFAA00,21.564611878977377,48.99361616455391
1978,0.3720,Moderate Risk,3,0.23,0.1064,Bare Land,Rural / Scattered,0.3541,0.0005,0.8012,0.7000,#FFAA00,19.408892116959013,50.63096324482827
1979,0.3720,Moderate Risk,3,0.27,0.1064,Bare Land,Rural / Scattered,0.3541,0.0006,0.8011,0.7000,#FFAA00,19.481516117665063,50.633476833413546
1980,0.3720,Moderate Risk,3,0.87,0.1068,Bare Land,Rural / Scattered,0.3541,0.0020,0.7989,0.7000,#FFAA00,19.507730336182263,49.71917090736421
1981,0.3720,Moderate Risk,3,1.17,0.1070,Bare Land,Peri-Urban / Sparse,0.3541,0.0027,0.7980,0.7000,#FFAA00,19.396783641734768,48.11326289124227
1982,0.3720,Moderate Risk,3,1.06,0.1069,Bare Land,Peri-Urban / Sparse,0.3541,0.0024,0.7984,0.7000,#FFAA00,20.116517384938224,51.20665496876071
1983,0.3720,Moderate Risk,3,1.39,0.1071,Bare Land,Peri-Urban / Sparse,0.3541,0.0032,0.7971,0.7000,#FFAA00,20.742719720132502,49.80260819422591
1984,0.3720,Moderate Risk,3,2.11,0.1075,Bare Land,Peri-Urban / Sparse,0.3541,0.0048,0.7947,0.7000,#FFAA00,23.79574544569168,49.908229986123274
1985,0.3720,Moderate Risk,3,1.54,0.1072,Bare Land,Peri-Urban / Sparse,0.3541,0.0035,0.7964,0.7000,#FFAA00,21.06240530645594,48.65600386639631
1986,0.3720,Moderate Risk,3,1.40,0.1072,Bare Land,Peri-Urban / Sparse,0.3541,0.0032,0.7968,0.7000,#FFAA00,20.81281342315802,49.89716239825685
1987,0.3720,Moderate Risk,3,2.17,0.1076,Bare Land,Peri-Urban / Sparse,0.3541,0.0050,0.7943,0.7000,#FFAA00,21.485789066233526,51.49460033192518
1988,0.3720,Moderate Risk,3,1.32,0.1071,Bare Land,Peri-Urban / Sparse,0.3541,0.0030,0.7972,0.7000,#FFAA00,20.807433890224246,50.081617202837954
1989,0.3720,Moderate Risk,3,1.59,0.1072,Bare Land,Peri-Urban / Sparse,0.3541,0.0036,0.7966,0.7000,#FFAA00,21.552828131074158,49.457580611946064
1990,0.3719,Moderate Risk,3,2.30,0.1078,Bare Land,Peri-Urban / Sparse,0.3541,0.0052,0.7933,0.7000,#FFAA00,21.922549019968056,51.46788380420505
1991,0.3719,Moderate Risk,3,1.29,0.1072,Bare Land,Peri-Urban / Sparse,0.3541,0.0029,0.7968,0.7000,#FFAA00,20.653700574600606,50.35306267088919
1992,0.3719,Moderate Risk,3,1.43,0.1072,Bare Land,Peri-Urban / Sparse,0.3541,0.0033,0.7965,0.7000,#FFAA00,21.057780477729736,51.29116092741116
1993,0.3719,Moderate Risk,3,0.86,0.1069,Bare Land,Rural / Scattered,0.3541,0.0020,0.7981,0.7000,#FFAA00,19.575563420307873,49.90434865901239
1994,0.3719,Moderate Risk,3,1.42,0.1072,Bare Land,Peri-Urban / Sparse,0.3541,0.0032,0.7964,0.7000,#FFAA00,21.205999520480614,48.75221197938045
1995,0.3719,Moderate Risk,3,0.77,0.1069,Bare Land,Rural / Scattered,0.3541,0.0018,0.7986,0.7000,#FFAA00,19.774876202631496,50.552118706100444
1996,0.3719,Moderate Risk,3,2.31,0.1077,Bare Land,Peri-Urban / Sparse,0.3541,0.0053,0.7935,0.7000,#FFAA00,21.850057905631207,51.46460208242518
1997,0.3719,Moderate Risk,3,1.30,0.1072,Bare Land,Peri-Urban / Sparse,0.3541,0.0030,0.7967,0.7000,#FFAA00,20.640316808479934,50.767258005636776
1998,0.3719,Moderate Risk,3,1.31,0.1071,Bare Land,Peri-Urban / Sparse,0.3541,0.0030,0.7969,0.7000,#FFAA00,20.708215404521415,50.90806513779528
1999,0.3719,Moderate Risk,3,1.15,0.1071,Bare Land,Peri-Urban / Sparse,0.3541,0.0026,0.7973,0.7000,#FFAA00,20.18160384061988,48.95717769130007
2000,0.3719,Moderate Risk,3,0.87,0.1069,Bare Land,Rural / Scattered,0.3541,0.0020,0.7983,0.7000,#FFAA00,19.841691557072938,50.7377647020202
2001,0.3719,Moderate Risk,3,1.29,0.1071,Bare Land,Peri-Urban / Sparse,0.3541,0.0030,0.7970,0.7000,#FFAA00,19.543308623346707,48.070199524975685
2002,0.3719,Moderate Risk,3,1.22,0.1071,Bare Land,Peri-Urban / Sparse,0.3541,0.0028,0.7971,0.7000,#FFAA00,20.46165329231961,49.42522215603707
2003,0.3719,Moderate Risk,3,1.45,0.1072,Bare Land,Peri-Urban / Sparse,0.3541,0.0033,0.7965,0.7000,#FFAA00,21.430435951026514,48.479440365667344
2004,0.3719,Moderate Risk,3,1.46,0.1072,Bare Land,Peri-Urban / Sparse,0.3541,0.0033,0.7965,0.7000,#FFAA00,21.279833238661936,48.707721414716865
2005,0.3719,Moderate Risk,3,0.87,0.1069,Bare Land,Rural / Scattered,0.3541,0.0020,0.7981,0.7000,#FFAA00,19.843162915432078,50.69199155447284
2006,0.3719,Moderate Risk,3,0.81,0.1069,Bare Land,Rural / Scattered,0.3541,0.0018,0.7983,0.7000,#FFAA00,19.64317120964302,50.08964319221264
2007,0.3718,Moderate Risk,3,1.42,0.1073,Bare Land,Peri-Urban / Sparse,0.3541,0.0032,0.7962,0.7000,#FFAA00,20.98695794401633,51.24204102403332
2008,0.3718,Moderate Risk,3,2.41,0.1079,Bare Land,Peri-Urban / Sparse,0.3541,0.0055,0.7926,0.7000,#FFAA00,22.292337616059694,51.298620762871025
2009,0.3718,Moderate Risk,3,0.84,0.1069,Bare Land,Rural / Scattered,0.3541,0.0019,0.7981,0.7000,#FFAA00,19.77054919870282,50.689400808732245
2010,0.3718,Moderate Risk,3,0.81,0.1069,Bare Land,Rural / Scattered,0.3541,0.0018,0.7981,0.7000,#FFAA00,19.504090671888154,49.85640898288703
2011,0.3718,Moderate Risk,3,1.58,0.1245,Minepits/Industry,Peri-Urban / Sparse,0.3541,0.0036,0.6955,0.9000,#FFAA00,22.374016670770192,48.64262493154825
2012,0.3718,Moderate Risk,3,1.26,0.1072,Bare Land,Peri-Urban / Sparse,0.3541,0.0029,0.7964,0.7000,#FFAA00,20.460339833856125,51.725977695991354
2013,0.3718,Moderate Risk,3,0.51,0.1068,Bare Land,Rural / Scattered,0.3541,0.0012,0.7989,0.7000,#FFAA00,21.22249210007064,47.91817215869975
2014,0.3718,Moderate Risk,3,0.96,0.1071,Bare Land,Rural / Scattered,0.3541,0.0022,0.7973,0.7000,#FFAA00,19.383712283943296,48.80011936476243
2015,0.3718,Moderate Risk,3,1.29,0.1072,Bare Land,Peri-Urban / Sparse,0.3541,0.0029,0.7965,0.7000,#FFAA00,20.65226218436624,50.39910047970404
2016,0.3718,Moderate Risk,3,0.78,0.1069,Bare Land,Rural / Scattered,0.3541,0.0018,0.7982,0.7000,#FFAA00,19.571770730292467,50.041605918965104
2017,0.3718,Moderate Risk,3,1.40,0.1073,Bare Land,Peri-Urban / Sparse,0.3541,0.0032,0.7961,0.7000,#FFAA00,20.916109251702885,51.19297338526407
2018,0.3718,Moderate Risk,3,1.31,0.1073,Bare Land,Peri-Urban / Sparse,0.3541,0.0030,0.7962,0.7000,#FFAA00,20.709793594396615,50.86205095806984
2019,0.3718,Moderate Risk,3,2.30,0.1079,Bare Land,Peri-Urban / Sparse,0.3541,0.0052,0.7927,0.7000,#FFAA00,21.775742254134578,51.50762801307707
2020,0.3718,Moderate Risk,3,1.33,0.1073,Bare Land,Peri-Urban / Sparse,0.3541,0.0030,0.7963,0.7000,#FFAA00,20.77268871226852,51.141007839700286
2021,0.3718,Moderate Risk,3,0.79,0.1069,Bare Land,Rural / Scattered,0.3541,0.0018,0.7982,0.7000,#FFAA00,19.502854470472435,49.902148120942115
2022,0.3717,Moderate Risk,3,0.70,0.1070,Bare Land,Rural / Scattered,0.3541,0.0016,0.7978,0.7000,#FFAA00,19.56251816338568,50.361745313360984
2023,0.3717,Moderate Risk,3,3.33,0.1257,Minepits/Industry,Peri-Urban / Sparse,0.3541,0.0076,0.6888,0.9000,#FFAA00,25.067232749018082,48.71833495819662
2024,0.3717,Moderate Risk,3,1.29,0.1073,Bare Land,Peri-Urban / Sparse,0.3541,0.0029,0.7959,0.7000,#FFAA00,20.650811609917252,50.44513433952886
2025,0.3717,Moderate Risk,3,1.30,0.1073,Bare Land,Peri-Urban / Sparse,0.3541,0.0030,0.7958,0.7000,#FFAA00,20.637208895158917,50.859255912221094
2026,0.3717,Moderate Risk,3,2.20,0.1079,Bare Land,Peri-Urban / Sparse,0.3541,0.0050,0.7926,0.7000,#FFAA00,21.558279009567038,51.49783680751379
2027,0.3717,Moderate Risk,3,1.61,0.1075,Bare Land,Peri-Urban / Sparse,0.3541,0.0037,0.7948,0.7000,#FFAA00,21.62556639495195,49.45981209264561
2028,0.3717,Moderate Risk,3,0.76,0.1070,Bare Land,Rural / Scattered,0.3541,0.0017,0.7978,0.7000,#FFAA00,19.70224439856812,50.549600862463656
2029,0.3717,Moderate Risk,3,3.29,0.1085,Bare Land,Peri-Urban / Sparse,0.3541,0.0075,0.7890,0.7000,#FFAA00,24.80662885871816,50.13753024671556
2030,0.3717,Moderate Risk,3,1.25,0.1073,Bare Land,Peri-Urban / Sparse,0.3541,0.0029,0.7958,0.7000,#FFAA00,20.389643526556803,51.67696850222382
2031,0.3717,Moderate Risk,3,1.20,0.1072,Bare Land,Peri-Urban / Sparse,0.3541,0.0027,0.7963,0.7000,#FFAA00,20.254980868996764,51.39580128611833
2032,0.3717,Moderate Risk,3,0.75,0.1070,Bare Land,Rural / Scattered,0.3541,0.0017,0.7979,0.7000,#FFAA00,19.637885905513485,50.272669083963244
2033,0.3717,Moderate Risk,3,2.31,0.1079,Bare Land,Peri-Urban / Sparse,0.3541,0.0053,0.7924,0.7000,#FFAA00,21.713964451080102,51.22665224690326
2034,0.3717,Moderate Risk,3,0.65,0.1069,Bare Land,Rural / Scattered,0.3541,0.0015,0.7983,0.7000,#FFAA00,19.551254479283056,50.72738867760964
2035,0.3717,Moderate Risk,3,2.26,0.1079,Bare Land,Peri-Urban / Sparse,0.3541,0.0051,0.7927,0.7000,#FFAA00,22.722950169894133,49.26057896494056
2036,0.3717,Moderate Risk,3,0.27,0.1067,Bare Land,Rural / Scattered,0.3541,0.0006,0.7996,0.7000,#FFAA00,19.482935584874213,50.58779750857239
2037,0.3717,Moderate Risk,3,2.34,0.1080,Bare Land,Peri-Urban / Sparse,0.3541,0.0053,0.7921,0.7000,#FFAA00,21.924372901385293,51.42153880579984
2038,0.3717,Moderate Risk,3,1.52,0.1075,Bare Land,Peri-Urban / Sparse,0.3541,0.0035,0.7951,0.7000,#FFAA00,21.1268378902031,51.386433963311035
2039,0.3717,Moderate Risk,3,0.23,0.1067,Bare Land,Rural / Scattered,0.3541,0.0005,0.7995,0.7000,#FFAA00,19.41030587923639,50.585304041518974
2040,0.3716,Moderate Risk,3,1.25,0.1074,Bare Land,Peri-Urban / Sparse,0.3541,0.0029,0.7954,0.7000,#FFAA00,20.391400887667782,51.63111756824301
2041,0.3716,Moderate Risk,3,1.49,0.1075,Bare Land,Peri-Urban / Sparse,0.3541,0.0034,0.7946,0.7000,#FFAA00,21.145469995287755,48.14838480695192
2042,0.3716,Moderate Risk,3,1.30,0.1074,Bare Land,Peri-Urban / Sparse,0.3541,0.0030,0.7952,0.7000,#FFAA00,20.64337613119731,50.67524324478229
2043,0.3716,Moderate Risk,3,1.28,0.1074,Bare Land,Peri-Urban / Sparse,0.3541,0.0029,0.7954,0.7000,#FFAA00,19.757828211649034,48.30390338590088
2044,0.3716,Moderate Risk,3,0.83,0.1071,Bare Land,Rural / Scattered,0.3541,0.0019,0.7970,0.7000,#FFAA00,19.436186407309705,49.6713286797749
2045,0.3716,Moderate Risk,3,0.23,0.1068,Bare Land,Rural / Scattered,0.3541,0.0005,0.7990,0.7000,#FFAA00,19.4117082640534,50.539640867445094
2046,0.3716,Moderate Risk,3,1.47,0.1075,Bare Land,Peri-Urban / Sparse,0.3541,0.0033,0.7948,0.7000,#FFAA00,21.209033400549085,48.613262702991996
2047,0.3716,Moderate Risk,3,1.30,0.1074,Bare Land,Peri-Urban / Sparse,0.3541,0.0030,0.7952,0.7000,#FFAA00,20.7190066918413,50.58587697286043
2048,0.3716,Moderate Risk,3,1.56,0.1076,Bare Land,Peri-Urban / Sparse,0.3541,0.0036,0.7943,0.7000,#FFAA00,21.799310619746713,48.25557672989292
2049,0.3716,Moderate Risk,3,1.14,0.1073,Bare Land,Peri-Urban / Sparse,0.3541,0.0026,0.7961,0.7000,#FFAA00,21.29454854290179,47.965987882749324
2050,0.3716,Moderate Risk,3,0.31,0.1069,Bare Land,Rural / Scattered,0.3541,0.0007,0.7985,0.7000,#FFAA00,19.487125429799452,50.45073578893968
2051,0.3716,Moderate Risk,3,1.40,0.1075,Bare Land,Peri-Urban / Sparse,0.3541,0.0032,0.7950,0.7000,#FFAA00,20.814127505894973,49.851039615924584
2052,0.3716,Moderate Risk,3,1.30,0.1074,Bare Land,Peri-Urban / Sparse,0.3541,0.0030,0.7953,0.7000,#FFAA00,20.638768923283074,50.81325908221271
2053,0.3716,Moderate Risk,3,0.61,0.1070,Bare Land,Rural / Scattered,0.3541,0.0014,0.7979,0.7000,#FFAA00,21.149623465234892,47.91674114361109
2054,0.3716,Moderate Risk,3,1.20,0.1073,Bare Land,Peri-Urban / Sparse,0.3541,0.0027,0.7959,0.7000,#FFAA00,20.04196325691123,48.67776988908583
2055,0.3716,Moderate Risk,3,1.17,0.1074,Bare Land,Peri-Urban / Sparse,0.3541,0.0027,0.7956,0.7000,#FFAA00,20.18263420737252,48.911185041452775
2056,0.3716,Moderate Risk,3,0.94,0.1072,Bare Land,Rural / Scattered,0.3541,0.0021,0.7964,0.7000,#FFAA00,19.982385156153676,50.88044070146991
2057,0.3715,Moderate Risk,3,0.71,0.1071,Bare Land,Rural / Scattered,0.3541,0.0016,0.7969,0.7000,#FFAA00,19.559771099642433,50.453179755535174
2058,0.3715,Moderate Risk,3,0.75,0.1071,Bare Land,Rural / Scattered,0.3541,0.0017,0.7969,0.7000,#FFAA00,19.62531902839135,50.68425366075818
2059,0.3715,Moderate Risk,3,0.75,0.1072,Bare Land,Rural / Scattered,0.3541,0.0017,0.7968,0.7000,#FFAA00,19.62386511963656,50.72996541185336
2060,0.3715,Moderate Risk,3,1.56,0.1077,Bare Land,Peri-Urban / Sparse,0.3541,0.0036,0.7938,0.7000,#FFAA00,21.19735277884459,49.12261817284771
2061,0.3715,Moderate Risk,3,7.39,0.1111,Bare Land,Peri-Urban / Sparse,0.3541,0.0168,0.7740,0.7000,#FFAA00,25.370706513604016,48.20152238695643
2062,0.3715,Moderate Risk,3,0.94,0.1073,Bare Land,Rural / Scattered,0.3541,0.0021,0.7962,0.7000,#FFAA00,19.915775715366802,50.694593779649566
2063,0.3715,Moderate Risk,3,1.29,0.1075,Bare Land,Peri-Urban / Sparse,0.3541,0.0029,0.7947,0.7000,#FFAA00,19.542522878853788,48.11604979775875
2064,0.3715,Moderate Risk,3,1.71,0.1077,Bare Land,Peri-Urban / Sparse,0.3541,0.0039,0.7936,0.7000,#FFAA00,21.199346446531774,51.38955850746851
2065,0.3715,Moderate Risk,3,1.31,0.1075,Bare Land,Peri-Urban / Sparse,0.3541,0.0030,0.7946,0.7000,#FFAA00,20.806058227145044,50.127721655679515
2066,0.3715,Moderate Risk,3,1.33,0.1076,Bare Land,Peri-Urban / Sparse,0.3541,0.0030,0.7945,0.7000,#FFAA00,20.779196655739458,50.95692552974754
2067,0.3715,Moderate Risk,3,1.33,0.1075,Bare Land,Peri-Urban / Sparse,0.3541,0.0030,0.7947,0.7000,#FFAA00,20.774334012675787,51.09499392421458
2068,0.3715,Moderate Risk,3,1.50,0.1076,Bare Land,Peri-Urban / Sparse,0.3541,0.0034,0.7944,0.7000,#FFAA00,21.566814279028083,48.900786261543495
2069,0.3715,Moderate Risk,3,0.79,0.1072,Bare Land,Rural / Scattered,0.3541,0.0018,0.7968,0.7000,#FFAA00,19.64055166270185,50.181163549002186
2070,0.3715,Moderate Risk,3,0.80,0.1072,Bare Land,Rural / Scattered,0.3541,0.0018,0.7966,0.7000,#FFAA00,19.573046483810128,49.99585705720146
2071,0.3715,Moderate Risk,3,0.77,0.1072,Bare Land,Rural / Scattered,0.3541,0.0018,0.7965,0.7000,#FFAA00,19.63922455837547,50.226918185338455
2072,0.3715,Moderate Risk,3,1.48,0.1076,Bare Land,Peri-Urban / Sparse,0.3541,0.0034,0.7941,0.7000,#FFAA00,21.06723532966227,48.42460690036429
2073,0.3715,Moderate Risk,3,1.23,0.1075,Bare Land,Peri-Urban / Sparse,0.3541,0.0028,0.7951,0.7000,#FFAA00,20.32238617142662,51.5363363099794
2074,0.3715,Moderate Risk,3,1.52,0.1076,Bare Land,Peri-Urban / Sparse,0.3541,0.0035,0.7943,0.7000,#FFAA00,21.070872978644598,48.23944343582285
2075,0.3715,Moderate Risk,3,0.84,0.1072,Bare Land,Rural / Scattered,0.3541,0.0019,0.7964,0.7000,#FFAA00,19.574310715096882,49.95010462646431
2076,0.3715,Moderate Risk,3,0.75,0.1072,Bare Land,Rural / Scattered,0.3541,0.0017,0.7966,0.7000,#FFAA00,19.633800696577488,50.40989903128882
2077,0.3715,Moderate Risk,3,0.74,0.1072,Bare Land,Rural / Scattered,0.3541,0.0017,0.7968,0.7000,#FFAA00,19.631019556792705,50.5013663837027
2078,0.3714,Moderate Risk,3,1.33,0.1076,Bare Land,Peri-Urban / Sparse,0.3541,0.0030,0.7941,0.7000,#FFAA00,20.84523455619847,51.14395776668018
2079,0.3714,Moderate Risk,3,1.31,0.1076,Bare Land,Peri-Urban / Sparse,0.3541,0.0030,0.7943,0.7000,#FFAA00,20.712913415723865,50.77000976536191
2080,0.3714,Moderate Risk,3,1.33,0.1076,Bare Land,Peri-Urban / Sparse,0.3541,0.0030,0.7943,0.7000,#FFAA00,20.777587989385996,51.0029527362025
2081,0.3714,Moderate Risk,3,1.78,0.1078,Bare Land,Peri-Urban / Sparse,0.3541,0.0041,0.7928,0.7000,#FFAA00,22.50346162260793,49.30055264613326
2082,0.3714,Moderate Risk,3,0.29,0.1070,Bare Land,Rural / Scattered,0.3541,0.0007,0.7977,0.7000,#FFAA00,19.484343628807313,50.54211420487801
2083,0.3714,Moderate Risk,3,1.44,0.1077,Bare Land,Peri-Urban / Sparse,0.3541,0.0033,0.7937,0.7000,#FFAA00,21.05948802498605,51.24507309028096
2084,0.3714,Moderate Risk,3,2.20,0.1081,Bare Land,Peri-Urban / Sparse,0.3541,0.0050,0.7914,0.7000,#FFAA00,20.988646737666,51.19597061179719
2085,0.3714,Moderate Risk,3,1.33,0.1076,Bare Land,Peri-Urban / Sparse,0.3541,0.0030,0.7943,0.7000,#FFAA00,20.775967106712578,51.04897554537315
2086,0.3714,Moderate Risk,3,1.57,0.1078,Bare Land,Peri-Urban / Sparse,0.3541,0.0036,0.7932,0.7000,#FFAA00,21.26666231719238,49.263565459488106
2087,0.3714,Moderate Risk,3,1.31,0.1076,Bare Land,Peri-Urban / Sparse,0.3541,0.0030,0.7944,0.7000,#FFAA00,20.711359599727395,50.81603248957624
2088,0.3714,Moderate Risk,3,1.31,0.1076,Bare Land,Peri-Urban / Sparse,0.3541,0.0030,0.7945,0.7000,#FFAA00,20.714455037632465,50.723982818491905
2089,0.3714,Moderate Risk,3,13.66,0.1148,Bare Land,Low Density Urban,0.3541,0.0311,0.7522,0.7000,#FFAA00,25.489509407686462,49.25762658160519
2090,0.3714,Moderate Risk,3,0.74,0.1072,Bare Land,Rural / Scattered,0.3541,0.0017,0.7964,0.7000,#FFAA00,19.4301446993575,49.89995741176129
2091,0.3714,Moderate Risk,3,0.88,0.1073,Bare Land,Rural / Scattered,0.3541,0.0020,0.7960,0.7000,#FFAA00,19.84462262970075,50.64621432236013
2092,0.3714,Moderate Risk,3,1.23,0.1075,Bare Land,Peri-Urban / Sparse,0.3541,0.0028,0.7948,0.7000,#FFAA00,19.756974270721354,48.34980406620636
2093,0.3714,Moderate Risk,3,1.30,0.1076,Bare Land,Peri-Urban / Sparse,0.3541,0.0030,0.7943,0.7000,#FFAA00,20.532022520415687,49.519444504806806
2094,0.3713,Moderate Risk,3,0.33,0.1071,Bare Land,Rural / Scattered,0.3541,0.0007,0.7972,0.7000,#FFAA00,19.492551766863667,50.26793261981193
2095,0.3713,Moderate Risk,3,0.87,0.1074,Bare Land,Rural / Scattered,0.3541,0.0020,0.7952,0.7000,#FFAA00,19.840208559094933,50.78353373272945
2096,0.3713,Moderate Risk,3,1.97,0.1081,Bare Land,Peri-Urban / Sparse,0.3541,0.0045,0.7915,0.7000,#FFAA00,23.65188544157187,49.85571819364589
2097,0.3713,Moderate Risk,3,0.75,0.1074,Bare Land,Rural / Scattered,0.3541,0.0017,0.7956,0.7000,#FFAA00,19.569184672115828,50.13309280660871
2098,0.3713,Moderate Risk,3,2.13,0.1081,Bare Land,Peri-Urban / Sparse,0.3541,0.0049,0.7912,0.7000,#FFAA00,21.487585850746196,51.4483974150452
2099,0.3713,Moderate Risk,3,0.71,0.1073,Bare Land,Rural / Scattered,0.3541,0.0016,0.7961,0.7000,#FFAA00,19.56115037455579,50.40746446376899
2100,0.3713,Moderate Risk,3,0.32,0.1071,Bare Land,Rural / Scattered,0.3541,0.0007,0.7973,0.7000,#FFAA00,19.491212351069635,50.313639124107645
2101,0.3713,Moderate Risk,3,1.26,0.1076,Bare Land,Peri-Urban / Sparse,0.3541,0.0029,0.7940,0.7000,#FFAA00,19.471207208979553,48.0229914160749
2102,0.3713,Moderate Risk,3,0.91,0.1074,Bare Land,Rural / Scattered,0.3541,0.0021,0.7952,0.7000,#FFAA00,19.912809659669577,50.78617724263343
2103,0.3713,Moderate Risk,3,0.74,0.1074,Bare Land,Rural / Scattered,0.3541,0.0017,0.7956,0.7000,#FFAA00,19.63241589060832,50.455634656864056
2104,0.3713,Moderate Risk,3,1.02,0.1075,Bare Land,Peri-Urban / Sparse,0.3541,0.0023,0.7946,0.7000,#FFAA00,20.045580572356826,51.1579960570284
2105,0.3713,Moderate Risk,3,1.20,0.1076,Bare Land,Peri-Urban / Sparse,0.3541,0.0027,0.7941,0.7000,#FFAA00,20.25159975473027,51.48746151017564
2106,0.3713,Moderate Risk,3,1.20,0.1076,Bare Land,Peri-Urban / Sparse,0.3541,0.0027,0.7940,0.7000,#FFAA00,20.25329623336296,51.44163372656321
2107,0.3713,Moderate Risk,3,0.23,0.1070,Bare Land,Rural / Scattered,0.3541,0.0005,0.7976,0.7000,#FFAA00,19.406030477193376,50.72226961149245
2108,0.3712,Moderate Risk,3,0.76,0.1075,Bare Land,Rural / Scattered,0.3541,0.0017,0.7950,0.7000,#FFAA00,19.43137593114144,49.854238516986406
2109,0.3712,Moderate Risk,3,1.43,0.1078,Bare Land,Peri-Urban / Sparse,0.3541,0.0033,0.7931,0.7000,#FFAA00,21.728273083028874,48.16092385891383
2110,0.3712,Moderate Risk,3,1.74,0.1080,Bare Land,Peri-Urban / Sparse,0.3541,0.0040,0.7919,0.7000,#FFAA00,22.431953353296834,49.25162563683386
2111,0.3712,Moderate Risk,3,1.31,0.1078,Bare Land,Peri-Urban / Sparse,0.3541,0.0030,0.7933,0.7000,#FFAA00,20.602323708131323,49.613749474812245
2112,0.3712,Moderate Risk,3,0.25,0.1071,Bare Land,Rural / Scattered,0.3541,0.0006,0.7969,0.7000,#FFAA00,19.4771892195879,50.77049061507102
2113,0.3712,Moderate Risk,3,1.24,0.1077,Bare Land,Peri-Urban / Sparse,0.3541,0.0028,0.7938,0.7000,#FFAA00,20.31892062685977,51.62801034231636
2114,0.3712,Moderate Risk,3,0.76,0.1075,Bare Land,Rural / Scattered,0.3541,0.0017,0.7950,0.7000,#FFAA00,19.69793456856195,50.686821518695034
2115,0.3712,Moderate Risk,3,2.30,0.1084,Bare Land,Peri-Urban / Sparse,0.3541,0.0052,0.7897,0.7000,#FFAA00,21.63437532242159,51.40858551977963
2116,0.3712,Moderate Risk,3,0.72,0.1074,Bare Land,Rural / Scattered,0.3541,0.0016,0.7953,0.7000,#FFAA00,19.56655257201304,50.224565031614254
2117,0.3712,Moderate Risk,3,2.26,0.1083,Bare Land,Peri-Urban / Sparse,0.3541,0.0051,0.7899,0.7000,#FFAA00,21.632577953952463,51.4548386159538
2118,0.3712,Moderate Risk,3,2.19,0.1083,Bare Land,Peri-Urban / Sparse,0.3541,0.0050,0.7903,0.7000,#FFAA00,21.560082446662584,51.451611258066855
2119,0.3712,Moderate Risk,3,0.78,0.1075,Bare Land,Rural / Scattered,0.3541,0.0018,0.7950,0.7000,#FFAA00,19.696474848323334,50.73255364487802
2120,0.3712,Moderate Risk,3,1.98,0.1081,Bare Land,Peri-Urban / Sparse,0.3541,0.0045,0.7912,0.7000,#FFAA00,21.415088170042008,51.44519705676929
2121,0.3712,Moderate Risk,3,1.29,0.1077,Bare Land,Peri-Urban / Sparse,0.3541,0.0029,0.7934,0.7000,#FFAA00,19.541725529675983,48.16189783906696
2122,0.3712,Moderate Risk,3,1.53,0.1079,Bare Land,Peri-Urban / Sparse,0.3541,0.0035,0.7925,0.7000,#FFAA00,21.4085760926945,49.40680954429032
2123,0.3712,Moderate Risk,3,0.32,0.1072,Bare Land,Rural / Scattered,0.3541,0.0007,0.7968,0.7000,#FFAA00,19.488499178420188,50.405040740740105
2124,0.3712,Moderate Risk,3,0.32,0.1072,Bare Land,Rural / Scattered,0.3541,0.0007,0.7968,0.7000,#FFAA00,19.48986148688836,50.35934184177578
2125,0.3712,Moderate Risk,3,2.07,0.1082,Bare Land,Peri-Urban / Sparse,0.3541,0.0047,0.7907,0.7000,#FFAA00,21.489370000967625,51.40218970007923
2126,0.3712,Moderate Risk,3,1.19,0.1077,Bare Land,Peri-Urban / Sparse,0.3541,0.0027,0.7936,0.7000,#FFAA00,20.11184937537281,48.817418826119265
2127,0.3712,Moderate Risk,3,4.27,0.1095,Bare Land,Peri-Urban / Sparse,0.3541,0.0097,0.7831,0.7000,#FFAA00,25.781787794961367,49.22006354998328
2128,0.3712,Moderate Risk,3,2.21,0.1082,Bare Land,Peri-Urban / Sparse,0.3541,0.0050,0.7905,0.7000,#FFAA00,21.561873202847284,51.405380899816926
2129,0.3712,Moderate Risk,3,2.42,0.1084,Bare Land,Peri-Urban / Sparse,0.3541,0.0055,0.7896,0.7000,#FFAA00,22.218014523663832,51.3418178012952
2130,0.3712,Moderate Risk,3,0.90,0.1075,Bare Land,Rural / Scattered,0.3541,0.0020,0.7948,0.7000,#FFAA00,19.91130910793844,50.8319627537121
2131,0.3711,Moderate Risk,3,1.35,0.1078,Bare Land,Peri-Urban / Sparse,0.3541,0.0031,0.7928,0.7000,#FFAA00,20.672556294906553,49.70813729529812
2132,0.3711,Moderate Risk,3,1.01,0.1077,Bare Land,Peri-Urban / Sparse,0.3541,0.0023,0.7937,0.7000,#FFAA00,20.04875820362157,51.06639783604582
2133,0.3711,Moderate Risk,3,0.66,0.1075,Bare Land,Rural / Scattered,0.3541,0.0015,0.7951,0.7000,#FFAA00,19.555564400445142,50.59030215796394
2134,0.3711,Moderate Risk,3,0.26,0.1072,Bare Land,Rural / Scattered,0.3541,0.0006,0.7966,0.7000,#FFAA00,19.480085231483624,50.67915214741879
2135,0.3711,Moderate Risk,3,1.03,0.1077,Bare Land,Peri-Urban / Sparse,0.3541,0.0023,0.7936,0.7000,#FFAA00,19.38925108356823,48.5254437967885
2136,0.3711,Moderate Risk,3,2.05,0.1083,Bare Land,Peri-Urban / Sparse,0.3541,0.0047,0.7903,0.7000,#FFAA00,21.570636578838997,51.174158155837254
2137,0.3711,Moderate Risk,3,6.33,0.1108,Bare Land,Peri-Urban / Sparse,0.3541,0.0144,0.7755,0.7000,#FFAA00,25.466921154233095,49.974113900855265
2138,0.3711,Moderate Risk,3,1.58,0.1080,Bare Land,Peri-Urban / Sparse,0.3541,0.0036,0.7920,0.7000,#FFAA00,21.125699381773913,49.07433209105498
2139,0.3711,Moderate Risk,3,2.38,0.1085,Bare Land,Peri-Urban / Sparse,0.3541,0.0054,0.7891,0.7000,#FFAA00,21.99686955219713,51.424810981242814
2140,0.3711,Moderate Risk,3,0.83,0.1076,Bare Land,Rural / Scattered,0.3541,0.0019,0.7945,0.7000,#FFAA00,19.76908366193771,50.73515340033859
2141,0.3711,Moderate Risk,3,1.29,0.1078,Bare Land,Peri-Urban / Sparse,0.3541,0.0029,0.7928,0.7000,#FFAA00,20.720499490590843,50.539833466366694
2142,0.3711,Moderate Risk,3,1.07,0.1077,Bare Land,Peri-Urban / Sparse,0.3541,0.0024,0.7934,0.7000,#FFAA00,20.11489288530196,51.25246379837497
2143,0.3711,Moderate Risk,3,1.30,0.1079,Bare Land,Peri-Urban / Sparse,0.3541,0.0030,0.7926,0.7000,#FFAA00,20.804670260517643,50.17382234240687
2144,0.3711,Moderate Risk,3,0.23,0.1072,Bare Land,Rural / Scattered,0.3541,0.0005,0.7967,0.7000,#FFAA00,19.41309926715954,50.4939737545416
2145,0.3711,Moderate Risk,3,2.31,0.1085,Bare Land,Peri-Urban / Sparse,0.3541,0.0053,0.7893,0.7000,#FFAA00,21.788236850852282,51.183469424565786
2146,0.3711,Moderate Risk,3,0.93,0.1077,Bare Land,Rural / Scattered,0.3541,0.0021,0.7939,0.7000,#FFAA00,19.980855240195375,50.926238502938375
2147,0.3711,Moderate Risk,3,2.03,0.1083,Bare Land,Peri-Urban / Sparse,0.3541,0.0046,0.7903,0.7000,#FFAA00,21.498101047258476,51.171080330722184
2148,0.3711,Moderate Risk,3,1.54,0.1080,Bare Land,Peri-Urban / Sparse,0.3541,0.0035,0.7921,0.7000,#FFAA00,21.40979039538558,49.3604700387224
2149,0.3710,Moderate Risk,3,0.83,0.1076,Bare Land,Rural / Scattered,0.3541,0.0019,0.7941,0.7000,#FFAA00,19.767606531501922,50.78090188361643
2150,0.3710,Moderate Risk,3,2.14,0.1085,Bare Land,Peri-Urban / Sparse,0.3541,0.0049,0.7893,0.7000,#FFAA00,21.64317105907551,51.17724892712867
2151,0.3710,Moderate Risk,3,0.93,0.1077,Bare Land,Rural / Scattered,0.3541,0.0021,0.7934,0.7000,#FFAA00,19.979313611000727,50.97203204096149
2152,0.3710,Moderate Risk,3,1.29,0.1079,Bare Land,Peri-Urban / Sparse,0.3541,0.0029,0.7926,0.7000,#FFAA00,20.649348855695617,50.491164217232196
2153,0.3710,Moderate Risk,3,1.34,0.1080,Bare Land,Peri-Urban / Sparse,0.3541,0.0030,0.7920,0.7000,#FFAA00,20.846886123286897,51.097922083742034
2154,0.3710,Moderate Risk,3,0.59,0.1075,Bare Land,Rural / Scattered,0.3541,0.0014,0.7950,0.7000,#FFAA00,19.548323910957148,50.81875932870166
2155,0.3710,Moderate Risk,3,2.43,0.1086,Bare Land,Peri-Urban / Sparse,0.3541,0.0055,0.7883,0.7000,#FFAA00,22.143690307184112,51.38497638114466
2156,0.3710,Moderate Risk,3,2.35,0.1086,Bare Land,Peri-Urban / Sparse,0.3541,0.0054,0.7886,0.7000,#FFAA00,21.926183862525676,51.37518897818513
2157,0.3710,Moderate Risk,3,0.54,0.1075,Bare Land,Rural / Scattered,0.3541,0.0012,0.7948,0.7000,#FFAA00,19.500347620165982,49.993615873020076
2158,0.3710,Moderate Risk,3,2.07,0.1084,Bare Land,Peri-Urban / Sparse,0.3541,0.0047,0.7898,0.7000,#FFAA00,23.489533096164664,50.36724393792749
2159,0.3710,Moderate Risk,3,2.47,0.1258,Minepits/Industry,Peri-Urban / Sparse,0.3541,0.0056,0.6884,0.9000,#FFAA00,25.736832831355287,48.115316814914266
2160,0.3710,Moderate Risk,3,6.69,0.1111,Bare Land,Peri-Urban / Sparse,0.3541,0.0152,0.7737,0.7000,#FFAA00,24.122238189309137,48.64314521343189
2161,0.3710,Moderate Risk,3,2.30,0.1085,Bare Land,Peri-Urban / Sparse,0.3541,0.0052,0.7888,0.7000,#FFAA00,21.705072368774157,51.45807951898684
2162,0.3710,Moderate Risk,3,8.58,0.1122,Bare Land,Peri-Urban / Sparse,0.3541,0.0196,0.7677,0.7000,#FFAA00,25.046159438844754,49.48047841595375
2163,0.3710,Moderate Risk,3,1.20,0.1078,Bare Land,Peri-Urban / Sparse,0.3541,0.0027,0.7928,0.7000,#FFAA00,19.971946701360846,48.53823107469385
2164,0.3710,Moderate Risk,3,1.24,0.1079,Bare Land,Peri-Urban / Sparse,0.3541,0.0028,0.7928,0.7000,#FFAA00,20.320659335771232,51.5821757081324
2165,0.3710,Moderate Risk,3,0.74,0.1076,Bare Land,Rural / Scattered,0.3541,0.0017,0.7942,0.7000,#FFAA00,19.501606785300673,49.9478837617225
2166,0.3710,Moderate Risk,3,1.80,0.1082,Bare Land,Peri-Urban / Sparse,0.3541,0.0041,0.7906,0.7000,#FFAA00,22.507147900191306,49.16043556769519
2167,0.3710,Moderate Risk,3,0.31,0.1074,Bare Land,Rural / Scattered,0.3541,0.0007,0.7955,0.7000,#FFAA00,19.48574024519442,50.49642695432899
2168,0.3709,Moderate Risk,3,2.45,0.1087,Bare Land,Peri-Urban / Sparse,0.3541,0.0056,0.7878,0.7000,#FFAA00,22.14550801326369,51.33855176173356
2169,0.3709,Moderate Risk,3,0.76,0.1077,Bare Land,Rural / Scattered,0.3541,0.0017,0.7938,0.7000,#FFAA00,19.700819348064353,50.59534509532055
2170,0.3709,Moderate Risk,3,0.78,0.1077,Bare Land,Rural / Scattered,0.3541,0.0018,0.7937,0.7000,#FFAA00,19.7734454734496,50.59788342938097
2171,0.3709,Moderate Risk,3,2.10,0.1085,Bare Land,Peri-Urban / Sparse,0.3541,0.0048,0.7892,0.7000,#FFAA00,23.56051931009514,50.41718876468957
2172,0.3709,Moderate Risk,3,2.85,0.1089,Bare Land,Peri-Urban / Sparse,0.3541,0.0065,0.7866,0.7000,#FFAA00,25.438100749233403,48.442578884209134
2173,0.3709,Moderate Risk,3,1.51,0.1081,Bare Land,Peri-Urban / Sparse,0.3541,0.0034,0.7913,0.7000,#FFAA00,21.128576697196596,51.34033334017736
2174,0.3709,Moderate Risk,3,1.48,0.1081,Bare Land,Peri-Urban / Sparse,0.3541,0.0034,0.7911,0.7000,#FFAA00,21.284781638237003,48.47599900583791
2175,0.3709,Moderate Risk,3,0.68,0.1077,Bare Land,Rural / Scattered,0.3541,0.0015,0.7939,0.7000,#FFAA00,19.556978108348687,50.54459863471889
2176,0.3709,Moderate Risk,3,2.32,0.1086,Bare Land,Peri-Urban / Sparse,0.3541,0.0053,0.7882,0.7000,#FFAA00,21.85187514917971,51.41828020257369
2177,0.3709,Moderate Risk,3,2.42,0.1086,Bare Land,Peri-Urban / Sparse,0.3541,0.0055,0.7882,0.7000,#FFAA00,22.071189260260184,51.3817003857779
2178,0.3709,Moderate Risk,3,1.20,0.1079,Bare Land,Peri-Urban / Sparse,0.3541,0.0027,0.7924,0.7000,#FFAA00,20.24989143825459,51.53328460457275
2179,0.3709,Moderate Risk,3,1.34,0.1080,Bare Land,Peri-Urban / Sparse,0.3541,0.0030,0.7918,0.7000,#FFAA00,20.84852543764459,51.051881927776314
2180,0.3709,Moderate Risk,3,2.29,0.1086,Bare Land,Peri-Urban / Sparse,0.3541,0.0052,0.7883,0.7000,#FFAA00,21.715704484302556,51.18035267363888
2181,0.3709,Moderate Risk,3,0.24,0.1074,Bare Land,Rural / Scattered,0.3541,0.0005,0.7957,0.7000,#FFAA00,19.417203944213707,50.35694910243798
2182,0.3709,Moderate Risk,3,1.47,0.1081,Bare Land,Peri-Urban / Sparse,0.3541,0.0033,0.7915,0.7000,#FFAA00,21.286672001668517,48.383291676481306
2183,0.3708,Moderate Risk,3,1.33,0.1081,Bare Land,Peri-Urban / Sparse,0.3541,0.0030,0.7911,0.7000,#FFAA00,20.78394930785964,50.818817857398685
2184,0.3708,Moderate Risk,3,0.66,0.1077,Bare Land,Rural / Scattered,0.3541,0.0015,0.7938,0.7000,#FFAA00,19.552702581571932,50.68169721144785
2185,0.3708,Moderate Risk,3,1.33,0.1081,Bare Land,Peri-Urban / Sparse,0.3541,0.0030,0.7912,0.7000,#FFAA00,20.785509060094842,50.772773392618504
2186,0.3708,Moderate Risk,3,1.85,0.1084,Bare Land,Peri-Urban / Sparse,0.3541,0.0042,0.7897,0.7000,#FFAA00,22.648951133384564,49.30507806881779
2187,0.3708,Moderate Risk,3,1.49,0.1082,Bare Land,Peri-Urban / Sparse,0.3541,0.0034,0.7908,0.7000,#FFAA00,21.06437502350681,48.563452967127716
2188,0.3708,Moderate Risk,3,1.78,0.1084,Bare Land,Peri-Urban / Sparse,0.3541,0.0041,0.7898,0.7000,#FFAA00,22.50470385925697,49.253850202040844
2189,0.3708,Moderate Risk,3,1.52,0.1083,Bare Land,Peri-Urban / Sparse,0.3541,0.0035,0.7904,0.7000,#FFAA00,21.069982442011366,48.28573798990324
2190,0.3708,Moderate Risk,3,1.25,0.1081,Bare Land,Peri-Urban / Sparse,0.3541,0.0029,0.7916,0.7000,#FFAA00,19.470436185163294,48.06882341279173
2191,0.3708,Moderate Risk,3,2.35,0.1087,Bare Land,Peri-Urban / Sparse,0.3541,0.0054,0.7877,0.7000,#FFAA00,21.927981897806085,51.328834355426096
2192,0.3708,Moderate Risk,3,2.30,0.1087,Bare Land,Peri-Urban / Sparse,0.3541,0.0052,0.7880,0.7000,#FFAA00,21.93677799360597,51.096990508181904
2193,0.3708,Moderate Risk,3,2.12,0.1086,Bare Land,Peri-Urban / Sparse,0.3541,0.0048,0.7887,0.7000,#FFAA00,21.982729331992367,49.70366775483053
2194,0.3708,Moderate Risk,3,1.50,0.1082,Bare Land,Peri-Urban / Sparse,0.3541,0.0034,0.7907,0.7000,#FFAA00,21.271255495061546,49.07833193111418
2195,0.3708,Moderate Risk,3,2.68,0.1261,Minepits/Industry,Peri-Urban / Sparse,0.3541,0.0061,0.6864,0.9000,#FFAA00,24.845289528153863,48.85448878136112
2196,0.3708,Moderate Risk,3,1.30,0.1081,Bare Land,Peri-Urban / Sparse,0.3541,0.0030,0.7914,0.7000,#FFAA00,20.71750168035374,50.631916389132584
2197,0.3708,Moderate Risk,3,0.66,0.1077,Bare Land,Rural / Scattered,0.3541,0.0015,0.7937,0.7000,#FFAA00,19.554139223411745,50.63600169422246
2198,0.3707,Moderate Risk,3,1.43,0.1083,Bare Land,Peri-Urban / Sparse,0.3541,0.0033,0.7902,0.7000,#FFAA00,21.43860247093924,48.06176836064125
2199,0.3707,Moderate Risk,3,1.33,0.1082,Bare Land,Peri-Urban / Sparse,0.3541,0.0030,0.7906,0.7000,#FFAA00,20.782377319841935,50.86485805725536
2200,0.3707,Moderate Risk,3,0.75,0.1079,Bare Land,Rural / Scattered,0.3541,0.0017,0.7927,0.7000,#FFAA00,19.626761430844542,50.638537850292806
2201,0.3707,Moderate Risk,3,1.53,0.1083,Bare Land,Peri-Urban / Sparse,0.3541,0.0035,0.7903,0.7000,#FFAA00,21.480089013713595,49.45535850881635
2202,0.3707,Moderate Risk,3,1.24,0.1082,Bare Land,Peri-Urban / Sparse,0.3541,0.0028,0.7910,0.7000,#FFAA00,20.317170049975925,51.67384018013993
2203,0.3707,Moderate Risk,3,2.08,0.1086,Bare Land,Peri-Urban / Sparse,0.3541,0.0048,0.7881,0.7000,#FFAA00,21.4272663790093,51.12180223703421
2204,0.3707,Moderate Risk,3,2.22,0.1087,Bare Land,Peri-Urban / Sparse,0.3541,0.0051,0.7879,0.7000,#FFAA00,21.641437410608233,51.22352561456846
2205,0.3707,Moderate Risk,3,1.33,0.1082,Bare Land,Peri-Urban / Sparse,0.3541,0.0030,0.7910,0.7000,#FFAA00,20.78079310085273,50.910893959071394
2206,0.3707,Moderate Risk,3,2.06,0.1086,Bare Land,Peri-Urban / Sparse,0.3541,0.0047,0.7883,0.7000,#FFAA00,21.568909308991884,51.220412052580905
2207,0.3707,Moderate Risk,3,0.89,0.1080,Bare Land,Rural / Scattered,0.3541,0.0020,0.7922,0.7000,#FFAA00,19.909796879688834,50.87774407476994
2208,0.3707,Moderate Risk,3,0.77,0.1079,Bare Land,Rural / Scattered,0.3541,0.0018,0.7927,0.7000,#FFAA00,19.570483458423166,50.087351179510826
2209,0.3707,Moderate Risk,3,0.71,0.1079,Bare Land,Rural / Scattered,0.3541,0.0016,0.7927,0.7000,#FFAA00,19.55838034283293,50.49889115654984
2210,0.3707,Moderate Risk,3,1.58,0.1084,Bare Land,Peri-Urban / Sparse,0.3541,0.0036,0.7899,0.7000,#FFAA00,21.555287684042877,49.36481331602658
2211,0.3706,Moderate Risk,3,1.31,0.1083,Bare Land,Peri-Urban / Sparse,0.3541,0.0030,0.7903,0.7000,#FFAA00,20.715984460736017,50.677951682048814
2212,0.3706,Moderate Risk,3,1.01,0.1081,Bare Land,Peri-Urban / Sparse,0.3541,0.0023,0.7912,0.7000,#FFAA00,19.388356655308424,48.571229534235336
2213,0.3706,Moderate Risk,3,1.22,0.1082,Bare Land,Peri-Urban / Sparse,0.3541,0.0028,0.7906,0.7000,#FFAA00,20.462821288989698,49.379174205060046
2214,0.3706,Moderate Risk,3,2.31,0.1088,Bare Land,Peri-Urban / Sparse,0.3541,0.0053,0.7870,0.7000,#FFAA00,21.706876355878727,51.4118035900424
2215,0.3706,Moderate Risk,3,1.87,0.1086,Bare Land,Peri-Urban / Sparse,0.3541,0.0043,0.7886,0.7000,#FFAA00,21.271853939571702,51.39269632386398
2216,0.3706,Moderate Risk,3,1.31,0.1083,Bare Land,Peri-Urban / Sparse,0.3541,0.0030,0.7902,0.7000,#FFAA00,20.80185743369469,50.266012284058824
2217,0.3706,Moderate Risk,3,6.58,0.1113,Bare Land,Peri-Urban / Sparse,0.3541,0.0150,0.7725,0.7000,#FFAA00,22.793163420212757,49.35643779558308
2218,0.3706,Moderate Risk,3,2.28,0.1088,Bare Land,Peri-Urban / Sparse,0.3541,0.0052,0.7871,0.7000,#FFAA00,21.860768155054373,51.18659920926351
2219,0.3706,Moderate Risk,3,1.35,0.1083,Bare Land,Peri-Urban / Sparse,0.3541,0.0031,0.7904,0.7000,#FFAA00,20.727780134551175,50.30955574145714
2220,0.3706,Moderate Risk,3,1.92,0.1087,Bare Land,Peri-Urban / Sparse,0.3541,0.0044,0.7881,0.7000,#FFAA00,21.34436036552514,51.39584744177881
2221,0.3706,Moderate Risk,3,2.37,0.1089,Bare Land,Peri-Urban / Sparse,0.3541,0.0054,0.7868,0.7000,#FFAA00,21.998687110774235,51.37843792840442
2222,0.3706,Moderate Risk,3,1.14,0.1082,Bare Land,Peri-Urban / Sparse,0.3541,0.0026,0.7908,0.7000,#FFAA00,20.18413162183104,51.34700962188409
2223,0.3706,Moderate Risk,3,1.56,0.1084,Bare Land,Peri-Urban / Sparse,0.3541,0.0035,0.7897,0.7000,#FFAA00,21.126807640445026,49.02806116086649
2224,0.3705,Moderate Risk,3,1.34,0.1084,Bare Land,Peri-Urban / Sparse,0.3541,0.0030,0.7895,0.7000,#FFAA00,20.850152494256726,51.00583733187919
2225,0.3705,Moderate Risk,3,2.22,0.1089,Bare Land,Peri-Urban / Sparse,0.3541,0.0051,0.7869,0.7000,#FFAA00,21.563651272618507,51.35914576643851
2226,0.3705,Moderate Risk,3,1.49,0.1085,Bare Land,Peri-Urban / Sparse,0.3541,0.0034,0.7892,0.7000,#FFAA00,21.49402337700671,48.89883988043771
2227,0.3705,Moderate Risk,3,1.95,0.1087,Bare Land,Peri-Urban / Sparse,0.3541,0.0045,0.7877,0.7000,#FFAA00,23.3582215230519,49.93896040663865
2228,0.3705,Moderate Risk,3,1.25,0.1084,Bare Land,Peri-Urban / Sparse,0.3541,0.0029,0.7898,0.7000,#FFAA00,20.38787425697048,51.722814597239555
2229,0.3705,Moderate Risk,3,0.73,0.1080,Bare Land,Rural / Scattered,0.3541,0.0017,0.7920,0.7000,#FFAA00,19.56787437531838,50.17883076804339
2230,0.3705,Moderate Risk,3,0.79,0.1081,Bare Land,Rural / Scattered,0.3541,0.0018,0.7914,0.7000,#FFAA00,19.695003580323498,50.77828167119563
2231,0.3705,Moderate Risk,3,1.43,0.1084,Bare Land,Peri-Urban / Sparse,0.3541,0.0033,0.7894,0.7000,#FFAA00,21.36658538376449,48.01385319838387
2232,0.3705,Moderate Risk,3,0.89,0.1081,Bare Land,Rural / Scattered,0.3541,0.0020,0.7911,0.7000,#FFAA00,19.908272979516394,50.92352117351916
2233,0.3705,Moderate Risk,3,1.32,0.1083,Bare Land,Peri-Urban / Sparse,0.3541,0.0030,0.7900,0.7000,#FFAA00,20.7916256162688,50.58855354722269
2234,0.3705,Moderate Risk,3,2.02,0.1088,Bare Land,Peri-Urban / Sparse,0.3541,0.0046,0.7872,0.7000,#FFAA00,21.499809277991368,51.12484453357747
2235,0.3705,Moderate Risk,3,1.44,0.1084,Bare Land,Peri-Urban / Sparse,0.3541,0.0033,0.7894,0.7000,#FFAA00,21.135220419930068,48.65778904893437
2236,0.3705,Moderate Risk,3,2.31,0.1090,Bare Land,Peri-Urban / Sparse,0.3541,0.0053,0.7863,0.7000,#FFAA00,21.71221161620994,51.27294715906812
2237,0.3705,Moderate Risk,3,2.00,0.1088,Bare Land,Peri-Urban / Sparse,0.3541,0.0046,0.7875,0.7000,#FFAA00,21.425564467997027,51.168015422895806
2238,0.3705,Moderate Risk,3,1.77,0.1087,Bare Land,Peri-Urban / Sparse,0.3541,0.0040,0.7881,0.7000,#FFAA00,22.576206814628627,49.30281071506841
2239,0.3705,Moderate Risk,3,1.98,0.1088,Bare Land,Peri-Urban / Sparse,0.3541,0.0045,0.7875,0.7000,#FFAA00,21.416865720591538,51.39901189065166
2240,0.3705,Moderate Risk,3,1.30,0.1084,Bare Land,Peri-Urban / Sparse,0.3541,0.0030,0.7899,0.7000,#FFAA00,20.80326999460191,50.219919229651026
2241,0.3704,Moderate Risk,3,2.30,0.1091,Bare Land,Peri-Urban / Sparse,0.3541,0.0052,0.7858,0.7000,#FFAA00,21.786490426710646,51.22979197899134
2242,0.3704,Moderate Risk,3,1.29,0.1084,Bare Land,Peri-Urban / Sparse,0.3541,0.0029,0.7896,0.7000,#FFAA00,19.68664014354613,48.21063801350701
2243,0.3704,Moderate Risk,3,0.87,0.1082,Bare Land,Rural / Scattered,0.3541,0.0020,0.7909,0.7000,#FFAA00,19.838713926004164,50.829298614344424
2244,0.3704,Moderate Risk,3,2.79,0.1093,Bare Land,Peri-Urban / Sparse,0.3541,0.0064,0.7845,0.7000,#FFAA00,26.004095679619734,49.08382526868634
2245,0.3704,Moderate Risk,3,1.36,0.1084,Bare Land,Peri-Urban / Sparse,0.3541,0.0031,0.7894,0.7000,#FFAA00,20.91777938531276,51.14692035781011
2246,0.3704,Moderate Risk,3,1.20,0.1084,Bare Land,Peri-Urban / Sparse,0.3541,0.0027,0.7895,0.7000,#FFAA00,20.0429142143835,48.631803097366465
2247,0.3704,Moderate Risk,3,1.14,0.1083,Bare Land,Peri-Urban / Sparse,0.3541,0.0026,0.7901,0.7000,#FFAA00,20.180787238923475,51.43863718945773
2248,0.3704,Moderate Risk,3,1.53,0.1086,Bare Land,Peri-Urban / Sparse,0.3541,0.0035,0.7884,0.7000,#FFAA00,21.64176323482958,48.809853018803786
2249,0.3704,Moderate Risk,3,0.24,0.1078,Bare Land,Rural / Scattered,0.3541,0.0005,0.7931,0.7000,#FFAA00,19.41988341062139,50.26558022639647
2250,0.3704,Moderate Risk,3,1.48,0.1086,Bare Land,Peri-Urban / Sparse,0.3541,0.0034,0.7886,0.7000,#FFAA00,21.274567304128507,48.93937480512198
2251,0.3704,Moderate Risk,3,1.62,0.1087,Bare Land,Peri-Urban / Sparse,0.3541,0.0037,0.7881,0.7000,#FFAA00,21.62304619558189,49.55261208739377
2252,0.3704,Moderate Risk,3,0.92,0.1083,Bare Land,Rural / Scattered,0.3541,0.0021,0.7904,0.7000,#FFAA00,19.977760273255424,51.01782128322021
2253,0.3704,Moderate Risk,3,1.07,0.1083,Bare Land,Peri-Urban / Sparse,0.3541,0.0024,0.7901,0.7000,#FFAA00,20.113256614251956,51.29826811988135
2254,0.3704,Moderate Risk,3,1.45,0.1085,Bare Land,Peri-Urban / Sparse,0.3541,0.0033,0.7889,0.7000,#FFAA00,21.136215307387985,48.61149246199973
2255,0.3704,Moderate Risk,3,1.34,0.1085,Bare Land,Peri-Urban / Sparse,0.3541,0.0031,0.7890,0.7000,#FFAA00,20.851767288144924,50.95978832916531
2256,0.3704,Moderate Risk,3,8.16,0.1124,Bare Land,Peri-Urban / Sparse,0.3541,0.0186,0.7660,0.7000,#FFAA00,24.339452282396483,48.69675986881024
2257,0.3704,Moderate Risk,3,1.60,0.1087,Bare Land,Peri-Urban / Sparse,0.3541,0.0037,0.7881,0.7000,#FFAA00,21.626807172187824,49.413407061771856
2258,0.3704,Moderate Risk,3,2.30,0.1090,Bare Land,Peri-Urban / Sparse,0.3541,0.0052,0.7861,0.7000,#FFAA00,21.77937629940398,51.41503514084121
2259,0.3704,Moderate Risk,3,1.21,0.1084,Bare Land,Peri-Urban / Sparse,0.3541,0.0028,0.7896,0.7000,#FFAA00,19.828955117398596,48.39724901509228
2260,0.3704,Moderate Risk,3,2.28,0.1091,Bare Land,Peri-Urban / Sparse,0.3541,0.0052,0.7858,0.7000,#FFAA00,21.86250807547938,51.140248930008624
2261,0.3703,Moderate Risk,3,10.35,0.1139,Bare Land,Low Density Urban,0.3541,0.0236,0.7577,0.7000,#FFAA00,24.24773494782806,49.40466547370902
2262,0.3703,Moderate Risk,3,1.34,0.1085,Bare Land,Peri-Urban / Sparse,0.3541,0.0031,0.7887,0.7000,#FFAA00,20.67381141378047,49.66204423822705
2263,0.3703,Moderate Risk,3,1.49,0.1086,Bare Land,Peri-Urban / Sparse,0.3541,0.0034,0.7884,0.7000,#FFAA00,21.49071277147133,49.03801123909596
2264,0.3703,Moderate Risk,3,1.18,0.1085,Bare Land,Peri-Urban / Sparse,0.3541,0.0027,0.7891,0.7000,#FFAA00,20.321823757104976,49.19100685514218
2265,0.3703,Moderate Risk,3,1.33,0.1085,Bare Land,Peri-Urban / Sparse,0.3541,0.0030,0.7889,0.7000,#FFAA00,20.86272707858296,50.637324704747115
2266,0.3703,Moderate Risk,3,2.28,0.1091,Bare Land,Peri-Urban / Sparse,0.3541,0.0052,0.7855,0.7000,#FFAA00,21.639691007315843,51.26979765137185
2267,0.3703,Moderate Risk,3,1.58,0.1087,Bare Land,Peri-Urban / Sparse,0.3541,0.0036,0.7880,0.7000,#FFAA00,21.556498197840632,49.318424748910466
2268,0.3703,Moderate Risk,3,0.24,0.1079,Bare Land,Rural / Scattered,0.3541,0.0006,0.7924,0.7000,#FFAA00,19.475724102649956,50.816153704833255
2269,0.3703,Moderate Risk,3,2.34,0.1091,Bare Land,Peri-Urban / Sparse,0.3541,0.0053,0.7854,0.7000,#FFAA00,22.005827561722093,51.19289799817311
2270,0.3703,Moderate Risk,3,2.32,0.1091,Bare Land,Peri-Urban / Sparse,0.3541,0.0053,0.7856,0.7000,#FFAA00,22.00758020106958,51.14650125685506
2271,0.3703,Moderate Risk,3,1.40,0.1086,Bare Land,Peri-Urban / Sparse,0.3541,0.0032,0.7886,0.7000,#FFAA00,20.880112101213367,50.08406415553098
2272,0.3703,Moderate Risk,3,0.87,0.1083,Bare Land,Rural / Scattered,0.3541,0.0020,0.7902,0.7000,#FFAA00,19.835689772680954,50.92081580135079
2273,0.3703,Moderate Risk,3,1.52,0.1086,Bare Land,Peri-Urban / Sparse,0.3541,0.0035,0.7882,0.7000,#FFAA00,21.13030309167482,51.29422803819727
2274,0.3703,Moderate Risk,3,2.39,0.1092,Bare Land,Peri-Urban / Sparse,0.3541,0.0054,0.7851,0.7000,#FFAA00,22.073000402972994,51.33529919473393
2275,0.3703,Moderate Risk,3,1.14,0.1084,Bare Land,Peri-Urban / Sparse,0.3541,0.0026,0.7893,0.7000,#FFAA00,20.182465331496143,51.39282571302271
2276,0.3703,Moderate Risk,3,2.30,0.1091,Bare Land,Peri-Urban / Sparse,0.3541,0.0052,0.7854,0.7000,#FFAA00,21.933298393236065,51.189742057243066
2277,0.3703,Moderate Risk,3,0.74,0.1082,Bare Land,Rural / Scattered,0.3541,0.0017,0.7907,0.7000,#FFAA00,19.620922800901347,50.82137660763605
2278,0.3702,Moderate Risk,3,1.32,0.1086,Bare Land,Peri-Urban / Sparse,0.3541,0.0030,0.7882,0.7000,#FFAA00,20.790114854543123,50.634614740173184
2279,0.3702,Moderate Risk,3,1.30,0.1086,Bare Land,Peri-Urban / Sparse,0.3541,0.0030,0.7883,0.7000,#FFAA00,20.72634846733038,50.35561920145408
2280,0.3702,Moderate Risk,3,0.74,0.1083,Bare Land,Rural / Scattered,0.3541,0.0017,0.7904,0.7000,#FFAA00,19.42890202990893,49.945672816389155
2281,0.3702,Moderate Risk,3,2.10,0.1091,Bare Land,Peri-Urban / Sparse,0.3541,0.0048,0.7858,0.7000,#FFAA00,21.64489194738143,51.13096762290068
2282,0.3702,Moderate Risk,3,2.30,0.1092,Bare Land,Peri-Urban / Sparse,0.3541,0.0052,0.7850,0.7000,#FFAA00,21.93504467001866,51.14336859496854
2283,0.3702,Moderate Risk,3,9.85,0.1137,Bare Land,Peri-Urban / Sparse,0.3541,0.0225,0.7589,0.7000,#FFAA00,25.637716982597688,49.16707109106701
2284,0.3702,Moderate Risk,3,2.30,0.1092,Bare Land,Peri-Urban / Sparse,0.3541,0.0052,0.7849,0.7000,#FFAA00,21.93849835864727,51.050607831069875
2285,0.3702,Moderate Risk,3,1.39,0.1087,Bare Land,Peri-Urban / Sparse,0.3541,0.0032,0.7879,0.7000,#FFAA00,20.744004232849317,49.756500239458454
2286,0.3702,Moderate Risk,3,1.53,0.1088,Bare Land,Peri-Urban / Sparse,0.3541,0.0035,0.7875,0.7000,#FFAA00,21.07175092691347,48.193146479975006
2287,0.3702,Moderate Risk,3,1.59,0.1088,Bare Land,Peri-Urban / Sparse,0.3541,0.0036,0.7873,0.7000,#FFAA00,21.630452168093548,49.274172248242095
2288,0.3702,Moderate Risk,3,2.30,0.1092,Bare Land,Peri-Urban / Sparse,0.3541,0.0052,0.7848,0.7000,#FFAA00,21.784731154055212,51.27610986179827
2289,0.3702,Moderate Risk,3,2.21,0.1092,Bare Land,Peri-Urban / Sparse,0.3541,0.0050,0.7852,0.7000,#FFAA00,23.154205968663053,49.461966374993075
2290,0.3702,Moderate Risk,3,1.42,0.1087,Bare Land,Peri-Urban / Sparse,0.3541,0.0032,0.7878,0.7000,#FFAA00,21.133192819269837,48.7503740453118
2291,0.3702,Moderate Risk,3,1.33,0.1086,Bare Land,Peri-Urban / Sparse,0.3541,0.0030,0.7882,0.7000,#FFAA00,20.787056571773043,50.72672469604966
2292,0.3702,Moderate Risk,3,0.75,0.1083,Bare Land,Rural / Scattered,0.3541,0.0017,0.7904,0.7000,#FFAA00,19.699382736608,50.64108532478948
2293,0.3702,Moderate Risk,3,2.30,0.1092,Bare Land,Peri-Urban / Sparse,0.3541,0.0052,0.7852,0.7000,#FFAA00,21.781174084923727,51.36873147666963
2294,0.3702,Moderate Risk,3,1.49,0.1087,Bare Land,Peri-Urban / Sparse,0.3541,0.0034,0.7877,0.7000,#FFAA00,21.06118319564685,51.19898065098435
2295,0.3702,Moderate Risk,3,1.81,0.1089,Bare Land,Peri-Urban / Sparse,0.3541,0.0041,0.7867,0.7000,#FFAA00,22.705566498761673,49.868394810958684
2296,0.3702,Moderate Risk,3,2.03,0.1091,Bare Land,Peri-Urban / Sparse,0.3541,0.0046,0.7857,0.7000,#FFAA00,23.494336581612888,50.22632454250725
2297,0.3701,Moderate Risk,3,2.29,0.1092,Bare Land,Peri-Urban / Sparse,0.3541,0.0052,0.7847,0.7000,#FFAA00,21.855471010465717,51.32562202202782
2298,0.3701,Moderate Risk,3,1.48,0.1088,Bare Land,Peri-Urban / Sparse,0.3541,0.0034,0.7872,0.7000,#FFAA00,21.421231673927856,48.896901697663516
2299,0.3701,Moderate Risk,3,1.35,0.1088,Bare Land,Peri-Urban / Sparse,0.3541,0.0031,0.7875,0.7000,#FFAA00,20.91943722486383,51.10086281445689
2300,0.3701,Moderate Risk,3,1.53,0.1088,Bare Land,Peri-Urban / Sparse,0.3541,0.0035,0.7871,0.7000,#FFAA00,21.338237572086353,49.31199212624257
2301,0.3701,Moderate Risk,3,1.45,0.1088,Bare Land,Peri-Urban / Sparse,0.3541,0.0033,0.7874,0.7000,#FFAA00,21.287598100861295,48.33693421347318
2302,0.3701,Moderate Risk,3,2.03,0.1091,Bare Land,Peri-Urban / Sparse,0.3541,0.0046,0.7852,0.7000,#FFAA00,21.572351135326922,51.127899652639144
2303,0.3701,Moderate Risk,3,1.47,0.1088,Bare Land,Peri-Urban / Sparse,0.3541,0.0034,0.7873,0.7000,#FFAA00,21.27776494677787,48.800391292754675
2304,0.3701,Moderate Risk,3,2.40,0.1093,Bare Land,Peri-Urban / Sparse,0.3541,0.0055,0.7841,0.7000,#FFAA00,22.149104202675257,51.24568817599305
2305,0.3701,Moderate Risk,3,2.11,0.1092,Bare Land,Peri-Urban / Sparse,0.3541,0.0048,0.7852,0.7000,#FFAA00,23.197431617128156,50.40240746621201
2306,0.3701,Moderate Risk,3,8.11,0.1127,Bare Land,Peri-Urban / Sparse,0.3541,0.0185,0.7644,0.7000,#FFAA00,25.71044504981168,49.16960524153266
2307,0.3701,Moderate Risk,3,1.76,0.1090,Bare Land,Peri-Urban / Sparse,0.3541,0.0040,0.7864,0.7000,#FFAA00,22.57745349909362,49.256083930792464
2308,0.3701,Moderate Risk,3,1.14,0.1086,Bare Land,Peri-Urban / Sparse,0.3541,0.0026,0.7884,0.7000,#FFAA00,20.179097349211283,51.48444401885341
2309,0.3701,Moderate Risk,3,12.96,0.1155,Bare Land,Low Density Urban,0.3541,0.0295,0.7479,0.7000,#FFAA00,23.976658672841868,48.63903409700933
2310,0.3701,Moderate Risk,3,2.14,0.1092,Bare Land,Peri-Urban / Sparse,0.3541,0.0049,0.7850,0.7000,#FFAA00,24.7045216857113,48.659918926719016
2311,0.3701,Moderate Risk,3,1.01,0.1086,Bare Land,Peri-Urban / Sparse,0.3541,0.0023,0.7886,0.7000,#FFAA00,20.047175258080973,51.11219914743417
2312,0.3700,Moderate Risk,3,2.37,0.1094,Bare Land,Peri-Urban / Sparse,0.3541,0.0054,0.7835,0.7000,#FFAA00,22.000491696564016,51.33206006950685
2313,0.3700,Moderate Risk,3,1.35,0.1088,Bare Land,Peri-Urban / Sparse,0.3541,0.0031,0.7874,0.7000,#FFAA00,20.92108276528267,51.05480078835195
2314,0.3700,Moderate Risk,3,1.60,0.1090,Bare Land,Peri-Urban / Sparse,0.3541,0.0036,0.7862,0.7000,#FFAA00,21.699549165387904,49.41562481032459
2315,0.3700,Moderate Risk,3,2.81,0.1097,Bare Land,Peri-Urban / Sparse,0.3541,0.0064,0.7822,0.7000,#FFAA00,24.82073231837583,49.71015085018592
2316,0.3700,Moderate Risk,3,1.35,0.1088,Bare Land,Peri-Urban / Sparse,0.3541,0.0031,0.7870,0.7000,#FFAA00,20.92271600153245,51.00873431266153
2317,0.3700,Moderate Risk,3,2.37,0.1094,Bare Land,Peri-Urban / Sparse,0.3541,0.0054,0.7837,0.7000,#FFAA00,22.002283303998315,51.285677438711254
2318,0.3700,Moderate Risk,3,1.67,0.1090,Bare Land,Peri-Urban / Sparse,0.3541,0.0038,0.7861,0.7000,#FFAA00,21.201091781895553,51.34343570084052
2319,0.3700,Moderate Risk,3,1.21,0.1087,Bare Land,Peri-Urban / Sparse,0.3541,0.0028,0.7879,0.7000,#FFAA00,20.248171289126624,51.57910297739074
2320,0.3700,Moderate Risk,3,15.58,0.1172,Bare Land,Low Density Urban,0.3541,0.0355,0.7385,0.7000,#FFAA00,25.3494642310608,49.06153749744147
2321,0.3700,Moderate Risk,3,1.20,0.1087,Bare Land,Peri-Urban / Sparse,0.3541,0.0027,0.7876,0.7000,#FFAA00,20.11283990898462,48.77143898563637
2322,0.3700,Moderate Risk,3,1.25,0.1088,Bare Land,Peri-Urban / Sparse,0.3541,0.0028,0.7873,0.7000,#FFAA00,20.386093084285957,51.76865582087178
2323,0.3700,Moderate Risk,3,0.75,0.1085,Bare Land,Rural / Scattered,0.3541,0.0017,0.7891,0.7000,#FFAA00,19.62819232261889,50.59281801255188
2324,0.3700,Moderate Risk,3,0.39,0.1082,Bare Land,Rural / Scattered,0.3541,0.0009,0.7906,0.7000,#FFAA00,19.49907697889574,50.03934442264089
2325,0.3700,Moderate Risk,3,0.87,0.1085,Bare Land,Rural / Scattered,0.3541,0.0020,0.7889,0.7000,#FFAA00,19.837207662341175,50.875059314625716
2326,0.3700,Moderate Risk,3,1.29,0.1087,Bare Land,Peri-Urban / Sparse,0.3541,0.0029,0.7876,0.7000,#FFAA00,20.72344843162704,50.44773431533655
2327,0.3700,Moderate Risk,3,2.27,0.1094,Bare Land,Peri-Urban / Sparse,0.3541,0.0052,0.7840,0.7000,#FFAA00,21.85724961712301,51.2792857893346
2328,0.3700,Moderate Risk,3,1.33,0.1088,Bare Land,Peri-Urban / Sparse,0.3541,0.0030,0.7872,0.7000,#FFAA00,20.85496006801853,50.86767723583748
2329,0.3700,Moderate Risk,3,1.81,0.1091,Bare Land,Peri-Urban / Sparse,0.3541,0.0041,0.7854,0.7000,#FFAA00,22.65020227018096,49.25832684456282
2330,0.3700,Moderate Risk,3,2.30,0.1093,Bare Land,Peri-Urban / Sparse,0.3541,0.0052,0.7841,0.7000,#FFAA00,21.853679519310994,51.371953504444456
2331,0.3699,Moderate Risk,3,1.37,0.1089,Bare Land,Peri-Urban / Sparse,0.3541,0.0031,0.7867,0.7000,#FFAA00,20.878731196203756,50.13019057238913
2332,0.3699,Moderate Risk,3,2.20,0.1094,Bare Land,Peri-Urban / Sparse,0.3541,0.0050,0.7837,0.7000,#FFAA00,21.719146124405988,51.087739679520354
2333,0.3699,Moderate Risk,3,0.81,0.1086,Bare Land,Rural / Scattered,0.3541,0.0019,0.7886,0.7000,#FFAA00,19.772003137345816,50.64364414100502
2334,0.3699,Moderate Risk,3,1.77,0.1092,Bare Land,Peri-Urban / Sparse,0.3541,0.0040,0.7850,0.7000,#FFAA00,22.28272301281241,49.387084117498034
2335,0.3699,Moderate Risk,3,1.32,0.1089,Bare Land,Peri-Urban / Sparse,0.3541,0.0030,0.7867,0.7000,#FFAA00,20.788591838156275,50.680671800844586
2336,0.3699,Moderate Risk,3,4.27,0.1106,Bare Land,Peri-Urban / Sparse,0.3541,0.0097,0.7765,0.7000,#FFAA00,25.247358760268185,50.01283034038517
2337,0.3699,Moderate Risk,3,2.39,0.1095,Bare Land,Peri-Urban / Sparse,0.3541,0.0054,0.7829,0.7000,#FFAA00,22.0765836067936,51.24248249851752
2338,0.3699,Moderate Risk,3,1.43,0.1090,Bare Land,Peri-Urban / Sparse,0.3541,0.0033,0.7862,0.7000,#FFAA00,21.140068700081162,48.42627965199888
2339,0.3699,Moderate Risk,3,1.65,0.1091,Bare Land,Peri-Urban / Sparse,0.3541,0.0038,0.7855,0.7000,#FFAA00,22.014983913422153,48.40032766192923
2340,0.3699,Moderate Risk,3,1.41,0.1090,Bare Land,Peri-Urban / Sparse,0.3541,0.0032,0.7863,0.7000,#FFAA00,21.1410004940726,48.3799700046262
2341,0.3699,Moderate Risk,3,2.13,0.1094,Bare Land,Peri-Urban / Sparse,0.3541,0.0049,0.7839,0.7000,#FFAA00,23.271663613991496,50.358451242701484
2342,0.3699,Moderate Risk,3,2.04,0.1093,Bare Land,Peri-Urban / Sparse,0.3541,0.0047,0.7845,0.7000,#FFAA00,23.492749477612325,50.27330182309054
2343,0.3699,Moderate Risk,3,1.72,0.1091,Bare Land,Peri-Urban / Sparse,0.3541,0.0039,0.7853,0.7000,#FFAA00,22.42692165053696,49.43831857974669
2344,0.3699,Moderate Risk,3,2.27,0.1094,Bare Land,Peri-Urban / Sparse,0.3541,0.0052,0.7836,0.7000,#FFAA00,21.859015333800507,51.232944840396016
2345,0.3699,Moderate Risk,3,1.02,0.1087,Bare Land,Peri-Urban / Sparse,0.3541,0.0023,0.7876,0.7000,#FFAA00,20.043974151294783,51.20378853251426
2346,0.3699,Moderate Risk,3,1.30,0.1089,Bare Land,Peri-Urban / Sparse,0.3541,0.0030,0.7867,0.7000,#FFAA00,20.724904564880692,50.40167873715319
2347,0.3699,Moderate Risk,3,0.82,0.1086,Bare Land,Rural / Scattered,0.3541,0.0019,0.7884,0.7000,#FFAA00,19.766117811881255,50.82664622637472
2348,0.3699,Moderate Risk,3,1.10,0.1088,Bare Land,Peri-Urban / Sparse,0.3541,0.0025,0.7874,0.7000,#FFAA00,20.106593915867382,51.48143967859283
2349,0.3699,Moderate Risk,3,1.09,0.1087,Bare Land,Peri-Urban / Sparse,0.3541,0.0025,0.7876,0.7000,#FFAA00,20.10827722250932,51.43565371258927
2350,0.3699,Moderate Risk,3,1.41,0.1090,Bare Land,Peri-Urban / Sparse,0.3541,0.0032,0.7863,0.7000,#FFAA00,20.88148065164562,50.03793399782237
2351,0.3699,Moderate Risk,3,2.23,0.1094,Bare Land,Peri-Urban / Sparse,0.3541,0.0051,0.7838,0.7000,#FFAA00,25.855898303266063,49.174702909169135
2352,0.3699,Moderate Risk,3,2.31,0.1094,Bare Land,Peri-Urban / Sparse,0.3541,0.0053,0.7836,0.7000,#FFAA00,22.009319840177717,51.10009988048771
2353,0.3699,Moderate Risk,3,5.45,0.1285,Minepits/Industry,Peri-Urban / Sparse,0.3541,0.0124,0.6725,0.9000,#FFAA00,23.676176659408167,49.00801054469481
2354,0.3698,Moderate Risk,3,1.54,0.1091,Bare Land,Peri-Urban / Sparse,0.3541,0.0035,0.7855,0.7000,#FFAA00,21.072616284102235,48.14684715649258
2355,0.3698,Moderate Risk,3,1.41,0.1090,Bare Land,Peri-Urban / Sparse,0.3541,0.0032,0.7862,0.7000,#FFAA00,20.884180671998397,49.945662593755806
2356,0.3698,Moderate Risk,3,1.14,0.1089,Bare Land,Peri-Urban / Sparse,0.3541,0.0026,0.7867,0.7000,#FFAA00,20.17739566749254,51.53024616889293
2357,0.3698,Moderate Risk,3,1.20,0.1089,Bare Land,Peri-Urban / Sparse,0.3541,0.0027,0.7869,0.7000,#FFAA00,19.398330981374613,48.02164185406471
2358,0.3698,Moderate Risk,3,1.21,0.1089,Bare Land,Peri-Urban / Sparse,0.3541,0.0028,0.7866,0.7000,#FFAA00,19.399087378122847,47.9758280832898
2359,0.3698,Moderate Risk,3,1.52,0.1090,Bare Land,Peri-Urban / Sparse,0.3541,0.0035,0.7858,0.7000,#FFAA00,21.132017068349708,51.24811809065336
2360,0.3698,Moderate Risk,3,0.24,0.1083,Bare Land,Rural / Scattered,0.3541,0.0005,0.7900,0.7000,#FFAA00,19.41854937864611,50.311266553878035
2361,0.3698,Moderate Risk,3,1.06,0.1088,Bare Land,Peri-Urban / Sparse,0.3541,0.0024,0.7874,0.7000,#FFAA00,19.460282894474386,48.618626900021496
2362,0.3698,Moderate Risk,3,2.42,0.1097,Bare Land,Peri-Urban / Sparse,0.3541,0.0055,0.7823,0.7000,#FFAA00,22.14731264695291,51.29212234857177
2363,0.3698,Moderate Risk,3,0.78,0.1086,Bare Land,Rural / Scattered,0.3541,0.0018,0.7883,0.7000,#FFAA00,19.69352076902798,50.82400556552152
2364,0.3698,Moderate Risk,3,1.34,0.1090,Bare Land,Peri-Urban / Sparse,0.3541,0.0030,0.7862,0.7000,#FFAA00,20.85653804422985,50.82161521154398
2365,0.3698,Moderate Risk,3,2.30,0.1095,Bare Land,Peri-Urban / Sparse,0.3541,0.0053,0.7830,0.7000,#FFAA00,21.789970421097937,51.137142232518336
2366,0.3698,Moderate Risk,3,2.36,0.1096,Bare Land,Peri-Urban / Sparse,0.3541,0.0054,0.7825,0.7000,#FFAA00,22.004061927547827,51.239290070199296
2367,0.3698,Moderate Risk,3,1.08,0.1088,Bare Land,Peri-Urban / Sparse,0.3541,0.0025,0.7873,0.7000,#FFAA00,20.11160857675986,51.34406790095423
2368,0.3698,Moderate Risk,3,1.38,0.1090,Bare Land,Peri-Urban / Sparse,0.3541,0.0032,0.7859,0.7000,#FFAA00,20.99032319596848,51.14989564061586
2369,0.3698,Moderate Risk,3,1.22,0.1090,Bare Land,Peri-Urban / Sparse,0.3541,0.0028,0.7864,0.7000,#FFAA00,20.392355894125085,49.28504941747958
2370,0.3698,Moderate Risk,3,2.50,0.1096,Bare Land,Peri-Urban / Sparse,0.3541,0.0057,0.7824,0.7000,#FFAA00,22.72169457622978,49.30735472920156
2371,0.3698,Moderate Risk,3,1.36,0.1090,Bare Land,Peri-Urban / Sparse,0.3541,0.0031,0.7860,0.7000,#FFAA00,20.932256754036604,50.73224387685319
2372,0.3698,Moderate Risk,3,2.00,0.1093,Bare Land,Peri-Urban / Sparse,0.3541,0.0046,0.7842,0.7000,#FFAA00,23.368275255094453,49.610201621974326
2373,0.3698,Moderate Risk,3,1.44,0.1091,Bare Land,Peri-Urban / Sparse,0.3541,0.0033,0.7857,0.7000,#FFAA00,20.488069647201968,48.227023556571126
2374,0.3697,Moderate Risk,3,7.74,0.1128,Bare Land,Peri-Urban / Sparse,0.3541,0.0176,0.7637,0.7000,#FFAA00,23.90386763097558,48.63699077276643
2375,0.3697,Moderate Risk,3,0.74,0.1087,Bare Land,Rural / Scattered,0.3541,0.0017,0.7877,0.7000,#FFAA00,19.62961169937128,50.54709417964623
2376,0.3697,Moderate Risk,3,1.40,0.1091,Bare Land,Peri-Urban / Sparse,0.3541,0.0032,0.7855,0.7000,#FFAA00,20.815429260303024,49.8049132680174
2377,0.3697,Moderate Risk,3,2.29,0.1096,Bare Land,Peri-Urban / Sparse,0.3541,0.0052,0.7827,0.7000,#FFAA00,21.72253649410674,50.99510844832712
2378,0.3697,Moderate Risk,3,1.00,0.1089,Bare Land,Peri-Urban / Sparse,0.3541,0.0023,0.7868,0.7000,#FFAA00,19.387450741325967,48.61701272446672
2379,0.3697,Moderate Risk,3,1.64,0.1093,Bare Land,Peri-Urban / Sparse,0.3541,0.0037,0.7845,0.7000,#FFAA00,21.202824658289092,51.29730820507411
2380,0.3697,Moderate Risk,3,1.87,0.1094,Bare Land,Peri-Urban / Sparse,0.3541,0.0043,0.7837,0.7000,#FFAA00,21.27360580943717,51.34655124005837
2381,0.3697,Moderate Risk,3,1.46,0.1092,Bare Land,Peri-Urban / Sparse,0.3541,0.0033,0.7852,0.7000,#FFAA00,21.278805441867554,48.75405775123559
2382,0.3697,Moderate Risk,3,1.69,0.1093,Bare Land,Peri-Urban / Sparse,0.3541,0.0039,0.7845,0.7000,#FFAA00,21.768501515532833,49.55719593766091
2383,0.3697,Moderate Risk,3,1.41,0.1091,Bare Land,Peri-Urban / Sparse,0.3541,0.0032,0.7856,0.7000,#FFAA00,20.885512133622232,49.89952141438754
2384,0.3697,Moderate Risk,3,0.77,0.1087,Bare Land,Rural / Scattered,0.3541,0.0017,0.7878,0.7000,#FFAA00,19.69202641893646,50.869725295745944
2385,0.3697,Moderate Risk,3,2.35,0.1097,Bare Land,Peri-Urban / Sparse,0.3541,0.0054,0.7822,0.7000,#FFAA00,22.0801146649835,51.14964694528239
2386,0.3697,Moderate Risk,3,4.56,0.1110,Bare Land,Peri-Urban / Sparse,0.3541,0.0104,0.7745,0.7000,#FFAA00,22.864608644720423,49.40557630751581
2387,0.3697,Moderate Risk,3,2.30,0.1097,Bare Land,Peri-Urban / Sparse,0.3541,0.0052,0.7823,0.7000,#FFAA00,21.636159957791126,51.36232763777581
2388,0.3697,Moderate Risk,3,2.31,0.1096,Bare Land,Peri-Urban / Sparse,0.3541,0.0053,0.7824,0.7000,#FFAA00,21.931539168647745,51.23611086083864
2389,0.3696,Moderate Risk,3,1.03,0.1090,Bare Land,Peri-Urban / Sparse,0.3541,0.0023,0.7862,0.7000,#FFAA00,20.03576618793677,51.432683268583986
2390,0.3696,Moderate Risk,3,1.41,0.1092,Bare Land,Peri-Urban / Sparse,0.3541,0.0032,0.7848,0.7000,#FFAA00,20.88283684329629,49.99180013273493
2391,0.3696,Moderate Risk,3,2.10,0.1096,Bare Land,Peri-Urban / Sparse,0.3541,0.0048,0.7826,0.7000,#FFAA00,21.56716933109892,51.26666130909557
2392,0.3696,Moderate Risk,3,2.22,0.1096,Bare Land,Peri-Urban / Sparse,0.3541,0.0051,0.7823,0.7000,#FFAA00,21.717431710518145,51.134048473197225
2393,0.3696,Moderate Risk,3,0.58,0.1087,Bare Land,Rural / Scattered,0.3541,0.0013,0.7879,0.7000,#FFAA00,19.546841453804266,50.86443844965248
2394,0.3696,Moderate Risk,3,2.39,0.1098,Bare Land,Peri-Urban / Sparse,0.3541,0.0054,0.7817,0.7000,#FFAA00,22.074798520335097,51.28889322089463
2395,0.3696,Moderate Risk,3,1.31,0.1092,Bare Land,Peri-Urban / Sparse,0.3541,0.0030,0.7851,0.7000,#FFAA00,20.80043258212978,50.31210147229313
2396,0.3696,Moderate Risk,3,2.30,0.1097,Bare Land,Peri-Urban / Sparse,0.3541,0.0052,0.7821,0.7000,#FFAA00,21.782959038306576,51.322423039009884
2397,0.3696,Moderate Risk,3,3.53,0.1105,Bare Land,Peri-Urban / Sparse,0.3541,0.0080,0.7775,0.7000,#FFAA00,25.245729851424546,50.06047570386019
2398,0.3696,Moderate Risk,3,2.29,0.1097,Bare Land,Peri-Urban / Sparse,0.3541,0.0052,0.7821,0.7000,#FFAA00,21.795093955214565,50.99813317090876
2399,0.3696,Moderate Risk,3,1.49,0.1093,Bare Land,Peri-Urban / Sparse,0.3541,0.0034,0.7845,0.7000,#FFAA00,21.419045576397316,48.989639748503166
2400,0.3696,Moderate Risk,3,1.72,0.1093,Bare Land,Peri-Urban / Sparse,0.3541,0.0039,0.7841,0.7000,#FFAA00,22.435586149741034,49.11157165026205
2401,0.3696,Moderate Risk,3,2.06,0.1096,Bare Land,Peri-Urban / Sparse,0.3541,0.0047,0.7828,0.7000,#FFAA00,21.491141511418803,51.355977220628944
2402,0.3696,Moderate Risk,3,1.33,0.1092,Bare Land,Peri-Urban / Sparse,0.3541,0.0030,0.7851,0.7000,#FFAA00,20.864243595846045,50.59124164179915
2403,0.3695,Moderate Risk,3,1.19,0.1092,Bare Land,Peri-Urban / Sparse,0.3541,0.0027,0.7850,0.7000,#FFAA00,19.39756306846359,48.06745346756414
2404,0.3695,Moderate Risk,3,1.30,0.1092,Bare Land,Peri-Urban / Sparse,0.3541,0.0030,0.7847,0.7000,#FFAA00,20.533219381044127,49.4733814504041
2405,0.3695,Moderate Risk,3,0.89,0.1090,Bare Land,Rural / Scattered,0.3541,0.0020,0.7861,0.7000,#FFAA00,19.9067374120513,50.96929401768898
2406,0.3695,Moderate Risk,3,0.35,0.1086,Bare Land,Rural / Scattered,0.3541,0.0008,0.7881,0.7000,#FFAA00,19.495196237058707,50.17650837971825
2407,0.3695,Moderate Risk,3,10.25,0.1145,Bare Land,Low Density Urban,0.3541,0.0234,0.7540,0.7000,#FFAA00,25.792422485724668,48.836653053055365
2408,0.3695,Moderate Risk,3,0.24,0.1086,Bare Land,Rural / Scattered,0.3541,0.0005,0.7885,0.7000,#FFAA00,19.404582608374305,50.767916711057055
2409,0.3695,Moderate Risk,3,2.37,0.1099,Bare Land,Peri-Urban / Sparse,0.3541,0.0054,0.7810,0.7000,#FFAA00,22.07835565683466,51.19606706188063
2410,0.3695,Moderate Risk,3,1.02,0.1091,Bare Land,Peri-Urban / Sparse,0.3541,0.0023,0.7856,0.7000,#FFAA00,20.042355999775154,51.24957654159546
2411,0.3695,Moderate Risk,3,0.72,0.1089,Bare Land,Rural / Scattered,0.3541,0.0016,0.7867,0.7000,#FFAA00,19.427647926571566,49.99138469872639
2412,0.3695,Moderate Risk,3,0.35,0.1086,Bare Land,Rural / Scattered,0.3541,0.0008,0.7882,0.7000,#FFAA00,19.49387973020412,50.22222236098
2413,0.3695,Moderate Risk,3,1.33,0.1092,Bare Land,Peri-Urban / Sparse,0.3541,0.0030,0.7849,0.7000,#FFAA00,20.853369814367305,50.91373495276769
2414,0.3694,Moderate Risk,3,1.86,0.1096,Bare Land,Peri-Urban / Sparse,0.3541,0.0042,0.7824,0.7000,#FFAA00,22.200854628686173,49.710916322584765
2415,0.3694,Moderate Risk,3,1.33,0.1093,Bare Land,Peri-Urban / Sparse,0.3541,0.0030,0.7842,0.7000,#FFAA00,20.877337940858226,50.17631321494081
2416,0.3694,Moderate Risk,3,1.50,0.1094,Bare Land,Peri-Urban / Sparse,0.3541,0.0034,0.7838,0.7000,#FFAA00,21.426473148001634,48.66500623686943
2417,0.3694,Moderate Risk,3,2.16,0.1098,Bare Land,Peri-Urban / Sparse,0.3541,0.0049,0.7815,0.7000,#FFAA00,22.051357302698854,49.8456363199618
2418,0.3694,Moderate Risk,3,1.49,0.1094,Bare Land,Peri-Urban / Sparse,0.3541,0.0034,0.7838,0.7000,#FFAA00,21.425450439981745,48.711390943981144
2419,0.3694,Moderate Risk,3,20.91,0.1208,Bare Land,Low Density Urban,0.3541,0.0477,0.7173,0.7000,#FFAA00,25.300938692556763,48.05626536432313
2420,0.3694,Moderate Risk,3,7.35,0.1129,Bare Land,Peri-Urban / Sparse,0.3541,0.0167,0.7636,0.7000,#FFAA00,24.411066887110227,48.74628996037745
2421,0.3694,Moderate Risk,3,0.58,0.1089,Bare Land,Rural / Scattered,0.3541,0.0013,0.7868,0.7000,#FFAA00,19.42638239315532,50.0370930266435
2422,0.3694,Moderate Risk,3,2.38,0.1099,Bare Land,Peri-Urban / Sparse,0.3541,0.0054,0.7809,0.7000,#FFAA00,21.796776056824537,50.951787768735976
2423,0.3694,Moderate Risk,3,0.89,0.1090,Bare Land,Rural / Scattered,0.3541,0.0020,0.7859,0.7000,#FFAA00,19.905190181958236,51.015062575025865
2424,0.3694,Moderate Risk,3,2.33,0.1099,Bare Land,Peri-Urban / Sparse,0.3541,0.0053,0.7807,0.7000,#FFAA00,21.929767001682045,51.282474971608515
2425,0.3694,Moderate Risk,3,2.16,0.1098,Bare Land,Peri-Urban / Sparse,0.3541,0.0049,0.7812,0.7000,#FFAA00,21.565416650511402,51.312905891626414
2426,0.3694,Moderate Risk,3,1.23,0.1092,Bare Land,Peri-Urban / Sparse,0.3541,0.0028,0.7847,0.7000,#FFAA00,20.3154076104382,51.71966518923132
2427,0.3693,Moderate Risk,3,1.55,0.1095,Bare Land,Peri-Urban / Sparse,0.3541,0.0035,0.7831,0.7000,#FFAA00,21.05292011787768,49.072344915611296
2428,0.3693,Moderate Risk,3,1.49,0.1095,Bare Land,Peri-Urban / Sparse,0.3541,0.0034,0.7834,0.7000,#FFAA00,21.499284386446977,48.666829733417245
2429,0.3693,Moderate Risk,3,1.02,0.1092,Bare Land,Peri-Urban / Sparse,0.3541,0.0023,0.7848,0.7000,#FFAA00,20.040726122712833,51.2953600519938
2430,0.3693,Moderate Risk,3,2.43,0.1100,Bare Land,Peri-Urban / Sparse,0.3541,0.0055,0.7802,0.7000,#FFAA00,22.219825680109473,51.295364852317896
2431,0.3693,Moderate Risk,3,2.01,0.1098,Bare Land,Peri-Urban / Sparse,0.3541,0.0046,0.7814,0.7000,#FFAA00,21.41863067797138,51.352821970637166
2432,0.3693,Moderate Risk,3,1.20,0.1094,Bare Land,Peri-Urban / Sparse,0.3541,0.0027,0.7840,0.7000,#FFAA00,20.04385326920217,48.58583367750553
2433,0.3693,Moderate Risk,3,1.08,0.1092,Bare Land,Peri-Urban / Sparse,0.3541,0.0025,0.7848,0.7000,#FFAA00,20.109948777832,51.389863109286416
2434,0.3693,Moderate Risk,3,2.04,0.1099,Bare Land,Peri-Urban / Sparse,0.3541,0.0046,0.7811,0.7000,#FFAA00,21.496380149925372,51.21731153169112
2435,0.3693,Moderate Risk,3,2.62,0.1102,Bare Land,Peri-Urban / Sparse,0.3541,0.0060,0.7794,0.7000,#FFAA00,24.659723621950906,50.178961454805766
2436,0.3693,Moderate Risk,3,1.29,0.1094,Bare Land,Peri-Urban / Sparse,0.3541,0.0029,0.7837,0.7000,#FFAA00,19.61618038072,48.07158181677541
2437,0.3693,Moderate Risk,3,0.36,0.1088,Bare Land,Rural / Scattered,0.3541,0.0008,0.7872,0.7000,#FFAA00,19.497794865351555,50.08506937840529
2438,0.3693,Moderate Risk,3,1.41,0.1094,Bare Land,Peri-Urban / Sparse,0.3541,0.0032,0.7835,0.7000,#FFAA00,20.886831224075408,49.85337662814793
2439,0.3693,Moderate Risk,3,2.28,0.1100,Bare Land,Peri-Urban / Sparse,0.3541,0.0052,0.7803,0.7000,#FFAA00,21.86423508970892,51.09389403672286
2440,0.3693,Moderate Risk,3,2.13,0.1098,Bare Land,Peri-Urban / Sparse,0.3541,0.0049,0.7811,0.7000,#FFAA00,23.702412238645,50.51725534760247
2441,0.3693,Moderate Risk,3,2.30,0.1100,Bare Land,Peri-Urban / Sparse,0.3541,0.0052,0.7802,0.7000,#FFAA00,23.866901966228316,49.958106471769774
2442,0.3693,Moderate Risk,3,2.40,0.1101,Bare Land,Peri-Urban / Sparse,0.3541,0.0055,0.7799,0.7000,#FFAA00,23.9410861803194,49.91372496350992
2443,0.3693,Moderate Risk,3,0.74,0.1090,Bare Land,Rural / Scattered,0.3541,0.0017,0.7858,0.7000,#FFAA00,19.619434399845574,50.86707598821615
2444,0.3693,Moderate Risk,3,1.29,0.1094,Bare Land,Peri-Urban / Sparse,0.3541,0.0029,0.7837,0.7000,#FFAA00,20.721980072031023,50.49378590280267
2445,0.3693,Moderate Risk,3,1.21,0.1093,Bare Land,Peri-Urban / Sparse,0.3541,0.0028,0.7844,0.7000,#FFAA00,20.24643931257187,51.62491659628506
2446,0.3693,Moderate Risk,3,1.44,0.1095,Bare Land,Peri-Urban / Sparse,0.3541,0.0033,0.7832,0.7000,#FFAA00,21.13421292285247,48.70408292140473
2447,0.3693,Moderate Risk,3,1.49,0.1095,Bare Land,Peri-Urban / Sparse,0.3541,0.0034,0.7832,0.7000,#FFAA00,21.211953339174595,48.47428925008617
2448,0.3692,Moderate Risk,3,1.66,0.1097,Bare Land,Peri-Urban / Sparse,0.3541,0.0038,0.7822,0.7000,#FFAA00,21.771040351292157,49.46430327129287
2449,0.3692,Moderate Risk,3,0.95,0.1092,Bare Land,Rural / Scattered,0.3541,0.0022,0.7848,0.7000,#FFAA00,19.963254139019593,51.42972583021657
2450,0.3692,Moderate Risk,3,2.37,0.1101,Bare Land,Peri-Urban / Sparse,0.3541,0.0054,0.7799,0.7000,#FFAA00,21.724212439469813,50.94878607879246
2451,0.3692,Moderate Risk,3,1.21,0.1094,Bare Land,Peri-Urban / Sparse,0.3541,0.0028,0.7835,0.7000,#FFAA00,20.24469551385056,51.670725428930496
2452,0.3692,Moderate Risk,3,2.31,0.1100,Bare Land,Peri-Urban / Sparse,0.3541,0.0053,0.7800,0.7000,#FFAA00,21.708667563154506,51.36552286450989
2453,0.3692,Moderate Risk,3,2.38,0.1101,Bare Land,Peri-Urban / Sparse,0.3541,0.0054,0.7796,0.7000,#FFAA00,22.15264805810934,51.15280569002271
2454,0.3692,Moderate Risk,3,2.30,0.1101,Bare Land,Peri-Urban / Sparse,0.3541,0.0052,0.7798,0.7000,#FFAA00,21.791691132103914,51.090810436865546
2455,0.3692,Moderate Risk,3,2.29,0.1100,Bare Land,Peri-Urban / Sparse,0.3541,0.0052,0.7801,0.7000,#FFAA00,21.793398978565005,51.04447407164373
2456,0.3692,Moderate Risk,3,1.32,0.1095,Bare Land,Peri-Urban / Sparse,0.3541,0.0030,0.7831,0.7000,#FFAA00,20.87308411577799,50.314658162434846
2457,0.3692,Moderate Risk,3,2.06,0.1100,Bare Land,Peri-Urban / Sparse,0.3541,0.0047,0.7805,0.7000,#FFAA00,21.908681583243737,49.74774895345473
2458,0.3692,Moderate Risk,3,0.87,0.1092,Bare Land,Rural / Scattered,0.3541,0.0020,0.7848,0.7000,#FFAA00,19.832619133840605,51.01231600532722
2459,0.3692,Moderate Risk,3,2.31,0.1101,Bare Land,Peri-Urban / Sparse,0.3541,0.0053,0.7798,0.7000,#FFAA00,21.710445985089528,51.319237376231094
2460,0.3692,Moderate Risk,3,1.70,0.1097,Bare Land,Peri-Urban / Sparse,0.3541,0.0039,0.7819,0.7000,#FFAA00,22.36042195834997,49.20275290624558
2461,0.3692,Moderate Risk,3,2.32,0.1101,Bare Land,Peri-Urban / Sparse,0.3541,0.0053,0.7798,0.7000,#FFAA00,23.22692944693588,49.46438449401501
2462,0.3692,Moderate Risk,3,1.30,0.1095,Bare Land,Peri-Urban / Sparse,0.3541,0.0030,0.7832,0.7000,#FFAA00,20.603549609567747,49.56767138478803
2463,0.3692,Moderate Risk,3,1.20,0.1094,Bare Land,Peri-Urban / Sparse,0.3541,0.0027,0.7839,0.7000,#FFAA00,19.900916523790915,48.44474010166653
2464,0.3692,Moderate Risk,3,1.51,0.1096,Bare Land,Peri-Urban / Sparse,0.3541,0.0035,0.7827,0.7000,#FFAA00,21.33942194897224,49.26566891499404
2465,0.3692,Moderate Risk,3,1.04,0.1094,Bare Land,Peri-Urban / Sparse,0.3541,0.0024,0.7840,0.7000,#FFAA00,20.034089458543185,51.47844846183543
2466,0.3692,Moderate Risk,3,1.64,0.1097,Bare Land,Peri-Urban / Sparse,0.3541,0.0037,0.7823,0.7000,#FFAA00,21.20454507040131,51.25117605352297
2467,0.3691,Moderate Risk,3,1.11,0.1094,Bare Land,Peri-Urban / Sparse,0.3541,0.0025,0.7837,0.7000,#FFAA00,20.104898863016277,51.52722097504594
2468,0.3691,Moderate Risk,3,1.35,0.1096,Bare Land,Peri-Urban / Sparse,0.3541,0.0031,0.7825,0.7000,#FFAA00,20.935338349125722,50.64004630806829
2469,0.3691,Moderate Risk,3,1.93,0.1100,Bare Land,Peri-Urban / Sparse,0.3541,0.0044,0.7805,0.7000,#FFAA00,21.34611877605287,51.3496799869116
2470,0.3691,Moderate Risk,3,0.87,0.1093,Bare Land,Rural / Scattered,0.3541,0.0020,0.7845,0.7000,#FFAA00,19.834160261632864,50.966568042314094
2471,0.3691,Moderate Risk,3,4.92,0.1117,Bare Land,Peri-Urban / Sparse,0.3541,0.0112,0.7704,0.7000,#FFAA00,22.79443714051923,49.309640718156125
2472,0.3691,Moderate Risk,3,1.36,0.1096,Bare Land,Peri-Urban / Sparse,0.3541,0.0031,0.7828,0.7000,#FFAA00,20.991987313791412,51.103816143688285
2473,0.3691,Moderate Risk,3,0.81,0.1092,Bare Land,Rural / Scattered,0.3541,0.0018,0.7846,0.7000,#FFAA00,19.763105623199923,50.918122361651776
2474,0.3691,Moderate Risk,3,5.82,0.1122,Bare Land,Peri-Urban / Sparse,0.3541,0.0133,0.7672,0.7000,#FFAA00,25.634950500790918,49.26278053794685
2475,0.3691,Moderate Risk,3,13.22,0.1166,Bare Land,Low Density Urban,0.3541,0.0301,0.7421,0.7000,#FFAA00,25.35077563579284,49.0137853028529
2476,0.3691,Moderate Risk,3,1.34,0.1096,Bare Land,Peri-Urban / Sparse,0.3541,0.0030,0.7828,0.7000,#FFAA00,20.861198260086102,50.68340362644448
2477,0.3691,Moderate Risk,3,0.89,0.1093,Bare Land,Rural / Scattered,0.3541,0.0020,0.7843,0.7000,#FFAA00,19.903631293936353,51.06082681329354
2478,0.3691,Moderate Risk,3,1.34,0.1096,Bare Land,Peri-Urban / Sparse,0.3541,0.0030,0.7827,0.7000,#FFAA00,20.859657145040785,50.72947837363363
2479,0.3691,Moderate Risk,3,3.43,0.1108,Bare Land,Peri-Urban / Sparse,0.3541,0.0078,0.7758,0.7000,#FFAA00,25.366418916431318,48.39271913888451
2480,0.3691,Moderate Risk,3,1.34,0.1096,Bare Land,Peri-Urban / Sparse,0.3541,0.0031,0.7828,0.7000,#FFAA00,20.8581037381691,50.77554891307436
2481,0.3691,Moderate Risk,3,9.28,0.1314,Minepits/Industry,Peri-Urban / Sparse,0.3541,0.0211,0.6554,0.9000,#FFAA00,23.74770558541005,49.05738770862364
2482,0.3691,Moderate Risk,3,0.96,0.1093,Bare Land,Rural / Scattered,0.3541,0.0022,0.7842,0.7000,#FFAA00,19.961583981080725,51.47547034117226
2483,0.3691,Moderate Risk,3,1.31,0.1096,Bare Land,Peri-Urban / Sparse,0.3541,0.0030,0.7826,0.7000,#FFAA00,20.7989954442779,50.358186761032876
2484,0.3691,Moderate Risk,3,1.38,0.1096,Bare Land,Peri-Urban / Sparse,0.3541,0.0032,0.7826,0.7000,#FFAA00,20.745276456163758,49.71038879366222
2485,0.3691,Moderate Risk,3,22.36,0.1390,Minepits/Industry,Low Density Urban,0.3541,0.0510,0.6111,0.9000,#FFAA00,23.962149405108104,49.2058679232787
2486,0.3691,Moderate Risk,3,1.22,0.1095,Bare Land,Peri-Urban / Sparse,0.3541,0.0028,0.7833,0.7000,#FFAA00,19.39983225639819,47.930012187793935
2487,0.3691,Moderate Risk,3,8.27,0.1137,Bare Land,Peri-Urban / Sparse,0.3541,0.0188,0.7588,0.7000,#FFAA00,25.683215043104184,50.03097126589113
2488,0.3691,Moderate Risk,3,1.50,0.1096,Bare Land,Peri-Urban / Sparse,0.3541,0.0034,0.7824,0.7000,#FFAA00,21.496166297355412,48.80604433184639
2489,0.3691,Moderate Risk,3,5.35,0.1119,Bare Land,Peri-Urban / Sparse,0.3541,0.0122,0.7690,0.7000,#FFAA00,24.050567584538594,48.59380318190714
2490,0.3691,Moderate Risk,3,0.35,0.1090,Bare Land,Rural / Scattered,0.3541,0.0008,0.7862,0.7000,#FFAA00,19.49650128342922,50.13079070814798
2491,0.3691,Moderate Risk,3,2.03,0.1100,Bare Land,Peri-Urban / Sparse,0.3541,0.0046,0.7803,0.7000,#FFAA00,23.584983185593153,49.66485789358088
2492,0.3690,Moderate Risk,3,8.44,0.1138,Bare Land,Peri-Urban / Sparse,0.3541,0.0192,0.7581,0.7000,#FFAA00,25.68486048136568,49.983151087956855
2493,0.3690,Moderate Risk,3,1.29,0.1096,Bare Land,Peri-Urban / Sparse,0.3541,0.0029,0.7824,0.7000,#FFAA00,19.758670417816926,48.258000328863254
2494,0.3690,Moderate Risk,3,2.05,0.1101,Bare Land,Peri-Urban / Sparse,0.3541,0.0047,0.7800,0.7000,#FFAA00,21.49290037665837,51.309760010316225
2495,0.3690,Moderate Risk,3,1.33,0.1096,Bare Land,Peri-Urban / Sparse,0.3541,0.0030,0.7825,0.7000,#FFAA00,20.875932339455403,50.22243204974584
2496,0.3690,Moderate Risk,3,1.16,0.1096,Bare Land,Peri-Urban / Sparse,0.3541,0.0026,0.7829,0.7000,#FFAA00,20.252295894441286,49.051041066138644
2497,0.3690,Moderate Risk,3,2.03,0.1101,Bare Land,Peri-Urban / Sparse,0.3541,0.0046,0.7798,0.7000,#FFAA00,21.574052973180276,51.08163657678072
2498,0.3690,Moderate Risk,3,1.23,0.1096,Bare Land,Peri-Urban / Sparse,0.3541,0.0028,0.7828,0.7000,#FFAA00,20.31363331359995,51.76548533723838
2499,0.3690,Moderate Risk,3,2.09,0.1101,Bare Land,Peri-Urban / Sparse,0.3541,0.0048,0.7794,0.7000,#FFAA00,21.646600070227933,51.084681735752376
2500,0.3690,Moderate Risk,3,1.72,0.1099,Bare Land,Peri-Urban / Sparse,0.3541,0.0039,0.7807,0.7000,#FFAA00,22.216105789554994,49.15178489998896
2501,0.3690,Moderate Risk,3,1.47,0.1097,Bare Land,Peri-Urban / Sparse,0.3541,0.0033,0.7819,0.7000,#FFAA00,21.655425304282872,48.159333215106344
2502,0.3690,Moderate Risk,3,2.29,0.1102,Bare Land,Peri-Urban / Sparse,0.3541,0.0052,0.7789,0.7000,#FFAA00,21.637931854572678,51.31606500371044
2503,0.3690,Moderate Risk,3,1.27,0.1096,Bare Land,Peri-Urban / Sparse,0.3541,0.0029,0.7826,0.7000,#FFAA00,19.82982424240864,48.351329934636105
2504,0.3690,Moderate Risk,3,0.92,0.1094,Bare Land,Rural / Scattered,0.3541,0.0021,0.7838,0.7000,#FFAA00,19.976195231679792,51.06360619741287
2505,0.3689,Moderate Risk,3,8.71,0.1141,Bare Land,Peri-Urban / Sparse,0.3541,0.0199,0.7563,0.7000,#FFAA00,24.612707997269574,49.369888839997785
2506,0.3689,Moderate Risk,3,2.36,0.1103,Bare Land,Peri-Urban / Sparse,0.3541,0.0054,0.7783,0.7000,#FFAA00,22.154400346864197,51.10635744540109
2507,0.3689,Moderate Risk,3,2.04,0.1101,Bare Land,Peri-Urban / Sparse,0.3541,0.0046,0.7795,0.7000,#FFAA00,23.442366716431057,49.56571994595455
2508,0.3689,Moderate Risk,3,1.30,0.1097,Bare Land,Peri-Urban / Sparse,0.3541,0.0030,0.7819,0.7000,#FFAA00,20.796084327380452,50.45034550682602
2509,0.3689,Moderate Risk,3,2.01,0.1101,Bare Land,Peri-Urban / Sparse,0.3541,0.0046,0.7796,0.7000,#FFAA00,21.42038303676356,51.30662733027513
2510,0.3689,Moderate Risk,3,1.14,0.1096,Bare Land,Peri-Urban / Sparse,0.3541,0.0026,0.7826,0.7000,#FFAA00,20.175682198934886,51.57604360727846
2511,0.3689,Moderate Risk,3,1.36,0.1098,Bare Land,Peri-Urban / Sparse,0.3541,0.0031,0.7815,0.7000,#FFAA00,20.93069744652147,50.778336352536215
2512,0.3689,Moderate Risk,3,1.80,0.1100,Bare Land,Peri-Urban / Sparse,0.3541,0.0041,0.7801,0.7000,#FFAA00,22.50593261973088,49.20714449741438
2513,0.3689,Moderate Risk,3,3.51,0.1110,Bare Land,Peri-Urban / Sparse,0.3541,0.0080,0.7745,0.7000,#FFAA00,23.807303866199376,49.53122596084947
2514,0.3688,Moderate Risk,3,1.36,0.1099,Bare Land,Peri-Urban / Sparse,0.3541,0.0031,0.7810,0.7000,#FFAA00,20.993639086039167,51.057732154232355
2515,0.3688,Moderate Risk,3,0.74,0.1094,Bare Land,Rural / Scattered,0.3541,0.0017,0.7835,0.7000,#FFAA00,19.6179345103374,50.91277118121151
2516,0.3688,Moderate Risk,3,1.62,0.1100,Bare Land,Peri-Urban / Sparse,0.3541,0.0037,0.7804,0.7000,#FFAA00,22.01400974891775,48.446914899598546
2517,0.3688,Moderate Risk,3,1.31,0.1098,Bare Land,Peri-Urban / Sparse,0.3541,0.0030,0.7815,0.7000,#FFAA00,20.79754602454664,50.404268116973306
2518,0.3688,Moderate Risk,3,4.28,0.1115,Bare Land,Peri-Urban / Sparse,0.3541,0.0098,0.7714,0.7000,#FFAA00,24.123360721092155,48.59583622026021
2519,0.3688,Moderate Risk,3,1.50,0.1099,Bare Land,Peri-Urban / Sparse,0.3541,0.0034,0.7808,0.7000,#FFAA00,21.56789616259288,48.85436690731437
2520,0.3688,Moderate Risk,3,1.85,0.1102,Bare Land,Peri-Urban / Sparse,0.3541,0.0042,0.7793,0.7000,#FFAA00,21.275345173835472,51.30040145676698
2521,0.3688,Moderate Risk,3,2.25,0.1104,Bare Land,Peri-Urban / Sparse,0.3541,0.0051,0.7782,0.7000,#FFAA00,21.72084772068357,51.041426326569926
2522,0.3688,Moderate Risk,3,1.38,0.1099,Bare Land,Peri-Urban / Sparse,0.3541,0.0031,0.7809,0.7000,#FFAA00,21.217451069959957,48.19627351006568
2523,0.3688,Moderate Risk,3,1.33,0.1098,Bare Land,Peri-Urban / Sparse,0.3541,0.0030,0.7815,0.7000,#FFAA00,20.675054282353926,49.61594776440582
2524,0.3688,Moderate Risk,3,0.82,0.1095,Bare Land,Rural / Scattered,0.3541,0.0019,0.7830,0.7000,#FFAA00,19.7646175075958,50.87238639643903
2525,0.3688,Moderate Risk,3,2.04,0.1102,Bare Land,Peri-Urban / Sparse,0.3541,0.0047,0.7790,0.7000,#FFAA00,21.494646591282564,51.26353810278301
2526,0.3688,Moderate Risk,3,0.87,0.1095,Bare Land,Rural / Scattered,0.3541,0.0020,0.7830,0.7000,#FFAA00,19.827926096950584,51.14953390504074
2527,0.3688,Moderate Risk,3,1.36,0.1098,Bare Land,Peri-Urban / Sparse,0.3541,0.0031,0.7811,0.7000,#FFAA00,20.92433692861293,50.962663420570394
2528,0.3688,Moderate Risk,3,2.41,0.1104,Bare Land,Peri-Urban / Sparse,0.3541,0.0055,0.7777,0.7000,#FFAA00,22.221623711480284,51.24890713298661
2529,0.3688,Moderate Risk,3,1.48,0.1099,Bare Land,Peri-Urban / Sparse,0.3541,0.0034,0.7806,0.7000,#FFAA00,21.210019377665134,48.566940859377944
2530,0.3688,Moderate Risk,3,1.44,0.1099,Bare Land,Peri-Urban / Sparse,0.3541,0.0033,0.7810,0.7000,#FFAA00,20.560055545460695,48.27469226274463
2531,0.3687,Moderate Risk,3,1.35,0.1099,Bare Land,Peri-Urban / Sparse,0.3541,0.0031,0.7808,0.7000,#FFAA00,20.933803723152298,50.68614718426026
2532,0.3687,Moderate Risk,3,1.22,0.1098,Bare Land,Peri-Urban / Sparse,0.3541,0.0028,0.7812,0.7000,#FFAA00,19.400565613925526,47.88419420014017
2533,0.3687,Moderate Risk,3,1.53,0.1100,Bare Land,Peri-Urban / Sparse,0.3541,0.0035,0.7802,0.7000,#FFAA00,21.133718621970107,51.20200353084768
2534,0.3687,Moderate Risk,3,0.89,0.1096,Bare Land,Rural / Scattered,0.3541,0.0020,0.7825,0.7000,#FFAA00,19.902060752719255,51.106586700273226
2535,0.3687,Moderate Risk,3,1.42,0.1100,Bare Land,Peri-Urban / Sparse,0.3541,0.0032,0.7803,0.7000,#FFAA00,21.06286598452056,51.15288364277181
2536,0.3687,Moderate Risk,3,1.77,0.1102,Bare Land,Peri-Urban / Sparse,0.3541,0.0040,0.7791,0.7000,#FFAA00,22.41759995441831,49.76489919501594
2537,0.3687,Moderate Risk,3,0.99,0.1097,Bare Land,Rural / Scattered,0.3541,0.0023,0.7819,0.7000,#FFAA00,19.386533344383544,48.66279333505106
2538,0.3687,Moderate Risk,3,0.92,0.1097,Bare Land,Rural / Scattered,0.3541,0.0021,0.7820,0.7000,#FFAA00,19.969818122690405,51.24670192810556
2539,0.3687,Moderate Risk,3,6.27,0.1128,Bare Land,Peri-Urban / Sparse,0.3541,0.0143,0.7640,0.7000,#FFAA00,25.711809284549688,49.121716388985895
2540,0.3687,Moderate Risk,3,2.41,0.1106,Bare Land,Peri-Urban / Sparse,0.3541,0.0055,0.7769,0.7000,#FFAA00,22.294142129493462,51.252139400020575
2541,0.3687,Moderate Risk,3,4.36,0.1117,Bare Land,Peri-Urban / Sparse,0.3541,0.0099,0.7702,0.7000,#FFAA00,23.229573051956272,49.370500784800214
2542,0.3686,Moderate Risk,3,2.28,0.1105,Bare Land,Peri-Urban / Sparse,0.3541,0.0052,0.7771,0.7000,#FFAA00,21.865949192415066,51.04753456351754
2543,0.3686,Moderate Risk,3,2.63,0.1107,Bare Land,Peri-Urban / Sparse,0.3541,0.0060,0.7759,0.7000,#FFAA00,22.301228349857297,51.06616682559943
2544,0.3686,Moderate Risk,3,0.39,0.1095,Bare Land,Rural / Scattered,0.3541,0.0009,0.7834,0.7000,#FFAA00,19.425105433504175,50.08279776802519
2545,0.3686,Moderate Risk,3,1.20,0.1099,Bare Land,Peri-Urban / Sparse,0.3541,0.0027,0.7808,0.7000,#FFAA00,20.113818501998,48.72545641222567
2546,0.3686,Moderate Risk,3,5.69,0.1125,Bare Land,Peri-Urban / Sparse,0.3541,0.0130,0.7655,0.7000,#FFAA00,25.21972084710742,48.43640043231181
2547,0.3686,Moderate Risk,3,2.13,0.1104,Bare Land,Peri-Urban / Sparse,0.3541,0.0049,0.7777,0.7000,#FFAA00,21.64829542235508,51.038391299571224
2548,0.3686,Moderate Risk,3,1.40,0.1101,Bare Land,Peri-Urban / Sparse,0.3541,0.0032,0.7798,0.7000,#FFAA00,21.21475925503608,48.33529254427619
2549,0.3686,Moderate Risk,3,1.32,0.1100,Bare Land,Peri-Urban / Sparse,0.3541,0.0030,0.7805,0.7000,#FFAA00,20.874514396311028,50.26854704337992
2550,0.3686,Moderate Risk,3,1.89,0.1104,Bare Land,Peri-Urban / Sparse,0.3541,0.0043,0.7782,0.7000,#FFAA00,21.428955664907246,51.075584498868466
2551,0.3686,Moderate Risk,3,1.03,0.1099,Bare Land,Peri-Urban / Sparse,0.3541,0.0023,0.7811,0.7000,#FFAA00,20.03743121179243,51.386913447720445
2552,0.3686,Moderate Risk,3,1.02,0.1099,Bare Land,Peri-Urban / Sparse,0.3541,0.0023,0.7811,0.7000,#FFAA00,20.03908452505727,51.34113903144934
2553,0.3686,Moderate Risk,3,1.65,0.1102,Bare Land,Peri-Urban / Sparse,0.3541,0.0038,0.7793,0.7000,#FFAA00,21.697045509361683,49.50847778196996
2554,0.3686,Moderate Risk,3,1.93,0.1104,Bare Land,Peri-Urban / Sparse,0.3541,0.0044,0.7782,0.7000,#FFAA00,21.347864634574357,51.303507822155666
2555,0.3685,Moderate Risk,3,4.73,0.1121,Bare Land,Peri-Urban / Sparse,0.3541,0.0108,0.7680,0.7000,#FFAA00,25.784540807035743,49.12423130534324
2556,0.3685,Moderate Risk,3,0.91,0.1098,Bare Land,Rural / Scattered,0.3541,0.0021,0.7813,0.7000,#FFAA00,19.973030056091773,51.15516291248108
2557,0.3685,Moderate Risk,3,1.81,0.1103,Bare Land,Peri-Urban / Sparse,0.3541,0.0041,0.7783,0.7000,#FFAA00,21.27707202743245,51.254247007414996
2558,0.3685,Moderate Risk,3,2.39,0.1107,Bare Land,Peri-Urban / Sparse,0.3541,0.0055,0.7759,0.7000,#FFAA00,22.150882674893424,51.19924927835176
2559,0.3685,Moderate Risk,3,1.56,0.1102,Bare Land,Peri-Urban / Sparse,0.3541,0.0036,0.7792,0.7000,#FFAA00,21.483745492742976,49.31627148057445
2560,0.3685,Moderate Risk,3,2.58,0.1108,Bare Land,Peri-Urban / Sparse,0.3541,0.0059,0.7754,0.7000,#FFAA00,22.299476580782475,51.112666968558926
2561,0.3685,Moderate Risk,3,0.24,0.1094,Bare Land,Rural / Scattered,0.3541,0.0006,0.7835,0.7000,#FFAA00,19.421206036091785,50.21989015202067
2562,0.3685,Moderate Risk,3,1.36,0.1101,Bare Land,Peri-Urban / Sparse,0.3541,0.0031,0.7795,0.7000,#FFAA00,20.929125805386594,50.82442457801602
2563,0.3685,Moderate Risk,3,0.92,0.1098,Bare Land,Rural / Scattered,0.3541,0.0021,0.7814,0.7000,#FFAA00,19.97461849102876,51.10938675125532
2564,0.3684,Moderate Risk,3,2.31,0.1108,Bare Land,Peri-Urban / Sparse,0.3541,0.0053,0.7758,0.7000,#FFAA00,22.011046473672923,51.05369390333359
2565,0.3684,Moderate Risk,3,1.36,0.1102,Bare Land,Peri-Urban / Sparse,0.3541,0.0031,0.7793,0.7000,#FFAA00,20.99527850765285,51.01164370548472
2566,0.3684,Moderate Risk,3,2.01,0.1106,Bare Land,Peri-Urban / Sparse,0.3541,0.0046,0.7767,0.7000,#FFAA00,21.501504836871334,51.07860417397775
2567,0.3684,Moderate Risk,3,2.30,0.1107,Bare Land,Peri-Urban / Sparse,0.3541,0.0052,0.7760,0.7000,#FFAA00,21.940205759830715,51.00422059783896
2568,0.3684,Moderate Risk,3,3.65,0.1116,Bare Land,Peri-Urban / Sparse,0.3541,0.0083,0.7712,0.7000,#FFAA00,25.31672029737159,50.11116756101561
2569,0.3684,Moderate Risk,3,0.92,0.1100,Bare Land,Rural / Scattered,0.3541,0.0021,0.7805,0.7000,#FFAA00,19.971429931692835,51.20093464884144
2570,0.3684,Moderate Risk,3,2.39,0.1108,Bare Land,Peri-Urban / Sparse,0.3541,0.0055,0.7756,0.7000,#FFAA00,24.369184472687063,50.1670325103376
2571,0.3684,Moderate Risk,3,4.93,0.1123,Bare Land,Peri-Urban / Sparse,0.3541,0.0112,0.7667,0.7000,#FFAA00,24.46863154223912,49.31745003127202
2572,0.3684,Moderate Risk,3,4.26,0.1119,Bare Land,Peri-Urban / Sparse,0.3541,0.0097,0.7693,0.7000,#FFAA00,25.86129595486003,48.982894345106274
2573,0.3684,Moderate Risk,3,1.95,0.1105,Bare Land,Peri-Urban / Sparse,0.3541,0.0045,0.7771,0.7000,#FFAA00,21.35302684471538,51.16496340362452
2574,0.3684,Moderate Risk,3,1.42,0.1102,Bare Land,Peri-Urban / Sparse,0.3541,0.0032,0.7791,0.7000,#FFAA00,21.28851147453384,48.29057426401122
2575,0.3684,Moderate Risk,3,1.30,0.1101,Bare Land,Peri-Urban / Sparse,0.3541,0.0030,0.7795,0.7000,#FFAA00,19.544845288705726,47.97849241567232
2576,0.3684,Moderate Risk,3,2.21,0.1106,Bare Land,Peri-Urban / Sparse,0.3541,0.0050,0.7765,0.7000,#FFAA00,21.649977998541214,50.99209634826405
2577,0.3684,Moderate Risk,3,2.22,0.1107,Bare Land,Peri-Urban / Sparse,0.3541,0.0051,0.7762,0.7000,#FFAA00,21.651647793602912,50.94579691575697
2578,0.3684,Moderate Risk,3,1.49,0.1103,Bare Land,Peri-Urban / Sparse,0.3541,0.0034,0.7786,0.7000,#FFAA00,21.495101254422075,48.852443547475985
2579,0.3684,Moderate Risk,3,2.38,0.1108,Bare Land,Peri-Urban / Sparse,0.3541,0.0054,0.7756,0.7000,#FFAA00,22.225180376793496,51.15597752100694
2580,0.3684,Moderate Risk,3,2.28,0.1107,Bare Land,Peri-Urban / Sparse,0.3541,0.0052,0.7762,0.7000,#FFAA00,21.867650378308596,51.00117054452364
2581,0.3683,Moderate Risk,3,9.50,0.1151,Bare Land,Peri-Urban / Sparse,0.3541,0.0217,0.7507,0.7000,#FFAA00,25.56768323412511,49.06888095866001
2582,0.3683,Moderate Risk,3,2.38,0.1109,Bare Land,Peri-Urban / Sparse,0.3541,0.0054,0.7753,0.7000,#FFAA00,24.66135466995373,50.1315498733571
2583,0.3683,Moderate Risk,3,1.42,0.1103,Bare Land,Peri-Urban / Sparse,0.3541,0.0032,0.7785,0.7000,#FFAA00,20.955524514934773,49.99421345836507
2584,0.3683,Moderate Risk,3,1.31,0.1102,Bare Land,Peri-Urban / Sparse,0.3541,0.0030,0.7790,0.7000,#FFAA00,20.794610357260602,50.49641889731916
2585,0.3683,Moderate Risk,3,0.89,0.1100,Bare Land,Rural / Scattered,0.3541,0.0020,0.7801,0.7000,#FFAA00,19.892393057727503,51.381052843080525
2586,0.3683,Moderate Risk,3,1.57,0.1104,Bare Land,Peri-Urban / Sparse,0.3541,0.0036,0.7781,0.7000,#FFAA00,21.478844606312265,49.501714238823844
2587,0.3683,Moderate Risk,3,1.50,0.1103,Bare Land,Peri-Urban / Sparse,0.3541,0.0034,0.7783,0.7000,#FFAA00,21.565719516691374,48.947202692120754
2588,0.3683,Moderate Risk,3,2.23,0.1108,Bare Land,Peri-Urban / Sparse,0.3541,0.0051,0.7756,0.7000,#FFAA00,21.354722442012946,51.118772734480864
2589,0.3683,Moderate Risk,3,2.38,0.1108,Bare Land,Peri-Urban / Sparse,0.3541,0.0054,0.7754,0.7000,#FFAA00,22.29593346511515,51.20565329032908
2590,0.3683,Moderate Risk,3,1.05,0.1101,Bare Land,Peri-Urban / Sparse,0.3541,0.0024,0.7797,0.7000,#FFAA00,20.03240102869897,51.52420899528894
2591,0.3683,Moderate Risk,3,2.26,0.1108,Bare Land,Peri-Urban / Sparse,0.3541,0.0051,0.7756,0.7000,#FFAA00,21.80010161420671,50.859083596474676
2592,0.3682,Moderate Risk,3,0.87,0.1101,Bare Land,Rural / Scattered,0.3541,0.0020,0.7798,0.7000,#FFAA00,19.889077487319557,51.47250528934327
2593,0.3682,Moderate Risk,3,1.37,0.1104,Bare Land,Peri-Urban / Sparse,0.3541,0.0031,0.7779,0.7000,#FFAA00,21.007948662822766,50.64277957548705
2594,0.3682,Moderate Risk,3,0.25,0.1097,Bare Land,Rural / Scattered,0.3541,0.0006,0.7821,0.7000,#FFAA00,19.422517251043377,50.174196362792955
2595,0.3682,Moderate Risk,3,1.33,0.1103,Bare Land,Peri-Urban / Sparse,0.3541,0.0030,0.7783,0.7000,#FFAA00,20.870186560142738,50.40686864325542
2596,0.3682,Moderate Risk,3,1.50,0.1105,Bare Land,Peri-Urban / Sparse,0.3541,0.0034,0.7775,0.7000,#FFAA00,21.416808371761107,49.08236588238682
2597,0.3682,Moderate Risk,3,1.74,0.1106,Bare Land,Peri-Urban / Sparse,0.3541,0.0040,0.7767,0.7000,#FFAA00,22.350287741441086,49.575918522523175
2598,0.3682,Moderate Risk,3,0.88,0.1100,Bare Land,Rural / Scattered,0.3541,0.0020,0.7800,0.7000,#FFAA00,19.900478563074916,51.152342203763695
2599,0.3682,Moderate Risk,3,3.97,0.1119,Bare Land,Peri-Urban / Sparse,0.3541,0.0090,0.7693,0.7000,#FFAA00,22.867178823608725,49.31193605773474
2600,0.3682,Moderate Risk,3,1.77,0.1106,Bare Land,Peri-Urban / Sparse,0.3541,0.0040,0.7768,0.7000,#FFAA00,25.85862867410279,49.07880546495831
2601,0.3682,Moderate Risk,3,1.43,0.1104,Bare Land,Peri-Urban / Sparse,0.3541,0.0033,0.7777,0.7000,#FFAA00,20.629299834241223,48.460871271739066
2602,0.3682,Moderate Risk,3,1.73,0.1106,Bare Land,Peri-Urban / Sparse,0.3541,0.0039,0.7770,0.7000,#FFAA00,22.436770208107117,49.064880647267906
2603,0.3682,Moderate Risk,3,1.12,0.1102,Bare Land,Peri-Urban / Sparse,0.3541,0.0026,0.7792,0.7000,#FFAA00,20.103192069100647,51.5729975697164
2604,0.3682,Moderate Risk,3,2.21,0.1108,Bare Land,Peri-Urban / Sparse,0.3541,0.0050,0.7753,0.7000,#FFAA00,22.121254171439894,49.941194072532205
2605,0.3682,Moderate Risk,3,0.87,0.1101,Bare Land,Rural / Scattered,0.3541,0.0020,0.7798,0.7000,#FFAA00,19.83106639398223,51.058059658219
2606,0.3682,Moderate Risk,3,1.04,0.1102,Bare Land,Peri-Urban / Sparse,0.3541,0.0024,0.7793,0.7000,#FFAA00,19.459361781537375,48.66442783044448
2607,0.3682,Moderate Risk,3,0.76,0.1100,Bare Land,Rural / Scattered,0.3541,0.0017,0.7802,0.7000,#FFAA00,19.69052053458273,50.91544082977588
2608,0.3682,Moderate Risk,3,1.14,0.1103,Bare Land,Peri-Urban / Sparse,0.3541,0.0026,0.7787,0.7000,#FFAA00,20.172219922146528,51.66762421999202
2609,0.3681,Moderate Risk,3,3.72,0.1118,Bare Land,Peri-Urban / Sparse,0.3541,0.0085,0.7696,0.7000,#FFAA00,25.31836986068631,50.063498205903564
2610,0.3681,Moderate Risk,3,1.31,0.1105,Bare Land,Peri-Urban / Sparse,0.3541,0.0030,0.7776,0.7000,#FFAA00,20.793124118705123,50.54248825519752
2611,0.3681,Moderate Risk,3,1.91,0.1108,Bare Land,Peri-Urban / Sparse,0.3541,0.0044,0.7756,0.7000,#FFAA00,21.34959793573231,51.25733098100804
2612,0.3681,Moderate Risk,3,0.24,0.1098,Bare Land,Rural / Scattered,0.3541,0.0006,0.7813,0.7000,#FFAA00,19.47424758429237,50.86181265599028
2613,0.3681,Moderate Risk,3,2.00,0.1108,Bare Land,Peri-Urban / Sparse,0.3541,0.0046,0.7755,0.7000,#FFAA00,23.295567828389903,49.60768767033429
2614,0.3681,Moderate Risk,3,0.27,0.1098,Bare Land,Rural / Scattered,0.3541,0.0006,0.7813,0.7000,#FFAA00,19.423817051496183,50.128498890770494
2615,0.3681,Moderate Risk,3,2.39,0.1111,Bare Land,Peri-Urban / Sparse,0.3541,0.0054,0.7740,0.7000,#FFAA00,22.223408612215437,51.2024446777324
2616,0.3681,Moderate Risk,3,1.52,0.1106,Bare Land,Peri-Urban / Sparse,0.3541,0.0035,0.7770,0.7000,#FFAA00,21.055115753516795,48.9798449110217
2617,0.3681,Moderate Risk,3,0.80,0.1101,Bare Land,Rural / Scattered,0.3541,0.0018,0.7798,0.7000,#FFAA00,19.76004713246548,51.00958154897689
2618,0.3681,Moderate Risk,3,0.24,0.1098,Bare Land,Rural / Scattered,0.3541,0.0005,0.7815,0.7000,#FFAA00,19.403123379433165,50.813559712276714
2619,0.3681,Moderate Risk,3,2.38,0.1110,Bare Land,Peri-Urban / Sparse,0.3541,0.0054,0.7743,0.7000,#FFAA00,22.22693899973248,51.10950569728228
2620,0.3681,Moderate Risk,3,2.09,0.1108,Bare Land,Peri-Urban / Sparse,0.3541,0.0048,0.7754,0.7000,#FFAA00,23.427884138964213,50.03561047455561
2621,0.3681,Moderate Risk,3,0.94,0.1102,Bare Land,Rural / Scattered,0.3541,0.0021,0.7790,0.7000,#FFAA00,19.96491263716314,51.38397670128333
2622,0.3681,Moderate Risk,3,2.33,0.1110,Bare Land,Peri-Urban / Sparse,0.3541,0.0053,0.7744,0.7000,#FFAA00,22.081860625804467,51.10322218304143
2623,0.3681,Moderate Risk,3,1.14,0.1103,Bare Land,Peri-Urban / Sparse,0.3541,0.0026,0.7785,0.7000,#FFAA00,20.173956948740592,51.62183630173129
2624,0.3681,Moderate Risk,3,4.33,0.1122,Bare Land,Peri-Urban / Sparse,0.3541,0.0099,0.7677,0.7000,#FFAA00,25.39100881546776,50.066532436254576
2625,0.3680,Moderate Risk,3,0.57,0.1101,Bare Land,Rural / Scattered,0.3541,0.0013,0.7799,0.7000,#FFAA00,19.545347553970576,50.910113391581135
2626,0.3680,Moderate Risk,3,8.35,0.1146,Bare Land,Peri-Urban / Sparse,0.3541,0.0190,0.7535,0.7000,#FFAA00,24.624529689924596,48.942718737161506
2627,0.3680,Moderate Risk,3,6.98,0.1139,Bare Land,Peri-Urban / Sparse,0.3541,0.0159,0.7577,0.7000,#FFAA00,23.977773594841974,48.59177820775791
2628,0.3680,Moderate Risk,3,0.93,0.1103,Bare Land,Rural / Scattered,0.3541,0.0021,0.7787,0.7000,#FFAA00,19.968194633977376,51.292464718060636
2629,0.3680,Moderate Risk,3,1.70,0.1107,Bare Land,Peri-Urban / Sparse,0.3541,0.0039,0.7760,0.7000,#FFAA00,22.291232076777337,49.06065180516221
2630,0.3680,Moderate Risk,3,1.13,0.1104,Bare Land,Peri-Urban / Sparse,0.3541,0.0026,0.7779,0.7000,#FFAA00,20.101473539299587,51.61876943039101
2631,0.3680,Moderate Risk,3,1.21,0.1104,Bare Land,Peri-Urban / Sparse,0.3541,0.0027,0.7779,0.7000,#FFAA00,20.242939898257646,51.716529443021294
2632,0.3680,Moderate Risk,3,2.27,0.1282,Minepits/Industry,Peri-Urban / Sparse,0.3541,0.0052,0.6741,0.9000,#FFAA00,25.74270831629712,47.82754686992101
2633,0.3680,Moderate Risk,3,2.04,0.1109,Bare Land,Peri-Urban / Sparse,0.3541,0.0047,0.7748,0.7000,#FFAA00,21.575742087161725,51.03536896207558
2634,0.3680,Moderate Risk,3,1.40,0.1106,Bare Land,Peri-Urban / Sparse,0.3541,0.0032,0.7769,0.7000,#FFAA00,21.141919660567787,48.33365784762018
2635,0.3680,Moderate Risk,3,1.38,0.1105,Bare Land,Peri-Urban / Sparse,0.3541,0.0031,0.7772,0.7000,#FFAA00,21.001712587876966,50.82724598295939
2636,0.3680,Moderate Risk,3,2.25,0.1111,Bare Land,Peri-Urban / Sparse,0.3541,0.0051,0.7739,0.7000,#FFAA00,21.798445278205506,50.905437899220004
2637,0.3680,Moderate Risk,3,1.98,0.1109,Bare Land,Peri-Urban / Sparse,0.3541,0.0045,0.7752,0.7000,#FFAA00,21.503187718683538,51.03235928566316
2638,0.3680,Moderate Risk,3,3.79,0.1120,Bare Land,Peri-Urban / Sparse,0.3541,0.0086,0.7689,0.7000,#FFAA00,25.313375234086713,50.20649359719374
2639,0.3680,Moderate Risk,3,1.51,0.1107,Bare Land,Peri-Urban / Sparse,0.3541,0.0034,0.7764,0.7000,#FFAA00,21.12790331549217,48.9817872437559
2640,0.3680,Moderate Risk,3,1.43,0.1105,Bare Land,Peri-Urban / Sparse,0.3541,0.0033,0.7771,0.7000,#FFAA00,20.954163170207476,50.04036939775343
2641,0.3680,Moderate Risk,3,0.89,0.1103,Bare Land,Rural / Scattered,0.3541,0.0020,0.7786,0.7000,#FFAA00,19.898884729805694,51.19809329158142
2642,0.3679,Moderate Risk,3,1.49,0.1107,Bare Land,Peri-Urban / Sparse,0.3541,0.0034,0.7760,0.7000,#FFAA00,21.492932668449942,48.94523329630333
2643,0.3679,Moderate Risk,3,1.35,0.1106,Bare Land,Peri-Urban / Sparse,0.3541,0.0031,0.7768,0.7000,#FFAA00,20.94573473232251,50.317225835705436
2644,0.3679,Moderate Risk,3,1.34,0.1106,Bare Land,Peri-Urban / Sparse,0.3541,0.0031,0.7766,0.7000,#FFAA00,20.936860627250987,50.5939412816057
2645,0.3679,Moderate Risk,3,2.76,0.1114,Bare Land,Peri-Urban / Sparse,0.3541,0.0063,0.7719,0.7000,#FFAA00,23.878614841601674,49.58092377926835
2646,0.3679,Moderate Risk,3,1.73,0.1109,Bare Land,Peri-Urban / Sparse,0.3541,0.0039,0.7753,0.7000,#FFAA00,22.28644975351437,49.24720391172663
2647,0.3679,Moderate Risk,3,0.80,0.1103,Bare Land,Rural / Scattered,0.3541,0.0018,0.7786,0.7000,#FFAA00,19.761582163282217,50.96385408987227
2648,0.3679,Moderate Risk,3,1.30,0.1106,Bare Land,Peri-Urban / Sparse,0.3541,0.0030,0.7766,0.7000,#FFAA00,20.60476329997926,49.521589952025366
2649,0.3679,Moderate Risk,3,1.35,0.1106,Bare Land,Peri-Urban / Sparse,0.3541,0.0031,0.7765,0.7000,#FFAA00,20.927541835448505,50.87050852001708
2650,0.3679,Moderate Risk,3,1.22,0.1105,Bare Land,Peri-Urban / Sparse,0.3541,0.0028,0.7772,0.7000,#FFAA00,20.463977153699876,49.33312305856986
2651,0.3679,Moderate Risk,3,1.87,0.1109,Bare Land,Peri-Urban / Sparse,0.3541,0.0043,0.7748,0.7000,#FFAA00,23.13113292798899,50.21210773487492
2652,0.3679,Moderate Risk,3,2.09,0.1110,Bare Land,Peri-Urban / Sparse,0.3541,0.0048,0.7742,0.7000,#FFAA00,23.56215420930783,50.37019845753884
2653,0.3679,Moderate Risk,3,0.82,0.1103,Bare Land,Rural / Scattered,0.3541,0.0019,0.7784,0.7000,#FFAA00,19.82150636772791,51.332429263639625
2654,0.3678,Moderate Risk,3,1.45,0.1107,Bare Land,Peri-Urban / Sparse,0.3541,0.0033,0.7759,0.7000,#FFAA00,20.416900239878842,48.13330170598311
2655,0.3678,Moderate Risk,3,1.32,0.1107,Bare Land,Peri-Urban / Sparse,0.3541,0.0030,0.7764,0.7000,#FFAA00,20.871641502246224,50.360765373518575
2656,0.3678,Moderate Risk,3,0.93,0.1105,Bare Land,Rural / Scattered,0.3541,0.0021,0.7774,0.7000,#FFAA00,19.966559470481066,51.33822298651203
2657,0.3678,Moderate Risk,3,1.47,0.1108,Bare Land,Peri-Urban / Sparse,0.3541,0.0033,0.7758,0.7000,#FFAA00,21.50326196004516,48.481172002269716
2658,0.3678,Moderate Risk,3,1.38,0.1107,Bare Land,Peri-Urban / Sparse,0.3541,0.0031,0.7762,0.7000,#FFAA00,21.003290181725426,50.78113573695041
2659,0.3678,Moderate Risk,3,1.77,0.1110,Bare Land,Peri-Urban / Sparse,0.3541,0.0040,0.7746,0.7000,#FFAA00,21.83993425832847,49.60596681468792
2660,0.3678,Moderate Risk,3,1.41,0.1108,Bare Land,Peri-Urban / Sparse,0.3541,0.0032,0.7758,0.7000,#FFAA00,20.950004719061464,50.17881478892837
2661,0.3678,Moderate Risk,3,1.29,0.1106,Bare Land,Peri-Urban / Sparse,0.3541,0.0029,0.7765,0.7000,#FFAA00,19.687455610480523,48.16475103853392
2662,0.3678,Moderate Risk,3,1.37,0.1107,Bare Land,Peri-Urban / Sparse,0.3541,0.0031,0.7762,0.7000,#FFAA00,21.006408223980447,50.68890249984112
2663,0.3678,Moderate Risk,3,1.42,0.1107,Bare Land,Peri-Urban / Sparse,0.3541,0.0032,0.7759,0.7000,#FFAA00,20.956873449828063,49.948053837063576
2664,0.3678,Moderate Risk,3,6.18,0.1135,Bare Land,Peri-Urban / Sparse,0.3541,0.0141,0.7597,0.7000,#FFAA00,25.53461779367822,50.12039067463243
2665,0.3678,Moderate Risk,3,1.65,0.1109,Bare Land,Peri-Urban / Sparse,0.3541,0.0038,0.7753,0.7000,#FFAA00,22.295800851244557,48.874050147208756
2666,0.3678,Moderate Risk,3,1.29,0.1106,Bare Land,Peri-Urban / Sparse,0.3541,0.0029,0.7766,0.7000,#FFAA00,20.5344040700951,49.427315127008406
2667,0.3678,Moderate Risk,3,1.69,0.1109,Bare Land,Peri-Urban / Sparse,0.3541,0.0039,0.7749,0.7000,#FFAA00,22.36162854908437,49.15609238858452
2668,0.3678,Moderate Risk,3,1.43,0.1108,Bare Land,Peri-Urban / Sparse,0.3541,0.0033,0.7757,0.7000,#FFAA00,20.95140326802944,50.13267009657059
2669,0.3678,Moderate Risk,3,0.89,0.1105,Bare Land,Rural / Scattered,0.3541,0.0020,0.7776,0.7000,#FFAA00,19.89403341678684,51.33531973943084
2670,0.3677,Moderate Risk,3,1.60,0.1109,Bare Land,Peri-Urban / Sparse,0.3541,0.0036,0.7749,0.7000,#FFAA00,21.135407747321786,51.15588439210165
2671,0.3677,Moderate Risk,3,0.76,0.1104,Bare Land,Rural / Scattered,0.3541,0.0017,0.7779,0.7000,#FFAA00,19.68900312053468,50.96115213553518
2672,0.3677,Moderate Risk,3,1.29,0.1107,Bare Land,Peri-Urban / Sparse,0.3541,0.0029,0.7759,0.7000,#FFAA00,19.83068158852511,48.305408439611504
2673,0.3677,Moderate Risk,3,0.78,0.1105,Bare Land,Rural / Scattered,0.3541,0.0018,0.7775,0.7000,#FFAA00,19.755372661361246,51.14673799061748
2674,0.3677,Moderate Risk,3,1.58,0.1109,Bare Land,Peri-Urban / Sparse,0.3541,0.0036,0.7751,0.7000,#FFAA00,21.702001084170988,49.322758569690656
2675,0.3677,Moderate Risk,3,2.17,0.1112,Bare Land,Peri-Urban / Sparse,0.3541,0.0049,0.7731,0.7000,#FFAA00,23.69730351998622,50.65832844959851
2676,0.3677,Moderate Risk,3,1.79,0.1110,Bare Land,Peri-Urban / Sparse,0.3541,0.0041,0.7742,0.7000,#FFAA00,21.27878636493116,51.20808792544725
2677,0.3677,Moderate Risk,3,1.35,0.1108,Bare Land,Peri-Urban / Sparse,0.3541,0.0031,0.7758,0.7000,#FFAA00,20.925945541560576,50.91658814528175
2678,0.3677,Moderate Risk,3,2.94,0.1118,Bare Land,Peri-Urban / Sparse,0.3541,0.0067,0.7700,0.7000,#FFAA00,24.808255821934775,50.09005983819111
2679,0.3677,Moderate Risk,3,3.51,0.1120,Bare Land,Peri-Urban / Sparse,0.3541,0.0080,0.7684,0.7000,#FFAA00,24.969084848956054,49.62055457931518
2680,0.3677,Moderate Risk,3,5.36,0.1131,Bare Land,Peri-Urban / Sparse,0.3541,0.0122,0.7621,0.7000,#FFAA00,25.78985818675053,48.93252573924216
2681,0.3677,Moderate Risk,3,1.35,0.1108,Bare Land,Peri-Urban / Sparse,0.3541,0.0031,0.7755,0.7000,#FFAA00,20.94717044685465,50.27109269198352
2682,0.3677,Moderate Risk,3,0.88,0.1105,Bare Land,Rural / Scattered,0.3541,0.0020,0.7773,0.7000,#FFAA00,19.89074107956916,51.426781370409586
2683,0.3677,Moderate Risk,3,2.31,0.1113,Bare Land,Peri-Urban / Sparse,0.3541,0.0053,0.7724,0.7000,#FFAA00,22.012760096220664,51.007283359675085
2684,0.3677,Moderate Risk,3,1.40,0.1108,Bare Land,Peri-Urban / Sparse,0.3541,0.0032,0.7757,0.7000,#FFAA00,21.064536386452392,51.106782098912944
2685,0.3676,Moderate Risk,3,1.49,0.1110,Bare Land,Peri-Urban / Sparse,0.3541,0.0034,0.7747,0.7000,#FFAA00,21.42014501525791,48.943272195540914
2686,0.3676,Moderate Risk,3,2.81,0.1118,Bare Land,Peri-Urban / Sparse,0.3541,0.0064,0.7700,0.7000,#FFAA00,23.829954002978944,48.68215589772053
2687,0.3676,Moderate Risk,3,1.53,0.1110,Bare Land,Peri-Urban / Sparse,0.3541,0.0035,0.7747,0.7000,#FFAA00,21.50029805883288,48.62041933164355
2688,0.3676,Moderate Risk,3,1.38,0.1109,Bare Land,Peri-Urban / Sparse,0.3541,0.0031,0.7752,0.7000,#FFAA00,21.004855395360135,50.73502123145623
2689,0.3676,Moderate Risk,3,1.84,0.1111,Bare Land,Peri-Urban / Sparse,0.3541,0.0042,0.7736,0.7000,#FFAA00,21.764595995733586,49.696509137594774
2690,0.3676,Moderate Risk,3,1.75,0.1111,Bare Land,Peri-Urban / Sparse,0.3541,0.0040,0.7739,0.7000,#FFAA00,22.277567559621172,49.5735440876471
2691,0.3676,Moderate Risk,3,1.36,0.1109,Bare Land,Peri-Urban / Sparse,0.3541,0.0031,0.7752,0.7000,#FFAA00,20.94859377722496,50.22495566523128
2692,0.3676,Moderate Risk,3,13.99,0.1183,Bare Land,Low Density Urban,0.3541,0.0319,0.7319,0.7000,#FFAA00,24.61131997256662,49.417335004692816
2693,0.3676,Moderate Risk,3,1.20,0.1108,Bare Land,Peri-Urban / Sparse,0.3541,0.0027,0.7755,0.7000,#FFAA00,20.322922505046126,49.1449862620258
2694,0.3676,Moderate Risk,3,1.99,0.1112,Bare Land,Peri-Urban / Sparse,0.3541,0.0045,0.7730,0.7000,#FFAA00,21.422122791587604,51.26042800313486
2695,0.3676,Moderate Risk,3,1.53,0.1110,Bare Land,Peri-Urban / Sparse,0.3541,0.0035,0.7746,0.7000,#FFAA00,21.642823265445482,48.76340478960541
2696,0.3676,Moderate Risk,3,1.97,0.1112,Bare Land,Peri-Urban / Sparse,0.3541,0.0045,0.7733,0.7000,#FFAA00,21.423849937100545,51.21422402280548
2697,0.3676,Moderate Risk,3,2.56,0.1116,Bare Land,Peri-Urban / Sparse,0.3541,0.0058,0.7712,0.7000,#FFAA00,24.673867588591346,49.752110880216996
2698,0.3676,Moderate Risk,3,2.26,0.1114,Bare Land,Peri-Urban / Sparse,0.3541,0.0051,0.7719,0.7000,#FFAA00,21.725875551605544,50.902459251985704
2699,0.3676,Moderate Risk,3,0.97,0.1106,Bare Land,Rural / Scattered,0.3541,0.0022,0.7766,0.7000,#FFAA00,19.959902168411084,51.521210202029586
2700,0.3676,Moderate Risk,3,1.43,0.1109,Bare Land,Peri-Urban / Sparse,0.3541,0.0033,0.7748,0.7000,#FFAA00,20.95278941983147,50.08652162166973
2701,0.3675,Moderate Risk,3,1.55,0.1111,Bare Land,Peri-Urban / Sparse,0.3541,0.0035,0.7739,0.7000,#FFAA00,21.942156182407224,48.398591725518415
2702,0.3675,Moderate Risk,3,1.90,0.1113,Bare Land,Peri-Urban / Sparse,0.3541,0.0043,0.7726,0.7000,#FFAA00,21.351318674206816,51.211149496985534
2703,0.3675,Moderate Risk,3,2.15,0.1115,Bare Land,Peri-Urban / Sparse,0.3541,0.0049,0.7718,0.7000,#FFAA00,23.421697855183897,50.22345824412309
2704,0.3675,Moderate Risk,3,1.33,0.1109,Bare Land,Peri-Urban / Sparse,0.3541,0.0030,0.7750,0.7000,#FFAA00,20.86871929393153,50.452967938286164
2705,0.3675,Moderate Risk,3,2.25,0.1115,Bare Land,Peri-Urban / Sparse,0.3541,0.0051,0.7716,0.7000,#FFAA00,21.87101397869477,50.90842900579165
2706,0.3675,Moderate Risk,3,1.40,0.1110,Bare Land,Peri-Urban / Sparse,0.3541,0.0032,0.7743,0.7000,#FFAA00,20.816718682382103,49.75878338801148
2707,0.3675,Moderate Risk,3,1.54,0.1111,Bare Land,Peri-Urban / Sparse,0.3541,0.0035,0.7738,0.7000,#FFAA00,21.481320633119697,49.408999449590866
2708,0.3675,Moderate Risk,3,0.80,0.1107,Bare Land,Rural / Scattered,0.3541,0.0018,0.7764,0.7000,#FFAA00,19.819872477266564,51.37814184636374
2709,0.3675,Moderate Risk,3,1.37,0.1110,Bare Land,Peri-Urban / Sparse,0.3541,0.0031,0.7744,0.7000,#FFAA00,20.996905573610338,50.96555083070065
2710,0.3675,Moderate Risk,3,2.36,0.1115,Bare Land,Peri-Urban / Sparse,0.3541,0.0054,0.7713,0.7000,#FFAA00,23.29965201373733,49.466812403976576
2711,0.3675,Moderate Risk,3,1.52,0.1110,Bare Land,Peri-Urban / Sparse,0.3541,0.0035,0.7742,0.7000,#FFAA00,21.137084439227483,51.10976070775583
2712,0.3675,Moderate Risk,3,3.28,0.1121,Bare Land,Peri-Urban / Sparse,0.3541,0.0075,0.7679,0.7000,#FFAA00,25.783172157533837,49.172149172260156
2713,0.3675,Moderate Risk,3,1.51,0.1110,Bare Land,Peri-Urban / Sparse,0.3541,0.0035,0.7743,0.7000,#FFAA00,21.2689842419499,49.17095490045671
2714,0.3675,Moderate Risk,3,1.38,0.1110,Bare Land,Peri-Urban / Sparse,0.3541,0.0031,0.7747,0.7000,#FFAA00,20.746536386167506,49.66427389027133
2715,0.3675,Moderate Risk,3,0.87,0.1107,Bare Land,Rural / Scattered,0.3541,0.0020,0.7765,0.7000,#FFAA00,19.88740228602053,51.5182245678254
2716,0.3675,Moderate Risk,3,2.03,0.1113,Bare Land,Peri-Urban / Sparse,0.3541,0.0046,0.7724,0.7000,#FFAA00,23.369655425973846,49.56322135205001
2717,0.3675,Moderate Risk,3,1.64,0.1111,Bare Land,Peri-Urban / Sparse,0.3541,0.0037,0.7738,0.7000,#FFAA00,21.206253012958186,51.205039279560374
2718,0.3675,Moderate Risk,3,2.77,0.1290,Minepits/Industry,Peri-Urban / Sparse,0.3541,0.0063,0.6697,0.9000,#FFAA00,24.702170411056873,48.754961271732256
2719,0.3674,Moderate Risk,3,1.20,0.1110,Bare Land,Peri-Urban / Sparse,0.3541,0.0027,0.7746,0.7000,#FFAA00,20.241172471122738,51.762328606271296
2720,0.3674,Moderate Risk,3,12.18,0.1174,Bare Land,Low Density Urban,0.3541,0.0278,0.7373,0.7000,#FFAA00,25.793681022865364,48.78871187327404
2721,0.3674,Moderate Risk,3,1.52,0.1112,Bare Land,Peri-Urban / Sparse,0.3541,0.0035,0.7734,0.7000,#FFAA00,21.64069027106634,48.85629838693522
2722,0.3674,Moderate Risk,3,1.59,0.1283,Minepits/Industry,Peri-Urban / Sparse,0.3541,0.0036,0.6734,0.9000,#FFAA00,22.446821364355333,48.64452585955376
2723,0.3674,Moderate Risk,3,1.29,0.1110,Bare Land,Peri-Urban / Sparse,0.3541,0.0029,0.7742,0.7000,#FFAA00,19.75950088664742,48.21209492792734
2724,0.3674,Moderate Risk,3,2.25,0.1116,Bare Land,Peri-Urban / Sparse,0.3541,0.0051,0.7711,0.7000,#FFAA00,21.869338642139056,50.9548020138917
2725,0.3674,Moderate Risk,3,1.33,0.1111,Bare Land,Peri-Urban / Sparse,0.3541,0.0030,0.7741,0.7000,#FFAA00,20.867239708113583,50.499063225268145
2726,0.3674,Moderate Risk,3,11.59,0.1170,Bare Land,Low Density Urban,0.3541,0.0264,0.7392,0.7000,#FFAA00,24.541356807157204,49.31993967960935
2727,0.3674,Moderate Risk,3,4.50,0.1129,Bare Land,Peri-Urban / Sparse,0.3541,0.0103,0.7636,0.7000,#FFAA00,25.71580797010097,48.97802934719213
2728,0.3674,Moderate Risk,3,1.99,0.1114,Bare Land,Peri-Urban / Sparse,0.3541,0.0045,0.7719,0.7000,#FFAA00,21.98537485674548,49.61065543915316
2729,0.3674,Moderate Risk,3,1.22,0.1110,Bare Land,Peri-Urban / Sparse,0.3541,0.0028,0.7747,0.7000,#FFAA00,20.393483111728543,49.23901351466891
2730,0.3674,Moderate Risk,3,2.22,0.1116,Bare Land,Peri-Urban / Sparse,0.3541,0.0051,0.7711,0.7000,#FFAA00,21.653304802395063,50.89949303599525
2731,0.3674,Moderate Risk,3,1.49,0.1111,Bare Land,Peri-Urban / Sparse,0.3541,0.0034,0.7737,0.7000,#FFAA00,21.275645874630346,48.89304985390498
2732,0.3674,Moderate Risk,3,1.38,0.1111,Bare Land,Peri-Urban / Sparse,0.3541,0.0031,0.7740,0.7000,#FFAA00,21.216566480896464,48.24261561196553
2733,0.3673,Moderate Risk,3,2.35,0.1117,Bare Land,Peri-Urban / Sparse,0.3541,0.0054,0.7701,0.7000,#FFAA00,22.156139535738568,51.05990457890222
2734,0.3673,Moderate Risk,3,1.39,0.1112,Bare Land,Peri-Urban / Sparse,0.3541,0.0032,0.7735,0.7000,#FFAA00,21.07588194035299,50.78394709240349
2735,0.3673,Moderate Risk,3,1.40,0.1112,Bare Land,Peri-Urban / Sparse,0.3541,0.0032,0.7734,0.7000,#FFAA00,21.06619439632446,51.060676052696344
2736,0.3673,Moderate Risk,3,1.20,0.1110,Bare Land,Peri-Urban / Sparse,0.3541,0.0027,0.7744,0.7000,#FFAA00,19.972858340645168,48.49227756949052
2737,0.3673,Moderate Risk,3,1.58,0.1112,Bare Land,Peri-Urban / Sparse,0.3541,0.0036,0.7731,0.7000,#FFAA00,21.926217653708395,49.09675555007331
2738,0.3673,Moderate Risk,3,2.01,0.1115,Bare Land,Peri-Urban / Sparse,0.3541,0.0046,0.7715,0.7000,#FFAA00,23.1501501903984,49.602690103886836
2739,0.3673,Moderate Risk,3,3.43,0.1123,Bare Land,Peri-Urban / Sparse,0.3541,0.0078,0.7668,0.7000,#FFAA00,25.50138915794173,48.82734439528989
2740,0.3673,Moderate Risk,3,2.95,0.1121,Bare Land,Peri-Urban / Sparse,0.3541,0.0067,0.7682,0.7000,#FFAA00,23.95272382365792,49.53630254603189
2741,0.3673,Moderate Risk,3,2.15,0.1116,Bare Land,Peri-Urban / Sparse,0.3541,0.0049,0.7712,0.7000,#FFAA00,22.0527308970524,49.799119141974025
2742,0.3673,Moderate Risk,3,0.89,0.1109,Bare Land,Rural / Scattered,0.3541,0.0020,0.7752,0.7000,#FFAA00,19.897279257748256,51.243839931560686
2743,0.3673,Moderate Risk,3,16.39,0.1200,Bare Land,Low Density Urban,0.3541,0.0374,0.7222,0.7000,#FFAA00,24.983121613119238,49.1446996385316
2744,0.3673,Moderate Risk,3,1.56,0.1112,Bare Land,Peri-Urban / Sparse,0.3541,0.0036,0.7730,0.7000,#FFAA00,21.48493872545609,49.26990263936287
2745,0.3673,Moderate Risk,3,1.06,0.1110,Bare Land,Peri-Urban / Sparse,0.3541,0.0024,0.7747,0.7000,#FFAA00,20.030700903525787,51.56996483677757
2746,0.3672,Moderate Risk,3,2.07,0.1116,Bare Land,Peri-Urban / Sparse,0.3541,0.0047,0.7708,0.7000,#FFAA00,23.33266892611173,50.68967820847721
2747,0.3672,Moderate Risk,3,1.14,0.1111,Bare Land,Peri-Urban / Sparse,0.3541,0.0026,0.7738,0.7000,#FFAA00,20.09974327882664,51.66453652487581
2748,0.3672,Moderate Risk,3,52.22,0.0895,Natural Vegetation,Medium Density Urban,0.3541,0.1190,0.8995,0.1000,#FFAA00,24.182957999421486,49.11840319887234
2749,0.3672,Moderate Risk,3,1.78,0.1115,Bare Land,Peri-Urban / Sparse,0.3541,0.0041,0.7716,0.7000,#FFAA00,21.28048818107192,51.1619242443281
2750,0.3672,Moderate Risk,3,2.07,0.1116,Bare Land,Peri-Urban / Sparse,0.3541,0.0047,0.7708,0.7000,#FFAA00,21.57741847207198,50.98909684235662
2751,0.3672,Moderate Risk,3,1.99,0.1116,Bare Land,Peri-Urban / Sparse,0.3541,0.0045,0.7710,0.7000,#FFAA00,23.647388898925247,49.99688799024101
2752,0.3672,Moderate Risk,3,1.63,0.1114,Bare Land,Peri-Urban / Sparse,0.3541,0.0037,0.7720,0.7000,#FFAA00,21.209631468495303,51.1127519979908
2753,0.3672,Moderate Risk,3,2.33,0.1118,Bare Land,Peri-Urban / Sparse,0.3541,0.0053,0.7699,0.7000,#FFAA00,22.08359353390108,51.05679280949651
2754,0.3672,Moderate Risk,3,1.50,0.1113,Bare Land,Peri-Urban / Sparse,0.3541,0.0034,0.7728,0.7000,#FFAA00,21.138748692546976,51.06363251116992
2755,0.3672,Moderate Risk,3,1.39,0.1112,Bare Land,Peri-Urban / Sparse,0.3541,0.0032,0.7731,0.7000,#FFAA00,21.077453065609642,50.737810463329765
2756,0.3671,Moderate Risk,3,0.89,0.1110,Bare Land,Rural / Scattered,0.3541,0.0020,0.7742,0.7000,#FFAA00,19.89566215177356,51.289582091553726
2757,0.3671,Moderate Risk,3,0.75,0.1109,Bare Land,Rural / Scattered,0.3541,0.0017,0.7749,0.7000,#FFAA00,19.68281825994755,51.14395443493932
2758,0.3671,Moderate Risk,3,7.32,0.1148,Bare Land,Peri-Urban / Sparse,0.3541,0.0167,0.7522,0.7000,#FFAA00,25.18863886606129,49.58111136865013
2759,0.3671,Moderate Risk,3,1.68,0.1115,Bare Land,Peri-Urban / Sparse,0.3541,0.0038,0.7713,0.7000,#FFAA00,22.362821752278457,49.10942869612089
2760,0.3671,Moderate Risk,3,0.79,0.1110,Bare Land,Rural / Scattered,0.3541,0.0018,0.7745,0.7000,#FFAA00,19.756942376796864,51.10102353142995
2761,0.3671,Moderate Risk,3,1.33,0.1113,Bare Land,Peri-Urban / Sparse,0.3541,0.0030,0.7727,0.7000,#FFAA00,20.865747807226814,50.54515447087549
2762,0.3671,Moderate Risk,3,1.48,0.1114,Bare Land,Peri-Urban / Sparse,0.3541,0.0034,0.7723,0.7000,#FFAA00,21.583452169980514,48.11128781565103
2763,0.3671,Moderate Risk,3,1.19,0.1112,Bare Land,Peri-Urban / Sparse,0.3541,0.0027,0.7732,0.7000,#FFAA00,20.18365259594794,48.865189553546934
2764,0.3671,Moderate Risk,3,2.35,0.1119,Bare Land,Peri-Urban / Sparse,0.3541,0.0054,0.7692,0.7000,#FFAA00,22.08531338391606,51.0103588590063
2765,0.3671,Moderate Risk,3,2.13,0.1118,Bare Land,Peri-Urban / Sparse,0.3541,0.0049,0.7698,0.7000,#FFAA00,22.124050895334754,49.84812348019012
2766,0.3670,Moderate Risk,3,1.78,0.1116,Bare Land,Peri-Urban / Sparse,0.3541,0.0041,0.7707,0.7000,#FFAA00,21.28217747063234,51.11575599754126
2767,0.3670,Moderate Risk,3,0.87,0.1112,Bare Land,Rural / Scattered,0.3541,0.0020,0.7736,0.7000,#FFAA00,19.826338549304644,51.19526443471572
2768,0.3670,Moderate Risk,3,0.87,0.1111,Bare Land,Rural / Scattered,0.3541,0.0020,0.7738,0.7000,#FFAA00,19.82950204677003,51.103798968835605
2769,0.3670,Moderate Risk,3,1.41,0.1114,Bare Land,Peri-Urban / Sparse,0.3541,0.0032,0.7721,0.7000,#FFAA00,21.06784000905574,51.01456553742945
2770,0.3670,Moderate Risk,3,1.30,0.1114,Bare Land,Peri-Urban / Sparse,0.3541,0.0030,0.7722,0.7000,#FFAA00,19.47345089445186,47.885482586282585
2771,0.3670,Moderate Risk,3,0.79,0.1111,Bare Land,Rural / Scattered,0.3541,0.0018,0.7740,0.7000,#FFAA00,19.758500535406665,51.055304706859175
2772,0.3670,Moderate Risk,3,6.42,0.1144,Bare Land,Peri-Urban / Sparse,0.3541,0.0146,0.7547,0.7000,#FFAA00,25.36965783683131,48.249325649249215
2773,0.3670,Moderate Risk,3,1.83,0.1117,Bare Land,Peri-Urban / Sparse,0.3541,0.0042,0.7703,0.7000,#FFAA00,21.356405460891978,51.07257752312975
2774,0.3670,Moderate Risk,3,0.75,0.1111,Bare Land,Rural / Scattered,0.3541,0.0017,0.7740,0.7000,#FFAA00,19.68747418139421,51.00685918096464
2775,0.3670,Moderate Risk,3,2.01,0.1118,Bare Land,Peri-Urban / Sparse,0.3541,0.0046,0.7700,0.7000,#FFAA00,23.716972161045902,50.09380511247313
2776,0.3670,Moderate Risk,3,1.36,0.1114,Bare Land,Peri-Urban / Sparse,0.3541,0.0031,0.7719,0.7000,#FFAA00,21.013986426438837,50.458246618932414
2777,0.3670,Moderate Risk,3,3.12,0.1124,Bare Land,Peri-Urban / Sparse,0.3541,0.0071,0.7663,0.7000,#FFAA00,25.43921497374377,48.39475803380128
2778,0.3670,Moderate Risk,3,2.13,0.1119,Bare Land,Peri-Urban / Sparse,0.3541,0.0048,0.7694,0.7000,#FFAA00,22.05409135132986,49.75259833008992
2779,0.3670,Moderate Risk,3,1.37,0.1114,Bare Land,Peri-Urban / Sparse,0.3541,0.0031,0.7721,0.7000,#FFAA00,21.009476707160584,50.596652491793556
2780,0.3670,Moderate Risk,3,1.41,0.1114,Bare Land,Peri-Urban / Sparse,0.3541,0.0032,0.7720,0.7000,#FFAA00,20.888137939302865,49.80722826856982
2781,0.3670,Moderate Risk,3,4.57,0.1133,Bare Land,Peri-Urban / Sparse,0.3541,0.0104,0.7611,0.7000,#FFAA00,25.39264840086751,50.01883063450988
2782,0.3670,Moderate Risk,3,1.47,0.1115,Bare Land,Peri-Urban / Sparse,0.3541,0.0033,0.7717,0.7000,#FFAA00,21.14847271897475,50.78677044512283
2783,0.3670,Moderate Risk,3,1.45,0.1115,Bare Land,Peri-Urban / Sparse,0.3541,0.0033,0.7717,0.7000,#FFAA00,21.15161432541867,50.69444850718608
2784,0.3669,Moderate Risk,3,7.46,0.1150,Bare Land,Peri-Urban / Sparse,0.3541,0.0170,0.7509,0.7000,#FFAA00,24.53720663365005,49.46219648438823
2785,0.3669,Moderate Risk,3,1.38,0.1115,Bare Land,Peri-Urban / Sparse,0.3541,0.0031,0.7717,0.7000,#FFAA00,21.08055801632428,50.645524532490754
2786,0.3669,Moderate Risk,3,0.80,0.1112,Bare Land,Rural / Scattered,0.3541,0.0018,0.7735,0.7000,#FFAA00,19.81656998109669,51.469553279236614
2787,0.3669,Moderate Risk,3,1.49,0.1116,Bare Land,Peri-Urban / Sparse,0.3541,0.0034,0.7710,0.7000,#FFAA00,21.71975037796853,48.57938414475897
2788,0.3669,Moderate Risk,3,2.35,0.1121,Bare Land,Peri-Urban / Sparse,0.3541,0.0054,0.7682,0.7000,#FFAA00,22.302966919178495,51.01966207403691
2789,0.3669,Moderate Risk,3,2.16,0.1120,Bare Land,Peri-Urban / Sparse,0.3541,0.0049,0.7688,0.7000,#FFAA00,23.477833477120733,50.69590685090203
2790,0.3669,Moderate Risk,3,1.39,0.1115,Bare Land,Peri-Urban / Sparse,0.3541,0.0032,0.7715,0.7000,#FFAA00,21.07901175919488,50.691669598874384
2791,0.3669,Moderate Risk,3,2.25,0.1120,Bare Land,Peri-Urban / Sparse,0.3541,0.0051,0.7687,0.7000,#FFAA00,21.727525825385204,50.856128001945656
2792,0.3669,Moderate Risk,3,1.67,0.1117,Bare Land,Peri-Urban / Sparse,0.3541,0.0038,0.7705,0.7000,#FFAA00,22.364001564208685,49.06276186416141
2793,0.3669,Moderate Risk,3,0.75,0.1112,Bare Land,Rural / Scattered,0.3541,0.0017,0.7735,0.7000,#FFAA00,19.68593372179727,51.05256193402217
2794,0.3669,Moderate Risk,3,1.36,0.1115,Bare Land,Peri-Urban / Sparse,0.3541,0.0031,0.7715,0.7000,#FFAA00,21.01249559360226,50.50438598007341
2795,0.3669,Moderate Risk,3,0.75,0.1111,Bare Land,Rural / Scattered,0.3541,0.0017,0.7737,0.7000,#FFAA00,19.68438174641377,51.09826036268291
2796,0.3669,Moderate Risk,3,2.11,0.1119,Bare Land,Peri-Urban / Sparse,0.3541,0.0048,0.7693,0.7000,#FFAA00,23.7040867936448,50.470222232888275
2797,0.3669,Moderate Risk,3,3.20,0.1126,Bare Land,Peri-Urban / Sparse,0.3541,0.0073,0.7654,0.7000,#FFAA00,24.9155574300659,48.951934112293195
2798,0.3669,Moderate Risk,3,7.81,0.1152,Bare Land,Peri-Urban / Sparse,0.3541,0.0178,0.7498,0.7000,#FFAA00,25.278029807716116,49.011384750882264
2799,0.3669,Moderate Risk,3,1.63,0.1117,Bare Land,Peri-Urban / Sparse,0.3541,0.0037,0.7706,0.7000,#FFAA00,21.550317236389613,49.5503345611289
2800,0.3669,Moderate Risk,3,1.87,0.1118,Bare Land,Peri-Urban / Sparse,0.3541,0.0043,0.7698,0.7000,#FFAA00,21.43063232049849,51.02936224206566
2801,0.3669,Moderate Risk,3,2.18,0.1119,Bare Land,Peri-Urban / Sparse,0.3541,0.0050,0.7690,0.7000,#FFAA00,23.17147766006412,48.80485785354664
2802,0.3668,Moderate Risk,3,2.43,0.1122,Bare Land,Peri-Urban / Sparse,0.3541,0.0055,0.7674,0.7000,#FFAA00,22.2286844755899,51.06302924105079
2803,0.3668,Moderate Risk,3,1.78,0.1118,Bare Land,Peri-Urban / Sparse,0.3541,0.0041,0.7696,0.7000,#FFAA00,21.99050856583299,49.424589245708425
2804,0.3668,Moderate Risk,3,1.37,0.1116,Bare Land,Peri-Urban / Sparse,0.3541,0.0031,0.7710,0.7000,#FFAA00,20.998520278926332,50.919453563153944
2805,0.3668,Moderate Risk,3,1.58,0.1117,Bare Land,Peri-Urban / Sparse,0.3541,0.0036,0.7702,0.7000,#FFAA00,21.146883203039412,50.83292501354529
2806,0.3668,Moderate Risk,3,1.76,0.1118,Bare Land,Peri-Urban / Sparse,0.3541,0.0040,0.7699,0.7000,#FFAA00,22.354188324781774,49.436006637765324
2807,0.3668,Moderate Risk,3,1.54,0.1117,Bare Land,Peri-Urban / Sparse,0.3541,0.0035,0.7706,0.7000,#FFAA00,21.934023237140874,48.77102530054052
2808,0.3668,Moderate Risk,3,1.34,0.1116,Bare Land,Peri-Urban / Sparse,0.3541,0.0031,0.7712,0.7000,#FFAA00,20.94135332803351,50.455601634137416
2809,0.3668,Moderate Risk,3,1.67,0.1117,Bare Land,Peri-Urban / Sparse,0.3541,0.0038,0.7702,0.7000,#FFAA00,21.207948480722774,51.158897916578994
2810,0.3668,Moderate Risk,3,1.30,0.1115,Bare Land,Peri-Urban / Sparse,0.3541,0.0030,0.7716,0.7000,#FFAA00,19.616957634414177,48.02570877847464
2811,0.3668,Moderate Risk,3,1.44,0.1116,Bare Land,Peri-Urban / Sparse,0.3541,0.0033,0.7709,0.7000,#FFAA00,20.48892115599178,48.18090336438088
2812,0.3668,Moderate Risk,3,2.06,0.1119,Bare Land,Peri-Urban / Sparse,0.3541,0.0047,0.7690,0.7000,#FFAA00,23.638012923478144,50.27912027375292
2813,0.3668,Moderate Risk,3,5.50,0.1140,Bare Land,Peri-Urban / Sparse,0.3541,0.0125,0.7570,0.7000,#FFAA00,25.281858917606367,48.868193578211695
2814,0.3668,Moderate Risk,3,1.66,0.1117,Bare Land,Peri-Urban / Sparse,0.3541,0.0038,0.7703,0.7000,#FFAA00,22.015944876775556,48.353737845904426
2815,0.3668,Moderate Risk,3,4.37,0.1133,Bare Land,Peri-Urban / Sparse,0.3541,0.0100,0.7608,0.7000,#FFAA00,25.71449074901878,49.02592840223135
2816,0.3668,Moderate Risk,3,3.67,0.1129,Bare Land,Peri-Urban / Sparse,0.3541,0.0084,0.7634,0.7000,#FFAA00,25.244085673174286,50.1081169050454
2817,0.3668,Moderate Risk,3,1.22,0.1115,Bare Land,Peri-Urban / Sparse,0.3541,0.0028,0.7716,0.7000,#FFAA00,19.401287448464682,47.83837415290001
2818,0.3667,Moderate Risk,3,1.79,0.1119,Bare Land,Peri-Urban / Sparse,0.3541,0.0041,0.7691,0.7000,#FFAA00,22.273561261058486,49.71335260798523
2819,0.3667,Moderate Risk,3,1.15,0.1115,Bare Land,Peri-Urban / Sparse,0.3541,0.0026,0.7714,0.7000,#FFAA00,20.170471124424104,51.71340732982059
2820,0.3667,Moderate Risk,3,1.36,0.1117,Bare Land,Peri-Urban / Sparse,0.3541,0.0031,0.7706,0.7000,#FFAA00,21.010992352304495,50.55052128217759
2821,0.3667,Moderate Risk,3,2.06,0.1121,Bare Land,Peri-Urban / Sparse,0.3541,0.0047,0.7680,0.7000,#FFAA00,23.224230067295164,49.55825426816166
2822,0.3667,Moderate Risk,3,1.68,0.1118,Bare Land,Peri-Urban / Sparse,0.3541,0.0038,0.7698,0.7000,#FFAA00,25.93000097924405,49.12929024795817
2823,0.3667,Moderate Risk,3,4.34,0.1134,Bare Land,Peri-Urban / Sparse,0.3541,0.0099,0.7604,0.7000,#FFAA00,25.038776298688152,49.718463044435744
2824,0.3667,Moderate Risk,3,2.30,0.1122,Bare Land,Peri-Urban / Sparse,0.3541,0.0052,0.7672,0.7000,#FFAA00,21.94190019188338,50.95782884271526
2825,0.3667,Moderate Risk,3,1.87,0.1119,Bare Land,Peri-Urban / Sparse,0.3541,0.0043,0.7689,0.7000,#FFAA00,21.9126549980365,49.608306238515496
2826,0.3667,Moderate Risk,3,1.42,0.1117,Bare Land,Peri-Urban / Sparse,0.3541,0.0032,0.7706,0.7000,#FFAA00,20.958209970739496,49.901890567423365
2827,0.3667,Moderate Risk,3,1.34,0.1117,Bare Land,Peri-Urban / Sparse,0.3541,0.0031,0.7705,0.7000,#FFAA00,20.939868121318316,50.501718911268775
2828,0.3667,Moderate Risk,3,1.34,0.1116,Bare Land,Peri-Urban / Sparse,0.3541,0.0031,0.7708,0.7000,#FFAA00,20.94282616844692,50.40948034022111
2829,0.3667,Moderate Risk,3,0.74,0.1113,Bare Land,Rural / Scattered,0.3541,0.0017,0.7730,0.7000,#FFAA00,19.616423136924034,50.95846215461012
2830,0.3667,Moderate Risk,3,1.15,0.1115,Bare Land,Peri-Urban / Sparse,0.3541,0.0026,0.7713,0.7000,#FFAA00,20.168710560879244,51.759185598996474
2831,0.3667,Moderate Risk,3,0.75,0.1113,Bare Land,Rural / Scattered,0.3541,0.0017,0.7727,0.7000,#FFAA00,19.67482832838154,51.37235833112279
2832,0.3667,Moderate Risk,3,1.62,0.1118,Bare Land,Peri-Urban / Sparse,0.3541,0.0037,0.7698,0.7000,#FFAA00,21.211301971113148,51.06660155722692
2833,0.3667,Moderate Risk,3,2.19,0.1122,Bare Land,Peri-Urban / Sparse,0.3541,0.0050,0.7677,0.7000,#FFAA00,22.122659122964116,49.89466063231833
2834,0.3667,Moderate Risk,3,1.57,0.1118,Bare Land,Peri-Urban / Sparse,0.3541,0.0036,0.7699,0.7000,#FFAA00,21.943113644030017,48.35202558511274
2835,0.3667,Moderate Risk,3,0.85,0.1113,Bare Land,Rural / Scattered,0.3541,0.0019,0.7725,0.7000,#FFAA00,19.82312867982718,51.28671214608924
2836,0.3667,Moderate Risk,3,1.43,0.1117,Bare Land,Peri-Urban / Sparse,0.3541,0.0033,0.7706,0.7000,#FFAA00,21.074298388246547,50.83007945265991
2837,0.3667,Moderate Risk,3,2.15,0.1121,Bare Land,Peri-Urban / Sparse,0.3541,0.0049,0.7678,0.7000,#FFAA00,22.05543866130578,49.70607391908959
2838,0.3667,Moderate Risk,3,1.40,0.1117,Bare Land,Peri-Urban / Sparse,0.3541,0.0032,0.7704,0.7000,#FFAA00,21.019825582175883,50.27364925362118
2839,0.3667,Moderate Risk,3,9.65,0.1165,Bare Land,Peri-Urban / Sparse,0.3541,0.0220,0.7423,0.7000,#FFAA00,25.797362136265175,48.64486946456034
2840,0.3666,Moderate Risk,3,2.42,0.1123,Bare Land,Peri-Urban / Sparse,0.3541,0.0055,0.7666,0.7000,#FFAA00,24.587090395575053,50.17596162492844
2841,0.3666,Moderate Risk,3,1.81,0.1120,Bare Land,Peri-Urban / Sparse,0.3541,0.0041,0.7687,0.7000,#FFAA00,22.56160182253189,49.81657949771573
2842,0.3666,Moderate Risk,3,0.80,0.1114,Bare Land,Rural / Scattered,0.3541,0.0018,0.7719,0.7000,#FFAA00,19.81822701339441,51.42384986223287
2843,0.3666,Moderate Risk,3,2.33,0.1123,Bare Land,Peri-Urban / Sparse,0.3541,0.0053,0.7668,0.7000,#FFAA00,22.0144607025255,50.960868283814314
2844,0.3666,Moderate Risk,3,2.30,0.1123,Bare Land,Peri-Urban / Sparse,0.3541,0.0052,0.7668,0.7000,#FFAA00,21.87267638280292,50.862051554412666
2845,0.3666,Moderate Risk,3,6.40,0.1147,Bare Land,Peri-Urban / Sparse,0.3541,0.0146,0.7529,0.7000,#FFAA00,24.240690894981448,49.64116746948957
2846,0.3666,Moderate Risk,3,1.37,0.1117,Bare Land,Peri-Urban / Sparse,0.3541,0.0031,0.7703,0.7000,#FFAA00,21.018384428589517,50.31980451605704
2847,0.3666,Moderate Risk,3,1.75,0.1120,Bare Land,Peri-Urban / Sparse,0.3541,0.0040,0.7687,0.7000,#FFAA00,22.14214954932453,49.19623313092371
2848,0.3666,Moderate Risk,3,1.80,0.1120,Bare Land,Peri-Urban / Sparse,0.3541,0.0041,0.7686,0.7000,#FFAA00,22.070579642310825,49.14751293690808
2849,0.3666,Moderate Risk,3,1.80,0.1120,Bare Land,Peri-Urban / Sparse,0.3541,0.0041,0.7687,0.7000,#FFAA00,22.069390378897836,49.19407781890307
2850,0.3666,Moderate Risk,3,1.34,0.1117,Bare Land,Peri-Urban / Sparse,0.3541,0.0031,0.7704,0.7000,#FFAA00,20.944286638037788,50.36335506293363
2851,0.3666,Moderate Risk,3,36.45,,Built_up,Low Density Urban,0.3541,0.0831,0.5000,1.0000,#FFAA00,25.678185300838216,50.174406509453625
2852,0.3666,Moderate Risk,3,1.34,0.1117,Bare Land,Peri-Urban / Sparse,0.3541,0.0031,0.7703,0.7000,#FFAA00,20.93837055285917,50.54783213821821
2853,0.3665,Moderate Risk,3,16.25,0.1206,Bare Land,Low Density Urban,0.3541,0.0370,0.7185,0.7000,#FFAA00,24.61408113276174,49.32243913791494
2854,0.3665,Moderate Risk,3,1.85,0.1121,Bare Land,Peri-Urban / Sparse,0.3541,0.0042,0.7682,0.7000,#FFAA00,22.132124528006837,49.568824568634255
2855,0.3665,Moderate Risk,3,1.75,0.1120,Bare Land,Peri-Urban / Sparse,0.3541,0.0040,0.7684,0.7000,#FFAA00,21.76591079914726,49.65007489026809
2856,0.3665,Moderate Risk,3,2.07,0.1123,Bare Land,Peri-Urban / Sparse,0.3541,0.0047,0.7670,0.7000,#FFAA00,23.334370555574484,50.64279012180697
2857,0.3665,Moderate Risk,3,1.67,0.1120,Bare Land,Peri-Urban / Sparse,0.3541,0.0038,0.7685,0.7000,#FFAA00,21.769777420473783,49.510751301426254
2858,0.3665,Moderate Risk,3,1.49,0.1119,Bare Land,Peri-Urban / Sparse,0.3541,0.0034,0.7692,0.7000,#FFAA00,21.210992691544277,48.52061636367332
2859,0.3665,Moderate Risk,3,1.96,0.1122,Bare Land,Peri-Urban / Sparse,0.3541,0.0045,0.7677,0.7000,#FFAA00,23.65335589504294,49.80865388958857
2860,0.3665,Moderate Risk,3,1.77,0.1121,Bare Land,Peri-Urban / Sparse,0.3541,0.0040,0.7682,0.7000,#FFAA00,21.283854228427366,51.06958321858969
2861,0.3665,Moderate Risk,3,1.16,0.1117,Bare Land,Peri-Urban / Sparse,0.3541,0.0027,0.7705,0.7000,#FFAA00,20.25335433498471,49.005032904445095
2862,0.3665,Moderate Risk,3,8.52,0.1160,Bare Land,Peri-Urban / Sparse,0.3541,0.0194,0.7451,0.7000,#FFAA00,25.58807520315565,48.255207706761496
2863,0.3665,Moderate Risk,3,2.51,0.1125,Bare Land,Peri-Urban / Sparse,0.3541,0.0057,0.7659,0.7000,#FFAA00,24.746546905195217,49.75487665846059
2864,0.3665,Moderate Risk,3,2.33,0.1124,Bare Land,Peri-Urban / Sparse,0.3541,0.0053,0.7662,0.7000,#FFAA00,24.451288676593588,49.88595371576025
2865,0.3665,Moderate Risk,3,1.52,0.1119,Bare Land,Peri-Urban / Sparse,0.3541,0.0035,0.7691,0.7000,#FFAA00,21.85906777344816,48.86214172806108
2866,0.3665,Moderate Risk,3,1.50,0.1119,Bare Land,Peri-Urban / Sparse,0.3541,0.0034,0.7691,0.7000,#FFAA00,21.85459758076671,49.04817353230648
2867,0.3665,Moderate Risk,3,2.36,0.1124,Bare Land,Peri-Urban / Sparse,0.3541,0.0054,0.7662,0.7000,#FFAA00,22.304692283359948,50.97315274848143
2868,0.3665,Moderate Risk,3,1.87,0.1122,Bare Land,Peri-Urban / Sparse,0.3541,0.0043,0.7677,0.7000,#FFAA00,23.143112970974524,49.8371574970834
2869,0.3665,Moderate Risk,3,1.37,0.1118,Bare Land,Peri-Urban / Sparse,0.3541,0.0031,0.7698,0.7000,#FFAA00,21.016930848454376,50.36595585343054
2870,0.3665,Moderate Risk,3,3.00,0.1128,Bare Land,Peri-Urban / Sparse,0.3541,0.0068,0.7639,0.7000,#FFAA00,24.966095969494024,49.71568149739071
2871,0.3665,Moderate Risk,3,1.59,0.1120,Bare Land,Peri-Urban / Sparse,0.3541,0.0036,0.7686,0.7000,#FFAA00,21.62925006254322,49.32058710512819
2872,0.3665,Moderate Risk,3,2.35,0.1124,Bare Land,Peri-Urban / Sparse,0.3541,0.0053,0.7663,0.7000,#FFAA00,24.81146484457623,49.995106649621
2873,0.3665,Moderate Risk,3,1.49,0.1119,Bare Land,Peri-Urban / Sparse,0.3541,0.0034,0.7692,0.7000,#FFAA00,21.140400502177084,51.01749983572252
2874,0.3665,Moderate Risk,3,1.71,0.1120,Bare Land,Peri-Urban / Sparse,0.3541,0.0039,0.7685,0.7000,#FFAA00,22.287665341660464,49.200570653854506
2875,0.3664,Moderate Risk,3,6.58,0.1150,Bare Land,Peri-Urban / Sparse,0.3541,0.0150,0.7513,0.7000,#FFAA00,25.94762299056156,48.45727706400814
2876,0.3664,Moderate Risk,3,0.24,0.1112,Bare Land,Rural / Scattered,0.3541,0.0005,0.7731,0.7000,#FFAA00,19.401652794788454,50.85919858329682
2877,0.3664,Moderate Risk,3,2.66,0.1127,Bare Land,Peri-Urban / Sparse,0.3541,0.0061,0.7646,0.7000,#FFAA00,22.230416798962814,51.016548186824956
2878,0.3664,Moderate Risk,3,2.13,0.1124,Bare Land,Peri-Urban / Sparse,0.3541,0.0048,0.7663,0.7000,#FFAA00,21.57908212274987,50.942820251475965
2879,0.3664,Moderate Risk,3,1.95,0.1123,Bare Land,Peri-Urban / Sparse,0.3541,0.0044,0.7670,0.7000,#FFAA00,21.504857918251034,50.98610990239307
2880,0.3664,Moderate Risk,3,1.83,0.1122,Bare Land,Peri-Urban / Sparse,0.3541,0.0042,0.7676,0.7000,#FFAA00,21.358075896182466,51.02637780316556
2881,0.3664,Moderate Risk,3,1.46,0.1119,Bare Land,Peri-Urban / Sparse,0.3541,0.0033,0.7690,0.7000,#FFAA00,21.15004976138206,50.74061159850064
2882,0.3664,Moderate Risk,3,3.18,0.1130,Bare Land,Peri-Urban / Sparse,0.3541,0.0072,0.7627,0.7000,#FFAA00,24.09385493517389,49.68313944112167
2883,0.3664,Moderate Risk,3,5.44,0.1143,Bare Land,Peri-Urban / Sparse,0.3541,0.0124,0.7552,0.7000,#FFAA00,25.46198636063953,50.117304414861515
2884,0.3664,Moderate Risk,3,2.02,0.1123,Bare Land,Peri-Urban / Sparse,0.3541,0.0046,0.7670,0.7000,#FFAA00,23.080148223665198,49.50644434426271
2885,0.3664,Moderate Risk,3,1.24,0.1119,Bare Land,Peri-Urban / Sparse,0.3541,0.0028,0.7694,0.7000,#FFAA00,19.901800926782595,48.398802571648275
2886,0.3664,Moderate Risk,3,1.59,0.1120,Bare Land,Peri-Urban / Sparse,0.3541,0.0036,0.7684,0.7000,#FFAA00,21.700781593850134,49.36919333137719
2887,0.3664,Moderate Risk,3,1.62,0.1120,Bare Land,Peri-Urban / Sparse,0.3541,0.0037,0.7685,0.7000,#FFAA00,21.698303802605015,49.46205297202128
2888,0.3664,Moderate Risk,3,1.38,0.1119,Bare Land,Peri-Urban / Sparse,0.3541,0.0031,0.7691,0.7000,#FFAA00,21.215669208328983,48.28895530145994
2889,0.3664,Moderate Risk,3,1.30,0.1119,Bare Land,Peri-Urban / Sparse,0.3541,0.0030,0.7694,0.7000,#FFAA00,20.605964775639357,49.47550520987306
2890,0.3664,Moderate Risk,3,1.99,0.1122,Bare Land,Peri-Urban / Sparse,0.3541,0.0045,0.7672,0.7000,#FFAA00,24.778460180357662,48.614499809132774
2891,0.3663,Moderate Risk,3,2.21,0.1125,Bare Land,Peri-Urban / Sparse,0.3541,0.0050,0.7658,0.7000,#FFAA00,24.63173929773012,48.65779318515909
2892,0.3663,Moderate Risk,3,1.50,0.1121,Bare Land,Peri-Urban / Sparse,0.3541,0.0034,0.7681,0.7000,#FFAA00,21.575108465083964,48.529352465406966
2893,0.3663,Moderate Risk,3,1.36,0.1120,Bare Land,Peri-Urban / Sparse,0.3541,0.0031,0.7688,0.7000,#FFAA00,21.015464846236394,50.41210323222302
2894,0.3663,Moderate Risk,3,1.44,0.1120,Bare Land,Peri-Urban / Sparse,0.3541,0.0033,0.7685,0.7000,#FFAA00,21.02125430478491,50.22749009965811
2895,0.3663,Moderate Risk,3,4.63,0.1139,Bare Land,Peri-Urban / Sparse,0.3541,0.0106,0.7575,0.7000,#FFAA00,25.641749604768876,49.02348098845271
2896,0.3663,Moderate Risk,3,1.84,0.1123,Bare Land,Peri-Urban / Sparse,0.3541,0.0042,0.7668,0.7000,#FFAA00,22.27082392947198,49.806540401524636
2897,0.3663,Moderate Risk,3,3.66,0.1133,Bare Land,Peri-Urban / Sparse,0.3541,0.0083,0.7609,0.7000,#FFAA00,24.316257155990268,49.549171849144244
2898,0.3663,Moderate Risk,3,0.75,0.1117,Bare Land,Rural / Scattered,0.3541,0.0017,0.7705,0.7000,#FFAA00,19.6102628963483,51.14118321259121
2899,0.3663,Moderate Risk,3,2.63,0.1128,Bare Land,Peri-Urban / Sparse,0.3541,0.0060,0.7641,0.7000,#FFAA00,24.087938358163605,49.87204663830224
2900,0.3663,Moderate Risk,3,1.81,0.1122,Bare Land,Peri-Urban / Sparse,0.3541,0.0041,0.7672,0.7000,#FFAA00,22.068187923617497,49.24063952032224
2901,0.3663,Moderate Risk,3,1.50,0.1120,Bare Land,Peri-Urban / Sparse,0.3541,0.0034,0.7684,0.7000,#FFAA00,21.344032339277792,49.08034463337411
2902,0.3663,Moderate Risk,3,1.70,0.1122,Bare Land,Peri-Urban / Sparse,0.3541,0.0039,0.7675,0.7000,#FFAA00,21.694490147131877,49.60131720870646
2903,0.3663,Moderate Risk,3,4.58,0.1139,Bare Land,Peri-Urban / Sparse,0.3541,0.0104,0.7576,0.7000,#FFAA00,25.713157852401853,49.07382409602683
2904,0.3663,Moderate Risk,3,6.71,0.1151,Bare Land,Peri-Urban / Sparse,0.3541,0.0153,0.7504,0.7000,#FFAA00,24.167994833965558,49.63853012712916
2905,0.3663,Moderate Risk,3,1.97,0.1124,Bare Land,Peri-Urban / Sparse,0.3541,0.0045,0.7664,0.7000,#FFAA00,22.126794885359445,49.755038179513924
2906,0.3663,Moderate Risk,3,1.83,0.1122,Bare Land,Peri-Urban / Sparse,0.3541,0.0042,0.7672,0.7000,#FFAA00,22.65625428879198,49.02452229777196
2907,0.3663,Moderate Risk,3,0.77,0.1116,Bare Land,Rural / Scattered,0.3541,0.0017,0.7708,0.7000,#FFAA00,19.74897832705541,51.32955153271688
2908,0.3663,Moderate Risk,3,2.15,0.1125,Bare Land,Peri-Urban / Sparse,0.3541,0.0049,0.7659,0.7000,#FFAA00,23.22558672683896,49.511321141075776
2909,0.3663,Moderate Risk,3,2.36,0.1126,Bare Land,Peri-Urban / Sparse,0.3541,0.0054,0.7651,0.7000,#FFAA00,24.452815094321995,49.8385991492891
2910,0.3662,Moderate Risk,3,2.38,0.1126,Bare Land,Peri-Urban / Sparse,0.3541,0.0054,0.7649,0.7000,#FFAA00,22.157865619352354,51.013447124961516
2911,0.3662,Moderate Risk,3,1.57,0.1122,Bare Land,Peri-Urban / Sparse,0.3541,0.0036,0.7675,0.7000,#FFAA00,21.55888068131949,49.22563794822839
2912,0.3662,Moderate Risk,3,1.08,0.1119,Bare Land,Peri-Urban / Sparse,0.3541,0.0025,0.7693,0.7000,#FFAA00,20.02898908817963,51.615715954153316
2913,0.3662,Moderate Risk,3,0.77,0.1117,Bare Land,Rural / Scattered,0.3541,0.0018,0.7704,0.7000,#FFAA00,19.74571194430191,51.42093127890288
2914,0.3662,Moderate Risk,3,6.88,0.1153,Bare Land,Peri-Urban / Sparse,0.3541,0.0157,0.7493,0.7000,#FFAA00,26.021551762587077,48.41135579128111
2915,0.3662,Moderate Risk,3,1.73,0.1123,Bare Land,Peri-Urban / Sparse,0.3541,0.0039,0.7668,0.7000,#FFAA00,22.14569058150843,49.0564577786921
2916,0.3662,Moderate Risk,3,1.57,0.1122,Bare Land,Peri-Urban / Sparse,0.3541,0.0036,0.7676,0.7000,#FFAA00,21.63164137557848,49.22775418492572
2917,0.3662,Moderate Risk,3,1.66,0.1122,Bare Land,Peri-Urban / Sparse,0.3541,0.0038,0.7673,0.7000,#FFAA00,21.997815304771926,49.14539022635235
2918,0.3662,Moderate Risk,3,0.75,0.1117,Bare Land,Rural / Scattered,0.3541,0.0017,0.7701,0.7000,#FFAA00,19.676449298518286,51.32668652038518
2919,0.3662,Moderate Risk,3,2.65,0.1128,Bare Land,Peri-Urban / Sparse,0.3541,0.0060,0.7638,0.7000,#FFAA00,23.877200993759892,49.62808472610795
2920,0.3662,Moderate Risk,3,1.79,0.1124,Bare Land,Peri-Urban / Sparse,0.3541,0.0041,0.7665,0.7000,#FFAA00,21.98924481615675,49.471110902394436
2921,0.3662,Moderate Risk,3,0.75,0.1117,Bare Land,Rural / Scattered,0.3541,0.0017,0.7703,0.7000,#FFAA00,19.614900284186582,51.00414887641688
2922,0.3662,Moderate Risk,3,1.37,0.1121,Bare Land,Peri-Urban / Sparse,0.3541,0.0031,0.7679,0.7000,#FFAA00,21.00012261865239,50.87335193613673
2923,0.3662,Moderate Risk,3,1.27,0.1120,Bare Land,Peri-Urban / Sparse,0.3541,0.0029,0.7685,0.7000,#FFAA00,20.535576583932134,49.381245567925255
2924,0.3661,Moderate Risk,3,1.49,0.1123,Bare Land,Peri-Urban / Sparse,0.3541,0.0034,0.7671,0.7000,#FFAA00,21.200690081317923,48.98373787546787
2925,0.3661,Moderate Risk,3,1.49,0.1123,Bare Land,Peri-Urban / Sparse,0.3541,0.0034,0.7670,0.7000,#FFAA00,21.42441493533619,48.75777287799896
2926,0.3661,Moderate Risk,3,6.92,0.1325,Minepits/Industry,Peri-Urban / Sparse,0.3541,0.0158,0.6488,0.9000,#FFAA00,25.69594201619248,49.64829585001772
2927,0.3661,Moderate Risk,3,1.29,0.1121,Bare Land,Peri-Urban / Sparse,0.3541,0.0029,0.7678,0.7000,#FFAA00,19.68825938178223,48.11886179007357
2928,0.3661,Moderate Risk,3,5.04,0.1143,Bare Land,Peri-Urban / Sparse,0.3541,0.0115,0.7550,0.7000,#FFAA00,24.172250736476524,49.496719738827814
2929,0.3661,Moderate Risk,3,1.68,0.1123,Bare Land,Peri-Urban / Sparse,0.3541,0.0038,0.7667,0.7000,#FFAA00,21.621766781252845,49.599006982470115
2930,0.3661,Moderate Risk,3,1.53,0.1122,Bare Land,Peri-Urban / Sparse,0.3541,0.0035,0.7673,0.7000,#FFAA00,21.638505557457446,48.949180401632795
2931,0.3661,Moderate Risk,3,1.46,0.1122,Bare Land,Peri-Urban / Sparse,0.3541,0.0033,0.7672,0.7000,#FFAA00,21.024074439543753,50.1351602513725
2932,0.3661,Moderate Risk,3,4.64,0.1141,Bare Land,Peri-Urban / Sparse,0.3541,0.0106,0.7564,0.7000,#FFAA00,25.643062567971217,48.97561086350995
2933,0.3661,Moderate Risk,3,1.20,0.1120,Bare Land,Peri-Urban / Sparse,0.3541,0.0027,0.7684,0.7000,#FFAA00,20.04478041848916,48.53986166253866
2934,0.3661,Moderate Risk,3,0.75,0.1118,Bare Land,Rural / Scattered,0.3541,0.0017,0.7699,0.7000,#FFAA00,19.61182015923304,51.09550943735971
2935,0.3661,Moderate Risk,3,0.75,0.1118,Bare Land,Rural / Scattered,0.3541,0.0017,0.7698,0.7000,#FFAA00,19.61336595673999,51.049831314653716
2936,0.3660,Moderate Risk,3,1.57,0.1124,Bare Land,Peri-Urban / Sparse,0.3541,0.0036,0.7663,0.7000,#FFAA00,21.219467028798068,50.8357826921858
2937,0.3660,Moderate Risk,3,2.41,0.1129,Bare Land,Peri-Urban / Sparse,0.3541,0.0055,0.7634,0.7000,#FFAA00,24.370793840969476,50.119728962314746
2938,0.3660,Moderate Risk,3,1.41,0.1123,Bare Land,Peri-Urban / Sparse,0.3541,0.0032,0.7668,0.7000,#FFAA00,21.792565982498804,48.58119190638833
2939,0.3660,Moderate Risk,3,1.38,0.1122,Bare Land,Peri-Urban / Sparse,0.3541,0.0031,0.7672,0.7000,#FFAA00,21.08361320226407,50.55322192784045
2940,0.3660,Moderate Risk,3,0.24,0.1116,Bare Land,Rural / Scattered,0.3541,0.0006,0.7709,0.7000,#FFAA00,19.472759668987525,50.907467436640744
2941,0.3660,Moderate Risk,3,1.46,0.1123,Bare Land,Peri-Urban / Sparse,0.3541,0.0033,0.7667,0.7000,#FFAA00,21.022670592025445,50.181327087719325
2942,0.3660,Moderate Risk,3,1.40,0.1123,Bare Land,Peri-Urban / Sparse,0.3541,0.0032,0.7670,0.7000,#FFAA00,21.06947321960218,50.9684505864384
2943,0.3660,Moderate Risk,3,0.98,0.1120,Bare Land,Rural / Scattered,0.3541,0.0022,0.7685,0.7000,#FFAA00,19.95820870610942,51.566945380686484
2944,0.3660,Moderate Risk,3,0.76,0.1119,Bare Land,Rural / Scattered,0.3541,0.0017,0.7693,0.7000,#FFAA00,19.678058781599383,51.28101019347011
2945,0.3660,Moderate Risk,3,2.18,0.1127,Bare Land,Peri-Urban / Sparse,0.3541,0.0050,0.7645,0.7000,#FFAA00,23.775013159621448,50.5203230544039
2946,0.3660,Moderate Risk,3,0.76,0.1119,Bare Land,Rural / Scattered,0.3541,0.0017,0.7691,0.7000,#FFAA00,19.750594221861924,51.28385485542705
2947,0.3660,Moderate Risk,3,1.42,0.1123,Bare Land,Peri-Urban / Sparse,0.3541,0.0032,0.7670,0.7000,#FFAA00,20.62836795087892,48.507020356815666
2948,0.3660,Moderate Risk,3,2.44,0.1129,Bare Land,Peri-Urban / Sparse,0.3541,0.0056,0.7634,0.7000,#FFAA00,25.071891871573243,48.52767087162833
2949,0.3660,Moderate Risk,3,0.77,0.1119,Bare Land,Rural / Scattered,0.3541,0.0018,0.7694,0.7000,#FFAA00,19.747350899559088,51.37524368453037
2950,0.3660,Moderate Risk,3,7.60,0.1159,Bare Land,Peri-Urban / Sparse,0.3541,0.0173,0.7460,0.7000,#FFAA00,25.187152490486255,49.628764304570936
2951,0.3660,Moderate Risk,3,1.53,0.1124,Bare Land,Peri-Urban / Sparse,0.3541,0.0035,0.7665,0.7000,#FFAA00,21.198477841697947,49.07632775663212
2952,0.3660,Moderate Risk,3,1.46,0.1123,Bare Land,Peri-Urban / Sparse,0.3541,0.0033,0.7668,0.7000,#FFAA00,21.025465843023586,50.088989624201396
2953,0.3660,Moderate Risk,3,1.93,0.1126,Bare Land,Peri-Urban / Sparse,0.3541,0.0044,0.7652,0.7000,#FFAA00,23.287022133111893,49.88933999841565
2954,0.3659,Moderate Risk,3,1.32,0.1123,Bare Land,Peri-Urban / Sparse,0.3541,0.0030,0.7668,0.7000,#FFAA00,20.676284896809793,49.56984790722609
2955,0.3659,Moderate Risk,3,1.47,0.1124,Bare Land,Peri-Urban / Sparse,0.3541,0.0034,0.7661,0.7000,#FFAA00,20.77860003812101,48.279385398219105
2956,0.3659,Moderate Risk,3,2.87,0.1132,Bare Land,Peri-Urban / Sparse,0.3541,0.0066,0.7614,0.7000,#FFAA00,24.22229555854809,50.2083841532348
2957,0.3659,Moderate Risk,3,2.39,0.1130,Bare Land,Peri-Urban / Sparse,0.3541,0.0054,0.7630,0.7000,#FFAA00,22.23213596448786,50.97006256913727
2958,0.3659,Moderate Risk,3,0.80,0.1120,Bare Land,Rural / Scattered,0.3541,0.0018,0.7685,0.7000,#FFAA00,19.8149013853926,51.51525206538309
2959,0.3659,Moderate Risk,3,1.43,0.1124,Bare Land,Peri-Urban / Sparse,0.3541,0.0033,0.7664,0.7000,#FFAA00,20.959534073558686,49.85572368303415
2960,0.3659,Moderate Risk,3,1.21,0.1122,Bare Land,Peri-Urban / Sparse,0.3541,0.0028,0.7672,0.7000,#FFAA00,20.324009197395988,49.098962652735
2961,0.3659,Moderate Risk,3,1.73,0.1126,Bare Land,Peri-Urban / Sparse,0.3541,0.0039,0.7652,0.7000,#FFAA00,22.357968629360517,49.29606427600328
2962,0.3659,Moderate Risk,3,1.71,0.1125,Bare Land,Peri-Urban / Sparse,0.3541,0.0039,0.7655,0.7000,#FFAA00,22.219619781384154,49.01192857276247
2963,0.3659,Moderate Risk,3,1.93,0.1127,Bare Land,Peri-Urban / Sparse,0.3541,0.0044,0.7647,0.7000,#FFAA00,22.911655378062278,50.25049082616101
2964,0.3659,Moderate Risk,3,1.93,0.1126,Bare Land,Peri-Urban / Sparse,0.3541,0.0044,0.7649,0.7000,#FFAA00,21.506515430434824,50.93985605794593
2965,0.3658,Moderate Risk,3,1.57,0.1125,Bare Land,Peri-Urban / Sparse,0.3541,0.0036,0.7655,0.7000,#FFAA00,21.55769586483599,49.27203294818225
2966,0.3658,Moderate Risk,3,5.50,0.1148,Bare Land,Peri-Urban / Sparse,0.3541,0.0125,0.7520,0.7000,#FFAA00,25.640421016609363,49.07134776101667
2967,0.3658,Moderate Risk,3,0.49,0.1119,Bare Land,Rural / Scattered,0.3541,0.0011,0.7693,0.7000,#FFAA00,19.539257618865264,51.092770730363554
2968,0.3658,Moderate Risk,3,1.47,0.1125,Bare Land,Peri-Urban / Sparse,0.3541,0.0034,0.7659,0.7000,#FFAA00,21.28185072468033,48.61504049364089
2969,0.3658,Moderate Risk,3,0.98,0.1122,Bare Land,Rural / Scattered,0.3541,0.0022,0.7674,0.7000,#FFAA00,19.956503599308665,51.612675845059776
2970,0.3658,Moderate Risk,3,2.43,0.1130,Bare Land,Peri-Urban / Sparse,0.3541,0.0055,0.7625,0.7000,#FFAA00,24.44182081788469,50.169997182278045
2971,0.3658,Moderate Risk,3,9.08,0.1341,Minepits/Industry,Peri-Urban / Sparse,0.3541,0.0207,0.6399,0.9000,#FFAA00,23.45293917493008,49.189547876601765
2972,0.3658,Moderate Risk,3,2.32,0.1130,Bare Land,Peri-Urban / Sparse,0.3541,0.0053,0.7627,0.7000,#FFAA00,21.943581649571293,50.91143259994439
2973,0.3658,Moderate Risk,3,0.77,0.1121,Bare Land,Rural / Scattered,0.3541,0.0018,0.7680,0.7000,#FFAA00,19.75379139385905,51.19244805236757
2974,0.3658,Moderate Risk,3,1.61,0.1125,Bare Land,Peri-Urban / Sparse,0.3541,0.0037,0.7654,0.7000,#FFAA00,21.624312734788994,49.50621377932167
2975,0.3658,Moderate Risk,3,1.87,0.1127,Bare Land,Peri-Urban / Sparse,0.3541,0.0043,0.7646,0.7000,#FFAA00,22.130811919952585,49.61538326032988
2976,0.3658,Moderate Risk,3,4.69,0.1144,Bare Land,Peri-Urban / Sparse,0.3541,0.0107,0.7549,0.7000,#FFAA00,26.09547099954281,48.36538064881589
2977,0.3658,Moderate Risk,3,1.44,0.1124,Bare Land,Peri-Urban / Sparse,0.3541,0.0033,0.7660,0.7000,#FFAA00,21.584314633404404,48.06482404825883
2978,0.3657,Moderate Risk,3,1.40,0.1125,Bare Land,Peri-Urban / Sparse,0.3541,0.0032,0.7656,0.7000,#FFAA00,20.81799576816938,49.712650009397755
2979,0.3657,Moderate Risk,3,2.16,0.1130,Bare Land,Peri-Urban / Sparse,0.3541,0.0049,0.7630,0.7000,#FFAA00,23.552133528077146,50.652075739364165
2980,0.3657,Moderate Risk,3,1.45,0.1126,Bare Land,Peri-Urban / Sparse,0.3541,0.0033,0.7654,0.7000,#FFAA00,21.144601366829768,48.19470666062068
2981,0.3657,Moderate Risk,3,1.38,0.1125,Bare Land,Peri-Urban / Sparse,0.3541,0.0031,0.7658,0.7000,#FFAA00,21.082091832250644,50.59937529764992
2982,0.3657,Moderate Risk,3,1.44,0.1125,Bare Land,Peri-Urban / Sparse,0.3541,0.0033,0.7654,0.7000,#FFAA00,21.153166406279258,50.648281204704396
2983,0.3657,Moderate Risk,3,0.86,0.1122,Bare Land,Rural / Scattered,0.3541,0.0020,0.7672,0.7000,#FFAA00,19.82473940864715,51.24099052575957
2984,0.3657,Moderate Risk,3,2.33,0.1131,Bare Land,Peri-Urban / Sparse,0.3541,0.0053,0.7622,0.7000,#FFAA00,21.945250127699495,50.86503190379132
2985,0.3657,Moderate Risk,3,0.81,0.1122,Bare Land,Rural / Scattered,0.3541,0.0018,0.7676,0.7000,#FFAA00,19.81322123133522,51.560946188699
2986,0.3657,Moderate Risk,3,2.12,0.1130,Bare Land,Peri-Urban / Sparse,0.3541,0.0048,0.7630,0.7000,#FFAA00,24.517681755108686,50.07825470470202
2987,0.3657,Moderate Risk,3,2.20,0.1130,Bare Land,Peri-Urban / Sparse,0.3541,0.0050,0.7627,0.7000,#FFAA00,24.662970855747794,50.08413413861857
2988,0.3657,Moderate Risk,3,0.77,0.1122,Bare Land,Rural / Scattered,0.3541,0.0018,0.7676,0.7000,#FFAA00,19.75219857908353,51.23815368464367
2989,0.3657,Moderate Risk,3,2.60,0.1132,Bare Land,Peri-Urban / Sparse,0.3541,0.0059,0.7613,0.7000,#FFAA00,24.88251409239741,50.04553805881441
2990,0.3657,Moderate Risk,3,2.34,0.1131,Bare Land,Peri-Urban / Sparse,0.3541,0.0053,0.7624,0.7000,#FFAA00,22.016148287331102,50.91444871007296
2991,0.3657,Moderate Risk,3,2.09,0.1129,Bare Land,Peri-Urban / Sparse,0.3541,0.0048,0.7632,0.7000,#FFAA00,22.056772822794837,49.65954594376879
2992,0.3657,Moderate Risk,3,1.77,0.1127,Bare Land,Peri-Urban / Sparse,0.3541,0.0040,0.7643,0.7000,#FFAA00,22.421675351052517,49.62495721531822
2993,0.3657,Moderate Risk,3,2.17,0.1130,Bare Land,Peri-Urban / Sparse,0.3541,0.0049,0.7627,0.7000,#FFAA00,21.580733034072356,50.89653922330474
2994,0.3657,Moderate Risk,3,2.52,0.1132,Bare Land,Peri-Urban / Sparse,0.3541,0.0057,0.7617,0.7000,#FFAA00,25.560828344740305,49.30801923888045
2995,0.3657,Moderate Risk,3,3.01,0.1135,Bare Land,Peri-Urban / Sparse,0.3541,0.0069,0.7600,0.7000,#FFAA00,23.01007117454792,49.410294647350966
2996,0.3657,Moderate Risk,3,1.70,0.1127,Bare Land,Peri-Urban / Sparse,0.3541,0.0039,0.7644,0.7000,#FFAA00,22.290056507020243,49.10729456535339
2997,0.3656,Moderate Risk,3,0.78,0.1122,Bare Land,Rural / Scattered,0.3541,0.0018,0.7673,0.7000,#FFAA00,19.74239947039001,51.512292667557965
2998,0.3656,Moderate Risk,3,1.45,0.1127,Bare Land,Peri-Urban / Sparse,0.3541,0.0033,0.7647,0.7000,#FFAA00,21.026844798186183,50.042815239805705
2999,0.3656,Moderate Risk,3,1.87,0.1129,Bare Land,Peri-Urban / Sparse,0.3541,0.0043,0.7634,0.7000,#FFAA00,21.83730799635802,49.69888538679853
3000,0.3656,Moderate Risk,3,4.96,0.1147,Bare Land,Peri-Urban / Sparse,0.3541,0.0113,0.7529,0.7000,#FFAA00,25.94876276310629,48.40925301073714
3001,0.3656,Moderate Risk,3,1.47,0.1127,Bare Land,Peri-Urban / Sparse,0.3541,0.0033,0.7646,0.7000,#FFAA00,21.09247979912456,50.27621675217294
3002,0.3656,Moderate Risk,3,1.96,0.1129,Bare Land,Peri-Urban / Sparse,0.3541,0.0045,0.7632,0.7000,#FFAA00,23.07606511210902,49.64708214393764
3003,0.3656,Moderate Risk,3,1.87,0.1129,Bare Land,Peri-Urban / Sparse,0.3541,0.0043,0.7635,0.7000,#FFAA00,21.432296340628355,50.98313550031198
3004,0.3656,Moderate Risk,3,1.38,0.1126,Bare Land,Peri-Urban / Sparse,0.3541,0.0031,0.7649,0.7000,#FFAA00,21.085122121691967,50.507064456568266
3005,0.3656,Moderate Risk,3,1.38,0.1126,Bare Land,Peri-Urban / Sparse,0.3541,0.0032,0.7651,0.7000,#FFAA00,21.086618585899107,50.46090291735655
3006,0.3656,Moderate Risk,3,3.42,0.1138,Bare Land,Peri-Urban / Sparse,0.3541,0.0078,0.7579,0.7000,#FFAA00,26.2364017620904,48.562131778791574
3007,0.3656,Moderate Risk,3,1.59,0.1128,Bare Land,Peri-Urban / Sparse,0.3541,0.0036,0.7642,0.7000,#FFAA00,21.214605500420458,50.97428724299162
3008,0.3656,Moderate Risk,3,1.48,0.1127,Bare Land,Peri-Urban / Sparse,0.3541,0.0034,0.7647,0.7000,#FFAA00,21.280848333980178,48.66138231743565
3009,0.3656,Moderate Risk,3,1.84,0.1129,Bare Land,Peri-Urban / Sparse,0.3541,0.0042,0.7636,0.7000,#FFAA00,21.359733742751978,50.980173608201724
3010,0.3656,Moderate Risk,3,1.42,0.1127,Bare Land,Peri-Urban / Sparse,0.3541,0.0032,0.7647,0.7000,#FFAA00,20.558284666268978,48.36696421219568
3011,0.3656,Moderate Risk,3,1.41,0.1127,Bare Land,Peri-Urban / Sparse,0.3541,0.0032,0.7648,0.7000,#FFAA00,21.142826196722737,48.287343215157435
3012,0.3656,Moderate Risk,3,1.20,0.1125,Bare Land,Peri-Urban / Sparse,0.3541,0.0027,0.7657,0.7000,#FFAA00,20.11478515141313,48.6794711389589
3013,0.3656,Moderate Risk,3,1.60,0.1128,Bare Land,Peri-Urban / Sparse,0.3541,0.0036,0.7641,0.7000,#FFAA00,21.21295998345091,51.02044662773752
3014,0.3656,Moderate Risk,3,1.14,0.1125,Bare Land,Peri-Urban / Sparse,0.3541,0.0026,0.7658,0.7000,#FFAA00,20.096247586891224,51.75605628659662
3015,0.3655,Moderate Risk,3,1.75,0.1129,Bare Land,Peri-Urban / Sparse,0.3541,0.0040,0.7634,0.7000,#FFAA00,21.285518449309325,51.02340594099548
3016,0.3655,Moderate Risk,3,1.71,0.1129,Bare Land,Peri-Urban / Sparse,0.3541,0.0039,0.7633,0.7000,#FFAA00,22.359201983840027,49.24941021381136
3017,0.3655,Moderate Risk,3,1.55,0.1128,Bare Land,Peri-Urban / Sparse,0.3541,0.0035,0.7641,0.7000,#FFAA00,21.221062514159865,50.789605821477295
3018,0.3655,Moderate Risk,3,1.47,0.1127,Bare Land,Peri-Urban / Sparse,0.3541,0.0033,0.7645,0.7000,#FFAA00,20.41772412480523,48.08719857267542
3019,0.3655,Moderate Risk,3,1.86,0.1130,Bare Land,Peri-Urban / Sparse,0.3541,0.0042,0.7629,0.7000,#FFAA00,22.922171898010667,49.92297333677314
3020,0.3655,Moderate Risk,3,1.93,0.1130,Bare Land,Peri-Urban / Sparse,0.3541,0.0044,0.7629,0.7000,#FFAA00,22.91472853704543,50.15693415663973
3021,0.3655,Moderate Risk,3,1.39,0.1127,Bare Land,Peri-Urban / Sparse,0.3541,0.0032,0.7646,0.7000,#FFAA00,21.08810259028762,50.414737343745536
3022,0.3655,Moderate Risk,3,1.37,0.1127,Bare Land,Peri-Urban / Sparse,0.3541,0.0031,0.7648,0.7000,#FFAA00,21.439445711316882,48.015348447397784
3023,0.3655,Moderate Risk,3,2.32,0.1132,Bare Land,Peri-Urban / Sparse,0.3541,0.0053,0.7615,0.7000,#FFAA00,21.874325849329537,50.81566969396303
3024,0.3655,Moderate Risk,3,0.76,0.1123,Bare Land,Rural / Scattered,0.3541,0.0017,0.7669,0.7000,#FFAA00,19.68124326713636,51.18964411880135
3025,0.3655,Moderate Risk,3,0.76,0.1123,Bare Land,Rural / Scattered,0.3541,0.0017,0.7667,0.7000,#FFAA00,19.67965677275182,51.23532938229653
3026,0.3655,Moderate Risk,3,0.74,0.1123,Bare Land,Rural / Scattered,0.3541,0.0017,0.7667,0.7000,#FFAA00,19.607113993344445,51.23251759294319
3027,0.3655,Moderate Risk,3,1.56,0.1128,Bare Land,Peri-Urban / Sparse,0.3541,0.0036,0.7639,0.7000,#FFAA00,21.704401235303497,49.229879336217074
3028,0.3655,Moderate Risk,3,1.74,0.1129,Bare Land,Peri-Urban / Sparse,0.3541,0.0040,0.7631,0.7000,#FFAA00,22.14452348338905,49.103052692237426
3029,0.3655,Moderate Risk,3,2.17,0.1132,Bare Land,Peri-Urban / Sparse,0.3541,0.0049,0.7617,0.7000,#FFAA00,21.977281106365105,49.88964943447857
3030,0.3655,Moderate Risk,3,1.51,0.1128,Bare Land,Peri-Urban / Sparse,0.3541,0.0034,0.7641,0.7000,#FFAA00,21.34175257476006,49.173012993142805
3031,0.3655,Moderate Risk,3,1.64,0.1129,Bare Land,Peri-Urban / Sparse,0.3541,0.0037,0.7636,0.7000,#FFAA00,21.295240215876493,50.74624968354422
3032,0.3654,Moderate Risk,3,1.51,0.1128,Bare Land,Peri-Urban / Sparse,0.3541,0.0034,0.7639,0.7000,#FFAA00,21.224215919273604,50.697239250741546
3033,0.3654,Moderate Risk,3,2.02,0.1132,Bare Land,Peri-Urban / Sparse,0.3541,0.0046,0.7618,0.7000,#FFAA00,23.41691095711201,50.36430124797241
3034,0.3654,Moderate Risk,3,1.50,0.1129,Bare Land,Peri-Urban / Sparse,0.3541,0.0034,0.7636,0.7000,#FFAA00,21.712393669875084,48.904703692547486
3035,0.3654,Moderate Risk,3,4.25,0.1145,Bare Land,Peri-Urban / Sparse,0.3541,0.0097,0.7541,0.7000,#FFAA00,25.103668020090485,49.9592829424472
3036,0.3654,Moderate Risk,3,1.85,0.1130,Bare Land,Peri-Urban / Sparse,0.3541,0.0042,0.7626,0.7000,#FFAA00,22.063246259264385,49.426853821286834
3037,0.3654,Moderate Risk,3,2.39,0.1134,Bare Land,Peri-Urban / Sparse,0.3541,0.0054,0.7604,0.7000,#FFAA00,24.37708461180499,49.93047402893684
3038,0.3654,Moderate Risk,3,1.88,0.1130,Bare Land,Peri-Urban / Sparse,0.3541,0.0043,0.7625,0.7000,#FFAA00,23.05848920630012,50.20929864098605
3039,0.3654,Moderate Risk,3,1.52,0.1128,Bare Land,Peri-Urban / Sparse,0.3541,0.0035,0.7637,0.7000,#FFAA00,21.22264547927296,50.74342466313604
3040,0.3654,Moderate Risk,3,8.80,0.1171,Bare Land,Peri-Urban / Sparse,0.3541,0.0201,0.7386,0.7000,#FFAA00,24.17501511530634,49.402161435036135
3041,0.3654,Moderate Risk,3,0.87,0.1125,Bare Land,Rural / Scattered,0.3541,0.0020,0.7657,0.7000,#FFAA00,19.885715480747987,51.563939173818454
3042,0.3654,Moderate Risk,3,1.48,0.1129,Bare Land,Peri-Urban / Sparse,0.3541,0.0034,0.7635,0.7000,#FFAA00,21.142039863051732,50.97136271481103
3043,0.3654,Moderate Risk,3,0.49,0.1122,Bare Land,Rural / Scattered,0.3541,0.0011,0.7672,0.7000,#FFAA00,19.537706574200538,51.138424298297046
3044,0.3654,Moderate Risk,3,1.40,0.1128,Bare Land,Peri-Urban / Sparse,0.3541,0.0032,0.7639,0.7000,#FFAA00,21.089574130297102,50.368567769292454
3045,0.3654,Moderate Risk,3,1.79,0.1130,Bare Land,Peri-Urban / Sparse,0.3541,0.0041,0.7625,0.7000,#FFAA00,21.6931930860631,49.64773175657246
3046,0.3654,Moderate Risk,3,1.45,0.1128,Bare Land,Peri-Urban / Sparse,0.3541,0.0033,0.7637,0.7000,#FFAA00,21.03090693154628,49.90426987950401
3047,0.3654,Moderate Risk,3,1.40,0.1128,Bare Land,Peri-Urban / Sparse,0.3541,0.0032,0.7639,0.7000,#FFAA00,21.07109402295666,50.92233123306796
3048,0.3653,Moderate Risk,3,2.21,0.1134,Bare Land,Peri-Urban / Sparse,0.3541,0.0050,0.7605,0.7000,#FFAA00,21.654949019810903,50.85318474294311
3049,0.3653,Moderate Risk,3,0.56,0.1124,Bare Land,Rural / Scattered,0.3541,0.0013,0.7663,0.7000,#FFAA00,19.543842215982657,50.955784122539434
3050,0.3653,Moderate Risk,3,1.10,0.1127,Bare Land,Peri-Urban / Sparse,0.3541,0.0025,0.7648,0.7000,#FFAA00,20.027265587850778,51.66146231528729
3051,0.3653,Moderate Risk,3,0.50,0.1123,Bare Land,Rural / Scattered,0.3541,0.0011,0.7668,0.7000,#FFAA00,19.540797243819135,51.0471128238365
3052,0.3653,Moderate Risk,3,1.23,0.1128,Bare Land,Peri-Urban / Sparse,0.3541,0.0028,0.7641,0.7000,#FFAA00,20.394598233699877,49.19297452277772
3053,0.3653,Moderate Risk,3,1.44,0.1129,Bare Land,Peri-Urban / Sparse,0.3541,0.0033,0.7632,0.7000,#FFAA00,21.511458921534917,48.06329297860204
3054,0.3653,Moderate Risk,3,1.85,0.1131,Bare Land,Peri-Urban / Sparse,0.3541,0.0042,0.7620,0.7000,#FFAA00,22.133423927485534,49.52226240914332
3055,0.3653,Moderate Risk,3,1.94,0.1132,Bare Land,Peri-Urban / Sparse,0.3541,0.0044,0.7616,0.7000,#FFAA00,22.129486107404876,49.66193844930943
3056,0.3653,Moderate Risk,3,2.34,0.1135,Bare Land,Peri-Urban / Sparse,0.3541,0.0053,0.7601,0.7000,#FFAA00,23.92524427504341,50.38514951277194
3057,0.3653,Moderate Risk,3,1.48,0.1130,Bare Land,Peri-Urban / Sparse,0.3541,0.0034,0.7630,0.7000,#FFAA00,21.143666770141976,50.92522118185152
3058,0.3653,Moderate Risk,3,1.22,0.1127,Bare Land,Peri-Urban / Sparse,0.3541,0.0028,0.7643,0.7000,#FFAA00,20.465120882903125,49.28706874982838
3059,0.3653,Moderate Risk,3,1.48,0.1130,Bare Land,Peri-Urban / Sparse,0.3541,0.0034,0.7630,0.7000,#FFAA00,21.09391391900913,50.23003537670452
3060,0.3653,Moderate Risk,3,1.58,0.1129,Bare Land,Peri-Urban / Sparse,0.3541,0.0036,0.7631,0.7000,#FFAA00,21.217859028088856,50.88195524170012
3061,0.3653,Moderate Risk,3,1.88,0.1132,Bare Land,Peri-Urban / Sparse,0.3541,0.0043,0.7619,0.7000,#FFAA00,23.066054021476802,49.97510894286189
3062,0.3653,Moderate Risk,3,7.28,0.1164,Bare Land,Peri-Urban / Sparse,0.3541,0.0166,0.7432,0.7000,#FFAA00,25.639076807774963,49.119211141712356
3063,0.3653,Moderate Risk,3,1.42,0.1128,Bare Land,Peri-Urban / Sparse,0.3541,0.0032,0.7637,0.7000,#FFAA00,21.09103320140457,50.322394227571344
3064,0.3652,Moderate Risk,3,4.93,0.1151,Bare Land,Peri-Urban / Sparse,0.3541,0.0112,0.7507,0.7000,#FFAA00,22.86590058894613,49.358757868032505
3065,0.3652,Moderate Risk,3,17.88,0.1226,Bare Land,Low Density Urban,0.3541,0.0408,0.7068,0.7000,#FFAA00,25.055858203213123,49.14714691086582
3066,0.3652,Moderate Risk,3,2.05,0.1133,Bare Land,Peri-Urban / Sparse,0.3541,0.0047,0.7610,0.7000,#FFAA00,23.79117507602693,50.04954342519615
3067,0.3652,Moderate Risk,3,2.47,0.1307,Minepits/Industry,Peri-Urban / Sparse,0.3541,0.0056,0.6594,0.9000,#FFAA00,24.847716860986353,48.75934827288494
3068,0.3652,Moderate Risk,3,1.72,0.1131,Bare Land,Peri-Urban / Sparse,0.3541,0.0039,0.7621,0.7000,#FFAA00,21.287170128167954,50.97722419829968
3069,0.3652,Moderate Risk,3,1.47,0.1130,Bare Land,Peri-Urban / Sparse,0.3541,0.0034,0.7627,0.7000,#FFAA00,21.095335556647896,50.18385013478978
3070,0.3652,Moderate Risk,3,2.11,0.1134,Bare Land,Peri-Urban / Sparse,0.3541,0.0048,0.7604,0.7000,#FFAA00,23.482931781834267,50.55507736787832
3071,0.3652,Moderate Risk,3,0.78,0.1126,Bare Land,Rural / Scattered,0.3541,0.0018,0.7652,0.7000,#FFAA00,19.744061466246684,51.46661428388806
3072,0.3652,Moderate Risk,3,1.14,0.1128,Bare Land,Peri-Urban / Sparse,0.3541,0.0026,0.7640,0.7000,#FFAA00,20.09800129292975,51.710298820996094
3073,0.3652,Moderate Risk,3,1.49,0.1131,Bare Land,Peri-Urban / Sparse,0.3541,0.0034,0.7625,0.7000,#FFAA00,21.272372110949735,49.03201587789646
3074,0.3652,Moderate Risk,3,2.57,0.1308,Minepits/Industry,Peri-Urban / Sparse,0.3541,0.0059,0.6590,0.9000,#FFAA00,24.774944080642502,48.75715047533169
3075,0.3652,Moderate Risk,3,2.09,0.1134,Bare Land,Peri-Urban / Sparse,0.3541,0.0048,0.7605,0.7000,#FFAA00,24.664572174193633,50.03671428838121
3076,0.3652,Moderate Risk,3,2.09,0.1134,Bare Land,Peri-Urban / Sparse,0.3541,0.0048,0.7605,0.7000,#FFAA00,24.590326820732002,50.08118865311743
3077,0.3652,Moderate Risk,3,7.63,0.1166,Bare Land,Peri-Urban / Sparse,0.3541,0.0174,0.7418,0.7000,#FFAA00,24.46449524941117,49.45962550405316
3078,0.3652,Moderate Risk,3,6.49,0.1160,Bare Land,Peri-Urban / Sparse,0.3541,0.0148,0.7455,0.7000,#FFAA00,24.028207042639096,49.44441091526531
3079,0.3651,Moderate Risk,3,1.84,0.1133,Bare Land,Peri-Urban / Sparse,0.3541,0.0042,0.7611,0.7000,#FFAA00,22.55877103036373,49.90994537069369
3080,0.3651,Moderate Risk,3,2.43,0.1137,Bare Land,Peri-Urban / Sparse,0.3541,0.0055,0.7589,0.7000,#FFAA00,24.454326767906135,49.79124068625938
3081,0.3651,Moderate Risk,3,1.60,0.1132,Bare Land,Peri-Urban / Sparse,0.3541,0.0037,0.7617,0.7000,#FFAA00,21.406109257935135,49.49947865844774
3082,0.3651,Moderate Risk,3,1.32,0.1130,Bare Land,Peri-Urban / Sparse,0.3541,0.0030,0.7630,0.7000,#FFAA00,19.545596204873867,47.93263564451774
3083,0.3651,Moderate Risk,3,1.66,0.1132,Bare Land,Peri-Urban / Sparse,0.3541,0.0038,0.7615,0.7000,#FFAA00,21.293651322475956,50.79245324797782
3084,0.3651,Moderate Risk,3,1.69,0.1132,Bare Land,Peri-Urban / Sparse,0.3541,0.0038,0.7615,0.7000,#FFAA00,21.290435839561557,50.88484745186151
3085,0.3651,Moderate Risk,3,1.15,0.1129,Bare Land,Peri-Urban / Sparse,0.3541,0.0026,0.7634,0.7000,#FFAA00,20.094482166027678,51.80180888954166
3086,0.3651,Moderate Risk,3,5.68,0.1156,Bare Land,Peri-Urban / Sparse,0.3541,0.0129,0.7478,0.7000,#FFAA00,24.16942804008736,49.59126365648604
3087,0.3651,Moderate Risk,3,2.37,0.1136,Bare Land,Peri-Urban / Sparse,0.3541,0.0054,0.7593,0.7000,#FFAA00,24.378620603999885,49.88315029750459
3088,0.3651,Moderate Risk,3,2.69,0.1138,Bare Land,Peri-Urban / Sparse,0.3541,0.0061,0.7580,0.7000,#FFAA00,24.55779567193389,48.70314366726048
3089,0.3650,Moderate Risk,3,1.50,0.1132,Bare Land,Peri-Urban / Sparse,0.3541,0.0034,0.7618,0.7000,#FFAA00,21.715624456314362,48.76529795688384
3090,0.3650,Moderate Risk,3,1.68,0.1133,Bare Land,Peri-Urban / Sparse,0.3541,0.0038,0.7609,0.7000,#FFAA00,21.292049862063443,50.83865251529487
3091,0.3650,Moderate Risk,3,6.61,0.1162,Bare Land,Peri-Urban / Sparse,0.3541,0.0151,0.7441,0.7000,#FFAA00,25.720920014841433,48.78640030702865
3092,0.3650,Moderate Risk,3,1.51,0.1131,Bare Land,Peri-Urban / Sparse,0.3541,0.0034,0.7619,0.7000,#FFAA00,21.27012620423121,49.12464495001356
3093,0.3650,Moderate Risk,3,1.75,0.1133,Bare Land,Peri-Urban / Sparse,0.3541,0.0040,0.7608,0.7000,#FFAA00,22.209983358025372,49.38481510810035
3094,0.3650,Moderate Risk,3,1.53,0.1132,Bare Land,Peri-Urban / Sparse,0.3541,0.0035,0.7615,0.7000,#FFAA00,21.80022189929647,48.20905017261326
3095,0.3650,Moderate Risk,3,1.59,0.1132,Bare Land,Peri-Urban / Sparse,0.3541,0.0036,0.7615,0.7000,#FFAA00,21.930756685609733,48.910641790390514
3096,0.3650,Moderate Risk,3,1.98,0.1135,Bare Land,Peri-Urban / Sparse,0.3541,0.0045,0.7598,0.7000,#FFAA00,21.508160250133884,50.89359778611918
3097,0.3650,Moderate Risk,3,0.74,0.1128,Bare Land,Rural / Scattered,0.3541,0.0017,0.7641,0.7000,#FFAA00,19.605522362759064,51.27817813426382
3098,0.3650,Moderate Risk,3,1.30,0.1130,Bare Land,Peri-Urban / Sparse,0.3541,0.0030,0.7625,0.7000,#FFAA00,19.689051454991855,48.072970300920474
3099,0.3650,Moderate Risk,3,0.25,0.1125,Bare Land,Rural / Scattered,0.3541,0.0006,0.7659,0.7000,#FFAA00,19.46669412891931,51.09004421673502
3100,0.3650,Moderate Risk,3,8.12,0.1170,Bare Land,Peri-Urban / Sparse,0.3541,0.0185,0.7392,0.7000,#FFAA00,24.100924099599805,49.446921651927816
3101,0.3650,Moderate Risk,3,2.13,0.1136,Bare Land,Peri-Urban / Sparse,0.3541,0.0049,0.7593,0.7000,#FFAA00,22.193936708293574,49.94373903981337
3102,0.3650,Moderate Risk,3,1.45,0.1131,Bare Land,Peri-Urban / Sparse,0.3541,0.0033,0.7620,0.7000,#FFAA00,21.029565346632378,49.95045533381811
3103,0.3649,Moderate Risk,3,2.37,0.1138,Bare Land,Peri-Urban / Sparse,0.3541,0.0054,0.7581,0.7000,#FFAA00,22.159578592364895,50.96698511803426
3104,0.3649,Moderate Risk,3,1.59,0.1133,Bare Land,Peri-Urban / Sparse,0.3541,0.0036,0.7611,0.7000,#FFAA00,21.21623851697094,50.928123436477016
3105,0.3649,Moderate Risk,3,2.87,0.1141,Bare Land,Peri-Urban / Sparse,0.3541,0.0065,0.7565,0.7000,#FFAA00,24.958359512043078,49.95343071812087
3106,0.3649,Moderate Risk,3,1.83,0.1135,Bare Land,Peri-Urban / Sparse,0.3541,0.0042,0.7600,0.7000,#FFAA00,21.3630116493865,50.88775192782335
3107,0.3649,Moderate Risk,3,1.40,0.1133,Bare Land,Peri-Urban / Sparse,0.3541,0.0032,0.7613,0.7000,#FFAA00,21.72915497071165,48.11441590291413
3108,0.3649,Moderate Risk,3,1.76,0.1134,Bare Land,Peri-Urban / Sparse,0.3541,0.0040,0.7604,0.7000,#FFAA00,21.992996686371846,49.331535924512
3109,0.3649,Moderate Risk,3,1.42,0.1132,Bare Land,Peri-Urban / Sparse,0.3541,0.0032,0.7614,0.7000,#FFAA00,21.656303943469865,48.11284857000162
3110,0.3649,Moderate Risk,3,1.31,0.1132,Bare Land,Peri-Urban / Sparse,0.3541,0.0030,0.7617,0.7000,#FFAA00,20.607154032858453,49.42941719169368
3111,0.3649,Moderate Risk,3,1.63,0.1134,Bare Land,Peri-Urban / Sparse,0.3541,0.0037,0.7607,0.7000,#FFAA00,21.772290304071465,49.41785188182058
3112,0.3649,Moderate Risk,3,1.37,0.1132,Bare Land,Peri-Urban / Sparse,0.3541,0.0031,0.7617,0.7000,#FFAA00,20.74778401898939,49.618155562734344
3113,0.3649,Moderate Risk,3,2.11,0.1136,Bare Land,Peri-Urban / Sparse,0.3541,0.0048,0.7593,0.7000,#FFAA00,23.62981026395147,50.51419986459127
3114,0.3649,Moderate Risk,3,1.40,0.1132,Bare Land,Peri-Urban / Sparse,0.3541,0.0032,0.7615,0.7000,#FFAA00,21.072702414149127,50.87620751068129
3115,0.3649,Moderate Risk,3,1.15,0.1131,Bare Land,Peri-Urban / Sparse,0.3541,0.0026,0.7625,0.7000,#FFAA00,20.02025484171179,51.84439955550265
3116,0.3649,Moderate Risk,3,1.82,0.1134,Bare Land,Peri-Urban / Sparse,0.3541,0.0042,0.7603,0.7000,#FFAA00,22.065743452462186,49.33375324161408
3117,0.3649,Moderate Risk,3,0.74,0.1129,Bare Land,Rural / Scattered,0.3541,0.0017,0.7636,0.7000,#FFAA00,19.608694172802096,51.18685260842195
3118,0.3649,Moderate Risk,3,1.42,0.1133,Bare Land,Peri-Urban / Sparse,0.3541,0.0032,0.7612,0.7000,#FFAA00,20.487205928851587,48.27314138841166
3119,0.3649,Moderate Risk,3,1.48,0.1133,Bare Land,Peri-Urban / Sparse,0.3541,0.0034,0.7613,0.7000,#FFAA00,21.20177725124816,48.93743847868411
3120,0.3648,Moderate Risk,3,4.09,0.1149,Bare Land,Peri-Urban / Sparse,0.3541,0.0093,0.7516,0.7000,#FFAA00,23.955489049589335,49.441910131756465
3121,0.3648,Moderate Risk,3,1.42,0.1133,Bare Land,Peri-Urban / Sparse,0.3541,0.0032,0.7610,0.7000,#FFAA00,21.14372009973221,48.2410261414251
3122,0.3648,Moderate Risk,3,2.04,0.1136,Bare Land,Peri-Urban / Sparse,0.3541,0.0046,0.7590,0.7000,#FFAA00,24.705674825202387,48.61239327483844
3123,0.3648,Moderate Risk,3,1.79,0.1135,Bare Land,Peri-Urban / Sparse,0.3541,0.0041,0.7597,0.7000,#FFAA00,22.49438896429395,49.62737548582627
3124,0.3648,Moderate Risk,3,1.45,0.1133,Bare Land,Peri-Urban / Sparse,0.3541,0.0033,0.7610,0.7000,#FFAA00,21.028211300790325,49.9966371318009
3125,0.3648,Moderate Risk,3,1.87,0.1136,Bare Land,Peri-Urban / Sparse,0.3541,0.0043,0.7593,0.7000,#FFAA00,23.067525608493096,49.9282592721789
3126,0.3648,Moderate Risk,3,1.70,0.1134,Bare Land,Peri-Urban / Sparse,0.3541,0.0039,0.7602,0.7000,#FFAA00,21.288809259930467,50.931038024062154
3127,0.3648,Moderate Risk,3,3.42,0.1145,Bare Land,Peri-Urban / Sparse,0.3541,0.0078,0.7541,0.7000,#FFAA00,24.388960961588925,49.551776399709695
3128,0.3648,Moderate Risk,3,6.90,0.1165,Bare Land,Peri-Urban / Sparse,0.3541,0.0157,0.7423,0.7000,#FFAA00,24.539988254141292,49.36736215559416
3129,0.3648,Moderate Risk,3,1.50,0.1134,Bare Land,Peri-Urban / Sparse,0.3541,0.0034,0.7607,0.7000,#FFAA00,21.145281218456056,50.879075270278605
3130,0.3648,Moderate Risk,3,1.32,0.1132,Bare Land,Peri-Urban / Sparse,0.3541,0.0030,0.7614,0.7000,#FFAA00,20.677503253367995,49.52374470009363
3131,0.3648,Moderate Risk,3,1.98,0.1136,Bare Land,Peri-Urban / Sparse,0.3541,0.0045,0.7591,0.7000,#FFAA00,24.851244659490572,48.616614613644785
3132,0.3648,Moderate Risk,3,1.70,0.1135,Bare Land,Peri-Urban / Sparse,0.3541,0.0039,0.7599,0.7000,#FFAA00,22.21729041653412,49.105169237506885
3133,0.3648,Moderate Risk,3,2.20,0.1138,Bare Land,Peri-Urban / Sparse,0.3541,0.0050,0.7581,0.7000,#FFAA00,23.008756288526257,49.457159415935166
3134,0.3648,Moderate Risk,3,9.05,0.1178,Bare Land,Peri-Urban / Sparse,0.3541,0.0206,0.7347,0.7000,#FFAA00,25.730390434645447,48.40299294353172
3135,0.3647,Moderate Risk,3,2.79,0.1142,Bare Land,Peri-Urban / Sparse,0.3541,0.0064,0.7555,0.7000,#FFAA00,24.231755786745484,49.92484676575418
3136,0.3647,Moderate Risk,3,2.61,0.1141,Bare Land,Peri-Urban / Sparse,0.3541,0.0059,0.7562,0.7000,#FFAA00,24.885703715224192,49.950521664952376
3137,0.3647,Moderate Risk,3,3.79,0.1148,Bare Land,Peri-Urban / Sparse,0.3541,0.0086,0.7523,0.7000,#FFAA00,24.2449612081779,49.49927712606388
3138,0.3647,Moderate Risk,3,2.07,0.1138,Bare Land,Peri-Urban / Sparse,0.3541,0.0047,0.7581,0.7000,#FFAA00,23.408652842419475,50.598955126551886
3139,0.3647,Moderate Risk,3,1.43,0.1134,Bare Land,Peri-Urban / Sparse,0.3541,0.0032,0.7604,0.7000,#FFAA00,20.559176231555313,48.32082945378997
3140,0.3647,Moderate Risk,3,2.05,0.1138,Bare Land,Peri-Urban / Sparse,0.3541,0.0047,0.7582,0.7000,#FFAA00,23.565381709182336,50.27620522130988
3141,0.3647,Moderate Risk,3,0.75,0.1130,Bare Land,Rural / Scattered,0.3541,0.0017,0.7629,0.7000,#FFAA00,19.67319587609586,51.41802559378206
3142,0.3647,Moderate Risk,3,33.68,0.0723,Water,Low Density Urban,0.3541,0.0768,1.0000,0.0000,#FFAA00,25.545953047994235,49.78602242386905
3143,0.3647,Moderate Risk,3,0.54,0.1129,Bare Land,Rural / Scattered,0.3541,0.0012,0.7633,0.7000,#FFAA00,19.542325444400827,51.00145061059602
3144,0.3647,Moderate Risk,3,0.24,0.1127,Bare Land,Rural / Scattered,0.3541,0.0006,0.7646,0.7000,#FFAA00,19.400170858892178,50.90483329227925
3145,0.3647,Moderate Risk,3,1.62,0.1135,Bare Land,Peri-Urban / Sparse,0.3541,0.0037,0.7597,0.7000,#FFAA00,21.296816537380145,50.7000418556461
3146,0.3647,Moderate Risk,3,1.42,0.1134,Bare Land,Peri-Urban / Sparse,0.3541,0.0032,0.7603,0.7000,#FFAA00,21.156233099438186,50.55593410042909
3147,0.3646,Moderate Risk,3,1.18,0.1134,Bare Land,Peri-Urban / Sparse,0.3541,0.0027,0.7606,0.7000,#FFAA00,20.254400756896246,48.95902183235978
3148,0.3646,Moderate Risk,3,1.76,0.1137,Bare Land,Peri-Urban / Sparse,0.3541,0.0040,0.7586,0.7000,#FFAA00,22.346266988756216,49.71579898013629
3149,0.3646,Moderate Risk,3,2.48,0.1141,Bare Land,Peri-Urban / Sparse,0.3541,0.0057,0.7562,0.7000,#FFAA00,24.07702653936868,50.202483224012816
3150,0.3646,Moderate Risk,3,0.51,0.1129,Bare Land,Rural / Scattered,0.3541,0.0012,0.7632,0.7000,#FFAA00,26.252511432949397,47.83978649671526
3151,0.3646,Moderate Risk,3,0.49,0.1129,Bare Land,Rural / Scattered,0.3541,0.0011,0.7632,0.7000,#FFAA00,21.29536001382755,47.91960927867979
3152,0.3646,Moderate Risk,3,1.46,0.1135,Bare Land,Peri-Urban / Sparse,0.3541,0.0033,0.7599,0.7000,#FFAA00,21.793568661307475,48.5346832742552
3153,0.3646,Moderate Risk,3,1.43,0.1135,Bare Land,Peri-Urban / Sparse,0.3541,0.0033,0.7601,0.7000,#FFAA00,21.15470599919592,50.602109724598556
3154,0.3646,Moderate Risk,3,1.98,0.1138,Bare Land,Peri-Urban / Sparse,0.3541,0.0045,0.7582,0.7000,#FFAA00,23.579206545377154,49.85303459714433
3155,0.3646,Moderate Risk,3,2.00,0.1138,Bare Land,Peri-Urban / Sparse,0.3541,0.0046,0.7580,0.7000,#FFAA00,23.641194927694748,50.18505908444896
3156,0.3646,Moderate Risk,3,1.78,0.1137,Bare Land,Peri-Urban / Sparse,0.3541,0.0040,0.7585,0.7000,#FFAA00,22.13724283425412,49.38255547333246
3157,0.3646,Moderate Risk,3,1.47,0.1135,Bare Land,Peri-Urban / Sparse,0.3541,0.0034,0.7598,0.7000,#FFAA00,21.09674470766808,50.13766106006869
3158,0.3646,Moderate Risk,3,2.55,0.1142,Bare Land,Peri-Urban / Sparse,0.3541,0.0058,0.7559,0.7000,#FFAA00,24.55895603397624,48.65567577914951
3159,0.3646,Moderate Risk,3,1.55,0.1136,Bare Land,Peri-Urban / Sparse,0.3541,0.0035,0.7593,0.7000,#FFAA00,21.48611915516588,49.223530606091735
3160,0.3646,Moderate Risk,3,3.98,0.1150,Bare Land,Peri-Urban / Sparse,0.3541,0.0091,0.7511,0.7000,#FFAA00,24.535793575029192,49.50960826146383
3161,0.3645,Moderate Risk,3,2.20,0.1141,Bare Land,Peri-Urban / Sparse,0.3541,0.0050,0.7566,0.7000,#FFAA00,24.588716014591142,50.128577210410036
3162,0.3645,Moderate Risk,3,1.68,0.1137,Bare Land,Peri-Urban / Sparse,0.3541,0.0038,0.7587,0.7000,#FFAA00,22.001291231050406,49.00574787751764
3163,0.3645,Moderate Risk,3,1.87,0.1138,Bare Land,Peri-Urban / Sparse,0.3541,0.0043,0.7580,0.7000,#FFAA00,21.433947720179983,50.936904307312666
3164,0.3645,Moderate Risk,3,1.86,0.1139,Bare Land,Peri-Urban / Sparse,0.3541,0.0042,0.7577,0.7000,#FFAA00,22.060696375090302,49.519940980072924
3165,0.3645,Moderate Risk,3,1.95,0.1139,Bare Land,Peri-Urban / Sparse,0.3541,0.0044,0.7575,0.7000,#FFAA00,23.00608512612655,49.55087854066616
3166,0.3645,Moderate Risk,3,8.67,0.1178,Bare Land,Peri-Urban / Sparse,0.3541,0.0198,0.7347,0.7000,#FFAA00,24.48145691231087,48.84331121701532
3167,0.3645,Moderate Risk,3,1.48,0.1136,Bare Land,Peri-Urban / Sparse,0.3541,0.0034,0.7592,0.7000,#FFAA00,21.346261214319043,48.98766410933878
3168,0.3645,Moderate Risk,3,2.27,0.1141,Bare Land,Peri-Urban / Sparse,0.3541,0.0052,0.7563,0.7000,#FFAA00,24.523955747847186,49.888768190759194
3169,0.3645,Moderate Risk,3,1.75,0.1138,Bare Land,Peri-Urban / Sparse,0.3541,0.0040,0.7582,0.7000,#FFAA00,22.14334313810231,49.14964448800311
3170,0.3645,Moderate Risk,3,0.96,0.1133,Bare Land,Rural / Scattered,0.3541,0.0022,0.7610,0.7000,#FFAA00,21.3674126914531,47.96745396595743
3171,0.3645,Moderate Risk,3,1.77,0.1138,Bare Land,Peri-Urban / Sparse,0.3541,0.0040,0.7582,0.7000,#FFAA00,22.152414778971778,48.776824789412174
3172,0.3644,Moderate Risk,3,0.25,0.1130,Bare Land,Rural / Scattered,0.3541,0.0006,0.7630,0.7000,#FFAA00,19.468227586617417,51.044406436789664
3173,0.3644,Moderate Risk,3,11.39,0.1195,Bare Land,Low Density Urban,0.3541,0.0260,0.7247,0.7000,#FFAA00,24.609917063074814,49.46477759402996
3174,0.3644,Moderate Risk,3,1.59,0.1137,Bare Land,Peri-Urban / Sparse,0.3541,0.0036,0.7584,0.7000,#FFAA00,21.773527274934846,49.37139716758373
3175,0.3644,Moderate Risk,3,6.79,0.1168,Bare Land,Peri-Urban / Sparse,0.3541,0.0155,0.7404,0.7000,#FFAA00,24.314828907898374,49.59649539970811
3176,0.3644,Moderate Risk,3,1.60,0.1138,Bare Land,Peri-Urban / Sparse,0.3541,0.0037,0.7583,0.7000,#FFAA00,21.872150239239833,48.25722776920334
3177,0.3644,Moderate Risk,3,2.22,0.1141,Bare Land,Peri-Urban / Sparse,0.3541,0.0051,0.7562,0.7000,#FFAA00,24.737220511871094,50.039644046125744
3178,0.3644,Moderate Risk,3,1.84,0.1139,Bare Land,Peri-Urban / Sparse,0.3541,0.0042,0.7573,0.7000,#FFAA00,21.36137899550571,50.93396497187061
3179,0.3644,Moderate Risk,3,5.74,0.1162,Bare Land,Peri-Urban / Sparse,0.3541,0.0131,0.7442,0.7000,#FFAA00,24.170846675756728,49.54399351460504
3180,0.3644,Moderate Risk,3,1.50,0.1137,Bare Land,Peri-Urban / Sparse,0.3541,0.0034,0.7587,0.7000,#FFAA00,21.342898816455154,49.12668035089988
3181,0.3644,Moderate Risk,3,3.21,0.1147,Bare Land,Peri-Urban / Sparse,0.3541,0.0073,0.7530,0.7000,#FFAA00,24.486171896752474,48.65356668754815
3182,0.3644,Moderate Risk,3,3.00,0.1146,Bare Land,Peri-Urban / Sparse,0.3541,0.0068,0.7536,0.7000,#FFAA00,24.15908987529477,49.922049766041496
3183,0.3644,Moderate Risk,3,1.47,0.1137,Bare Land,Peri-Urban / Sparse,0.3541,0.0033,0.7586,0.7000,#FFAA00,21.16221648036641,50.371190834933714
3184,0.3643,Moderate Risk,3,1.13,0.1136,Bare Land,Peri-Urban / Sparse,0.3541,0.0026,0.7595,0.7000,#FFAA00,20.0237835531773,51.7529406404105
3185,0.3643,Moderate Risk,3,2.75,0.1146,Bare Land,Peri-Urban / Sparse,0.3541,0.0063,0.7537,0.7000,#FFAA00,22.513021970859125,48.92684378414454
3186,0.3643,Moderate Risk,3,1.48,0.1138,Bare Land,Peri-Urban / Sparse,0.3541,0.0034,0.7583,0.7000,#FFAA00,21.936135304950373,48.677933321241106
3187,0.3643,Moderate Risk,3,2.08,0.1142,Bare Land,Peri-Urban / Sparse,0.3541,0.0047,0.7560,0.7000,#FFAA00,22.979566747128004,50.39368071926928
3188,0.3643,Moderate Risk,3,1.83,0.1140,Bare Land,Peri-Urban / Sparse,0.3541,0.0042,0.7571,0.7000,#FFAA00,21.367833967785405,50.74908668617511
3189,0.3643,Moderate Risk,3,2.81,0.1146,Bare Land,Peri-Urban / Sparse,0.3541,0.0064,0.7536,0.7000,#FFAA00,24.022599827548476,49.63328668458952
3190,0.3643,Moderate Risk,3,2.36,0.1143,Bare Land,Peri-Urban / Sparse,0.3541,0.0054,0.7552,0.7000,#FFAA00,22.08702017053137,50.96392036594933
3191,0.3643,Moderate Risk,3,2.11,0.1141,Bare Land,Peri-Urban / Sparse,0.3541,0.0048,0.7562,0.7000,#FFAA00,23.70574716421944,50.423184805191696
3192,0.3643,Moderate Risk,3,1.66,0.1139,Bare Land,Peri-Urban / Sparse,0.3541,0.0038,0.7578,0.7000,#FFAA00,21.998987099404125,49.0988458685949
3193,0.3643,Moderate Risk,3,1.79,0.1139,Bare Land,Peri-Urban / Sparse,0.3541,0.0041,0.7574,0.7000,#FFAA00,22.36746061579991,48.92274288458163
3194,0.3643,Moderate Risk,3,1.79,0.1139,Bare Land,Peri-Urban / Sparse,0.3541,0.0041,0.7574,0.7000,#FFAA00,22.36746061579991,48.92274288458163
3195,0.3643,Moderate Risk,3,1.71,0.1139,Bare Land,Peri-Urban / Sparse,0.3541,0.0039,0.7574,0.7000,#FFAA00,22.36746061579991,48.92274288458163
3196,0.3643,Moderate Risk,3,1.71,0.1139,Bare Land,Peri-Urban / Sparse,0.3541,0.0039,0.7574,0.7000,#FFAA00,22.36746061579991,48.92274288458163
3197,0.3643,Moderate Risk,3,3.58,0.1150,Bare Land,Peri-Urban / Sparse,0.3541,0.0082,0.7511,0.7000,#FFAA00,24.09672616920325,49.58866327448671
3198,0.3643,Moderate Risk,3,1.68,0.1139,Bare Land,Peri-Urban / Sparse,0.3541,0.0038,0.7575,0.7000,#FFAA00,21.695774289557587,49.55489920568778
3199,0.3643,Moderate Risk,3,1.37,0.1137,Bare Land,Peri-Urban / Sparse,0.3541,0.0031,0.7586,0.7000,#FFAA00,21.730023832130573,48.06790560085427
3200,0.3643,Moderate Risk,3,1.44,0.1137,Bare Land,Peri-Urban / Sparse,0.3541,0.0033,0.7586,0.7000,#FFAA00,20.630219427390344,48.41471964781668
3201,0.3643,Moderate Risk,3,2.22,0.1142,Bare Land,Peri-Urban / Sparse,0.3541,0.0051,0.7559,0.7000,#FFAA00,23.7733186299514,50.567377640152884
3202,0.3642,Moderate Risk,3,1.25,0.1137,Bare Land,Peri-Urban / Sparse,0.3541,0.0028,0.7585,0.7000,#FFAA00,20.536736918955565,49.3351728064736
3203,0.3642,Moderate Risk,3,2.20,0.1143,Bare Land,Peri-Urban / Sparse,0.3541,0.0050,0.7555,0.7000,#FFAA00,24.51445612653333,50.17297354397298
3204,0.3642,Moderate Risk,3,1.83,0.1140,Bare Land,Peri-Urban / Sparse,0.3541,0.0042,0.7567,0.7000,#FFAA00,22.064501444192103,49.38030519161249
3205,0.3642,Moderate Risk,3,1.82,0.1140,Bare Land,Peri-Urban / Sparse,0.3541,0.0042,0.7567,0.7000,#FFAA00,21.364631699374897,50.841534509729755
3206,0.3642,Moderate Risk,3,1.82,0.1140,Bare Land,Peri-Urban / Sparse,0.3541,0.0042,0.7567,0.7000,#FFAA00,21.83862763218883,49.65242785345849
3207,0.3642,Moderate Risk,3,1.89,0.1141,Bare Land,Peri-Urban / Sparse,0.3541,0.0043,0.7565,0.7000,#FFAA00,21.437212537270128,50.8444287024922
3208,0.3642,Moderate Risk,3,2.34,0.1144,Bare Land,Peri-Urban / Sparse,0.3541,0.0053,0.7546,0.7000,#FFAA00,24.999102459203268,48.52558714674397
3209,0.3642,Moderate Risk,3,1.52,0.1139,Bare Land,Peri-Urban / Sparse,0.3541,0.0035,0.7574,0.7000,#FFAA00,21.562357991193178,49.08643409708278
3210,0.3642,Moderate Risk,3,2.14,0.1143,Bare Land,Peri-Urban / Sparse,0.3541,0.0049,0.7554,0.7000,#FFAA00,23.405251734248672,50.6927862743652
3211,0.3642,Moderate Risk,3,3.35,0.1150,Bare Land,Peri-Urban / Sparse,0.3541,0.0076,0.7512,0.7000,#FFAA00,24.0516717530527,48.54651792396852
3212,0.3642,Moderate Risk,3,1.89,0.1141,Bare Land,Peri-Urban / Sparse,0.3541,0.0043,0.7563,0.7000,#FFAA00,23.20377565681686,50.214928214748504
3213,0.3641,Moderate Risk,3,0.98,0.1136,Bare Land,Rural / Scattered,0.3541,0.0022,0.7591,0.7000,#FFAA00,19.954786853175882,51.65840156308532
3214,0.3641,Moderate Risk,3,1.31,0.1139,Bare Land,Peri-Urban / Sparse,0.3541,0.0030,0.7576,0.7000,#FFAA00,20.608331067983926,49.38332593086341
3215,0.3641,Moderate Risk,3,1.70,0.1141,Bare Land,Peri-Urban / Sparse,0.3541,0.0039,0.7566,0.7000,#FFAA00,22.288867594078695,49.153934193326116
3216,0.3641,Moderate Risk,3,2.17,0.1143,Bare Land,Peri-Urban / Sparse,0.3541,0.0049,0.7550,0.7000,#FFAA00,23.699020596483006,50.611308492362824
3217,0.3641,Moderate Risk,3,5.44,0.1162,Bare Land,Peri-Urban / Sparse,0.3541,0.0124,0.7439,0.7000,#FFAA00,25.569007518890132,49.021042996344676
3218,0.3641,Moderate Risk,3,1.49,0.1139,Bare Land,Peri-Urban / Sparse,0.3541,0.0034,0.7573,0.7000,#FFAA00,21.165133094549997,50.278795211647896
3219,0.3641,Moderate Risk,3,10.38,0.1192,Bare Land,Low Density Urban,0.3541,0.0237,0.7266,0.7000,#FFAA00,24.686804516449975,49.32494843108795
3220,0.3641,Moderate Risk,3,1.30,0.1139,Bare Land,Peri-Urban / Sparse,0.3541,0.0030,0.7577,0.7000,#FFAA00,19.83152715312291,48.259484562910444
3221,0.3641,Moderate Risk,3,0.88,0.1136,Bare Land,Rural / Scattered,0.3541,0.0020,0.7593,0.7000,#FFAA00,19.88401707661184,51.60964907530376
3222,0.3641,Moderate Risk,3,2.01,0.1143,Bare Land,Peri-Urban / Sparse,0.3541,0.0046,0.7552,0.7000,#FFAA00,23.721569598992417,49.95258134385508
3223,0.3641,Moderate Risk,3,2.43,0.1145,Bare Land,Peri-Urban / Sparse,0.3541,0.0055,0.7538,0.7000,#FFAA00,24.38164851349599,49.78849109932514
3224,0.3641,Moderate Risk,3,1.73,0.1141,Bare Land,Peri-Urban / Sparse,0.3541,0.0039,0.7562,0.7000,#FFAA00,22.07406824453616,49.007799557257954
3225,0.3641,Moderate Risk,3,1.12,0.1138,Bare Land,Peri-Urban / Sparse,0.3541,0.0025,0.7583,0.7000,#FFAA00,20.025530407763757,51.70720388806979
3226,0.3641,Moderate Risk,3,1.72,0.1141,Bare Land,Peri-Urban / Sparse,0.3541,0.0039,0.7563,0.7000,#FFAA00,21.841227870724325,49.559502305079434
3227,0.3641,Moderate Risk,3,1.48,0.1139,Bare Land,Peri-Urban / Sparse,0.3541,0.0034,0.7574,0.7000,#FFAA00,21.163681047592657,50.32499499446018
3228,0.3641,Moderate Risk,3,1.74,0.1141,Bare Land,Peri-Urban / Sparse,0.3541,0.0040,0.7562,0.7000,#FFAA00,22.072918578770395,49.05437377109287
3229,0.3641,Moderate Risk,3,2.88,0.1148,Bare Land,Peri-Urban / Sparse,0.3541,0.0066,0.7525,0.7000,#FFAA00,24.151269248363835,50.158208340296284
3230,0.3641,Moderate Risk,3,3.95,0.1154,Bare Land,Peri-Urban / Sparse,0.3541,0.0090,0.7487,0.7000,#FFAA00,25.04325168649202,49.575683544423725
3231,0.3641,Moderate Risk,3,0.25,0.1132,Bare Land,Rural / Scattered,0.3541,0.0006,0.7615,0.7000,#FFAA00,19.469749665593678,50.99876435889995
3232,0.3640,Moderate Risk,3,2.38,0.1146,Bare Land,Peri-Urban / Sparse,0.3541,0.0054,0.7535,0.7000,#FFAA00,24.380141906172906,49.83582264179664
3233,0.3640,Moderate Risk,3,1.14,0.1138,Bare Land,Peri-Urban / Sparse,0.3541,0.0026,0.7579,0.7000,#FFAA00,20.022025029384302,51.79867254023855
3234,0.3640,Moderate Risk,3,6.54,0.1170,Bare Land,Peri-Urban / Sparse,0.3541,0.0149,0.7393,0.7000,#FFAA00,25.11886310973669,49.48313115793213
3235,0.3640,Moderate Risk,3,1.23,0.1139,Bare Land,Peri-Urban / Sparse,0.3541,0.0028,0.7578,0.7000,#FFAA00,20.395701256617564,49.14693247503655
3236,0.3640,Moderate Risk,3,1.52,0.1140,Bare Land,Peri-Urban / Sparse,0.3541,0.0035,0.7567,0.7000,#FFAA00,21.775962255604853,49.278477903185276
3237,0.3640,Moderate Risk,3,1.41,0.1140,Bare Land,Peri-Urban / Sparse,0.3541,0.0032,0.7572,0.7000,#FFAA00,20.8192605137393,49.66651316568179
3238,0.3640,Moderate Risk,3,1.92,0.1143,Bare Land,Peri-Urban / Sparse,0.3541,0.0044,0.7553,0.7000,#FFAA00,23.288481323578708,49.84240727819991
3239,0.3640,Moderate Risk,3,1.42,0.1140,Bare Land,Peri-Urban / Sparse,0.3541,0.0032,0.7568,0.7000,#FFAA00,20.889432275286918,49.7610763692011
3240,0.3640,Moderate Risk,3,2.15,0.1144,Bare Land,Peri-Urban / Sparse,0.3541,0.0049,0.7545,0.7000,#FFAA00,21.978662799293428,49.84315947029425
3241,0.3640,Moderate Risk,3,3.65,0.1153,Bare Land,Peri-Urban / Sparse,0.3541,0.0083,0.7494,0.7000,#FFAA00,25.49885789050364,48.922985910538294
3242,0.3640,Moderate Risk,3,2.20,0.1145,Bare Land,Peri-Urban / Sparse,0.3541,0.0050,0.7543,0.7000,#FFAA00,24.59662181486291,49.89159375043747
3243,0.3640,Moderate Risk,3,1.82,0.1142,Bare Land,Peri-Urban / Sparse,0.3541,0.0041,0.7558,0.7000,#FFAA00,21.366239140489178,50.79531275127812
3244,0.3640,Moderate Risk,3,1.41,0.1140,Bare Land,Peri-Urban / Sparse,0.3541,0.0032,0.7568,0.7000,#FFAA00,21.157747702313067,50.50975436577401
3245,0.3639,Moderate Risk,3,1.93,0.1144,Bare Land,Peri-Urban / Sparse,0.3541,0.0044,0.7549,0.7000,#FFAA00,21.835975354928326,49.74533938013057
3246,0.3639,Moderate Risk,3,1.51,0.1141,Bare Land,Peri-Urban / Sparse,0.3541,0.0034,0.7561,0.7000,#FFAA00,21.488441590997116,49.13077710068078
3247,0.3639,Moderate Risk,3,1.48,0.1141,Bare Land,Peri-Urban / Sparse,0.3541,0.0034,0.7562,0.7000,#FFAA00,21.16657261677106,50.23259152017666
3248,0.3639,Moderate Risk,3,3.31,0.1152,Bare Land,Peri-Urban / Sparse,0.3541,0.0075,0.7502,0.7000,#FFAA00,25.440313674161686,48.346934368122405
3249,0.3639,Moderate Risk,3,9.14,0.1186,Bare Land,Peri-Urban / Sparse,0.3541,0.0208,0.7301,0.7000,#FFAA00,24.53860486150425,49.41478110314554
3250,0.3639,Moderate Risk,3,0.24,0.1134,Bare Land,Rural / Scattered,0.3541,0.0006,0.7604,0.7000,#FFAA00,19.47126036124143,50.95311801489995
3251,0.3639,Moderate Risk,3,4.38,0.1158,Bare Land,Peri-Urban / Sparse,0.3541,0.0100,0.7464,0.7000,#FFAA00,25.284334738161895,48.77271677288003
3252,0.3639,Moderate Risk,3,7.71,0.1178,Bare Land,Peri-Urban / Sparse,0.3541,0.0176,0.7348,0.7000,#FFAA00,25.719665537893633,48.834312410786794
3253,0.3639,Moderate Risk,3,1.46,0.1141,Bare Land,Peri-Urban / Sparse,0.3541,0.0033,0.7561,0.7000,#FFAA00,21.801120110141873,48.16252119411037
3254,0.3639,Moderate Risk,3,4.04,0.1156,Bare Land,Peri-Urban / Sparse,0.3541,0.0092,0.7476,0.7000,#FFAA00,24.243552393138692,49.546577562670734
3255,0.3639,Moderate Risk,3,10.46,0.1194,Bare Land,Low Density Urban,0.3541,0.0238,0.7256,0.7000,#FFAA00,25.047590549143507,49.43287032866906
3256,0.3638,Moderate Risk,3,2.09,0.1145,Bare Land,Peri-Urban / Sparse,0.3541,0.0048,0.7537,0.7000,#FFAA00,23.63477429336168,50.37316483557779
3257,0.3638,Moderate Risk,3,1.22,0.1141,Bare Land,Peri-Urban / Sparse,0.3541,0.0028,0.7565,0.7000,#FFAA00,20.466252473089153,49.24101131211053
3258,0.3638,Moderate Risk,3,1.89,0.1144,Bare Land,Peri-Urban / Sparse,0.3541,0.0043,0.7544,0.7000,#FFAA00,23.071857534141646,49.78768744348158
3259,0.3638,Moderate Risk,3,2.10,0.1146,Bare Land,Peri-Urban / Sparse,0.3541,0.0048,0.7534,0.7000,#FFAA00,23.406959273231195,50.6458729081963
3260,0.3638,Moderate Risk,3,2.10,0.1146,Bare Land,Peri-Urban / Sparse,0.3541,0.0048,0.7534,0.7000,#FFAA00,23.794236275779085,49.95533839859286
3261,0.3638,Moderate Risk,3,1.20,0.1140,Bare Land,Peri-Urban / Sparse,0.3541,0.0027,0.7569,0.7000,#FFAA00,20.184659003223754,48.81919126068927
3262,0.3638,Moderate Risk,3,1.49,0.1142,Bare Land,Peri-Urban / Sparse,0.3541,0.0034,0.7558,0.7000,#FFAA00,21.273476048443303,48.9856968245112
3263,0.3638,Moderate Risk,3,2.50,0.1148,Bare Land,Peri-Urban / Sparse,0.3541,0.0057,0.7524,0.7000,#FFAA00,24.455823692544218,49.743878364294545
3264,0.3638,Moderate Risk,3,2.23,0.1146,Bare Land,Peri-Urban / Sparse,0.3541,0.0051,0.7534,0.7000,#FFAA00,22.116960285788682,50.08077177366346
3265,0.3638,Moderate Risk,3,1.50,0.1142,Bare Land,Peri-Urban / Sparse,0.3541,0.0034,0.7558,0.7000,#FFAA00,21.22577382933553,50.65104961789125
3266,0.3638,Moderate Risk,3,1.77,0.1144,Bare Land,Peri-Urban / Sparse,0.3541,0.0040,0.7546,0.7000,#FFAA00,22.420330275888823,49.67160812412731
3267,0.3637,Moderate Risk,3,1.83,0.1145,Bare Land,Peri-Urban / Sparse,0.3541,0.0042,0.7540,0.7000,#FFAA00,22.202198497843707,49.66434089713309
3268,0.3637,Moderate Risk,3,1.20,0.1142,Bare Land,Peri-Urban / Sparse,0.3541,0.0027,0.7560,0.7000,#FFAA00,20.2554351569666,48.91300788303529
3269,0.3637,Moderate Risk,3,2.41,0.1149,Bare Land,Peri-Urban / Sparse,0.3541,0.0055,0.7520,0.7000,#FFAA00,22.233841966841275,50.92357242254006
3270,0.3637,Moderate Risk,3,6.17,0.1171,Bare Land,Peri-Urban / Sparse,0.3541,0.0141,0.7390,0.7000,#FFAA00,25.22298474377433,48.29318580325843
3271,0.3637,Moderate Risk,3,1.96,0.1146,Bare Land,Peri-Urban / Sparse,0.3541,0.0045,0.7537,0.7000,#FFAA00,22.837462522662598,50.29443866887189
3272,0.3637,Moderate Risk,3,2.07,0.1146,Bare Land,Peri-Urban / Sparse,0.3541,0.0047,0.7534,0.7000,#FFAA00,23.2006313592612,50.30867610621584
3273,0.3637,Moderate Risk,3,1.56,0.1143,Bare Land,Peri-Urban / Sparse,0.3541,0.0036,0.7551,0.7000,#FFAA00,21.632817681311924,49.18133294965575
3274,0.3637,Moderate Risk,3,1.47,0.1143,Bare Land,Peri-Urban / Sparse,0.3541,0.0034,0.7552,0.7000,#FFAA00,21.098141367734545,50.09146818619736
3275,0.3637,Moderate Risk,3,2.14,0.1147,Bare Land,Peri-Urban / Sparse,0.3541,0.0049,0.7531,0.7000,#FFAA00,23.26678469897438,50.499104768499436
3276,0.3637,Moderate Risk,3,2.25,0.1148,Bare Land,Peri-Urban / Sparse,0.3541,0.0051,0.7526,0.7000,#FFAA00,21.729163255718603,50.8097923627301
3277,0.3637,Moderate Risk,3,2.36,0.1148,Bare Land,Peri-Urban / Sparse,0.3541,0.0054,0.7524,0.7000,#FFAA00,24.445035661882226,50.07533226423596
3278,0.3637,Moderate Risk,3,2.38,0.1149,Bare Land,Peri-Urban / Sparse,0.3541,0.0054,0.7520,0.7000,#FFAA00,24.67235557956501,49.79955462875481
3279,0.3637,Moderate Risk,3,2.05,0.1146,Bare Land,Peri-Urban / Sparse,0.3541,0.0047,0.7532,0.7000,#FFAA00,22.19534675471337,49.89718186747062
3280,0.3636,Moderate Risk,3,1.49,0.1144,Bare Land,Peri-Urban / Sparse,0.3541,0.0034,0.7546,0.7000,#FFAA00,21.1022563594253,49.95286710648224
3281,0.3636,Moderate Risk,3,2.07,0.1147,Bare Land,Peri-Urban / Sparse,0.3541,0.0047,0.7527,0.7000,#FFAA00,23.636400684126972,50.32614465131559
3282,0.3636,Moderate Risk,3,1.76,0.1145,Bare Land,Peri-Urban / Sparse,0.3541,0.0040,0.7540,0.7000,#FFAA00,22.27887638945266,49.526934233101734
3283,0.3636,Moderate Risk,3,1.22,0.1142,Bare Land,Peri-Urban / Sparse,0.3541,0.0028,0.7558,0.7000,#FFAA00,20.32508383082124,49.05293606045551
3284,0.3636,Moderate Risk,3,1.50,0.1144,Bare Land,Peri-Urban / Sparse,0.3541,0.0034,0.7546,0.7000,#FFAA00,21.41567061291163,49.1287243946925
3285,0.3636,Moderate Risk,3,1.76,0.1145,Bare Land,Peri-Urban / Sparse,0.3541,0.0040,0.7540,0.7000,#FFAA00,22.424325309271165,49.53164482709524
3286,0.3636,Moderate Risk,3,1.32,0.1143,Bare Land,Peri-Urban / Sparse,0.3541,0.0030,0.7554,0.7000,#FFAA00,19.61772323194971,47.9798335695846
3287,0.3636,Moderate Risk,3,1.87,0.1146,Bare Land,Peri-Urban / Sparse,0.3541,0.0043,0.7534,0.7000,#FFAA00,21.43558645407431,50.89066869679179
3288,0.3636,Moderate Risk,3,1.30,0.1143,Bare Land,Peri-Urban / Sparse,0.3541,0.0030,0.7553,0.7000,#FFAA00,19.760319615598583,48.166187215936574
3289,0.3636,Moderate Risk,3,1.78,0.1146,Bare Land,Peri-Urban / Sparse,0.3541,0.0041,0.7536,0.7000,#FFAA00,22.206150599859008,49.52459348606878
3290,0.3636,Moderate Risk,3,2.02,0.1147,Bare Land,Peri-Urban / Sparse,0.3541,0.0046,0.7531,0.7000,#FFAA00,21.509792372285215,50.847335120729056
3291,0.3636,Moderate Risk,3,1.82,0.1146,Bare Land,Peri-Urban / Sparse,0.3541,0.0042,0.7534,0.7000,#FFAA00,22.657423932930687,48.97775195275069
3292,0.3636,Moderate Risk,3,1.44,0.1144,Bare Land,Peri-Urban / Sparse,0.3541,0.0033,0.7547,0.7000,#FFAA00,21.16073939737631,50.41738269940532
3293,0.3636,Moderate Risk,3,1.47,0.1144,Bare Land,Peri-Urban / Sparse,0.3541,0.0034,0.7547,0.7000,#FFAA00,21.86228316205098,48.72258714128288
3294,0.3636,Moderate Risk,3,2.17,0.1148,Bare Land,Peri-Urban / Sparse,0.3541,0.0049,0.7523,0.7000,#FFAA00,23.081481581624455,49.45955802342153
3295,0.3636,Moderate Risk,3,2.31,0.1149,Bare Land,Peri-Urban / Sparse,0.3541,0.0053,0.7519,0.7000,#FFAA00,21.801745059716126,50.812724894632794
3296,0.3636,Moderate Risk,3,1.81,0.1146,Bare Land,Peri-Urban / Sparse,0.3541,0.0041,0.7534,0.7000,#FFAA00,21.987967945431944,49.517629176723574
3297,0.3636,Moderate Risk,3,1.68,0.1145,Bare Land,Peri-Urban / Sparse,0.3541,0.0038,0.7540,0.7000,#FFAA00,21.917770007012212,49.422334078224864
3298,0.3636,Moderate Risk,3,1.55,0.1144,Bare Land,Peri-Urban / Sparse,0.3541,0.0035,0.7544,0.7000,#FFAA00,21.633981081647256,49.134908576922506
3299,0.3635,Moderate Risk,3,2.02,0.1148,Bare Land,Peri-Urban / Sparse,0.3541,0.0046,0.7524,0.7000,#FFAA00,21.513018503883064,50.75479674461688
3300,0.3635,Moderate Risk,3,2.37,0.1150,Bare Land,Peri-Urban / Sparse,0.3541,0.0054,0.7512,0.7000,#FFAA00,22.161278449474967,50.920518592595506
3301,0.3635,Moderate Risk,3,1.63,0.1146,Bare Land,Peri-Urban / Sparse,0.3541,0.0037,0.7535,0.7000,#FFAA00,21.47758741476523,49.548066605358976
3302,0.3635,Moderate Risk,3,3.49,0.1156,Bare Land,Peri-Urban / Sparse,0.3541,0.0080,0.7473,0.7000,#FFAA00,25.173088790668753,50.05746489969607
3303,0.3635,Moderate Risk,3,1.40,0.1144,Bare Land,Peri-Urban / Sparse,0.3541,0.0032,0.7547,0.7000,#FFAA00,21.79155025880376,48.627697838407485
3304,0.3635,Moderate Risk,3,1.98,0.1147,Bare Land,Peri-Urban / Sparse,0.3541,0.0045,0.7526,0.7000,#FFAA00,21.44042673159098,50.75193569762093
3305,0.3635,Moderate Risk,3,1.55,0.1145,Bare Land,Peri-Urban / Sparse,0.3541,0.0035,0.7538,0.7000,#FFAA00,21.869327676309766,48.396863018853736
3306,0.3635,Moderate Risk,3,1.95,0.1148,Bare Land,Peri-Urban / Sparse,0.3541,0.0044,0.7525,0.7000,#FFAA00,21.43882596476414,50.79818435817528
3307,0.3635,Moderate Risk,3,2.36,0.1150,Bare Land,Peri-Urban / Sparse,0.3541,0.0054,0.7510,0.7000,#FFAA00,22.088713888468284,50.917477364723744
3308,0.3635,Moderate Risk,3,1.43,0.1145,Bare Land,Peri-Urban / Sparse,0.3541,0.0033,0.7543,0.7000,#FFAA00,20.960845754212755,49.80955321750081
3309,0.3635,Moderate Risk,3,1.42,0.1144,Bare Land,Peri-Urban / Sparse,0.3541,0.0032,0.7546,0.7000,#FFAA00,21.159249803165082,50.46357055422859
3310,0.3635,Moderate Risk,3,2.31,0.1149,Bare Land,Peri-Urban / Sparse,0.3541,0.0053,0.7514,0.7000,#FFAA00,24.525487286812282,49.841386607837826
3311,0.3635,Moderate Risk,3,2.04,0.1148,Bare Land,Peri-Urban / Sparse,0.3541,0.0047,0.7524,0.7000,#FFAA00,22.125429484227787,49.801582650974375
3312,0.3634,Moderate Risk,3,2.27,0.1151,Bare Land,Peri-Urban / Sparse,0.3541,0.0052,0.7508,0.7000,#FFAA00,22.186688228278857,50.176467873996664
3313,0.3634,Moderate Risk,3,2.28,0.1150,Bare Land,Peri-Urban / Sparse,0.3541,0.0052,0.7510,0.7000,#FFAA00,24.44343559706793,50.12266678421088
3314,0.3634,Moderate Risk,3,2.22,0.1150,Bare Land,Peri-Urban / Sparse,0.3541,0.0051,0.7513,0.7000,#FFAA00,24.001153626368783,50.293871349829196
3315,0.3634,Moderate Risk,3,2.17,0.1149,Bare Land,Peri-Urban / Sparse,0.3541,0.0050,0.7516,0.7000,#FFAA00,23.85262833917029,50.38213541025802
3316,0.3634,Moderate Risk,3,1.84,0.1147,Bare Land,Peri-Urban / Sparse,0.3541,0.0042,0.7527,0.7000,#FFAA00,21.36941617635744,50.70285634814565
3317,0.3634,Moderate Risk,3,1.48,0.1145,Bare Land,Peri-Urban / Sparse,0.3541,0.0034,0.7538,0.7000,#FFAA00,21.16941406932353,50.14017254605884
3318,0.3634,Moderate Risk,3,2.38,0.1151,Bare Land,Peri-Urban / Sparse,0.3541,0.0054,0.7506,0.7000,#FFAA00,24.601187279067425,49.74935592337371
3319,0.3634,Moderate Risk,3,5.61,0.1170,Bare Land,Peri-Urban / Sparse,0.3541,0.0128,0.7394,0.7000,#FFAA00,22.79187603867789,49.40323151016785
3320,0.3633,Moderate Risk,3,4.33,0.1163,Bare Land,Peri-Urban / Sparse,0.3541,0.0099,0.7435,0.7000,#FFAA00,25.57031622921699,48.97320169046905
3321,0.3633,Moderate Risk,3,1.32,0.1145,Bare Land,Peri-Urban / Sparse,0.3541,0.0030,0.7539,0.7000,#FFAA00,20.678709348285487,49.47763817642817
3322,0.3633,Moderate Risk,3,1.54,0.1146,Bare Land,Peri-Urban / Sparse,0.3541,0.0035,0.7532,0.7000,#FFAA00,21.23485789546205,50.37382507490048
3323,0.3633,Moderate Risk,3,2.22,0.1150,Bare Land,Peri-Urban / Sparse,0.3541,0.0051,0.7509,0.7000,#FFAA00,24.598158480771865,49.8441850451163
3324,0.3633,Moderate Risk,3,1.79,0.1148,Bare Land,Peri-Urban / Sparse,0.3541,0.0041,0.7520,0.7000,#FFAA00,22.486088036112946,49.90737161187362
3325,0.3633,Moderate Risk,3,1.74,0.1148,Bare Land,Peri-Urban / Sparse,0.3541,0.0040,0.7522,0.7000,#FFAA00,22.425630184063184,49.48498341817794
3326,0.3633,Moderate Risk,3,1.51,0.1147,Bare Land,Peri-Urban / Sparse,0.3541,0.0034,0.7531,0.7000,#FFAA00,21.935085836584843,48.72448071954728
3327,0.3633,Moderate Risk,3,11.20,0.1204,Bare Land,Low Density Urban,0.3541,0.0255,0.7198,0.7000,#FFAA00,24.900749179171314,49.475203841668524
3328,0.3633,Moderate Risk,3,1.54,0.1147,Bare Land,Peri-Urban / Sparse,0.3541,0.0035,0.7530,0.7000,#FFAA00,21.061401603118835,48.702275270316306
3329,0.3633,Moderate Risk,3,1.58,0.1147,Bare Land,Peri-Urban / Sparse,0.3541,0.0036,0.7528,0.7000,#FFAA00,21.870281639648226,48.350320455630545
3330,0.3632,Moderate Risk,3,1.77,0.1149,Bare Land,Peri-Urban / Sparse,0.3541,0.0040,0.7515,0.7000,#FFAA00,22.071755710155248,49.10094490930939
3331,0.3632,Moderate Risk,3,1.64,0.1148,Bare Land,Peri-Urban / Sparse,0.3541,0.0037,0.7521,0.7000,#FFAA00,21.845030585519098,49.42008829737711
3332,0.3632,Moderate Risk,3,0.78,0.1143,Bare Land,Rural / Scattered,0.3541,0.0018,0.7552,0.7000,#FFAA00,19.740725961762227,51.55796639800318
3333,0.3632,Moderate Risk,3,1.48,0.1148,Bare Land,Peri-Urban / Sparse,0.3541,0.0034,0.7525,0.7000,#FFAA00,21.167999609826193,50.18638395374276
3334,0.3632,Moderate Risk,3,3.20,0.1157,Bare Land,Peri-Urban / Sparse,0.3541,0.0073,0.7470,0.7000,#FFAA00,25.032596965629555,49.9087814698266
3335,0.3632,Moderate Risk,3,1.83,0.1149,Bare Land,Peri-Urban / Sparse,0.3541,0.0042,0.7515,0.7000,#FFAA00,22.95423812579826,48.751830581132765
3336,0.3632,Moderate Risk,3,1.60,0.1148,Bare Land,Peri-Urban / Sparse,0.3541,0.0036,0.7521,0.7000,#FFAA00,21.871222494934738,48.30377536076138
3337,0.3632,Moderate Risk,3,1.52,0.1148,Bare Land,Peri-Urban / Sparse,0.3541,0.0035,0.7525,0.7000,#FFAA00,21.41335679975811,49.22143213858971
3338,0.3632,Moderate Risk,3,1.92,0.1150,Bare Land,Peri-Urban / Sparse,0.3541,0.0044,0.7511,0.7000,#FFAA00,23.214343509419134,49.88668456072776
3339,0.3632,Moderate Risk,3,1.50,0.1147,Bare Land,Peri-Urban / Sparse,0.3541,0.0034,0.7528,0.7000,#FFAA00,21.848716034542758,49.28064429889241
3340,0.3631,Moderate Risk,3,2.24,0.1153,Bare Land,Peri-Urban / Sparse,0.3541,0.0051,0.7494,0.7000,#FFAA00,22.259343623192795,50.17914241468693
3341,0.3631,Moderate Risk,3,1.80,0.1150,Bare Land,Peri-Urban / Sparse,0.3541,0.0041,0.7512,0.7000,#FFAA00,22.20484648754992,49.5711794438827
3342,0.3631,Moderate Risk,3,1.50,0.1148,Bare Land,Peri-Urban / Sparse,0.3541,0.0034,0.7522,0.7000,#FFAA00,21.239230394943686,50.235158554009246
3343,0.3631,Moderate Risk,3,3.34,0.1159,Bare Land,Peri-Urban / Sparse,0.3541,0.0076,0.7457,0.7000,#FFAA00,25.034164514512263,49.861207790286876
3344,0.3631,Moderate Risk,3,1.80,0.1150,Bare Land,Peri-Urban / Sparse,0.3541,0.0041,0.7510,0.7000,#FFAA00,22.499654094616155,49.440640061010605
3345,0.3631,Moderate Risk,3,1.46,0.1148,Bare Land,Peri-Urban / Sparse,0.3541,0.0033,0.7522,0.7000,#FFAA00,21.203913674547547,48.84483094322004
3346,0.3631,Moderate Risk,3,2.93,0.1156,Bare Land,Peri-Urban / Sparse,0.3541,0.0067,0.7475,0.7000,#FFAA00,24.233281466380852,49.8775765202101
3347,0.3631,Moderate Risk,3,1.77,0.1150,Bare Land,Peri-Urban / Sparse,0.3541,0.0040,0.7512,0.7000,#FFAA00,22.43794082338447,49.018186532863545
3348,0.3631,Moderate Risk,3,2.79,0.1156,Bare Land,Peri-Urban / Sparse,0.3541,0.0064,0.7476,0.7000,#FFAA00,24.223908684871255,50.16113811846795
3349,0.3631,Moderate Risk,3,3.05,0.1157,Bare Land,Peri-Urban / Sparse,0.3541,0.0070,0.7468,0.7000,#FFAA00,24.162116396486514,49.8275585510933
3350,0.3631,Moderate Risk,3,2.85,0.1156,Bare Land,Peri-Urban / Sparse,0.3541,0.0065,0.7478,0.7000,#FFAA00,24.157554805738602,49.969289493914985
3351,0.3631,Moderate Risk,3,1.71,0.1149,Bare Land,Peri-Urban / Sparse,0.3541,0.0039,0.7515,0.7000,#FFAA00,21.76721264042543,49.60363714545165
3352,0.3631,Moderate Risk,3,2.17,0.1152,Bare Land,Peri-Urban / Sparse,0.3541,0.0049,0.7501,0.7000,#FFAA00,21.582371200954576,50.85025379173299
3353,0.3631,Moderate Risk,3,1.64,0.1149,Bare Land,Peri-Urban / Sparse,0.3541,0.0037,0.7519,0.7000,#FFAA00,21.92146896672661,49.282819767488654
3354,0.3631,Moderate Risk,3,2.15,0.1152,Bare Land,Peri-Urban / Sparse,0.3541,0.0049,0.7499,0.7000,#FFAA00,21.980031404032342,49.79666584583141
3355,0.3631,Moderate Risk,3,2.40,0.1153,Bare Land,Peri-Urban / Sparse,0.3541,0.0055,0.7492,0.7000,#FFAA00,24.005987305419577,50.15238347501613
3356,0.3631,Moderate Risk,3,4.92,0.1168,Bare Land,Peri-Urban / Sparse,0.3541,0.0112,0.7404,0.7000,#FFAA00,25.424820751469042,48.96841117845882
3357,0.3631,Moderate Risk,3,1.53,0.1148,Bare Land,Peri-Urban / Sparse,0.3541,0.0035,0.7522,0.7000,#FFAA00,21.412180752614333,49.26778130164412
3358,0.3631,Moderate Risk,3,2.07,0.1152,Bare Land,Peri-Urban / Sparse,0.3541,0.0047,0.7501,0.7000,#FFAA00,23.563775010701637,50.323203930972305
3359,0.3631,Moderate Risk,3,1.30,0.1147,Bare Land,Peri-Urban / Sparse,0.3541,0.0030,0.7531,0.7000,#FFAA00,19.90267350676594,48.3528625890717
3360,0.3631,Moderate Risk,3,0.99,0.1146,Bare Land,Rural / Scattered,0.3541,0.0022,0.7537,0.7000,#FFAA00,19.95305847291224,51.70412250271808
3361,0.3631,Moderate Risk,3,6.35,0.1176,Bare Land,Peri-Urban / Sparse,0.3541,0.0145,0.7358,0.7000,#FFAA00,24.31906962718635,49.4545138291823
3362,0.3631,Moderate Risk,3,1.73,0.1149,Bare Land,Peri-Urban / Sparse,0.3541,0.0039,0.7515,0.7000,#FFAA00,21.994221049501007,49.285004329660985
3363,0.3631,Moderate Risk,3,4.71,0.1167,Bare Land,Peri-Urban / Sparse,0.3541,0.0107,0.7411,0.7000,#FFAA00,24.608499273262794,49.512216570056125
3364,0.3630,Moderate Risk,3,1.48,0.1149,Bare Land,Peri-Urban / Sparse,0.3541,0.0034,0.7519,0.7000,#FFAA00,20.848730724369137,48.41963138361417
3365,0.3630,Moderate Risk,3,1.51,0.1149,Bare Land,Peri-Urban / Sparse,0.3541,0.0034,0.7518,0.7000,#FFAA00,21.22885204052611,50.558657825301964
3366,0.3630,Moderate Risk,3,1.59,0.1149,Bare Land,Peri-Urban / Sparse,0.3541,0.0036,0.7515,0.7000,#FFAA00,21.123445127288118,49.16686485467129
3367,0.3630,Moderate Risk,3,1.88,0.1151,Bare Land,Peri-Urban / Sparse,0.3541,0.0043,0.7503,0.7000,#FFAA00,23.140201029846242,49.93091835916293
3368,0.3630,Moderate Risk,3,1.50,0.1149,Bare Land,Peri-Urban / Sparse,0.3541,0.0034,0.7519,0.7000,#FFAA00,21.489583589927214,49.08439569722963
3369,0.3630,Moderate Risk,3,1.77,0.1151,Bare Land,Peri-Urban / Sparse,0.3541,0.0040,0.7506,0.7000,#FFAA00,22.138489359418855,49.335979792168445
3370,0.3630,Moderate Risk,3,1.79,0.1151,Bare Land,Peri-Urban / Sparse,0.3541,0.0041,0.7508,0.7000,#FFAA00,22.49029894056943,49.76738997111234
3371,0.3630,Moderate Risk,3,1.77,0.1151,Bare Land,Peri-Urban / Sparse,0.3541,0.0040,0.7506,0.7000,#FFAA00,22.207441451713343,49.4780040874777
3372,0.3630,Moderate Risk,3,1.88,0.1151,Bare Land,Peri-Urban / Sparse,0.3541,0.0043,0.7504,0.7000,#FFAA00,23.132678863200574,50.16525275789617
3373,0.3630,Moderate Risk,3,1.37,0.1148,Bare Land,Peri-Urban / Sparse,0.3541,0.0031,0.7520,0.7000,#FFAA00,20.7490193507954,49.572033844514124
3374,0.3630,Moderate Risk,3,1.45,0.1149,Bare Land,Peri-Urban / Sparse,0.3541,0.0033,0.7516,0.7000,#FFAA00,21.032236051403643,49.8580808025206
3375,0.3630,Moderate Risk,3,2.03,0.1152,Bare Land,Peri-Urban / Sparse,0.3541,0.0046,0.7501,0.7000,#FFAA00,21.51141179186389,50.80106809561047
3376,0.3630,Moderate Risk,3,1.30,0.1148,Bare Land,Peri-Urban / Sparse,0.3541,0.0030,0.7521,0.7000,#FFAA00,19.76112660216411,48.12027722574375
3377,0.3630,Moderate Risk,3,2.16,0.1153,Bare Land,Peri-Urban / Sparse,0.3541,0.0049,0.7492,0.7000,#FFAA00,21.58399661834991,50.80396399066952
3378,0.3629,Moderate Risk,3,1.75,0.1151,Bare Land,Peri-Urban / Sparse,0.3541,0.0040,0.7504,0.7000,#FFAA00,22.20871903909466,49.431411283139795
3379,0.3629,Moderate Risk,3,7.24,0.1183,Bare Land,Peri-Urban / Sparse,0.3541,0.0165,0.7317,0.7000,#FFAA00,25.190109972282304,49.53345466710747
3380,0.3629,Moderate Risk,3,1.47,0.1150,Bare Land,Peri-Urban / Sparse,0.3541,0.0034,0.7512,0.7000,#FFAA00,21.099525532549798,50.04527154684791
3381,0.3629,Moderate Risk,3,2.24,0.1155,Bare Land,Peri-Urban / Sparse,0.3541,0.0051,0.7485,0.7000,#FFAA00,23.850970852380634,50.42922892159513
3382,0.3629,Moderate Risk,3,3.98,0.1164,Bare Land,Peri-Urban / Sparse,0.3541,0.0091,0.7428,0.7000,#FFAA00,25.296850324859594,48.247380110043835
3383,0.3629,Moderate Risk,3,1.58,0.1150,Bare Land,Peri-Urban / Sparse,0.3541,0.0036,0.7510,0.7000,#FFAA00,21.927372075845827,49.05023166764526
3384,0.3629,Moderate Risk,3,1.20,0.1148,Bare Land,Peri-Urban / Sparse,0.3541,0.0027,0.7520,0.7000,#FFAA00,20.1157398542664,48.63348319891889
3385,0.3629,Moderate Risk,3,2.34,0.1155,Bare Land,Peri-Urban / Sparse,0.3541,0.0053,0.7481,0.7000,#FFAA00,22.017822845420312,50.86802467279215
3386,0.3629,Moderate Risk,3,1.67,0.1151,Bare Land,Peri-Urban / Sparse,0.3541,0.0038,0.7504,0.7000,#FFAA00,21.919016075973826,49.37583260156266
3387,0.3629,Moderate Risk,3,2.02,0.1153,Bare Land,Peri-Urban / Sparse,0.3541,0.0046,0.7495,0.7000,#FFAA00,23.568552777244474,50.18219539807245
3388,0.3629,Moderate Risk,3,1.49,0.1150,Bare Land,Peri-Urban / Sparse,0.3541,0.0034,0.7512,0.7000,#FFAA00,21.22731920467006,50.604855798200425
3389,0.3629,Moderate Risk,3,1.55,0.1150,Bare Land,Peri-Urban / Sparse,0.3541,0.0035,0.7510,0.7000,#FFAA00,21.233375264277385,50.42003932395192
3390,0.3629,Moderate Risk,3,0.99,0.1147,Bare Land,Rural / Scattered,0.3541,0.0023,0.7528,0.7000,#FFAA00,19.951318463752955,51.749838631932306
3391,0.3629,Moderate Risk,3,2.07,0.1154,Bare Land,Peri-Urban / Sparse,0.3541,0.0047,0.7490,0.7000,#FFAA00,22.265189901895965,49.992871799799914
3392,0.3629,Moderate Risk,3,1.88,0.1152,Bare Land,Peri-Urban / Sparse,0.3541,0.0043,0.7499,0.7000,#FFAA00,23.137233684055808,50.02466387780776
3393,0.3629,Moderate Risk,3,1.54,0.1150,Bare Land,Peri-Urban / Sparse,0.3541,0.0035,0.7511,0.7000,#FFAA00,21.561211748109343,49.13283848825815
3394,0.3629,Moderate Risk,3,1.55,0.1150,Bare Land,Peri-Urban / Sparse,0.3541,0.0035,0.7511,0.7000,#FFAA00,21.231880074986677,50.46624955450125
3395,0.3629,Moderate Risk,3,5.54,0.1174,Bare Land,Peri-Urban / Sparse,0.3541,0.0126,0.7372,0.7000,#FFAA00,24.697287985219145,48.945009054877474
3396,0.3629,Moderate Risk,3,1.42,0.1150,Bare Land,Peri-Urban / Sparse,0.3541,0.0032,0.7512,0.7000,#FFAA00,20.890714228047276,49.71492096360443
3397,0.3628,Moderate Risk,3,0.76,0.1147,Bare Land,Rural / Scattered,0.3541,0.0017,0.7530,0.7000,#FFAA00,19.671551946601653,51.463688276480326
3398,0.3628,Moderate Risk,3,0.25,0.1144,Bare Land,Rural / Scattered,0.3541,0.0006,0.7548,0.7000,#FFAA00,19.465149297139515,51.135677666919094
3399,0.3628,Moderate Risk,3,12.55,0.1216,Bare Land,Low Density Urban,0.3541,0.0286,0.7129,0.7000,#FFAA00,25.42220483889595,49.06397585174836
3400,0.3628,Moderate Risk,3,1.92,0.1153,Bare Land,Peri-Urban / Sparse,0.3541,0.0044,0.7494,0.7000,#FFAA00,22.19812716266534,49.8040563962952
3401,0.3628,Moderate Risk,3,2.62,0.1157,Bare Land,Peri-Urban / Sparse,0.3541,0.0060,0.7470,0.7000,#FFAA00,24.887275982576373,49.90300739983095
3402,0.3628,Moderate Risk,3,2.92,0.1159,Bare Land,Peri-Urban / Sparse,0.3541,0.0067,0.7460,0.7000,#FFAA00,24.959936984920233,49.9058888071229
3403,0.3628,Moderate Risk,3,0.85,0.1147,Bare Land,Rural / Scattered,0.3541,0.0019,0.7527,0.7000,#FFAA00,26.461666116206302,48.27942723978499
3404,0.3628,Moderate Risk,3,1.22,0.1149,Bare Land,Peri-Urban / Sparse,0.3541,0.0028,0.7515,0.7000,#FFAA00,20.326146402025074,49.00690651838543
3405,0.3628,Moderate Risk,3,1.42,0.1151,Bare Land,Peri-Urban / Sparse,0.3541,0.0032,0.7508,0.7000,#FFAA00,21.790521493380645,48.67420103550243
3406,0.3628,Moderate Risk,3,1.50,0.1150,Bare Land,Peri-Urban / Sparse,0.3541,0.0034,0.7509,0.7000,#FFAA00,21.710174935829723,48.99762622309546
3407,0.3628,Moderate Risk,3,1.52,0.1150,Bare Land,Peri-Urban / Sparse,0.3541,0.0035,0.7508,0.7000,#FFAA00,21.23632796397814,50.32760684106609
3408,0.3628,Moderate Risk,3,1.51,0.1151,Bare Land,Peri-Urban / Sparse,0.3541,0.0034,0.7507,0.7000,#FFAA00,21.340593617737742,49.219342525903045
3409,0.3628,Moderate Risk,3,2.48,0.1157,Bare Land,Peri-Urban / Sparse,0.3541,0.0057,0.7473,0.7000,#FFAA00,24.07862878752894,50.155290135392676
3410,0.3628,Moderate Risk,3,1.65,0.1152,Bare Land,Peri-Urban / Sparse,0.3541,0.0038,0.7499,0.7000,#FFAA00,21.29993144534554,50.60761354415431
3411,0.3628,Moderate Risk,3,2.02,0.1153,Bare Land,Peri-Urban / Sparse,0.3541,0.0046,0.7491,0.7000,#FFAA00,23.639611006343447,50.23209173931574
3412,0.3628,Moderate Risk,3,2.02,0.1154,Bare Land,Peri-Urban / Sparse,0.3541,0.0046,0.7488,0.7000,#FFAA00,23.566974299699087,50.22920236489062
3413,0.3627,Moderate Risk,3,0.81,0.1147,Bare Land,Rural / Scattered,0.3541,0.0018,0.7526,0.7000,#FFAA00,19.811529524011558,51.60663561722979
3414,0.3627,Moderate Risk,3,1.53,0.1152,Bare Land,Peri-Urban / Sparse,0.3541,0.0035,0.7500,0.7000,#FFAA00,21.23037233219024,50.51245573284629
3415,0.3627,Moderate Risk,3,1.71,0.1153,Bare Land,Peri-Urban / Sparse,0.3541,0.0039,0.7496,0.7000,#FFAA00,22.292394299683302,49.014005947992175
3416,0.3627,Moderate Risk,3,2.12,0.1155,Bare Land,Peri-Urban / Sparse,0.3541,0.0048,0.7480,0.7000,#FFAA00,23.85427153391876,50.33503763801245
3417,0.3627,Moderate Risk,3,1.63,0.1152,Bare Land,Peri-Urban / Sparse,0.3541,0.0037,0.7499,0.7000,#FFAA00,21.29838028213966,50.653829797953485
3418,0.3627,Moderate Risk,3,1.77,0.1153,Bare Land,Peri-Urban / Sparse,0.3541,0.0040,0.7493,0.7000,#FFAA00,22.28145412006323,49.433704212909475
3419,0.3627,Moderate Risk,3,1.44,0.1151,Bare Land,Peri-Urban / Sparse,0.3541,0.0033,0.7504,0.7000,#FFAA00,20.41606418736581,48.17940255095683
3420,0.3627,Moderate Risk,3,4.82,0.1171,Bare Land,Peri-Urban / Sparse,0.3541,0.0110,0.7390,0.7000,#FFAA00,24.242128953901346,49.59387435629053
3421,0.3627,Moderate Risk,3,1.82,0.1154,Bare Land,Peri-Urban / Sparse,0.3541,0.0041,0.7490,0.7000,#FFAA00,21.370985761337,50.65662177093276
3422,0.3627,Moderate Risk,3,2.71,0.1159,Bare Land,Peri-Urban / Sparse,0.3541,0.0062,0.7458,0.7000,#FFAA00,24.236289045966394,49.78302435248471
3423,0.3627,Moderate Risk,3,1.98,0.1155,Bare Land,Peri-Urban / Sparse,0.3541,0.0045,0.7483,0.7000,#FFAA00,21.442014832823265,50.70568275462733
3424,0.3627,Moderate Risk,3,1.51,0.1151,Bare Land,Peri-Urban / Sparse,0.3541,0.0034,0.7503,0.7000,#FFAA00,21.563491369320147,49.04002664436347
3425,0.3627,Moderate Risk,3,2.68,0.1159,Bare Land,Peri-Urban / Sparse,0.3541,0.0061,0.7461,0.7000,#FFAA00,24.748049002044542,49.70740169468157
3426,0.3627,Moderate Risk,3,2.01,0.1154,Bare Land,Peri-Urban / Sparse,0.3541,0.0046,0.7486,0.7000,#FFAA00,23.429395633272858,49.988638577615085
3427,0.3627,Moderate Risk,3,2.21,0.1155,Bare Land,Peri-Urban / Sparse,0.3541,0.0050,0.7479,0.7000,#FFAA00,21.656580440782065,50.80687207058365
3428,0.3627,Moderate Risk,3,5.41,0.1174,Bare Land,Peri-Urban / Sparse,0.3541,0.0123,0.7370,0.7000,#FFAA00,24.770045375289218,48.94730837461907
3429,0.3627,Moderate Risk,3,3.84,0.1165,Bare Land,Peri-Urban / Sparse,0.3541,0.0088,0.7421,0.7000,#FFAA00,23.082801092961766,49.41266823548088
3430,0.3626,Moderate Risk,3,2.86,0.1160,Bare Land,Peri-Urban / Sparse,0.3541,0.0065,0.7451,0.7000,#FFAA00,23.95131956721303,49.583493361348424
3431,0.3626,Moderate Risk,3,0.50,0.1147,Bare Land,Rural / Scattered,0.3541,0.0012,0.7530,0.7000,#FFAA00,26.18246297969084,47.69356899163201
3432,0.3626,Moderate Risk,3,0.74,0.1148,Bare Land,Rural / Scattered,0.3541,0.0017,0.7521,0.7000,#FFAA00,19.603919285863324,51.32383420051052
3433,0.3626,Moderate Risk,3,3.98,0.1167,Bare Land,Peri-Urban / Sparse,0.3541,0.0091,0.7414,0.7000,#FFAA00,25.10525592180299,49.91168541692379
3434,0.3626,Moderate Risk,3,1.21,0.1151,Bare Land,Peri-Urban / Sparse,0.3541,0.0028,0.7508,0.7000,#FFAA00,19.973758115582893,48.446321540585956
3435,0.3626,Moderate Risk,3,1.88,0.1154,Bare Land,Peri-Urban / Sparse,0.3541,0.0043,0.7485,0.7000,#FFAA00,23.06306945734067,50.0687966606693
3436,0.3626,Moderate Risk,3,1.57,0.1153,Bare Land,Peri-Urban / Sparse,0.3541,0.0036,0.7494,0.7000,#FFAA00,21.931858658285773,48.86410587087488
3437,0.3626,Moderate Risk,3,10.59,0.1206,Bare Land,Low Density Urban,0.3541,0.0241,0.7185,0.7000,#FFAA00,25.725780920067773,48.594720658615984
3438,0.3626,Moderate Risk,3,1.59,0.1153,Bare Land,Peri-Urban / Sparse,0.3541,0.0036,0.7492,0.7000,#FFAA00,21.306010187764965,50.42270724226837
3439,0.3626,Moderate Risk,3,1.51,0.1153,Bare Land,Peri-Urban / Sparse,0.3541,0.0034,0.7496,0.7000,#FFAA00,21.237785465300966,50.28138465618479
3440,0.3626,Moderate Risk,3,2.12,0.1156,Bare Land,Peri-Urban / Sparse,0.3541,0.0048,0.7478,0.7000,#FFAA00,21.83327107183977,49.83823660853734
3441,0.3625,Moderate Risk,3,8.52,0.1195,Bare Land,Peri-Urban / Sparse,0.3541,0.0194,0.7251,0.7000,#FFAA00,25.729261637124893,48.45092923941577
3442,0.3625,Moderate Risk,3,2.17,0.1157,Bare Land,Peri-Urban / Sparse,0.3541,0.0049,0.7469,0.7000,#FFAA00,24.002779259403514,50.24671288397276
3443,0.3625,Moderate Risk,3,1.61,0.1154,Bare Land,Peri-Urban / Sparse,0.3541,0.0037,0.7488,0.7000,#FFAA00,21.92267578089748,49.236308479608
3444,0.3625,Moderate Risk,3,1.92,0.1156,Bare Land,Peri-Urban / Sparse,0.3541,0.0044,0.7476,0.7000,#FFAA00,22.33786542960196,49.99546181962155
3445,0.3625,Moderate Risk,3,4.78,0.1172,Bare Land,Peri-Urban / Sparse,0.3541,0.0109,0.7382,0.7000,#FFAA00,25.571609360890086,48.925357080436335
3446,0.3625,Moderate Risk,3,2.43,0.1159,Bare Land,Peri-Urban / Sparse,0.3541,0.0055,0.7461,0.7000,#FFAA00,24.307467725236528,49.83305705783199
3447,0.3625,Moderate Risk,3,1.93,0.1156,Bare Land,Peri-Urban / Sparse,0.3541,0.0044,0.7475,0.7000,#FFAA00,22.93336831590237,49.54843984222195
3448,0.3625,Moderate Risk,3,2.25,0.1158,Bare Land,Peri-Urban / Sparse,0.3541,0.0051,0.7467,0.7000,#FFAA00,22.189627251973793,50.08338788523841
3449,0.3625,Moderate Risk,3,6.18,0.1181,Bare Land,Peri-Urban / Sparse,0.3541,0.0141,0.7330,0.7000,#FFAA00,24.34060101111549,48.64937336355619
3450,0.3625,Moderate Risk,3,1.93,0.1156,Bare Land,Peri-Urban / Sparse,0.3541,0.0044,0.7475,0.7000,#FFAA00,23.073273882474016,49.74082268137416
3451,0.3625,Moderate Risk,3,1.67,0.1154,Bare Land,Peri-Urban / Sparse,0.3541,0.0038,0.7486,0.7000,#FFAA00,22.005741564354842,48.81951577134468
3452,0.3625,Moderate Risk,3,2.16,0.1157,Bare Land,Peri-Urban / Sparse,0.3541,0.0049,0.7471,0.7000,#FFAA00,23.62643024888062,50.60820158382671
3453,0.3625,Moderate Risk,3,1.88,0.1155,Bare Land,Peri-Urban / Sparse,0.3541,0.0043,0.7480,0.7000,#FFAA00,22.7663718990086,50.24490267341156
3454,0.3625,Moderate Risk,3,0.48,0.1147,Bare Land,Rural / Scattered,0.3541,0.0011,0.7529,0.7000,#FFAA00,19.53614411451992,51.18407349577418
3455,0.3625,Moderate Risk,3,2.23,0.1158,Bare Land,Peri-Urban / Sparse,0.3541,0.0051,0.7465,0.7000,#FFAA00,22.26082507568782,50.13258058166712
3456,0.3625,Moderate Risk,3,1.54,0.1154,Bare Land,Peri-Urban / Sparse,0.3541,0.0035,0.7491,0.7000,#FFAA00,21.054024203849554,49.026096403492886
3457,0.3625,Moderate Risk,3,0.25,0.1146,Bare Land,Rural / Scattered,0.3541,0.0006,0.7534,0.7000,#FFAA00,19.398677576229833,50.950463807402414
3458,0.3625,Moderate Risk,3,5.16,0.1174,Bare Land,Peri-Urban / Sparse,0.3541,0.0118,0.7369,0.7000,#FFAA00,25.589134182948715,48.207318273348896
3459,0.3625,Moderate Risk,3,1.73,0.1154,Bare Land,Peri-Urban / Sparse,0.3541,0.0039,0.7486,0.7000,#FFAA00,21.916510860807424,49.46883221497356
3460,0.3625,Moderate Risk,3,1.92,0.1156,Bare Land,Peri-Urban / Sparse,0.3541,0.0044,0.7478,0.7000,#FFAA00,22.62108448818052,50.2393599253858
3461,0.3624,Moderate Risk,3,2.41,0.1160,Bare Land,Peri-Urban / Sparse,0.3541,0.0055,0.7454,0.7000,#FFAA00,24.813046893778704,49.94762394559504
3462,0.3624,Moderate Risk,3,2.17,0.1158,Bare Land,Peri-Urban / Sparse,0.3541,0.0050,0.7464,0.7000,#FFAA00,23.3360582634444,50.59589763030182
3463,0.3624,Moderate Risk,3,1.68,0.1155,Bare Land,Peri-Urban / Sparse,0.3541,0.0038,0.7483,0.7000,#FFAA00,22.00354272871012,48.91263775189209
3464,0.3624,Moderate Risk,3,2.22,0.1159,Bare Land,Peri-Urban / Sparse,0.3541,0.0051,0.7460,0.7000,#FFAA00,24.522409420257517,49.93614582957679
3465,0.3624,Moderate Risk,3,9.69,0.1202,Bare Land,Peri-Urban / Sparse,0.3541,0.0221,0.7206,0.7000,#FFAA00,25.655331920859506,48.496733932493775
3466,0.3624,Moderate Risk,3,0.57,0.1149,Bare Land,Rural / Scattered,0.3541,0.0013,0.7520,0.7000,#FFAA00,26.253456534136024,47.79160933639146
3467,0.3624,Moderate Risk,3,6.78,0.1185,Bare Land,Peri-Urban / Sparse,0.3541,0.0155,0.7306,0.7000,#FFAA00,25.42352053196983,49.01619517813438
3468,0.3624,Moderate Risk,3,1.48,0.1154,Bare Land,Peri-Urban / Sparse,0.3541,0.0034,0.7486,0.7000,#FFAA00,21.100897197854067,49.999071175708295
3469,0.3624,Moderate Risk,3,2.27,0.1158,Bare Land,Peri-Urban / Sparse,0.3541,0.0052,0.7462,0.7000,#FFAA00,22.188164342391932,50.12992982699093
3470,0.3624,Moderate Risk,3,1.48,0.1154,Bare Land,Peri-Urban / Sparse,0.3541,0.0034,0.7488,0.7000,#FFAA00,21.10360301307921,49.906659372889024
3471,0.3624,Moderate Risk,3,1.58,0.1155,Bare Land,Peri-Urban / Sparse,0.3541,0.0036,0.7482,0.7000,#FFAA00,21.307498372383026,50.37647051387131
3472,0.3623,Moderate Risk,3,2.10,0.1158,Bare Land,Peri-Urban / Sparse,0.3541,0.0048,0.7463,0.7000,#FFAA00,23.63313375629755,50.420180790132825
3473,0.3623,Moderate Risk,3,1.45,0.1155,Bare Land,Peri-Urban / Sparse,0.3541,0.0033,0.7484,0.7000,#FFAA00,21.789479689427882,48.72070146287477
3474,0.3623,Moderate Risk,3,1.52,0.1155,Bare Land,Peri-Urban / Sparse,0.3541,0.0035,0.7481,0.7000,#FFAA00,21.9411855676913,48.44515529346607
3475,0.3623,Moderate Risk,3,1.59,0.1156,Bare Land,Peri-Urban / Sparse,0.3541,0.0036,0.7477,0.7000,#FFAA00,21.929641595325386,48.95717475294255
3476,0.3623,Moderate Risk,3,1.41,0.1155,Bare Land,Peri-Urban / Sparse,0.3541,0.0032,0.7485,0.7000,#FFAA00,20.820512915203597,49.62037289038364
3477,0.3623,Moderate Risk,3,1.83,0.1157,Bare Land,Peri-Urban / Sparse,0.3541,0.0042,0.7470,0.7000,#FFAA00,22.134710114347026,49.47569681679298
3478,0.3623,Moderate Risk,3,1.49,0.1155,Bare Land,Peri-Urban / Sparse,0.3541,0.0034,0.7481,0.7000,#FFAA00,21.86122444460785,48.7691081942355
3479,0.3623,Moderate Risk,3,6.34,0.1183,Bare Land,Peri-Urban / Sparse,0.3541,0.0144,0.7318,0.7000,#FFAA00,24.173640217795104,49.449442366513026
3480,0.3622,Moderate Risk,3,2.62,0.1163,Bare Land,Peri-Urban / Sparse,0.3541,0.0060,0.7437,0.7000,#FFAA00,24.888833213852887,49.85548914011474
3481,0.3622,Moderate Risk,3,1.47,0.1155,Bare Land,Peri-Urban / Sparse,0.3541,0.0034,0.7480,0.7000,#FFAA00,21.12898640353124,48.93551037373767
3482,0.3622,Moderate Risk,3,1.81,0.1158,Bare Land,Peri-Urban / Sparse,0.3541,0.0041,0.7467,0.7000,#FFAA00,22.57238565430744,49.44297110383235
3483,0.3622,Moderate Risk,3,2.15,0.1160,Bare Land,Peri-Urban / Sparse,0.3541,0.0049,0.7454,0.7000,#FFAA00,23.553838838455707,50.60510707341245
3484,0.3622,Moderate Risk,3,2.96,0.1164,Bare Land,Peri-Urban / Sparse,0.3541,0.0067,0.7429,0.7000,#FFAA00,24.534365690138653,49.55701639653104
3485,0.3622,Moderate Risk,3,1.31,0.1155,Bare Land,Peri-Urban / Sparse,0.3541,0.0030,0.7482,0.7000,#FFAA00,19.689831827685534,48.027076603878285
3486,0.3622,Moderate Risk,3,5.19,0.1178,Bare Land,Peri-Urban / Sparse,0.3541,0.0118,0.7348,0.7000,#FFAA00,25.870134112737958,48.647102330275104
3487,0.3622,Moderate Risk,3,1.50,0.1156,Bare Land,Peri-Urban / Sparse,0.3541,0.0034,0.7476,0.7000,#FFAA00,21.855734726623464,49.001670076184546
3488,0.3622,Moderate Risk,3,1.97,0.1159,Bare Land,Peri-Urban / Sparse,0.3541,0.0045,0.7459,0.7000,#FFAA00,21.443590263571608,50.65942556301087
3489,0.3622,Moderate Risk,3,2.01,0.1159,Bare Land,Peri-Urban / Sparse,0.3541,0.0046,0.7461,0.7000,#FFAA00,23.574725459085904,49.994127154623314
3490,0.3622,Moderate Risk,3,1.23,0.1155,Bare Land,Peri-Urban / Sparse,0.3541,0.0028,0.7484,0.7000,#FFAA00,20.396792177096724,49.10088740468859
3491,0.3622,Moderate Risk,3,2.72,0.1163,Bare Land,Peri-Urban / Sparse,0.3541,0.0062,0.7436,0.7000,#FFAA00,24.2302155203122,49.97211306933384
3492,0.3622,Moderate Risk,3,2.75,0.1163,Bare Land,Peri-Urban / Sparse,0.3541,0.0063,0.7434,0.7000,#FFAA00,24.22709124661555,50.06663370145442
3493,0.3622,Moderate Risk,3,2.34,0.1161,Bare Land,Peri-Urban / Sparse,0.3541,0.0053,0.7448,0.7000,#FFAA00,24.528505979444706,49.74661176049643
3494,0.3622,Moderate Risk,3,1.79,0.1157,Bare Land,Peri-Urban / Sparse,0.3541,0.0041,0.7469,0.7000,#FFAA00,21.372542717893708,50.610382988297395
3495,0.3622,Moderate Risk,3,16.21,0.1242,Bare Land,Low Density Urban,0.3541,0.0369,0.6973,0.7000,#FFAA00,25.193006357862018,49.43813012194662
3496,0.3622,Moderate Risk,3,6.52,0.1185,Bare Land,Peri-Urban / Sparse,0.3541,0.0149,0.7307,0.7000,#FFAA00,25.946467342131513,48.50529820928604
3497,0.3622,Moderate Risk,3,1.55,0.1156,Bare Land,Peri-Urban / Sparse,0.3541,0.0035,0.7477,0.7000,#FFAA00,21.70558188867154,49.18343493352333
3498,0.3622,Moderate Risk,3,3.00,0.1165,Bare Land,Peri-Urban / Sparse,0.3541,0.0068,0.7425,0.7000,#FFAA00,24.82222440471033,49.66264458271917
3499,0.3622,Moderate Risk,3,1.88,0.1158,Bare Land,Peri-Urban / Sparse,0.3541,0.0043,0.7462,0.7000,#FFAA00,21.986677957625755,49.5641440339026
3500,0.3622,Moderate Risk,3,1.88,0.1158,Bare Land,Peri-Urban / Sparse,0.3541,0.0043,0.7463,0.7000,#FFAA00,22.69372868350839,50.24212563716999
3501,0.3622,Moderate Risk,3,2.39,0.1161,Bare Land,Peri-Urban / Sparse,0.3541,0.0055,0.7447,0.7000,#FFAA00,22.30640443705531,50.926638883563044
3502,0.3622,Moderate Risk,3,2.24,0.1160,Bare Land,Peri-Urban / Sparse,0.3541,0.0051,0.7450,0.7000,#FFAA00,24.738812244721057,49.99219281368599
3503,0.3622,Moderate Risk,3,52.77,0.0942,Natural Vegetation,Medium Density Urban,0.3541,0.1203,0.8722,0.1000,#FFAA00,24.186732217145856,48.97647906450446
3504,0.3622,Moderate Risk,3,2.07,0.1159,Bare Land,Peri-Urban / Sparse,0.3541,0.0047,0.7456,0.7000,#FFAA00,22.98115675661708,50.346891938799736
3505,0.3621,Moderate Risk,3,1.57,0.1157,Bare Land,Peri-Urban / Sparse,0.3541,0.0036,0.7471,0.7000,#FFAA00,21.70320763256931,49.276320559790705
3506,0.3621,Moderate Risk,3,1.71,0.1158,Bare Land,Peri-Urban / Sparse,0.3541,0.0039,0.7466,0.7000,#FFAA00,21.99543227611475,49.23846949177153
3507,0.3621,Moderate Risk,3,1.66,0.1157,Bare Land,Peri-Urban / Sparse,0.3541,0.0038,0.7468,0.7000,#FFAA00,21.92024906382202,49.329327819731105
3508,0.3621,Moderate Risk,3,0.43,0.1151,Bare Land,Rural / Scattered,0.3541,0.0010,0.7506,0.7000,#FFAA00,19.53298496905846,51.27535865199547
3509,0.3621,Moderate Risk,3,4.11,0.1172,Bare Land,Peri-Urban / Sparse,0.3541,0.0094,0.7382,0.7000,#FFAA00,22.111050866120948,50.266821298412054
3510,0.3621,Moderate Risk,3,0.76,0.1152,Bare Land,Rural / Scattered,0.3541,0.0017,0.7497,0.7000,#FFAA00,19.66989654487298,51.50934634735325
3511,0.3621,Moderate Risk,3,2.17,0.1161,Bare Land,Peri-Urban / Sparse,0.3541,0.0049,0.7447,0.7000,#FFAA00,24.667730188714533,49.9418623926716
3512,0.3621,Moderate Risk,3,2.11,0.1160,Bare Land,Peri-Urban / Sparse,0.3541,0.0048,0.7453,0.7000,#FFAA00,23.78001136147589,50.37913328278454
3513,0.3621,Moderate Risk,3,1.49,0.1157,Bare Land,Peri-Urban / Sparse,0.3541,0.0034,0.7473,0.7000,#FFAA00,21.240662748457346,50.18892856830876
3514,0.3621,Moderate Risk,3,1.88,0.1159,Bare Land,Peri-Urban / Sparse,0.3541,0.0043,0.7460,0.7000,#FFAA00,23.135729246012207,50.07153079347184
3515,0.3621,Moderate Risk,3,2.12,0.1160,Bare Land,Peri-Urban / Sparse,0.3541,0.0048,0.7450,0.7000,#FFAA00,22.934706076802204,49.50160692899094
3516,0.3621,Moderate Risk,3,1.40,0.1156,Bare Land,Peri-Urban / Sparse,0.3541,0.0032,0.7475,0.7000,#FFAA00,21.6571696043385,48.066361584140495
3517,0.3621,Moderate Risk,3,1.82,0.1159,Bare Land,Peri-Urban / Sparse,0.3541,0.0041,0.7460,0.7000,#FFAA00,22.56574693862119,49.676503077038795
3518,0.3621,Moderate Risk,3,1.48,0.1156,Bare Land,Peri-Urban / Sparse,0.3541,0.0034,0.7474,0.7000,#FFAA00,20.91968634151561,48.513760016083836
3519,0.3621,Moderate Risk,3,2.32,0.1162,Bare Land,Peri-Urban / Sparse,0.3541,0.0053,0.7443,0.7000,#FFAA00,23.047320074482467,50.53699347005888
3520,0.3620,Moderate Risk,3,2.28,0.1163,Bare Land,Peri-Urban / Sparse,0.3541,0.0052,0.7438,0.7000,#FFAA00,22.114031880667742,50.17380437708959
3521,0.3620,Moderate Risk,3,4.09,0.1173,Bare Land,Peri-Urban / Sparse,0.3541,0.0093,0.7378,0.7000,#FFAA00,25.649392863229178,48.736211336390824
3522,0.3620,Moderate Risk,3,2.49,0.1163,Bare Land,Peri-Urban / Sparse,0.3541,0.0057,0.7434,0.7000,#FFAA00,24.298151057353003,50.11680269571403
3523,0.3620,Moderate Risk,3,4.04,0.1173,Bare Land,Peri-Urban / Sparse,0.3541,0.0092,0.7379,0.7000,#FFAA00,24.89786056905515,49.57029783433278
3524,0.3620,Moderate Risk,3,8.11,0.1196,Bare Land,Peri-Urban / Sparse,0.3541,0.0185,0.7240,0.7000,#FFAA00,25.27672268635344,49.05910857628297
3525,0.3620,Moderate Risk,3,1.87,0.1160,Bare Land,Peri-Urban / Sparse,0.3541,0.0043,0.7453,0.7000,#FFAA00,22.92071062016572,49.96977326054194
3526,0.3620,Moderate Risk,3,9.91,0.1379,Minepits/Industry,Peri-Urban / Sparse,0.3541,0.0226,0.6178,0.9000,#FFAA00,24.03092375544478,49.34995163295641
3527,0.3620,Moderate Risk,3,2.76,0.1165,Bare Land,Peri-Urban / Sparse,0.3541,0.0063,0.7423,0.7000,#FFAA00,24.605619070786034,49.60708353044899
3528,0.3620,Moderate Risk,3,1.88,0.1160,Bare Land,Peri-Urban / Sparse,0.3541,0.0043,0.7454,0.7000,#FFAA00,23.0645686362085,50.021954750975624
3529,0.3620,Moderate Risk,3,3.58,0.1170,Bare Land,Peri-Urban / Sparse,0.3541,0.0082,0.7394,0.7000,#FFAA00,23.978874009960425,48.54451945625547
3530,0.3620,Moderate Risk,3,1.91,0.1160,Bare Land,Peri-Urban / Sparse,0.3541,0.0043,0.7455,0.7000,#FFAA00,22.99916597379748,49.7851139367931
3531,0.3620,Moderate Risk,3,1.97,0.1160,Bare Land,Peri-Urban / Sparse,0.3541,0.0045,0.7453,0.7000,#FFAA00,23.00742760433031,49.50402072568969
3532,0.3620,Moderate Risk,3,4.90,0.1178,Bare Land,Peri-Urban / Sparse,0.3541,0.0112,0.7348,0.7000,#FFAA00,24.197264689840992,48.550538755885356
3533,0.3620,Moderate Risk,3,1.79,0.1159,Bare Land,Peri-Urban / Sparse,0.3541,0.0041,0.7458,0.7000,#FFAA00,22.493039061400395,49.67405057152309
3534,0.3619,Moderate Risk,3,0.57,0.1153,Bare Land,Rural / Scattered,0.3541,0.0013,0.7493,0.7000,#FFAA00,26.39521107535015,47.98804151628984
3535,0.3619,Moderate Risk,3,2.33,0.1164,Bare Land,Peri-Urban / Sparse,0.3541,0.0053,0.7432,0.7000,#FFAA00,22.183696404835874,50.26953214456118
3536,0.3619,Moderate Risk,3,1.69,0.1160,Bare Land,Peri-Urban / Sparse,0.3541,0.0038,0.7454,0.7000,#FFAA00,21.996630362446982,49.19193144570891
3537,0.3619,Moderate Risk,3,2.02,0.1162,Bare Land,Peri-Urban / Sparse,0.3541,0.0046,0.7442,0.7000,#FFAA00,23.502061036212123,49.991377359355624
3538,0.3619,Moderate Risk,3,0.89,0.1155,Bare Land,Rural / Scattered,0.3541,0.0020,0.7482,0.7000,#FFAA00,19.882307078756025,51.65535424028155
3539,0.3619,Moderate Risk,3,1.33,0.1157,Bare Land,Peri-Urban / Sparse,0.3541,0.0030,0.7468,0.7000,#FFAA00,20.68108473841175,49.3854153132461
3540,0.3619,Moderate Risk,3,2.38,0.1164,Bare Land,Peri-Urban / Sparse,0.3541,0.0054,0.7432,0.7000,#FFAA00,21.97017647033171,50.12204313832677
3541,0.3619,Moderate Risk,3,1.55,0.1159,Bare Land,Peri-Urban / Sparse,0.3541,0.0035,0.7461,0.7000,#FFAA00,21.313324969437957,50.19148400234633
3542,0.3619,Moderate Risk,3,4.22,0.1174,Bare Land,Peri-Urban / Sparse,0.3541,0.0096,0.7370,0.7000,#FFAA00,25.203980207231268,49.05668906372143
3543,0.3619,Moderate Risk,3,1.52,0.1158,Bare Land,Peri-Urban / Sparse,0.3541,0.0035,0.7462,0.7000,#FFAA00,21.857969826437852,48.90865413926599
3544,0.3619,Moderate Risk,3,1.81,0.1160,Bare Land,Peri-Urban / Sparse,0.3541,0.0041,0.7453,0.7000,#FFAA00,22.34212617946194,49.855647061707906
3545,0.3619,Moderate Risk,3,2.26,0.1163,Bare Land,Peri-Urban / Sparse,0.3541,0.0052,0.7438,0.7000,#FFAA00,22.1155026616938,50.12729001827786
3546,0.3619,Moderate Risk,3,2.32,0.1163,Bare Land,Peri-Urban / Sparse,0.3541,0.0053,0.7435,0.7000,#FFAA00,22.253285384117422,50.36535001194341
3547,0.3619,Moderate Risk,3,2.79,0.1166,Bare Land,Peri-Urban / Sparse,0.3541,0.0064,0.7418,0.7000,#FFAA00,24.234792554384093,49.83030237001104
3548,0.3618,Moderate Risk,3,1.95,0.1162,Bare Land,Peri-Urban / Sparse,0.3541,0.0044,0.7441,0.7000,#FFAA00,22.84055211500197,50.20093940426185
3549,0.3618,Moderate Risk,3,1.57,0.1160,Bare Land,Peri-Urban / Sparse,0.3541,0.0036,0.7453,0.7000,#FFAA00,21.308973947384736,50.330229791862976
3550,0.3618,Moderate Risk,3,1.88,0.1162,Bare Land,Peri-Urban / Sparse,0.3541,0.0043,0.7443,0.7000,#FFAA00,23.060029737628142,50.16246864148119
3551,0.3618,Moderate Risk,3,1.56,0.1159,Bare Land,Peri-Urban / Sparse,0.3541,0.0036,0.7457,0.7000,#FFAA00,21.310436908225697,50.2839851100526
3552,0.3618,Moderate Risk,3,1.65,0.1161,Bare Land,Peri-Urban / Sparse,0.3541,0.0038,0.7449,0.7000,#FFAA00,21.30147002222603,50.56139312795422
3553,0.3618,Moderate Risk,3,1.49,0.1159,Bare Land,Peri-Urban / Sparse,0.3541,0.0034,0.7459,0.7000,#FFAA00,21.24208252143092,50.14269473286902
3554,0.3618,Moderate Risk,3,1.86,0.1161,Bare Land,Peri-Urban / Sparse,0.3541,0.0042,0.7444,0.7000,#FFAA00,22.92647347518649,49.78255085722135
3555,0.3618,Moderate Risk,3,1.22,0.1158,Bare Land,Peri-Urban / Sparse,0.3541,0.0028,0.7465,0.7000,#FFAA00,20.327196907747247,48.96087405973501
3556,0.3618,Moderate Risk,3,2.42,0.1165,Bare Land,Peri-Urban / Sparse,0.3541,0.0055,0.7426,0.7000,#FFAA00,22.453237386154647,50.88624369608516
3557,0.3618,Moderate Risk,3,1.88,0.1162,Bare Land,Peri-Urban / Sparse,0.3541,0.0043,0.7444,0.7000,#FFAA00,23.134210970808137,50.11839376546788
3558,0.3618,Moderate Risk,3,4.06,0.1174,Bare Land,Peri-Urban / Sparse,0.3541,0.0093,0.7369,0.7000,#FFAA00,25.87368482921041,48.503144766924315
3559,0.3617,Moderate Risk,3,3.14,0.1170,Bare Land,Peri-Urban / Sparse,0.3541,0.0072,0.7396,0.7000,#FFAA00,24.751008321921987,49.61244033857794
3560,0.3617,Moderate Risk,3,1.43,0.1160,Bare Land,Peri-Urban / Sparse,0.3541,0.0033,0.7452,0.7000,#FFAA00,20.96214500866637,49.76337920444328
3561,0.3617,Moderate Risk,3,1.50,0.1160,Bare Land,Peri-Urban / Sparse,0.3541,0.0034,0.7452,0.7000,#FFAA00,21.174946485220822,49.955289177640225
3562,0.3617,Moderate Risk,3,2.15,0.1164,Bare Land,Peri-Urban / Sparse,0.3541,0.0049,0.7429,0.7000,#FFAA00,21.585609281249987,50.75766985404177
3563,0.3617,Moderate Risk,3,3.14,0.1170,Bare Land,Peri-Urban / Sparse,0.3541,0.0072,0.7394,0.7000,#FFAA00,24.461663807212407,49.554391240186696
3564,0.3617,Moderate Risk,3,1.61,0.1161,Bare Land,Peri-Urban / Sparse,0.3541,0.0037,0.7448,0.7000,#FFAA00,21.30450939811291,50.46893994326185
3565,0.3617,Moderate Risk,3,1.56,0.1160,Bare Land,Peri-Urban / Sparse,0.3541,0.0036,0.7451,0.7000,#FFAA00,21.31188725039954,50.237736502266166
3566,0.3617,Moderate Risk,3,1.48,0.1160,Bare Land,Peri-Urban / Sparse,0.3541,0.0034,0.7453,0.7000,#FFAA00,21.170815990908988,50.093957330853755
3567,0.3617,Moderate Risk,3,1.51,0.1160,Bare Land,Peri-Urban / Sparse,0.3541,0.0034,0.7451,0.7000,#FFAA00,21.41452008772375,49.17507982485187
3568,0.3617,Moderate Risk,3,2.31,0.1165,Bare Land,Peri-Urban / Sparse,0.3541,0.0053,0.7423,0.7000,#FFAA00,24.527004032285245,49.79400111851124
3569,0.3617,Moderate Risk,3,1.79,0.1161,Bare Land,Peri-Urban / Sparse,0.3541,0.0041,0.7444,0.7000,#FFAA00,22.807545312443633,48.79466115162151
3570,0.3617,Moderate Risk,3,1.32,0.1159,Bare Land,Peri-Urban / Sparse,0.3541,0.0030,0.7458,0.7000,#FFAA00,20.679903177856342,49.431528369663255
3571,0.3617,Moderate Risk,3,2.48,0.1166,Bare Land,Peri-Urban / Sparse,0.3541,0.0057,0.7417,0.7000,#FFAA00,22.893776413143208,50.76475473517487
3572,0.3617,Moderate Risk,3,2.36,0.1165,Bare Land,Peri-Urban / Sparse,0.3541,0.0054,0.7424,0.7000,#FFAA00,24.745029856772355,49.80234776200175
3573,0.3617,Moderate Risk,3,10.94,0.1215,Bare Land,Low Density Urban,0.3541,0.0249,0.7131,0.7000,#FFAA00,25.724589252044154,48.642645176316556
3574,0.3617,Moderate Risk,3,2.33,0.1165,Bare Land,Peri-Urban / Sparse,0.3541,0.0053,0.7425,0.7000,#FFAA00,21.946905621112062,50.81862678854018
3575,0.3617,Moderate Risk,3,2.14,0.1164,Bare Land,Peri-Urban / Sparse,0.3541,0.0049,0.7429,0.7000,#FFAA00,21.90733100806095,49.79422273920873
3576,0.3617,Moderate Risk,3,2.16,0.1164,Bare Land,Peri-Urban / Sparse,0.3541,0.0049,0.7429,0.7000,#FFAA00,21.9059673880349,49.840692907630086
3577,0.3617,Moderate Risk,3,1.92,0.1163,Bare Land,Peri-Urban / Sparse,0.3541,0.0044,0.7436,0.7000,#FFAA00,23.00057735805335,49.73827413437717
3578,0.3617,Moderate Risk,3,7.40,0.1195,Bare Land,Peri-Urban / Sparse,0.3541,0.0169,0.7250,0.7000,#FFAA00,25.728117116381465,48.49886265040821
3579,0.3617,Moderate Risk,3,1.92,0.1162,Bare Land,Peri-Urban / Sparse,0.3541,0.0044,0.7439,0.7000,#FFAA00,23.211393573744957,49.98048804744086
3580,0.3617,Moderate Risk,3,1.69,0.1162,Bare Land,Peri-Urban / Sparse,0.3541,0.0038,0.7443,0.7000,#FFAA00,21.54904254559386,49.59670644487784
3581,0.3617,Moderate Risk,3,2.68,0.1167,Bare Land,Peri-Urban / Sparse,0.3541,0.0061,0.7411,0.7000,#FFAA00,23.683246979543387,48.72520272324682
3582,0.3617,Moderate Risk,3,0.25,0.1153,Bare Land,Rural / Scattered,0.3541,0.0006,0.7495,0.7000,#FFAA00,19.397172951320318,50.996090096861415
3583,0.3616,Moderate Risk,3,2.07,0.1164,Bare Land,Peri-Urban / Sparse,0.3541,0.0047,0.7427,0.7000,#FFAA00,24.5935039739596,49.98639926101749
3584,0.3616,Moderate Risk,3,1.32,0.1160,Bare Land,Peri-Urban / Sparse,0.3541,0.0030,0.7451,0.7000,#FFAA00,20.609495877400143,49.33723146077192
3585,0.3616,Moderate Risk,3,2.24,0.1165,Bare Land,Peri-Urban / Sparse,0.3541,0.0051,0.7424,0.7000,#FFAA00,24.670828673328526,49.84699448894376
3586,0.3616,Moderate Risk,3,1.05,0.1159,Bare Land,Peri-Urban / Sparse,0.3541,0.0024,0.7461,0.7000,#FFAA00,19.94780357985838,51.84125633109916
3587,0.3616,Moderate Risk,3,1.94,0.1164,Bare Land,Peri-Urban / Sparse,0.3541,0.0044,0.7432,0.7000,#FFAA00,23.00472885812408,49.59773282493192
3588,0.3616,Moderate Risk,3,1.42,0.1160,Bare Land,Peri-Urban / Sparse,0.3541,0.0032,0.7451,0.7000,#FFAA00,20.89198379364111,49.668762085357194
3589,0.3616,Moderate Risk,3,1.48,0.1161,Bare Land,Peri-Urban / Sparse,0.3541,0.0034,0.7448,0.7000,#FFAA00,20.849648502309545,48.373411175363
3590,0.3616,Moderate Risk,3,2.76,0.1168,Bare Land,Peri-Urban / Sparse,0.3541,0.0063,0.7405,0.7000,#FFAA00,24.89190254835684,49.76044078960913
3591,0.3616,Moderate Risk,3,1.80,0.1163,Bare Land,Peri-Urban / Sparse,0.3541,0.0041,0.7436,0.7000,#FFAA00,22.638453904728227,49.678965664214
3592,0.3616,Moderate Risk,3,1.53,0.1161,Bare Land,Peri-Urban / Sparse,0.3541,0.0035,0.7446,0.7000,#FFAA00,21.487286778217968,49.17715541508516
3593,0.3616,Moderate Risk,3,2.46,0.1166,Bare Land,Peri-Urban / Sparse,0.3541,0.0056,0.7416,0.7000,#FFAA00,22.180651818799888,50.3625804186911
3594,0.3616,Moderate Risk,3,2.91,0.1170,Bare Land,Peri-Urban / Sparse,0.3541,0.0066,0.7397,0.7000,#FFAA00,24.6783141845014,49.6097566838413
3595,0.3616,Moderate Risk,3,3.44,0.1173,Bare Land,Peri-Urban / Sparse,0.3541,0.0078,0.7379,0.7000,#FFAA00,24.84280185771199,48.94961671938449
3596,0.3616,Moderate Risk,3,2.01,0.1164,Bare Land,Peri-Urban / Sparse,0.3541,0.0046,0.7431,0.7000,#FFAA00,21.83462971203172,49.79178979889241
3597,0.3615,Moderate Risk,3,1.83,0.1164,Bare Land,Peri-Urban / Sparse,0.3541,0.0042,0.7430,0.7000,#FFAA00,22.778251763237936,49.87097584730905
3598,0.3615,Moderate Risk,3,1.80,0.1164,Bare Land,Peri-Urban / Sparse,0.3541,0.0041,0.7430,0.7000,#FFAA00,22.13598308459012,49.42912782653411
3599,0.3615,Moderate Risk,3,0.79,0.1158,Bare Land,Rural / Scattered,0.3541,0.0018,0.7465,0.7000,#FFAA00,26.320353891520956,48.082560819408315
3600,0.3615,Moderate Risk,3,1.43,0.1162,Bare Land,Peri-Urban / Sparse,0.3541,0.0033,0.7443,0.7000,#FFAA00,21.8633287963325,48.67606327743644
3601,0.3615,Moderate Risk,3,2.48,0.1168,Bare Land,Peri-Urban / Sparse,0.3541,0.0057,0.7406,0.7000,#FFAA00,22.10648078273362,50.40631666924551
3602,0.3615,Moderate Risk,3,1.83,0.1164,Bare Land,Peri-Urban / Sparse,0.3541,0.0042,0.7430,0.7000,#FFAA00,22.567101674120256,49.62980371522896
3603,0.3615,Moderate Risk,3,2.12,0.1166,Bare Land,Peri-Urban / Sparse,0.3541,0.0048,0.7420,0.7000,#FFAA00,24.595070310947584,49.938998501662454
3604,0.3615,Moderate Risk,3,1.77,0.1163,Bare Land,Peri-Urban / Sparse,0.3541,0.0040,0.7435,0.7000,#FFAA00,22.274909991286744,49.666753310160956
3605,0.3615,Moderate Risk,3,4.78,0.1181,Bare Land,Peri-Urban / Sparse,0.3541,0.0109,0.7328,0.7000,#FFAA00,24.4630869167061,49.50701018852908
3606,0.3615,Moderate Risk,3,2.00,0.1165,Bare Land,Peri-Urban / Sparse,0.3541,0.0046,0.7423,0.7000,#FFAA00,23.57011713685454,50.13518435723212
3607,0.3615,Moderate Risk,3,4.96,0.1183,Bare Land,Peri-Urban / Sparse,0.3541,0.0113,0.7321,0.7000,#FFAA00,23.904978754300533,48.58976127780224
3608,0.3615,Moderate Risk,3,2.43,0.1167,Bare Land,Peri-Urban / Sparse,0.3541,0.0055,0.7412,0.7000,#FFAA00,22.969739024423074,50.67432448929029
3609,0.3615,Moderate Risk,3,3.13,0.1171,Bare Land,Peri-Urban / Sparse,0.3541,0.0071,0.7387,0.7000,#FFAA00,24.60706660764588,49.55965189483534
3610,0.3615,Moderate Risk,3,1.02,0.1159,Bare Land,Peri-Urban / Sparse,0.3541,0.0023,0.7458,0.7000,#FFAA00,19.949566830967264,51.79554991872162
3611,0.3614,Moderate Risk,3,1.53,0.1163,Bare Land,Peri-Urban / Sparse,0.3541,0.0035,0.7438,0.7000,#FFAA00,21.33704049074167,49.35831212548902
3612,0.3614,Moderate Risk,3,2.21,0.1167,Bare Land,Peri-Urban / Sparse,0.3541,0.0050,0.7410,0.7000,#FFAA00,22.330497970880607,50.22840979398608
3613,0.3614,Moderate Risk,3,2.36,0.1168,Bare Land,Peri-Urban / Sparse,0.3541,0.0054,0.7405,0.7000,#FFAA00,22.090394532487384,50.87102988974725
3614,0.3614,Moderate Risk,3,2.18,0.1167,Bare Land,Peri-Urban / Sparse,0.3541,0.0050,0.7413,0.7000,#FFAA00,23.261780782221056,50.63971971495484
3615,0.3614,Moderate Risk,3,2.12,0.1166,Bare Land,Peri-Urban / Sparse,0.3541,0.0048,0.7415,0.7000,#FFAA00,23.555530077135682,50.558134006737085
3616,0.3614,Moderate Risk,3,6.36,0.1192,Bare Land,Peri-Urban / Sparse,0.3541,0.0145,0.7269,0.7000,#FFAA00,25.17791385053852,49.91460067754862
3617,0.3614,Moderate Risk,3,2.39,0.1168,Bare Land,Peri-Urban / Sparse,0.3541,0.0055,0.7406,0.7000,#FFAA00,24.599680303787043,49.79677242349137
3618,0.3614,Moderate Risk,3,1.41,0.1163,Bare Land,Peri-Urban / Sparse,0.3541,0.0032,0.7438,0.7000,#FFAA00,21.864361344199914,48.629536637561
3619,0.3614,Moderate Risk,3,2.06,0.1166,Bare Land,Peri-Urban / Sparse,0.3541,0.0047,0.7417,0.7000,#FFAA00,23.859115314348745,50.19371912262056
3620,0.3614,Moderate Risk,3,1.54,0.1163,Bare Land,Peri-Urban / Sparse,0.3541,0.0035,0.7437,0.7000,#FFAA00,21.847500587487783,49.32712890625288
3621,0.3614,Moderate Risk,3,1.24,0.1161,Bare Land,Peri-Urban / Sparse,0.3541,0.0028,0.7446,0.7000,#FFAA00,21.5851641637292,48.01835798008151
3622,0.3614,Moderate Risk,3,1.69,0.1164,Bare Land,Peri-Urban / Sparse,0.3541,0.0039,0.7430,0.7000,#FFAA00,22.147985021743423,48.96325873859234
3623,0.3614,Moderate Risk,3,1.30,0.1162,Bare Land,Peri-Urban / Sparse,0.3541,0.0030,0.7444,0.7000,#FFAA00,19.832360933612712,48.213558337434584
3624,0.3614,Moderate Risk,3,2.11,0.1166,Bare Land,Peri-Urban / Sparse,0.3541,0.0048,0.7417,0.7000,#FFAA00,23.93014765648797,50.24376532348763
3625,0.3614,Moderate Risk,3,2.38,0.1168,Bare Land,Peri-Urban / Sparse,0.3541,0.0054,0.7406,0.7000,#FFAA00,22.039896025403653,50.21763875527015
3626,0.3614,Moderate Risk,3,3.87,0.1177,Bare Land,Peri-Urban / Sparse,0.3541,0.0088,0.7356,0.7000,#FFAA00,24.239238220940194,49.688456864851375
3627,0.3614,Moderate Risk,3,2.25,0.1168,Bare Land,Peri-Urban / Sparse,0.3541,0.0051,0.7409,0.7000,#FFAA00,22.042840036653757,50.12466113039093
3628,0.3614,Moderate Risk,3,1.97,0.1166,Bare Land,Peri-Urban / Sparse,0.3541,0.0045,0.7420,0.7000,#FFAA00,22.91009828591388,50.2972630916283
3629,0.3613,Moderate Risk,3,3.24,0.1174,Bare Land,Peri-Urban / Sparse,0.3541,0.0074,0.7372,0.7000,#FFAA00,26.16938055539448,48.31935133579738
3630,0.3613,Moderate Risk,3,2.39,0.1169,Bare Land,Peri-Urban / Sparse,0.3541,0.0054,0.7399,0.7000,#FFAA00,24.81616604274226,49.85264650825599
3631,0.3613,Moderate Risk,3,1.77,0.1165,Bare Land,Peri-Urban / Sparse,0.3541,0.0040,0.7422,0.7000,#FFAA00,22.423007030230632,49.578302771227335
3632,0.3613,Moderate Risk,3,3.51,0.1176,Bare Land,Peri-Urban / Sparse,0.3541,0.0080,0.7361,0.7000,#FFAA00,24.09529781056416,49.635903207472325
3633,0.3613,Moderate Risk,3,3.39,0.1175,Bare Land,Peri-Urban / Sparse,0.3541,0.0077,0.7367,0.7000,#FFAA00,24.124468647105402,48.54852435055991
3634,0.3613,Moderate Risk,3,2.06,0.1167,Bare Land,Peri-Urban / Sparse,0.3541,0.0047,0.7411,0.7000,#FFAA00,23.78327228773896,50.28498545520122
3635,0.3613,Moderate Risk,3,2.08,0.1167,Bare Land,Peri-Urban / Sparse,0.3541,0.0047,0.7412,0.7000,#FFAA00,23.260085056082303,50.6865826230949
3636,0.3613,Moderate Risk,3,2.08,0.1167,Bare Land,Peri-Urban / Sparse,0.3541,0.0047,0.7411,0.7000,#FFAA00,22.585801395624873,48.92890692226569
3637,0.3613,Moderate Risk,3,1.50,0.1164,Bare Land,Peri-Urban / Sparse,0.3541,0.0034,0.7431,0.7000,#FFAA00,21.172205370266298,50.0477383418724
3638,0.3613,Moderate Risk,3,2.46,0.1169,Bare Land,Peri-Urban / Sparse,0.3541,0.0056,0.7399,0.7000,#FFAA00,22.97141119865652,50.62756129030937
3639,0.3613,Moderate Risk,3,1.80,0.1165,Bare Land,Peri-Urban / Sparse,0.3541,0.0041,0.7421,0.7000,#FFAA00,22.637080795871565,49.725685805956644
3640,0.3613,Moderate Risk,3,2.12,0.1167,Bare Land,Peri-Urban / Sparse,0.3541,0.0048,0.7412,0.7000,#FFAA00,23.19581096684591,50.4492668571885
3641,0.3613,Moderate Risk,3,2.08,0.1167,Bare Land,Peri-Urban / Sparse,0.3541,0.0047,0.7414,0.7000,#FFAA00,23.052189384176202,50.396577865016745
3642,0.3613,Moderate Risk,3,4.67,0.1182,Bare Land,Peri-Urban / Sparse,0.3541,0.0106,0.7322,0.7000,#FFAA00,25.87483676400175,48.45515297869698
3643,0.3613,Moderate Risk,3,1.64,0.1164,Bare Land,Peri-Urban / Sparse,0.3541,0.0037,0.7429,0.7000,#FFAA00,21.385986269664237,50.19405027984265
3644,0.3613,Moderate Risk,3,1.64,0.1165,Bare Land,Peri-Urban / Sparse,0.3541,0.0037,0.7426,0.7000,#FFAA00,21.38454318001065,50.24032538914099
3645,0.3613,Moderate Risk,3,1.55,0.1164,Bare Land,Peri-Urban / Sparse,0.3541,0.0035,0.7428,0.7000,#FFAA00,21.636269151734517,49.042050557094875
3646,0.3612,Moderate Risk,3,2.20,0.1168,Bare Land,Peri-Urban / Sparse,0.3541,0.0050,0.7404,0.7000,#FFAA00,22.331998062323894,50.181828024653136
3647,0.3612,Moderate Risk,3,1.69,0.1166,Bare Land,Peri-Urban / Sparse,0.3541,0.0039,0.7420,0.7000,#FFAA00,21.378644164612354,50.42538647937182
3648,0.3612,Moderate Risk,3,7.56,0.1200,Bare Land,Peri-Urban / Sparse,0.3541,0.0172,0.7220,0.7000,#FFAA00,25.7315035052956,48.355053802549556
3649,0.3612,Moderate Risk,3,2.02,0.1168,Bare Land,Peri-Urban / Sparse,0.3541,0.0046,0.7408,0.7000,#FFAA00,21.51461250339403,50.708521101620164
3650,0.3612,Moderate Risk,3,2.52,0.1170,Bare Land,Peri-Urban / Sparse,0.3541,0.0057,0.7392,0.7000,#FFAA00,24.299740404633344,50.06952179136858
3651,0.3612,Moderate Risk,3,1.97,0.1167,Bare Land,Peri-Urban / Sparse,0.3541,0.0045,0.7413,0.7000,#FFAA00,22.196743574284774,49.850620974662675
3652,0.3612,Moderate Risk,3,1.50,0.1164,Bare Land,Peri-Urban / Sparse,0.3541,0.0034,0.7427,0.7000,#FFAA00,21.17629821237498,49.90905906995835
3653,0.3612,Moderate Risk,3,2.20,0.1168,Bare Land,Peri-Urban / Sparse,0.3541,0.0050,0.7405,0.7000,#FFAA00,23.265130608911555,50.54598075178565
3654,0.3612,Moderate Risk,3,2.38,0.1169,Bare Land,Peri-Urban / Sparse,0.3541,0.0054,0.7399,0.7000,#FFAA00,24.814613961498754,49.900137219120644
3655,0.3612,Moderate Risk,3,2.39,0.1170,Bare Land,Peri-Urban / Sparse,0.3541,0.0054,0.7394,0.7000,#FFAA00,24.446621007250414,50.027993659863995
3656,0.3612,Moderate Risk,3,8.29,0.1204,Bare Land,Peri-Urban / Sparse,0.3541,0.0189,0.7194,0.7000,#FFAA00,24.196153002206277,48.597877342933245
3657,0.3612,Moderate Risk,3,1.48,0.1164,Bare Land,Peri-Urban / Sparse,0.3541,0.0034,0.7428,0.7000,#FFAA00,21.104937154669322,49.860448008663376
3658,0.3612,Moderate Risk,3,1.78,0.1166,Bare Land,Peri-Urban / Sparse,0.3541,0.0041,0.7417,0.7000,#FFAA00,21.455736997986445,50.28921914351155
3659,0.3612,Moderate Risk,3,1.75,0.1166,Bare Land,Peri-Urban / Sparse,0.3541,0.0040,0.7417,0.7000,#FFAA00,21.45719818064851,50.24292523895764
3660,0.3612,Moderate Risk,3,2.09,0.1168,Bare Land,Peri-Urban / Sparse,0.3541,0.0048,0.7409,0.7000,#FFAA00,23.85590043144715,50.287935641528264
3661,0.3612,Moderate Risk,3,2.34,0.1170,Bare Land,Peri-Urban / Sparse,0.3541,0.0053,0.7396,0.7000,#FFAA00,26.024886483259337,48.26717810649909
3662,0.3612,Moderate Risk,3,1.21,0.1162,Bare Land,Peri-Urban / Sparse,0.3541,0.0028,0.7439,0.7000,#FFAA00,20.045695659402515,48.4938870855121
3663,0.3612,Moderate Risk,3,1.64,0.1165,Bare Land,Peri-Urban / Sparse,0.3541,0.0037,0.7424,0.7000,#FFAA00,21.381618994635527,50.3328638714566
3664,0.3612,Moderate Risk,3,2.85,0.1172,Bare Land,Peri-Urban / Sparse,0.3541,0.0065,0.7381,0.7000,#FFAA00,24.225507249247293,50.11388795546929
3665,0.3612,Moderate Risk,3,1.40,0.1164,Bare Land,Peri-Urban / Sparse,0.3541,0.0032,0.7430,0.7000,#FFAA00,21.865380802441013,48.58300725653347
3666,0.3612,Moderate Risk,3,1.20,0.1162,Bare Land,Peri-Urban / Sparse,0.3541,0.0027,0.7439,0.7000,#FFAA00,20.18565342611391,48.77319019599807
3667,0.3612,Moderate Risk,3,1.23,0.1163,Bare Land,Peri-Urban / Sparse,0.3541,0.0028,0.7435,0.7000,#FFAA00,20.467371920784398,49.194950778704225
3668,0.3612,Moderate Risk,3,4.26,0.1180,Bare Land,Peri-Urban / Sparse,0.3541,0.0097,0.7334,0.7000,#FFAA00,25.115945769870454,49.57839217868155
3669,0.3612,Moderate Risk,3,1.87,0.1167,Bare Land,Peri-Urban / Sparse,0.3541,0.0043,0.7415,0.7000,#FFAA00,22.2694353366326,49.85312882718951
3670,0.3612,Moderate Risk,3,12.64,0.1230,Bare Land,Low Density Urban,0.3541,0.0288,0.7047,0.7000,#FFAA00,25.201328569977907,49.15207013928063
3671,0.3612,Moderate Risk,3,1.23,0.1163,Bare Land,Peri-Urban / Sparse,0.3541,0.0028,0.7434,0.7000,#FFAA00,20.5378850716026,49.28909687598568
3672,0.3611,Moderate Risk,3,1.95,0.1168,Bare Land,Peri-Urban / Sparse,0.3541,0.0045,0.7404,0.7000,#FFAA00,21.528385638515974,50.29185277229713
3673,0.3611,Moderate Risk,3,1.50,0.1165,Bare Land,Peri-Urban / Sparse,0.3541,0.0034,0.7424,0.7000,#FFAA00,21.17358220311707,50.001515612875686
3674,0.3611,Moderate Risk,3,2.39,0.1171,Bare Land,Peri-Urban / Sparse,0.3541,0.0055,0.7389,0.7000,#FFAA00,22.18218070479475,50.316058298559675
3675,0.3611,Moderate Risk,3,11.81,0.1226,Bare Land,Low Density Urban,0.3541,0.0269,0.7069,0.7000,#FFAA00,25.057182936435623,49.09951421907599
3676,0.3611,Moderate Risk,3,2.35,0.1170,Bare Land,Peri-Urban / Sparse,0.3541,0.0054,0.7393,0.7000,#FFAA00,22.019484371615192,50.8215962063323
3677,0.3611,Moderate Risk,3,1.45,0.1165,Bare Land,Peri-Urban / Sparse,0.3541,0.0033,0.7424,0.7000,#FFAA00,21.033552702113703,49.81188813654517
3678,0.3611,Moderate Risk,3,7.48,0.1201,Bare Land,Peri-Urban / Sparse,0.3541,0.0170,0.7216,0.7000,#FFAA00,24.55422522261911,48.845529200204986
3679,0.3611,Moderate Risk,3,2.42,0.1171,Bare Land,Peri-Urban / Sparse,0.3541,0.0055,0.7389,0.7000,#FFAA00,22.251737740596838,50.41189180334509
3680,0.3611,Moderate Risk,3,2.27,0.1170,Bare Land,Peri-Urban / Sparse,0.3541,0.0052,0.7396,0.7000,#FFAA00,22.254819798881982,50.31880414255295
3681,0.3611,Moderate Risk,3,1.73,0.1167,Bare Land,Peri-Urban / Sparse,0.3541,0.0039,0.7412,0.7000,#FFAA00,21.45864664603193,50.19662742491411
3682,0.3611,Moderate Risk,3,1.59,0.1166,Bare Land,Peri-Urban / Sparse,0.3541,0.0036,0.7417,0.7000,#FFAA00,21.846272103208626,49.37361025064128
3683,0.3611,Moderate Risk,3,1.73,0.1167,Bare Land,Peri-Urban / Sparse,0.3541,0.0039,0.7412,0.7000,#FFAA00,22.351601293509002,49.52928467261358
3684,0.3611,Moderate Risk,3,1.47,0.1165,Bare Land,Peri-Urban / Sparse,0.3541,0.0034,0.7421,0.7000,#FFAA00,21.84991844059964,49.234156463254465
3685,0.3611,Moderate Risk,3,4.10,0.1180,Bare Land,Peri-Urban / Sparse,0.3541,0.0093,0.7335,0.7000,#FFAA00,25.497568956246482,48.97080180357428
3686,0.3611,Moderate Risk,3,1.77,0.1167,Bare Land,Peri-Urban / Sparse,0.3541,0.0040,0.7412,0.7000,#FFAA00,22.280171910945132,49.480320929819115
3687,0.3611,Moderate Risk,3,0.74,0.1161,Bare Land,Rural / Scattered,0.3541,0.0017,0.7446,0.7000,#FFAA00,19.60230476750817,51.3694857598278
3688,0.3611,Moderate Risk,3,3.43,0.1176,Bare Land,Peri-Urban / Sparse,0.3541,0.0078,0.7358,0.7000,#FFAA00,25.428628526945932,48.82503961513565
3689,0.3611,Moderate Risk,3,0.47,0.1159,Bare Land,Rural / Scattered,0.3541,0.0011,0.7456,0.7000,#FFAA00,19.534570244551873,51.229718290949585
3690,0.3611,Moderate Risk,3,1.43,0.1165,Bare Land,Peri-Urban / Sparse,0.3541,0.0033,0.7425,0.7000,#FFAA00,20.96343183292175,49.71720167749636
3691,0.3610,Moderate Risk,3,2.49,0.1172,Bare Land,Peri-Urban / Sparse,0.3541,0.0057,0.7381,0.7000,#FFAA00,24.301315130802337,50.022236823090026
3692,0.3610,Moderate Risk,3,4.26,0.1182,Bare Land,Peri-Urban / Sparse,0.3541,0.0097,0.7324,0.7000,#FFAA00,22.790574999944827,49.450021826183054
3693,0.3610,Moderate Risk,3,1.85,0.1168,Bare Land,Peri-Urban / Sparse,0.3541,0.0042,0.7405,0.7000,#FFAA00,22.925053330029563,49.82936209938665
3694,0.3610,Moderate Risk,3,2.46,0.1172,Bare Land,Peri-Urban / Sparse,0.3541,0.0056,0.7383,0.7000,#FFAA00,22.97306969157343,50.580793738862575
3695,0.3610,Moderate Risk,3,1.95,0.1169,Bare Land,Peri-Urban / Sparse,0.3541,0.0045,0.7400,0.7000,#FFAA00,21.445153018984705,50.61316415660597
3696,0.3610,Moderate Risk,3,2.33,0.1171,Bare Land,Peri-Urban / Sparse,0.3541,0.0053,0.7387,0.7000,#FFAA00,22.112547947275225,50.22031481537114
3697,0.3610,Moderate Risk,3,2.08,0.1170,Bare Land,Peri-Urban / Sparse,0.3541,0.0047,0.7396,0.7000,#FFAA00,23.319304854296334,48.714970789945745
3698,0.3610,Moderate Risk,3,1.95,0.1168,Bare Land,Peri-Urban / Sparse,0.3541,0.0044,0.7403,0.7000,#FFAA00,22.692188024270102,50.288824229491475
3699,0.3610,Moderate Risk,3,1.47,0.1166,Bare Land,Peri-Urban / Sparse,0.3541,0.0033,0.7416,0.7000,#FFAA00,21.778345263081444,49.18554575497665
3700,0.3610,Moderate Risk,3,1.76,0.1168,Bare Land,Peri-Urban / Sparse,0.3541,0.0040,0.7409,0.7000,#FFAA00,21.37408704123509,50.56414003401838
3701,0.3610,Moderate Risk,3,1.51,0.1166,Bare Land,Peri-Urban / Sparse,0.3541,0.0034,0.7417,0.7000,#FFAA00,21.70904611615334,49.04408299646194
3702,0.3610,Moderate Risk,3,2.35,0.1171,Bare Land,Peri-Urban / Sparse,0.3541,0.0054,0.7388,0.7000,#FFAA00,25.070749973564606,48.5753413334968
3703,0.3610,Moderate Risk,3,1.82,0.1168,Bare Land,Peri-Urban / Sparse,0.3541,0.0041,0.7408,0.7000,#FFAA00,22.498357992480056,49.487329108844705
3704,0.3610,Moderate Risk,3,2.34,0.1171,Bare Land,Peri-Urban / Sparse,0.3541,0.0053,0.7389,0.7000,#FFAA00,21.80337560966047,50.76636182784608
3705,0.3610,Moderate Risk,3,2.70,0.1173,Bare Land,Peri-Urban / Sparse,0.3541,0.0062,0.7375,0.7000,#FFAA00,22.03840436711619,50.26412166574384
3706,0.3610,Moderate Risk,3,2.07,0.1170,Bare Land,Peri-Urban / Sparse,0.3541,0.0047,0.7395,0.7000,#FFAA00,23.709025331241794,50.329097156690736
3707,0.3609,Moderate Risk,3,2.47,0.1173,Bare Land,Peri-Urban / Sparse,0.3541,0.0056,0.7380,0.7000,#FFAA00,24.016761131038205,49.822103411719205
3708,0.3609,Moderate Risk,3,1.87,0.1169,Bare Land,Peri-Urban / Sparse,0.3541,0.0043,0.7400,0.7000,#FFAA00,22.927879900500663,49.735735913737585
3709,0.3609,Moderate Risk,3,2.35,0.1172,Bare Land,Peri-Urban / Sparse,0.3541,0.0054,0.7385,0.7000,#FFAA00,21.804993259005244,50.71999443028499
3710,0.3609,Moderate Risk,3,2.40,0.1172,Bare Land,Peri-Urban / Sparse,0.3541,0.0055,0.7381,0.7000,#FFAA00,22.162965185420862,50.8740475831399
3711,0.3609,Moderate Risk,3,1.73,0.1169,Bare Land,Peri-Urban / Sparse,0.3541,0.0039,0.7403,0.7000,#FFAA00,22.075204703873023,48.96122230281751
3712,0.3609,Moderate Risk,3,1.24,0.1166,Bare Land,Peri-Urban / Sparse,0.3541,0.0028,0.7419,0.7000,#FFAA00,19.401997757810467,47.792552078653216
3713,0.3609,Moderate Risk,3,2.07,0.1170,Bare Land,Peri-Urban / Sparse,0.3541,0.0047,0.7394,0.7000,#FFAA00,22.83589729313852,50.3411821929871
3714,0.3609,Moderate Risk,3,2.18,0.1171,Bare Land,Peri-Urban / Sparse,0.3541,0.0050,0.7388,0.7000,#FFAA00,21.904590727394822,49.88715942411037
3715,0.3609,Moderate Risk,3,2.43,0.1172,Bare Land,Peri-Urban / Sparse,0.3541,0.0056,0.7380,0.7000,#FFAA00,24.308969271900803,49.78575233044158
3716,0.3609,Moderate Risk,3,1.31,0.1166,Bare Land,Peri-Urban / Sparse,0.3541,0.0030,0.7417,0.7000,#FFAA00,19.903534261068003,48.306920186887
3717,0.3609,Moderate Risk,3,1.80,0.1169,Bare Land,Peri-Urban / Sparse,0.3541,0.0041,0.7401,0.7000,#FFAA00,22.63429398779149,49.819115160742925
3718,0.3609,Moderate Risk,3,2.36,0.1172,Bare Land,Peri-Urban / Sparse,0.3541,0.0054,0.7382,0.7000,#FFAA00,23.04400516139293,50.6305824749274
3719,0.3609,Moderate Risk,3,0.78,0.1163,Bare Land,Rural / Scattered,0.3541,0.0018,0.7435,0.7000,#FFAA00,19.739040945427433,51.603635443332934
3720,0.3609,Moderate Risk,3,1.63,0.1168,Bare Land,Peri-Urban / Sparse,0.3541,0.0037,0.7405,0.7000,#FFAA00,21.383087420171833,50.28659659765111
3721,0.3609,Moderate Risk,3,1.63,0.1168,Bare Land,Peri-Urban / Sparse,0.3541,0.0037,0.7408,0.7000,#FFAA00,21.302996008047185,50.51516858307649
3722,0.3609,Moderate Risk,3,1.55,0.1168,Bare Land,Peri-Urban / Sparse,0.3541,0.0035,0.7408,0.7000,#FFAA00,21.314750060910722,50.145227644152236
3723,0.3609,Moderate Risk,3,1.24,0.1165,Bare Land,Peri-Urban / Sparse,0.3541,0.0028,0.7422,0.7000,#FFAA00,20.256457532022903,48.86699108963607
3724,0.3609,Moderate Risk,3,1.80,0.1169,Bare Land,Peri-Urban / Sparse,0.3541,0.0041,0.7399,0.7000,#FFAA00,21.4542631025529,50.33550910458528
3725,0.3609,Moderate Risk,3,3.31,0.1178,Bare Land,Peri-Urban / Sparse,0.3541,0.0075,0.7348,0.7000,#FFAA00,25.031014281307893,49.95635113420122
3726,0.3608,Moderate Risk,3,4.28,0.1184,Bare Land,Peri-Urban / Sparse,0.3541,0.0098,0.7310,0.7000,#FFAA00,24.317670730582332,49.50184464645451
3727,0.3608,Moderate Risk,3,1.37,0.1167,Bare Land,Peri-Urban / Sparse,0.3541,0.0031,0.7411,0.7000,#FFAA00,20.75024237778873,49.525908769087664
3728,0.3608,Moderate Risk,3,1.44,0.1168,Bare Land,Peri-Urban / Sparse,0.3541,0.0033,0.7408,0.7000,#FFAA00,20.69929073384012,48.60102863124254
3729,0.3608,Moderate Risk,3,1.47,0.1168,Bare Land,Peri-Urban / Sparse,0.3541,0.0033,0.7407,0.7000,#FFAA00,21.784075206472004,48.953160836801544
3730,0.3608,Moderate Risk,3,2.19,0.1172,Bare Land,Peri-Urban / Sparse,0.3541,0.0050,0.7381,0.7000,#FFAA00,23.04895692415561,50.49019251242726
3731,0.3608,Moderate Risk,3,2.58,0.1174,Bare Land,Peri-Urban / Sparse,0.3541,0.0059,0.7370,0.7000,#FFAA00,24.08489309009644,49.966477074098684
3732,0.3608,Moderate Risk,3,1.59,0.1169,Bare Land,Peri-Urban / Sparse,0.3541,0.0036,0.7402,0.7000,#FFAA00,21.33460822951578,49.45094235140562
3733,0.3608,Moderate Risk,3,2.14,0.1172,Bare Land,Peri-Urban / Sparse,0.3541,0.0049,0.7384,0.7000,#FFAA00,23.392094973100576,48.717000743108215
3734,0.3608,Moderate Risk,3,2.56,0.1174,Bare Land,Peri-Urban / Sparse,0.3541,0.0058,0.7372,0.7000,#FFAA00,22.10801727914564,50.35982226001638
3735,0.3608,Moderate Risk,3,4.62,0.1186,Bare Land,Peri-Urban / Sparse,0.3541,0.0105,0.7300,0.7000,#FFAA00,24.4838440902521,48.74844500612284
3736,0.3608,Moderate Risk,3,1.51,0.1168,Bare Land,Peri-Urban / Sparse,0.3541,0.0034,0.7405,0.7000,#FFAA00,21.243489709491318,50.096457081491984
3737,0.3608,Moderate Risk,3,1.72,0.1169,Bare Land,Peri-Urban / Sparse,0.3541,0.0039,0.7398,0.7000,#FFAA00,21.377137769291892,50.47164174573285
3738,0.3608,Moderate Risk,3,2.13,0.1171,Bare Land,Peri-Urban / Sparse,0.3541,0.0049,0.7387,0.7000,#FFAA00,23.48124636852899,50.60202493098105
3739,0.3608,Moderate Risk,3,4.17,0.1184,Bare Land,Peri-Urban / Sparse,0.3541,0.0095,0.7314,0.7000,#FFAA00,24.75390777867241,49.51746399820785
3740,0.3608,Moderate Risk,3,2.80,0.1176,Bare Land,Peri-Urban / Sparse,0.3541,0.0064,0.7361,0.7000,#FFAA00,22.036899613207066,50.31060059541403
3741,0.3608,Moderate Risk,3,1.98,0.1171,Bare Land,Peri-Urban / Sparse,0.3541,0.0045,0.7391,0.7000,#FFAA00,23.64890193881314,49.949835280554495
3742,0.3607,Moderate Risk,3,4.15,0.1184,Bare Land,Peri-Urban / Sparse,0.3541,0.0095,0.7311,0.7000,#FFAA00,25.875972873855073,48.40715829021754
3743,0.3607,Moderate Risk,3,4.49,0.1186,Bare Land,Peri-Urban / Sparse,0.3541,0.0102,0.7301,0.7000,#FFAA00,22.109540641849563,50.313323791519096
3744,0.3607,Moderate Risk,3,2.05,0.1172,Bare Land,Peri-Urban / Sparse,0.3541,0.0047,0.7385,0.7000,#FFAA00,21.52541414207718,50.38447427359254
3745,0.3607,Moderate Risk,3,2.28,0.1174,Bare Land,Peri-Urban / Sparse,0.3541,0.0052,0.7373,0.7000,#FFAA00,23.18918995651303,50.63666165789232
3746,0.3607,Moderate Risk,3,0.25,0.1161,Bare Land,Rural / Scattered,0.3541,0.0006,0.7446,0.7000,#FFAA00,19.394129693002412,51.08732987165152
3747,0.3607,Moderate Risk,3,0.25,0.1162,Bare Land,Rural / Scattered,0.3541,0.0006,0.7442,0.7000,#FFAA00,19.395656988715945,51.04171212886817
3748,0.3607,Moderate Risk,3,1.79,0.1171,Bare Land,Peri-Urban / Sparse,0.3541,0.0041,0.7390,0.7000,#FFAA00,22.413404108482474,49.904808406625165
3749,0.3607,Moderate Risk,3,1.43,0.1168,Bare Land,Peri-Urban / Sparse,0.3541,0.0033,0.7405,0.7000,#FFAA00,20.631126727493452,48.36856551868983
3750,0.3607,Moderate Risk,3,2.56,0.1175,Bare Land,Peri-Urban / Sparse,0.3541,0.0058,0.7364,0.7000,#FFAA00,22.821198119464075,50.761684284423374
3751,0.3607,Moderate Risk,3,1.81,0.1171,Bare Land,Peri-Urban / Sparse,0.3541,0.0041,0.7391,0.7000,#FFAA00,21.452776498893446,50.38179508820507
3752,0.3607,Moderate Risk,3,0.89,0.1165,Bare Land,Rural / Scattered,0.3541,0.0020,0.7423,0.7000,#FFAA00,19.88058549235837,51.70105463677112
3753,0.3607,Moderate Risk,3,2.31,0.1174,Bare Land,Peri-Urban / Sparse,0.3541,0.0053,0.7372,0.7000,#FFAA00,22.324364746523496,50.41469669522095
3754,0.3607,Moderate Risk,3,1.91,0.1171,Bare Land,Peri-Urban / Sparse,0.3541,0.0044,0.7389,0.7000,#FFAA00,21.52985224918414,50.245536076170936
3755,0.3607,Moderate Risk,3,2.22,0.1173,Bare Land,Peri-Urban / Sparse,0.3541,0.0051,0.7375,0.7000,#FFAA00,23.263462634919364,50.592852412564554
3756,0.3607,Moderate Risk,3,0.82,0.1165,Bare Land,Rural / Scattered,0.3541,0.0019,0.7426,0.7000,#FFAA00,19.808111470082345,51.69800026221216
3757,0.3607,Moderate Risk,3,2.02,0.1172,Bare Land,Peri-Urban / Sparse,0.3541,0.0046,0.7383,0.7000,#FFAA00,21.516193785486276,50.662241200510444
3758,0.3606,Moderate Risk,3,3.84,0.1183,Bare Land,Peri-Urban / Sparse,0.3541,0.0088,0.7318,0.7000,#FFAA00,25.802049645465477,48.45303704438007
3759,0.3606,Moderate Risk,3,2.00,0.1172,Bare Land,Peri-Urban / Sparse,0.3541,0.0046,0.7380,0.7000,#FFAA00,24.85239039036184,48.56903077545381
3760,0.3606,Moderate Risk,3,1.73,0.1171,Bare Land,Peri-Urban / Sparse,0.3541,0.0039,0.7388,0.7000,#FFAA00,22.076327953242078,48.9146420427977
3761,0.3606,Moderate Risk,3,2.21,0.1174,Bare Land,Peri-Urban / Sparse,0.3541,0.0050,0.7372,0.7000,#FFAA00,24.669286874742607,49.89443042287831
3762,0.3606,Moderate Risk,3,2.01,0.1173,Bare Land,Peri-Urban / Sparse,0.3541,0.0046,0.7378,0.7000,#FFAA00,21.526906267958573,50.33816551612041
3763,0.3606,Moderate Risk,3,3.41,0.1181,Bare Land,Peri-Urban / Sparse,0.3541,0.0078,0.7332,0.7000,#FFAA00,26.096586143584823,48.317291801274074
3764,0.3606,Moderate Risk,3,2.94,0.1178,Bare Land,Peri-Urban / Sparse,0.3541,0.0067,0.7348,0.7000,#FFAA00,24.961499372067667,49.858342891271974
3765,0.3606,Moderate Risk,3,1.42,0.1169,Bare Land,Peri-Urban / Sparse,0.3541,0.0032,0.7400,0.7000,#FFAA00,20.89324096816303,49.62259976805134
3766,0.3606,Moderate Risk,3,1.41,0.1169,Bare Land,Peri-Urban / Sparse,0.3541,0.0032,0.7398,0.7000,#FFAA00,20.821752968711362,49.57422921703772
3767,0.3606,Moderate Risk,3,2.50,0.1175,Bare Land,Peri-Urban / Sparse,0.3541,0.0057,0.7363,0.7000,#FFAA00,22.035381768340933,50.35707550968258
3768,0.3606,Moderate Risk,3,1.27,0.1168,Bare Land,Peri-Urban / Sparse,0.3541,0.0029,0.7405,0.7000,#FFAA00,19.974646023416877,48.40036302097857
3769,0.3606,Moderate Risk,3,28.67,0.1501,Minepits/Industry,Low Density Urban,0.3541,0.0654,0.5467,0.9000,#FFAA00,24.7581446397442,49.37497205898554
3770,0.3606,Moderate Risk,3,1.49,0.1169,Bare Land,Peri-Urban / Sparse,0.3541,0.0034,0.7398,0.7000,#FFAA00,21.777160257856284,49.23201342224354
3771,0.3606,Moderate Risk,3,0.81,0.1166,Bare Land,Rural / Scattered,0.3541,0.0018,0.7420,0.7000,#FFAA00,19.80982626854239,51.65232031903976
3772,0.3605,Moderate Risk,3,1.77,0.1172,Bare Land,Peri-Urban / Sparse,0.3541,0.0040,0.7384,0.7000,#FFAA00,22.418971808932696,49.718255462429646
3773,0.3605,Moderate Risk,3,2.43,0.1176,Bare Land,Peri-Urban / Sparse,0.3541,0.0055,0.7359,0.7000,#FFAA00,22.23553480073899,50.87707778160537
3774,0.3605,Moderate Risk,3,2.14,0.1174,Bare Land,Peri-Urban / Sparse,0.3541,0.0049,0.7369,0.7000,#FFAA00,22.83431844787981,50.3879215976678
3775,0.3605,Moderate Risk,3,2.17,0.1174,Bare Land,Peri-Urban / Sparse,0.3541,0.0050,0.7368,0.7000,#FFAA00,23.61158473334499,48.67602066520947
3776,0.3605,Moderate Risk,3,1.47,0.1171,Bare Land,Peri-Urban / Sparse,0.3541,0.0034,0.7391,0.7000,#FFAA00,20.345668574969043,48.039663650741076
3777,0.3605,Moderate Risk,3,2.87,0.1179,Bare Land,Peri-Urban / Sparse,0.3541,0.0065,0.7343,0.7000,#FFAA00,22.938636869187032,49.36108741396354
3778,0.3605,Moderate Risk,3,2.81,0.1178,Bare Land,Peri-Urban / Sparse,0.3541,0.0064,0.7348,0.7000,#FFAA00,26.02379084635893,48.31524014325858
3779,0.3605,Moderate Risk,3,1.36,0.1169,Bare Land,Peri-Urban / Sparse,0.3541,0.0031,0.7399,0.7000,#FFAA00,20.751453096209804,49.47978036994599
3780,0.3605,Moderate Risk,3,2.04,0.1174,Bare Land,Peri-Urban / Sparse,0.3541,0.0046,0.7372,0.7000,#FFAA00,23.246513893354887,48.712949013732775
3781,0.3605,Moderate Risk,3,2.15,0.1174,Bare Land,Peri-Urban / Sparse,0.3541,0.0049,0.7371,0.7000,#FFAA00,23.194176470505155,50.496122007670984
3782,0.3604,Moderate Risk,3,1.23,0.1170,Bare Land,Peri-Urban / Sparse,0.3541,0.0028,0.7397,0.7000,#FFAA00,20.397870991789137,49.05483934498953
3783,0.3604,Moderate Risk,3,2.04,0.1174,Bare Land,Peri-Urban / Sparse,0.3541,0.0047,0.7369,0.7000,#FFAA00,22.76326606380004,50.338344699951755
3784,0.3604,Moderate Risk,3,1.24,0.1170,Bare Land,Peri-Urban / Sparse,0.3541,0.0028,0.7395,0.7000,#FFAA00,20.328235344764092,48.914838717726546
3785,0.3604,Moderate Risk,3,3.34,0.1182,Bare Land,Peri-Urban / Sparse,0.3541,0.0076,0.7326,0.7000,#FFAA00,25.949886656074106,48.36122608958257
3786,0.3604,Moderate Risk,3,1.55,0.1171,Bare Land,Peri-Urban / Sparse,0.3541,0.0035,0.7386,0.7000,#FFAA00,21.31616252042572,50.09896746155937
3787,0.3604,Moderate Risk,3,2.18,0.1175,Bare Land,Peri-Urban / Sparse,0.3541,0.0050,0.7363,0.7000,#FFAA00,26.17048323287101,48.27122995885653
3788,0.3604,Moderate Risk,3,1.68,0.1172,Bare Land,Peri-Urban / Sparse,0.3541,0.0038,0.7381,0.7000,#FFAA00,21.843776038272882,49.46656301179418
3789,0.3604,Moderate Risk,3,3.17,0.1181,Bare Land,Peri-Urban / Sparse,0.3541,0.0072,0.7329,0.7000,#FFAA00,25.877093155093526,48.35916074148962
3790,0.3604,Moderate Risk,3,2.18,0.1175,Bare Land,Peri-Urban / Sparse,0.3541,0.0050,0.7365,0.7000,#FFAA00,23.4648842473962,48.71903889304081
3791,0.3604,Moderate Risk,3,1.70,0.1173,Bare Land,Peri-Urban / Sparse,0.3541,0.0039,0.7379,0.7000,#FFAA00,21.842508465363505,49.51303435924069
3792,0.3604,Moderate Risk,3,1.91,0.1174,Bare Land,Peri-Urban / Sparse,0.3541,0.0044,0.7371,0.7000,#FFAA00,22.268033464842745,49.8997135587776
3793,0.3604,Moderate Risk,3,2.28,0.1176,Bare Land,Peri-Urban / Sparse,0.3541,0.0052,0.7362,0.7000,#FFAA00,21.730787837554182,50.76345236841558
3794,0.3604,Moderate Risk,3,2.34,0.1176,Bare Land,Peri-Urban / Sparse,0.3541,0.0053,0.7358,0.7000,#FFAA00,21.948548124692167,50.77221728849418
3795,0.3604,Moderate Risk,3,2.50,0.1177,Bare Land,Peri-Urban / Sparse,0.3541,0.0057,0.7351,0.7000,#FFAA00,22.897149895452895,50.67129085980969
3796,0.3604,Moderate Risk,3,2.13,0.1175,Bare Land,Peri-Urban / Sparse,0.3541,0.0049,0.7367,0.7000,#FFAA00,21.587209184684756,50.71137141579567
3797,0.3604,Moderate Risk,3,1.63,0.1172,Bare Land,Peri-Urban / Sparse,0.3541,0.0037,0.7383,0.7000,#FFAA00,21.387416684683124,50.147771303689055
3798,0.3603,Moderate Risk,3,1.23,0.1171,Bare Land,Peri-Urban / Sparse,0.3541,0.0028,0.7389,0.7000,#FFAA00,20.468479222552098,49.14888718291021
3799,0.3603,Moderate Risk,3,2.10,0.1176,Bare Land,Peri-Urban / Sparse,0.3541,0.0048,0.7361,0.7000,#FFAA00,23.12319600882034,50.44632113343669
3800,0.3603,Moderate Risk,3,2.43,0.1177,Bare Land,Peri-Urban / Sparse,0.3541,0.0055,0.7351,0.7000,#FFAA00,21.968716339693845,50.168510413330296
3801,0.3603,Moderate Risk,3,1.55,0.1172,Bare Land,Peri-Urban / Sparse,0.3541,0.0035,0.7382,0.7000,#FFAA00,21.635131572977325,49.08848110122983
3802,0.3603,Moderate Risk,3,2.26,0.1177,Bare Land,Peri-Urban / Sparse,0.3541,0.0051,0.7354,0.7000,#FFAA00,22.25634098012572,50.27225422998869
3803,0.3603,Moderate Risk,3,2.01,0.1175,Bare Land,Peri-Urban / Sparse,0.3541,0.0046,0.7362,0.7000,#FFAA00,22.4773040608921,50.1872325550652
3804,0.3603,Moderate Risk,3,1.23,0.1171,Bare Land,Peri-Urban / Sparse,0.3541,0.0028,0.7389,0.7000,#FFAA00,20.398937697383264,49.00878832920742
3805,0.3603,Moderate Risk,3,1.89,0.1175,Bare Land,Peri-Urban / Sparse,0.3541,0.0043,0.7368,0.7000,#FFAA00,22.987379627887346,50.159695783325766
3806,0.3603,Moderate Risk,3,2.24,0.1176,Bare Land,Peri-Urban / Sparse,0.3541,0.0051,0.7357,0.7000,#FFAA00,22.048570710865807,49.9386596352072
3807,0.3603,Moderate Risk,3,1.20,0.1171,Bare Land,Peri-Urban / Sparse,0.3541,0.0027,0.7392,0.7000,#FFAA00,20.186635861568707,48.727186392603
3808,0.3603,Moderate Risk,3,1.66,0.1173,Bare Land,Peri-Urban / Sparse,0.3541,0.0038,0.7376,0.7000,#FFAA00,21.380137907927654,50.37912717665778
3809,0.3603,Moderate Risk,3,1.56,0.1173,Bare Land,Peri-Urban / Sparse,0.3541,0.0036,0.7380,0.7000,#FFAA00,21.335830708638483,49.40462887858742
3810,0.3603,Moderate Risk,3,2.20,0.1176,Bare Land,Peri-Urban / Sparse,0.3541,0.0050,0.7358,0.7000,#FFAA00,22.403146054376908,50.231130472009305
3811,0.3602,Moderate Risk,3,1.86,0.1175,Bare Land,Peri-Urban / Sparse,0.3541,0.0042,0.7367,0.7000,#FFAA00,22.93065157403072,49.64209506590282
3812,0.3602,Moderate Risk,3,1.52,0.1173,Bare Land,Peri-Urban / Sparse,0.3541,0.0035,0.7375,0.7000,#FFAA00,21.246266313570356,50.003970466214604
3813,0.3602,Moderate Risk,3,2.97,0.1181,Bare Land,Peri-Urban / Sparse,0.3541,0.0068,0.7328,0.7000,#FFAA00,24.964578869270994,49.763239198108
3814,0.3602,Moderate Risk,3,2.07,0.1177,Bare Land,Peri-Urban / Sparse,0.3541,0.0047,0.7356,0.7000,#FFAA00,21.52390926547555,50.43077901068228
3815,0.3602,Moderate Risk,3,2.04,0.1176,Bare Land,Peri-Urban / Sparse,0.3541,0.0046,0.7359,0.7000,#FFAA00,23.786476199321623,50.1908209185551
3816,0.3602,Moderate Risk,3,2.03,0.1176,Bare Land,Peri-Urban / Sparse,0.3541,0.0046,0.7360,0.7000,#FFAA00,22.61954929541307,50.286034158889535
3817,0.3602,Moderate Risk,3,1.82,0.1175,Bare Land,Peri-Urban / Sparse,0.3541,0.0042,0.7368,0.7000,#FFAA00,21.91395335234935,49.561818329826494
3818,0.3602,Moderate Risk,3,2.27,0.1178,Bare Land,Peri-Urban / Sparse,0.3541,0.0052,0.7349,0.7000,#FFAA00,22.18519891421873,50.22300199144968
3819,0.3602,Moderate Risk,3,3.87,0.1186,Bare Land,Peri-Urban / Sparse,0.3541,0.0088,0.7298,0.7000,#FFAA00,26.022679271600193,48.363299384934095
3820,0.3602,Moderate Risk,3,2.17,0.1177,Bare Land,Peri-Urban / Sparse,0.3541,0.0050,0.7353,0.7000,#FFAA00,22.333484858520645,50.13524230757764
3821,0.3602,Moderate Risk,3,4.49,0.1191,Bare Land,Peri-Urban / Sparse,0.3541,0.0102,0.7272,0.7000,#FFAA00,24.681204008709557,49.51483514027037
3822,0.3602,Moderate Risk,3,2.31,0.1178,Bare Land,Peri-Urban / Sparse,0.3541,0.0053,0.7350,0.7000,#FFAA00,23.869916301643574,49.86383364245986
3823,0.3602,Moderate Risk,3,1.86,0.1175,Bare Land,Peri-Urban / Sparse,0.3541,0.0042,0.7367,0.7000,#FFAA00,22.93065157403072,49.64209506590282
3824,0.3602,Moderate Risk,3,2.31,0.1178,Bare Land,Peri-Urban / Sparse,0.3541,0.0053,0.7348,0.7000,#FFAA00,21.75502977929591,50.021448043074834
3825,0.3602,Moderate Risk,3,1.78,0.1174,Bare Land,Peri-Urban / Sparse,0.3541,0.0041,0.7368,0.7000,#FFAA00,21.915238641269724,49.515326977079106
3826,0.3602,Moderate Risk,3,2.47,0.1179,Bare Land,Peri-Urban / Sparse,0.3541,0.0056,0.7342,0.7000,#FFAA00,24.817703132561977,49.80515185107821
3827,0.3602,Moderate Risk,3,3.68,0.1186,Bare Land,Peri-Urban / Sparse,0.3541,0.0084,0.7304,0.7000,#FFAA00,25.80429877078958,48.357103319495046
3828,0.3602,Moderate Risk,3,1.92,0.1176,Bare Land,Peri-Urban / Sparse,0.3541,0.0044,0.7362,0.7000,#FFAA00,21.44670309424931,50.56689856926494
3829,0.3602,Moderate Risk,3,2.40,0.1178,Bare Land,Peri-Urban / Sparse,0.3541,0.0055,0.7346,0.7000,#FFAA00,22.3806709045925,50.8831758090597
3830,0.3602,Moderate Risk,3,2.32,0.1178,Bare Land,Peri-Urban / Sparse,0.3541,0.0053,0.7348,0.7000,#FFAA00,21.73239956587895,50.71710805309731
3831,0.3602,Moderate Risk,3,1.67,0.1174,Bare Land,Peri-Urban / Sparse,0.3541,0.0038,0.7373,0.7000,#FFAA00,22.000145742698514,49.05229840734325
3832,0.3602,Moderate Risk,3,1.85,0.1175,Bare Land,Peri-Urban / Sparse,0.3541,0.0042,0.7367,0.7000,#FFAA00,22.93065157403072,49.64209506590282
3833,0.3602,Moderate Risk,3,2.20,0.1177,Bare Land,Peri-Urban / Sparse,0.3541,0.0050,0.7353,0.7000,#FFAA00,24.926312172633832,48.52351153834819
3834,0.3602,Moderate Risk,3,1.85,0.1175,Bare Land,Peri-Urban / Sparse,0.3541,0.0042,0.7367,0.7000,#FFAA00,22.93065157403072,49.64209506590282
3835,0.3602,Moderate Risk,3,1.83,0.1175,Bare Land,Peri-Urban / Sparse,0.3541,0.0042,0.7365,0.7000,#FFAA00,22.56844291760495,49.58310080159261
3836,0.3602,Moderate Risk,3,2.27,0.1178,Bare Land,Peri-Urban / Sparse,0.3541,0.0052,0.7348,0.7000,#FFAA00,23.865373290539946,50.00523700955468
3837,0.3602,Moderate Risk,3,1.57,0.1174,Bare Land,Peri-Urban / Sparse,0.3541,0.0036,0.7374,0.7000,#FFAA00,21.925050128078162,49.14327633609283
3838,0.3602,Moderate Risk,3,1.74,0.1175,Bare Land,Peri-Urban / Sparse,0.3541,0.0040,0.7367,0.7000,#FFAA00,21.37561872660665,50.51789294189219
3839,0.3601,Moderate Risk,3,0.74,0.1170,Bare Land,Rural / Scattered,0.3541,0.0017,0.7397,0.7000,#FFAA00,19.59904142599129,51.46077523034249
3840,0.3601,Moderate Risk,3,1.45,0.1174,Bare Land,Peri-Urban / Sparse,0.3541,0.0033,0.7374,0.7000,#FFAA00,21.034856879623433,49.7656919152701
3841,0.3601,Moderate Risk,3,2.35,0.1179,Bare Land,Peri-Urban / Sparse,0.3541,0.0054,0.7342,0.7000,#FFAA00,23.934921832477077,50.10234368455403
3842,0.3601,Moderate Risk,3,10.08,0.1224,Bare Land,Low Density Urban,0.3541,0.0230,0.7077,0.7000,#FFAA00,24.828042595732814,49.47258195645764
3843,0.3601,Moderate Risk,3,1.33,0.1173,Bare Land,Peri-Urban / Sparse,0.3541,0.0030,0.7378,0.7000,#FFAA00,19.61847717098456,47.93395622285944
3844,0.3601,Moderate Risk,3,1.71,0.1175,Bare Land,Peri-Urban / Sparse,0.3541,0.0039,0.7365,0.7000,#FFAA00,21.460082389667924,50.15032573538816
3845,0.3601,Moderate Risk,3,2.02,0.1177,Bare Land,Peri-Urban / Sparse,0.3541,0.0046,0.7352,0.7000,#FFAA00,21.517762345287487,50.615957075195965
3846,0.3601,Moderate Risk,3,2.31,0.1179,Bare Land,Peri-Urban / Sparse,0.3541,0.0053,0.7344,0.7000,#FFAA00,23.116598081790762,50.63361592102828
3847,0.3601,Moderate Risk,3,3.64,0.1187,Bare Land,Peri-Urban / Sparse,0.3541,0.0083,0.7297,0.7000,#FFAA00,19.404723700381616,47.609244163478266
3848,0.3601,Moderate Risk,3,2.92,0.1182,Bare Land,Peri-Urban / Sparse,0.3541,0.0066,0.7324,0.7000,#FFAA00,24.02402334399605,49.58607318462005
3849,0.3601,Moderate Risk,3,1.90,0.1176,Bare Land,Peri-Urban / Sparse,0.3541,0.0043,0.7357,0.7000,#FFAA00,22.767904452799637,50.198175584059705
3850,0.3601,Moderate Risk,3,2.32,0.1179,Bare Land,Peri-Urban / Sparse,0.3541,0.0053,0.7344,0.7000,#FFAA00,21.87596237317961,50.76928345867002
3851,0.3601,Moderate Risk,3,1.31,0.1173,Bare Land,Peri-Urban / Sparse,0.3541,0.0030,0.7379,0.7000,#FFAA00,19.761921843873395,48.07436499021096
3852,0.3601,Moderate Risk,3,0.67,0.1169,Bare Land,Rural / Scattered,0.3541,0.0015,0.7398,0.7000,#FFAA00,26.254385507254426,47.74342980549895
3853,0.3601,Moderate Risk,3,2.35,0.1179,Bare Land,Peri-Urban / Sparse,0.3541,0.0054,0.7342,0.7000,#FFAA00,21.89895376466919,50.07298827900829
3854,0.3601,Moderate Risk,3,4.46,0.1191,Bare Land,Peri-Urban / Sparse,0.3541,0.0102,0.7269,0.7000,#FFAA00,25.79973742398943,48.54895919907275
3855,0.3601,Moderate Risk,3,1.33,0.1172,Bare Land,Peri-Urban / Sparse,0.3541,0.0030,0.7380,0.7000,#FFAA00,19.474175653331837,47.83964213856867
3856,0.3601,Moderate Risk,3,2.23,0.1178,Bare Land,Peri-Urban / Sparse,0.3541,0.0051,0.7346,0.7000,#FFAA00,22.32745792094982,50.321561349654964
3857,0.3601,Moderate Risk,3,0.74,0.1170,Bare Land,Rural / Scattered,0.3541,0.0017,0.7396,0.7000,#FFAA00,19.600678812578135,51.41513278037824
3858,0.3601,Moderate Risk,3,2.48,0.1179,Bare Land,Peri-Urban / Sparse,0.3541,0.0057,0.7340,0.7000,#FFAA00,22.17755450796729,50.45561241842454
3859,0.3601,Moderate Risk,3,2.17,0.1178,Bare Land,Peri-Urban / Sparse,0.3541,0.0050,0.7348,0.7000,#FFAA00,24.924028260323354,48.618737709578895
3860,0.3601,Moderate Risk,3,1.47,0.1174,Bare Land,Peri-Urban / Sparse,0.3541,0.0033,0.7373,0.7000,#FFAA00,21.202851783431946,48.89113615656357
3861,0.3601,Moderate Risk,3,1.21,0.1172,Bare Land,Peri-Urban / Sparse,0.3541,0.0028,0.7384,0.7000,#FFAA00,20.116682607630466,48.58749262519942
3862,0.3600,Moderate Risk,3,2.12,0.1178,Bare Land,Peri-Urban / Sparse,0.3541,0.0048,0.7348,0.7000,#FFAA00,22.76169279207342,50.385059566333055
3863,0.3600,Moderate Risk,3,2.22,0.1179,Bare Land,Peri-Urban / Sparse,0.3541,0.0051,0.7342,0.7000,#FFAA00,21.601033338606257,50.2944975088037
3864,0.3600,Moderate Risk,3,2.79,0.1182,Bare Land,Peri-Urban / Sparse,0.3541,0.0064,0.7322,0.7000,#FFAA00,25.06232968681059,48.90895023406257
3865,0.3600,Moderate Risk,3,2.45,0.1180,Bare Land,Peri-Urban / Sparse,0.3541,0.0056,0.7334,0.7000,#FFAA00,21.967243151713458,50.214973785705105
3866,0.3600,Moderate Risk,3,2.22,0.1179,Bare Land,Peri-Urban / Sparse,0.3541,0.0051,0.7340,0.7000,#FFAA00,22.328984588854514,50.27498758062978
3867,0.3600,Moderate Risk,3,1.48,0.1175,Bare Land,Peri-Urban / Sparse,0.3541,0.0034,0.7368,0.7000,#FFAA00,21.851107801924478,49.18766543404765
3868,0.3600,Moderate Risk,3,2.26,0.1179,Bare Land,Peri-Urban / Sparse,0.3541,0.0052,0.7341,0.7000,#FFAA00,24.743497861609665,49.84981496728598
3869,0.3600,Moderate Risk,3,1.79,0.1177,Bare Land,Peri-Urban / Sparse,0.3541,0.0041,0.7355,0.7000,#FFAA00,22.71115995689883,49.68143835671368
3870,0.3600,Moderate Risk,3,1.84,0.1176,Bare Land,Peri-Urban / Sparse,0.3541,0.0042,0.7357,0.7000,#FFAA00,21.69188311036919,49.69414281484708
3871,0.3600,Moderate Risk,3,1.81,0.1177,Bare Land,Peri-Urban / Sparse,0.3541,0.0041,0.7354,0.7000,#FFAA00,22.495725423211287,49.58069685659729
3872,0.3600,Moderate Risk,3,1.88,0.1177,Bare Land,Peri-Urban / Sparse,0.3541,0.0043,0.7352,0.7000,#FFAA00,21.53130609543639,50.199215461806915
3873,0.3600,Moderate Risk,3,2.39,0.1180,Bare Land,Peri-Urban / Sparse,0.3541,0.0055,0.7335,0.7000,#FFAA00,22.092062097388645,50.824577975456904
3874,0.3600,Moderate Risk,3,2.75,0.1182,Bare Land,Peri-Urban / Sparse,0.3541,0.0063,0.7324,0.7000,#FFAA00,25.07301850834923,48.47999751431883
3875,0.3600,Moderate Risk,3,1.52,0.1175,Bare Land,Peri-Urban / Sparse,0.3541,0.0035,0.7365,0.7000,#FFAA00,21.17763738041494,49.8628253236379
3876,0.3600,Moderate Risk,3,1.73,0.1176,Bare Land,Peri-Urban / Sparse,0.3541,0.0039,0.7357,0.7000,#FFAA00,22.35290148930675,49.48264736596411
3877,0.3600,Moderate Risk,3,2.32,0.1180,Bare Land,Peri-Urban / Sparse,0.3541,0.0053,0.7337,0.7000,#FFAA00,21.753611428802888,50.0678530697678
3878,0.3600,Moderate Risk,3,2.40,0.1180,Bare Land,Peri-Urban / Sparse,0.3541,0.0055,0.7338,0.7000,#FFAA00,23.04566948517543,50.58379013610236
3879,0.3599,Moderate Risk,3,4.02,0.1191,Bare Land,Peri-Urban / Sparse,0.3541,0.0092,0.7273,0.7000,#FFAA00,25.80318209698392,48.40507160826426
3880,0.3599,Moderate Risk,3,3.14,0.1185,Bare Land,Peri-Urban / Sparse,0.3541,0.0071,0.7308,0.7000,#FFAA00,24.386080118772316,49.64647352672411
3881,0.3599,Moderate Risk,3,2.18,0.1180,Bare Land,Peri-Urban / Sparse,0.3541,0.0050,0.7338,0.7000,#FFAA00,21.68093887343711,50.06530152813492
3882,0.3599,Moderate Risk,3,1.98,0.1179,Bare Land,Peri-Urban / Sparse,0.3541,0.0045,0.7344,0.7000,#FFAA00,22.549955614154936,50.18995152717925
3883,0.3599,Moderate Risk,3,2.21,0.1180,Bare Land,Peri-Urban / Sparse,0.3541,0.0050,0.7336,0.7000,#FFAA00,21.658199060278594,50.76055505291867
3884,0.3599,Moderate Risk,3,1.59,0.1176,Bare Land,Peri-Urban / Sparse,0.3541,0.0036,0.7358,0.7000,#FFAA00,21.928513390901166,49.00370472365009
3885,0.3599,Moderate Risk,3,1.83,0.1178,Bare Land,Peri-Urban / Sparse,0.3541,0.0042,0.7348,0.7000,#FFAA00,22.702688353147604,49.96185070322712
3886,0.3599,Moderate Risk,3,1.88,0.1178,Bare Land,Peri-Urban / Sparse,0.3541,0.0043,0.7347,0.7000,#FFAA00,21.448240484590322,50.52062883485789
3887,0.3599,Moderate Risk,3,1.46,0.1175,Bare Land,Peri-Urban / Sparse,0.3541,0.0033,0.7364,0.7000,#FFAA00,20.701198668999268,48.508694387703734
3888,0.3599,Moderate Risk,3,1.63,0.1176,Bare Land,Peri-Urban / Sparse,0.3541,0.0037,0.7358,0.7000,#FFAA00,21.38883442065613,50.10148849462962
3889,0.3599,Moderate Risk,3,2.14,0.1180,Bare Land,Peri-Urban / Sparse,0.3541,0.0049,0.7339,0.7000,#FFAA00,24.63288859630432,48.610294989668645
3890,0.3599,Moderate Risk,3,8.47,0.1216,Bare Land,Peri-Urban / Sparse,0.3541,0.0193,0.7124,0.7000,#FFAA00,24.62576863125891,48.8952389099549
3891,0.3599,Moderate Risk,3,2.22,0.1180,Bare Land,Peri-Urban / Sparse,0.3541,0.0050,0.7338,0.7000,#FFAA00,22.401627227885527,50.27773222255796
3892,0.3599,Moderate Risk,3,1.53,0.1176,Bare Land,Peri-Urban / Sparse,0.3541,0.0035,0.7359,0.7000,#FFAA00,21.247635721032964,49.957721569998384
3893,0.3598,Moderate Risk,3,2.29,0.1181,Bare Land,Peri-Urban / Sparse,0.3541,0.0052,0.7331,0.7000,#FFAA00,24.004390487449804,50.199550246733075
3894,0.3598,Moderate Risk,3,2.38,0.1181,Bare Land,Peri-Urban / Sparse,0.3541,0.0054,0.7328,0.7000,#FFAA00,23.939566667394843,49.96088559053043
3895,0.3598,Moderate Risk,3,1.47,0.1176,Bare Land,Peri-Urban / Sparse,0.3541,0.0033,0.7359,0.7000,#FFAA00,21.788424850184043,48.76719908573809
3896,0.3598,Moderate Risk,3,2.16,0.1181,Bare Land,Peri-Urban / Sparse,0.3541,0.0049,0.7333,0.7000,#FFAA00,23.931753411417155,50.1966288891662
3897,0.3598,Moderate Risk,3,0.69,0.1172,Bare Land,Rural / Scattered,0.3541,0.0016,0.7383,0.7000,#FFAA00,26.172640453122497,48.17497893650363
3898,0.3598,Moderate Risk,3,1.68,0.1177,Bare Land,Peri-Urban / Sparse,0.3541,0.0038,0.7352,0.7000,#FFAA00,22.00464873101083,48.866078225998834
3899,0.3598,Moderate Risk,3,2.08,0.1180,Bare Land,Peri-Urban / Sparse,0.3541,0.0047,0.7339,0.7000,#FFAA00,22.548439316139977,50.236605511511996
3900,0.3598,Moderate Risk,3,2.22,0.1181,Bare Land,Peri-Urban / Sparse,0.3541,0.0051,0.7332,0.7000,#FFAA00,21.659804873309014,50.71423372396855
3901,0.3598,Moderate Risk,3,1.59,0.1177,Bare Land,Peri-Urban / Sparse,0.3541,0.0036,0.7352,0.7000,#FFAA00,21.32569568129847,49.77504194915668
3902,0.3598,Moderate Risk,3,1.68,0.1177,Bare Land,Peri-Urban / Sparse,0.3541,0.0038,0.7353,0.7000,#FFAA00,22.00242356089554,48.95919431405165
3903,0.3598,Moderate Risk,3,2.00,0.1179,Bare Land,Peri-Urban / Sparse,0.3541,0.0046,0.7342,0.7000,#FFAA00,21.608265397161492,50.062760662942665
3904,0.3598,Moderate Risk,3,2.22,0.1181,Bare Land,Peri-Urban / Sparse,0.3541,0.0051,0.7331,0.7000,#FFAA00,23.18750012753094,50.68349948823356
3905,0.3598,Moderate Risk,3,1.25,0.1175,Bare Land,Peri-Urban / Sparse,0.3541,0.0029,0.7367,0.7000,#FFAA00,20.257467878928768,48.820971485338305
3906,0.3598,Moderate Risk,3,1.85,0.1178,Bare Land,Peri-Urban / Sparse,0.3541,0.0042,0.7345,0.7000,#FFAA00,21.4497651852708,50.47435498727253
3907,0.3598,Moderate Risk,3,2.15,0.1180,Bare Land,Peri-Urban / Sparse,0.3541,0.0049,0.7334,0.7000,#FFAA00,22.404651542585935,50.18452472952408
3908,0.3598,Moderate Risk,3,2.24,0.1181,Bare Land,Peri-Urban / Sparse,0.3541,0.0051,0.7333,0.7000,#FFAA00,21.679512853406674,50.1116796328717
3909,0.3598,Moderate Risk,3,1.56,0.1177,Bare Land,Peri-Urban / Sparse,0.3541,0.0036,0.7353,0.7000,#FFAA00,21.318949526204857,50.00643575876029
3910,0.3598,Moderate Risk,3,2.06,0.1179,Bare Land,Peri-Urban / Sparse,0.3541,0.0047,0.7339,0.7000,#FFAA00,23.053784984416662,50.34976424659395
3911,0.3598,Moderate Risk,3,1.23,0.1175,Bare Land,Peri-Urban / Sparse,0.3541,0.0028,0.7365,0.7000,#FFAA00,20.53902103834733,49.2430178098069
3912,0.3597,Moderate Risk,3,2.48,0.1183,Bare Land,Peri-Urban / Sparse,0.3541,0.0057,0.7318,0.7000,#FFAA00,22.898816196916854,50.624552338048154
3913,0.3597,Moderate Risk,3,1.59,0.1177,Bare Land,Peri-Urban / Sparse,0.3541,0.0036,0.7351,0.7000,#FFAA00,21.320324063875717,49.96016430638561
3914,0.3597,Moderate Risk,3,1.49,0.1178,Bare Land,Peri-Urban / Sparse,0.3541,0.0034,0.7351,0.7000,#FFAA00,21.106258780086982,49.81423304755537
3915,0.3597,Moderate Risk,3,1.83,0.1179,Bare Land,Peri-Urban / Sparse,0.3541,0.0042,0.7342,0.7000,#FFAA00,21.45127719159201,50.42807706041407
3916,0.3597,Moderate Risk,3,2.25,0.1182,Bare Land,Peri-Urban / Sparse,0.3541,0.0051,0.7326,0.7000,#FFAA00,22.044292380485977,50.078166485267445
3917,0.3597,Moderate Risk,3,1.43,0.1177,Bare Land,Peri-Urban / Sparse,0.3541,0.0033,0.7353,0.7000,#FFAA00,20.96470622301872,49.67102067030966
3918,0.3597,Moderate Risk,3,2.23,0.1182,Bare Land,Peri-Urban / Sparse,0.3541,0.0051,0.7325,0.7000,#FFAA00,22.32591797191114,50.36813106614999
3919,0.3597,Moderate Risk,3,2.41,0.1183,Bare Land,Peri-Urban / Sparse,0.3541,0.0055,0.7319,0.7000,#FFAA00,22.32279824961225,50.461258201991825
3920,0.3597,Moderate Risk,3,2.15,0.1181,Bare Land,Peri-Urban / Sparse,0.3541,0.0049,0.7331,0.7000,#FFAA00,24.51927241890542,50.03088912419983
3921,0.3597,Moderate Risk,3,2.18,0.1181,Bare Land,Peri-Urban / Sparse,0.3541,0.0050,0.7331,0.7000,#FFAA00,24.52084830895699,49.9835194866107
3922,0.3597,Moderate Risk,3,2.22,0.1182,Bare Land,Peri-Urban / Sparse,0.3541,0.0051,0.7327,0.7000,#FFAA00,23.192528133222844,50.54297288182362
3923,0.3597,Moderate Risk,3,2.13,0.1181,Bare Land,Peri-Urban / Sparse,0.3541,0.0048,0.7329,0.7000,#FFAA00,23.466000979026262,48.671971309624205
3924,0.3596,Moderate Risk,3,1.86,0.1181,Bare Land,Peri-Urban / Sparse,0.3541,0.0042,0.7333,0.7000,#FFAA00,22.409087930887083,50.044683900798574
3925,0.3596,Moderate Risk,3,3.08,0.1187,Bare Land,Peri-Urban / Sparse,0.3541,0.0070,0.7293,0.7000,#FFAA00,23.880014315385324,49.53375919744259
3926,0.3596,Moderate Risk,3,1.49,0.1178,Bare Land,Peri-Urban / Sparse,0.3541,0.0034,0.7348,0.7000,#FFAA00,21.71129078822491,48.951166443579446
3927,0.3596,Moderate Risk,3,2.05,0.1181,Bare Land,Peri-Urban / Sparse,0.3541,0.0047,0.7329,0.7000,#FFAA00,23.784881372905716,50.23790525720328
3928,0.3596,Moderate Risk,3,3.58,0.1191,Bare Land,Peri-Urban / Sparse,0.3541,0.0082,0.7275,0.7000,#FFAA00,19.404059513160895,47.6550740197925
3929,0.3596,Moderate Risk,3,1.46,0.1178,Bare Land,Peri-Urban / Sparse,0.3541,0.0033,0.7350,0.7000,#FFAA00,21.780676267780155,49.09260100005969
3930,0.3596,Moderate Risk,3,2.35,0.1183,Bare Land,Peri-Urban / Sparse,0.3541,0.0054,0.7317,0.7000,#FFAA00,21.8277066229353,50.02398706556202
3931,0.3596,Moderate Risk,3,1.33,0.1177,Bare Land,Peri-Urban / Sparse,0.3541,0.0030,0.7351,0.7000,#FFAA00,20.68225402632005,49.339299040637485
3932,0.3596,Moderate Risk,3,1.90,0.1180,Bare Land,Peri-Urban / Sparse,0.3541,0.0043,0.7335,0.7000,#FFAA00,22.695255813197754,50.19542301542756
3933,0.3596,Moderate Risk,3,1.49,0.1178,Bare Land,Peri-Urban / Sparse,0.3541,0.0034,0.7346,0.7000,#FFAA00,21.853447375642002,49.09467393383077
3934,0.3596,Moderate Risk,3,1.35,0.1177,Bare Land,Peri-Urban / Sparse,0.3541,0.0031,0.7354,0.7000,#FFAA00,19.546335506961213,47.88677677261949
3935,0.3596,Moderate Risk,3,1.87,0.1180,Bare Land,Peri-Urban / Sparse,0.3541,0.0043,0.7336,0.7000,#FFAA00,22.99630190540276,49.87878237539121
3936,0.3596,Moderate Risk,3,3.94,0.1193,Bare Land,Peri-Urban / Sparse,0.3541,0.0090,0.7262,0.7000,#FFAA00,25.8009014198964,48.50099958794421
3937,0.3596,Moderate Risk,3,3.78,0.1192,Bare Land,Peri-Urban / Sparse,0.3541,0.0086,0.7267,0.7000,#FFAA00,24.41338688836342,48.65146588932391
3938,0.3596,Moderate Risk,3,0.91,0.1175,Bare Land,Rural / Scattered,0.3541,0.0021,0.7367,0.7000,#FFAA00,19.87885232263065,51.74675023281093
3939,0.3595,Moderate Risk,3,2.19,0.1183,Bare Land,Peri-Urban / Sparse,0.3541,0.0050,0.7317,0.7000,#FFAA00,21.602505382487983,50.248157925367195
3940,0.3595,Moderate Risk,3,2.34,0.1184,Bare Land,Peri-Urban / Sparse,0.3541,0.0053,0.7312,0.7000,#FFAA00,22.39541863418831,50.46409860547784
3941,0.3595,Moderate Risk,3,2.25,0.1184,Bare Land,Peri-Urban / Sparse,0.3541,0.0051,0.7316,0.7000,#FFAA00,21.66139787492033,50.66790811777207
3942,0.3595,Moderate Risk,3,2.38,0.1184,Bare Land,Peri-Urban / Sparse,0.3541,0.0054,0.7310,0.7000,#FFAA00,22.021132860777026,50.775163345072954
3943,0.3595,Moderate Risk,3,2.26,0.1183,Bare Land,Peri-Urban / Sparse,0.3541,0.0051,0.7318,0.7000,#FFAA00,24.741950924587606,49.89727823631279
3944,0.3595,Moderate Risk,3,1.40,0.1178,Bare Land,Peri-Urban / Sparse,0.3541,0.0032,0.7345,0.7000,#FFAA00,20.826589627466777,49.3896212143593
3945,0.3595,Moderate Risk,3,1.24,0.1177,Bare Land,Peri-Urban / Sparse,0.3541,0.0028,0.7352,0.7000,#FFAA00,20.046598989136452,48.447909979482624
3946,0.3595,Moderate Risk,3,2.40,0.1185,Bare Land,Peri-Urban / Sparse,0.3541,0.0055,0.7310,0.7000,#FFAA00,22.093716578011446,50.77812165630902
3947,0.3595,Moderate Risk,3,1.31,0.1178,Bare Land,Peri-Urban / Sparse,0.3541,0.0030,0.7347,0.7000,#FFAA00,20.610648457528477,49.291133814822224
3948,0.3595,Moderate Risk,3,2.32,0.1184,Bare Land,Peri-Urban / Sparse,0.3541,0.0053,0.7313,0.7000,#FFAA00,23.040635331244825,50.72415402849803
3949,0.3595,Moderate Risk,3,1.58,0.1180,Bare Land,Peri-Urban / Sparse,0.3541,0.0036,0.7338,0.7000,#FFAA00,21.92386950258462,49.18979399087585
3950,0.3595,Moderate Risk,3,1.90,0.1181,Bare Land,Peri-Urban / Sparse,0.3541,0.0043,0.7329,0.7000,#FFAA00,22.62260619928639,50.19268167190693
3951,0.3595,Moderate Risk,3,1.82,0.1181,Bare Land,Peri-Urban / Sparse,0.3541,0.0042,0.7331,0.7000,#FFAA00,22.643810939360694,49.4920494956714
3952,0.3595,Moderate Risk,3,2.22,0.1183,Bare Land,Peri-Urban / Sparse,0.3541,0.0051,0.7318,0.7000,#FFAA00,21.599548487673548,50.34083313106714
3953,0.3595,Moderate Risk,3,1.58,0.1179,Bare Land,Peri-Urban / Sparse,0.3541,0.0036,0.7340,0.7000,#FFAA00,21.26548236189175,49.309865999866396
3954,0.3595,Moderate Risk,3,1.51,0.1179,Bare Land,Peri-Urban / Sparse,0.3541,0.0034,0.7340,0.7000,#FFAA00,21.244884308303483,50.050215647995806
3955,0.3595,Moderate Risk,3,2.40,0.1184,Bare Land,Peri-Urban / Sparse,0.3541,0.0055,0.7311,0.7000,#FFAA00,22.30810337495808,50.88012051393155
3956,0.3594,Moderate Risk,3,1.72,0.1181,Bare Land,Peri-Urban / Sparse,0.3541,0.0039,0.7330,0.7000,#FFAA00,22.443592126917263,48.78467052970844
3957,0.3594,Moderate Risk,3,1.99,0.1183,Bare Land,Peri-Urban / Sparse,0.3541,0.0045,0.7319,0.7000,#FFAA00,23.723073605745046,49.90549888360982
3958,0.3594,Moderate Risk,3,9.63,0.1227,Bare Land,Peri-Urban / Sparse,0.3541,0.0219,0.7061,0.7000,#FFAA00,25.19156580443719,49.485794238635954
3959,0.3594,Moderate Risk,3,2.11,0.1183,Bare Land,Peri-Urban / Sparse,0.3541,0.0048,0.7317,0.7000,#FFAA00,21.682352016770814,50.018919624551614
3960,0.3594,Moderate Risk,3,2.28,0.1185,Bare Land,Peri-Urban / Sparse,0.3541,0.0052,0.7308,0.7000,#FFAA00,22.04137458344455,50.17115189860834
3961,0.3594,Moderate Risk,3,1.80,0.1182,Bare Land,Peri-Urban / Sparse,0.3541,0.0041,0.7324,0.7000,#FFAA00,21.53559100300964,50.06023045018903
3962,0.3594,Moderate Risk,3,1.75,0.1182,Bare Land,Peri-Urban / Sparse,0.3541,0.0040,0.7326,0.7000,#FFAA00,21.53976087158662,49.921211402364044
3963,0.3594,Moderate Risk,3,1.53,0.1180,Bare Land,Peri-Urban / Sparse,0.3541,0.0035,0.7338,0.7000,#FFAA00,21.706749589011057,49.13698738627676
3964,0.3594,Moderate Risk,3,2.12,0.1184,Bare Land,Peri-Urban / Sparse,0.3541,0.0048,0.7316,0.7000,#FFAA00,21.588796323722473,50.66506870989547
3965,0.3594,Moderate Risk,3,1.69,0.1181,Bare Land,Peri-Urban / Sparse,0.3541,0.0039,0.7329,0.7000,#FFAA00,21.46150540712619,50.1040202044035
3966,0.3594,Moderate Risk,3,2.13,0.1183,Bare Land,Peri-Urban / Sparse,0.3541,0.0048,0.7317,0.7000,#FFAA00,21.5903706934698,50.61876177032368
3967,0.3594,Moderate Risk,3,2.45,0.1186,Bare Land,Peri-Urban / Sparse,0.3541,0.0056,0.7302,0.7000,#FFAA00,22.250176873125156,50.45842948196082
3968,0.3594,Moderate Risk,3,1.81,0.1182,Bare Land,Peri-Urban / Sparse,0.3541,0.0041,0.7325,0.7000,#FFAA00,22.709781957501047,49.72818296524197
3969,0.3594,Moderate Risk,3,2.43,0.1185,Bare Land,Peri-Urban / Sparse,0.3541,0.0055,0.7304,0.7000,#FFAA00,22.237214460936624,50.830578680924795
3970,0.3594,Moderate Risk,3,1.87,0.1182,Bare Land,Peri-Urban / Sparse,0.3541,0.0043,0.7323,0.7000,#FFAA00,23.068983392647326,49.88140577479478
3971,0.3593,Moderate Risk,3,1.49,0.1180,Bare Land,Peri-Urban / Sparse,0.3541,0.0034,0.7334,0.7000,#FFAA00,21.11014851878685,49.67556692066433
3972,0.3593,Moderate Risk,3,11.98,0.1242,Bare Land,Low Density Urban,0.3541,0.0273,0.6973,0.7000,#FFAA00,24.26781426731684,48.647289089434324
3973,0.3593,Moderate Risk,3,2.45,0.1186,Bare Land,Peri-Urban / Sparse,0.3541,0.0056,0.7298,0.7000,#FFAA00,22.32121848604309,50.50781555160465
3974,0.3593,Moderate Risk,3,1.98,0.1184,Bare Land,Peri-Urban / Sparse,0.3541,0.0045,0.7315,0.7000,#FFAA00,22.266618318463376,49.946294561303944
3975,0.3593,Moderate Risk,3,2.37,0.1186,Bare Land,Peri-Urban / Sparse,0.3541,0.0054,0.7302,0.7000,#FFAA00,21.95017763336208,50.72580343797546
3976,0.3593,Moderate Risk,3,2.29,0.1185,Bare Land,Peri-Urban / Sparse,0.3541,0.0052,0.7307,0.7000,#FFAA00,21.900382544678745,50.02653671605837
3977,0.3593,Moderate Risk,3,1.24,0.1180,Bare Land,Peri-Urban / Sparse,0.3541,0.0028,0.7339,0.7000,#FFAA00,20.469574374992256,49.10282055804191
3978,0.3593,Moderate Risk,3,1.23,0.1179,Bare Land,Peri-Urban / Sparse,0.3541,0.0028,0.7339,0.7000,#FFAA00,20.470657374741734,49.05675093742531
3979,0.3593,Moderate Risk,3,1.44,0.1181,Bare Land,Peri-Urban / Sparse,0.3541,0.0033,0.7332,0.7000,#FFAA00,20.89693810680611,49.48409251791686
3980,0.3593,Moderate Risk,3,2.36,0.1186,Bare Land,Peri-Urban / Sparse,0.3541,0.0054,0.7302,0.7000,#FFAA00,21.806598002754804,50.67362273613858
3981,0.3593,Moderate Risk,3,2.54,0.1187,Bare Land,Peri-Urban / Sparse,0.3541,0.0058,0.7296,0.7000,#FFAA00,22.534188692330538,50.65630667794358
3982,0.3593,Moderate Risk,3,1.80,0.1183,Bare Land,Peri-Urban / Sparse,0.3541,0.0041,0.7320,0.7000,#FFAA00,21.620474495763315,49.64539843017361
3983,0.3593,Moderate Risk,3,2.21,0.1184,Bare Land,Peri-Urban / Sparse,0.3541,0.0050,0.7310,0.7000,#FFAA00,21.598050834274815,50.38716475803443
3984,0.3593,Moderate Risk,3,2.03,0.1184,Bare Land,Peri-Urban / Sparse,0.3541,0.0046,0.7315,0.7000,#FFAA00,21.51931817796362,50.56966875960298
3985,0.3593,Moderate Risk,3,1.89,0.1183,Bare Land,Peri-Urban / Sparse,0.3541,0.0043,0.7317,0.7000,#FFAA00,23.056934900405857,50.2561245988445
3986,0.3593,Moderate Risk,3,2.00,0.1184,Bare Land,Peri-Urban / Sparse,0.3541,0.0046,0.7313,0.7000,#FFAA00,23.713836069411883,50.18793424857859
3987,0.3593,Moderate Risk,3,2.07,0.1185,Bare Land,Peri-Urban / Sparse,0.3541,0.0047,0.7310,0.7000,#FFAA00,23.8575150266207,50.24082945749477
3988,0.3593,Moderate Risk,3,2.72,0.1188,Bare Land,Peri-Urban / Sparse,0.3541,0.0062,0.7291,0.7000,#FFAA00,24.228660671960586,50.01937539365806
3989,0.3593,Moderate Risk,3,1.57,0.1181,Bare Land,Peri-Urban / Sparse,0.3541,0.0036,0.7331,0.7000,#FFAA00,21.250336725699892,49.86521276973941
3990,0.3593,Moderate Risk,3,1.55,0.1181,Bare Land,Peri-Urban / Sparse,0.3541,0.0035,0.7331,0.7000,#FFAA00,21.774751260045136,49.32493916317099
3991,0.3593,Moderate Risk,3,1.47,0.1181,Bare Land,Peri-Urban / Sparse,0.3541,0.0033,0.7331,0.7000,#FFAA00,21.782955240753715,48.99964391575414
3992,0.3593,Moderate Risk,3,1.50,0.1181,Bare Land,Peri-Urban / Sparse,0.3541,0.0034,0.7331,0.7000,#FFAA00,21.108864466159677,49.72179246976814
3993,0.3592,Moderate Risk,3,2.41,0.1187,Bare Land,Peri-Urban / Sparse,0.3541,0.0055,0.7295,0.7000,#FFAA00,22.16463879498041,50.82757212418159
3994,0.3592,Moderate Risk,3,1.81,0.1184,Bare Land,Peri-Urban / Sparse,0.3541,0.0041,0.7315,0.7000,#FFAA00,22.481756369065078,50.047319456585576
3995,0.3592,Moderate Risk,3,2.18,0.1186,Bare Land,Peri-Urban / Sparse,0.3541,0.0050,0.7303,0.7000,#FFAA00,21.595017138612477,50.47981588967367
3996,0.3592,Moderate Risk,3,2.32,0.1187,Bare Land,Peri-Urban / Sparse,0.3541,0.0053,0.7297,0.7000,#FFAA00,23.042327108335325,50.677370450923085
3997,0.3592,Moderate Risk,3,2.15,0.1186,Bare Land,Peri-Urban / Sparse,0.3541,0.0049,0.7304,0.7000,#FFAA00,22.47579317050095,50.23386236914208
3998,0.3592,Moderate Risk,3,2.41,0.1187,Bare Land,Peri-Urban / Sparse,0.3541,0.0055,0.7293,0.7000,#FFAA00,22.09698626597651,50.68519594136119
3999,0.3592,Moderate Risk,3,2.04,0.1185,Bare Land,Peri-Urban / Sparse,0.3541,0.0047,0.7308,0.7000,#FFAA00,21.5208612787189,50.52337628767558
4000,0.3592,Moderate Risk,3,2.63,0.1188,Bare Land,Peri-Urban / Sparse,0.3541,0.0060,0.7289,0.7000,#FFAA00,22.746923619244743,50.805302595252414
4001,0.3592,Moderate Risk,3,1.59,0.1182,Bare Land,Peri-Urban / Sparse,0.3541,0.0036,0.7324,0.7000,#FFAA00,21.32168595240231,49.91388916527496
4002,0.3592,Moderate Risk,3,2.03,0.1184,Bare Land,Peri-Urban / Sparse,0.3541,0.0046,0.7310,0.7000,#FFAA00,23.71224669844597,50.23499269397339
4003,0.3592,Moderate Risk,3,2.20,0.1185,Bare Land,Peri-Urban / Sparse,0.3541,0.0050,0.7305,0.7000,#FFAA00,22.760105957461565,50.43177028761411
4004,0.3592,Moderate Risk,3,1.75,0.1183,Bare Land,Peri-Urban / Sparse,0.3541,0.0040,0.7320,0.7000,#FFAA00,21.62047449576331,49.64539843017361
4005,0.3592,Moderate Risk,3,1.49,0.1182,Bare Land,Peri-Urban / Sparse,0.3541,0.0034,0.7327,0.7000,#FFAA00,21.41793336075053,49.03600432222324
4006,0.3592,Moderate Risk,3,2.43,0.1187,Bare Land,Peri-Urban / Sparse,0.3541,0.0055,0.7293,0.7000,#FFAA00,22.39383318795884,50.51067987156815
4007,0.3592,Moderate Risk,3,2.45,0.1187,Bare Land,Peri-Urban / Sparse,0.3541,0.0056,0.7293,0.7000,#FFAA00,24.013755069160563,49.91648889231415
4008,0.3592,Moderate Risk,3,1.47,0.1181,Bare Land,Peri-Urban / Sparse,0.3541,0.0034,0.7328,0.7000,#FFAA00,20.490587534440927,48.088656033154884
4009,0.3592,Moderate Risk,3,1.87,0.1183,Bare Land,Peri-Urban / Sparse,0.3541,0.0043,0.7316,0.7000,#FFAA00,23.07042736937188,49.834548486594876
4010,0.3592,Moderate Risk,3,2.21,0.1186,Bare Land,Peri-Urban / Sparse,0.3541,0.0050,0.7303,0.7000,#FFAA00,22.546909584303492,50.28325548526548
4011,0.3592,Moderate Risk,3,2.33,0.1186,Bare Land,Peri-Urban / Sparse,0.3541,0.0053,0.7299,0.7000,#FFAA00,22.542239833711754,50.423180991449485
4012,0.3592,Moderate Risk,3,2.28,0.1187,Bare Land,Peri-Urban / Sparse,0.3541,0.0052,0.7298,0.7000,#FFAA00,21.66297806019811,50.621578268386365
4013,0.3592,Moderate Risk,3,0.93,0.1178,Bare Land,Rural / Scattered,0.3541,0.0021,0.7347,0.7000,#FFAA00,19.877107574818485,51.79244099645878
4014,0.3592,Moderate Risk,3,1.58,0.1182,Bare Land,Peri-Urban / Sparse,0.3541,0.0036,0.7325,0.7000,#FFAA00,21.252987288994838,49.77268951833098
4015,0.3592,Moderate Risk,3,1.77,0.1184,Bare Land,Peri-Urban / Sparse,0.3541,0.0040,0.7315,0.7000,#FFAA00,21.53699374710346,50.01389450385717
4016,0.3592,Moderate Risk,3,2.29,0.1186,Bare Land,Peri-Urban / Sparse,0.3541,0.0052,0.7300,0.7000,#FFAA00,23.11491414382632,50.68042877406627
4017,0.3592,Moderate Risk,3,1.55,0.1182,Bare Land,Peri-Urban / Sparse,0.3541,0.0035,0.7324,0.7000,#FFAA00,21.248992526470396,49.91146899321288
4018,0.3592,Moderate Risk,3,1.92,0.1184,Bare Land,Peri-Urban / Sparse,0.3541,0.0044,0.7312,0.7000,#FFAA00,21.611068445832053,49.97003915312468
4019,0.3592,Moderate Risk,3,1.97,0.1185,Bare Land,Peri-Urban / Sparse,0.3541,0.0045,0.7310,0.7000,#FFAA00,21.609673338370047,50.01640178607547
4020,0.3592,Moderate Risk,3,0.49,0.1176,Bare Land,Rural / Scattered,0.3541,0.0011,0.7362,0.7000,#FFAA00,21.36822720432828,47.92105251713058
4021,0.3592,Moderate Risk,3,1.92,0.1184,Bare Land,Peri-Urban / Sparse,0.3541,0.0044,0.7313,0.7000,#FFAA00,21.76326823425917,49.742939852931336
4022,0.3592,Moderate Risk,3,6.62,0.1211,Bare Land,Peri-Urban / Sparse,0.3541,0.0151,0.7153,0.7000,#FFAA00,24.97201326869062,49.52541256143937
4023,0.3591,Moderate Risk,3,2.32,0.1188,Bare Land,Peri-Urban / Sparse,0.3541,0.0053,0.7292,0.7000,#FFAA00,22.974714497995087,50.534021870478114
4024,0.3591,Moderate Risk,3,1.87,0.1184,Bare Land,Peri-Urban / Sparse,0.3541,0.0043,0.7310,0.7000,#FFAA00,21.532747172784607,50.152890963286914
4025,0.3591,Moderate Risk,3,2.55,0.1189,Bare Land,Peri-Urban / Sparse,0.3541,0.0058,0.7286,0.7000,#FFAA00,22.60842586657558,50.6126382754096
4026,0.3591,Moderate Risk,3,0.77,0.1178,Bare Land,Rural / Scattered,0.3541,0.0017,0.7346,0.7000,#FFAA00,19.668229675917487,51.554999774554936
4027,0.3591,Moderate Risk,3,1.83,0.1185,Bare Land,Peri-Urban / Sparse,0.3541,0.0042,0.7309,0.7000,#FFAA00,22.340719250412416,49.9022557303994
4028,0.3591,Moderate Risk,3,2.40,0.1188,Bare Land,Peri-Urban / Sparse,0.3541,0.0055,0.7292,0.7000,#FFAA00,22.30978909180162,50.83359767425643
4029,0.3591,Moderate Risk,3,1.29,0.1182,Bare Land,Peri-Urban / Sparse,0.3541,0.0029,0.7327,0.7000,#FFAA00,21.5123053053709,48.01685003655223
4030,0.3591,Moderate Risk,3,1.63,0.1184,Bare Land,Peri-Urban / Sparse,0.3541,0.0037,0.7315,0.7000,#FFAA00,21.39163183801141,50.0089115136722
4031,0.3591,Moderate Risk,3,1.61,0.1183,Bare Land,Peri-Urban / Sparse,0.3541,0.0037,0.7317,0.7000,#FFAA00,21.394378487207668,49.916319608889
4032,0.3591,Moderate Risk,3,2.43,0.1188,Bare Land,Peri-Urban / Sparse,0.3541,0.0055,0.7289,0.7000,#FFAA00,22.238880942229553,50.784075155109356
4033,0.3591,Moderate Risk,3,2.86,0.1190,Bare Land,Peri-Urban / Sparse,0.3541,0.0065,0.7276,0.7000,#FFAA00,24.74953614253347,49.65992290870214
4034,0.3591,Moderate Risk,3,2.43,0.1188,Bare Land,Peri-Urban / Sparse,0.3541,0.0055,0.7290,0.7000,#FFAA00,22.900468864974922,50.57780947412959
4035,0.3591,Moderate Risk,3,2.88,0.1191,Bare Land,Peri-Urban / Sparse,0.3541,0.0066,0.7272,0.7000,#FFAA00,24.890375404086434,49.80796692397681
4036,0.3591,Moderate Risk,3,1.51,0.1183,Bare Land,Peri-Urban / Sparse,0.3541,0.0034,0.7319,0.7000,#FFAA00,21.856858809678425,48.95516360024126
4037,0.3591,Moderate Risk,3,2.46,0.1188,Bare Land,Peri-Urban / Sparse,0.3541,0.0056,0.7289,0.7000,#FFAA00,21.965756910956127,50.26143322089616
4038,0.3591,Moderate Risk,3,2.45,0.1188,Bare Land,Peri-Urban / Sparse,0.3541,0.0056,0.7289,0.7000,#FFAA00,21.89605715249968,50.165879896167006
4039,0.3591,Moderate Risk,3,2.26,0.1187,Bare Land,Peri-Urban / Sparse,0.3541,0.0051,0.7297,0.7000,#FFAA00,22.396990766161775,50.41751317258547
4040,0.3591,Moderate Risk,3,2.23,0.1187,Bare Land,Peri-Urban / Sparse,0.3541,0.0051,0.7297,0.7000,#FFAA00,22.400095067835952,50.32432994616128
4041,0.3591,Moderate Risk,3,1.43,0.1182,Bare Land,Peri-Urban / Sparse,0.3541,0.0033,0.7322,0.7000,#FFAA00,20.89448574774515,49.576434045293205
4042,0.3591,Moderate Risk,3,1.50,0.1183,Bare Land,Peri-Urban / Sparse,0.3541,0.0034,0.7320,0.7000,#FFAA00,21.05619476351005,48.9335904721382
4043,0.3591,Moderate Risk,3,2.32,0.1187,Bare Land,Peri-Urban / Sparse,0.3541,0.0053,0.7296,0.7000,#FFAA00,21.752180154266153,50.11425428902814
4044,0.3591,Moderate Risk,3,2.33,0.1187,Bare Land,Peri-Urban / Sparse,0.3541,0.0053,0.7294,0.7000,#FFAA00,21.733998435718636,50.67075945088905
4045,0.3591,Moderate Risk,3,1.49,0.1182,Bare Land,Peri-Urban / Sparse,0.3541,0.0034,0.7322,0.7000,#FFAA00,21.11267902343782,49.583105471085716
4046,0.3591,Moderate Risk,3,1.44,0.1182,Bare Land,Peri-Urban / Sparse,0.3541,0.0033,0.7324,0.7000,#FFAA00,21.130056901216555,48.88923058483872
4047,0.3591,Moderate Risk,3,2.06,0.1186,Bare Land,Peri-Urban / Sparse,0.3541,0.0047,0.7300,0.7000,#FFAA00,21.60541103095223,50.15546701155199
4048,0.3591,Moderate Risk,3,1.87,0.1185,Bare Land,Peri-Urban / Sparse,0.3541,0.0043,0.7309,0.7000,#FFAA00,22.997740821425978,49.831950029076154
4049,0.3591,Moderate Risk,3,2.19,0.1186,Bare Land,Peri-Urban / Sparse,0.3541,0.0050,0.7298,0.7000,#FFAA00,21.59654038303369,50.43349235559953
4050,0.3590,Moderate Risk,3,1.46,0.1183,Bare Land,Peri-Urban / Sparse,0.3541,0.0033,0.7319,0.7000,#FFAA00,21.78182226001687,49.04612398173961
4051,0.3590,Moderate Risk,3,1.89,0.1186,Bare Land,Peri-Urban / Sparse,0.3541,0.0043,0.7302,0.7000,#FFAA00,22.919235640511978,50.01656934008782
4052,0.3590,Moderate Risk,3,1.67,0.1184,Bare Land,Peri-Urban / Sparse,0.3541,0.0038,0.7311,0.7000,#FFAA00,21.46569805870897,49.96508090317909
4053,0.3590,Moderate Risk,3,2.31,0.1188,Bare Land,Peri-Urban / Sparse,0.3541,0.0053,0.7287,0.7000,#FFAA00,26.097685298656685,48.26920015114679
4054,0.3590,Moderate Risk,3,1.26,0.1182,Bare Land,Peri-Urban / Sparse,0.3541,0.0029,0.7326,0.7000,#FFAA00,19.402696539792707,47.74672800998774
4055,0.3590,Moderate Risk,3,1.44,0.1183,Bare Land,Peri-Urban / Sparse,0.3541,0.0033,0.7320,0.7000,#FFAA00,20.560922605277025,48.22855267265998
4056,0.3590,Moderate Risk,3,1.62,0.1184,Bare Land,Peri-Urban / Sparse,0.3541,0.0037,0.7314,0.7000,#FFAA00,21.393011510763063,49.96261740975393
4057,0.3590,Moderate Risk,3,1.48,0.1183,Bare Land,Peri-Urban / Sparse,0.3541,0.0034,0.7317,0.7000,#FFAA00,19.839334263662042,47.80012204669525
4058,0.3590,Moderate Risk,3,1.82,0.1185,Bare Land,Peri-Urban / Sparse,0.3541,0.0041,0.7306,0.7000,#FFAA00,22.49704843398276,49.534014719157746
4059,0.3590,Moderate Risk,3,20.52,0.0780,Natural Vegetation,Low Density Urban,0.3541,0.0468,0.9666,0.1000,#FFAA00,25.58480446218738,48.39885958090543
4060,0.3590,Moderate Risk,3,2.42,0.1189,Bare Land,Peri-Urban / Sparse,0.3541,0.0055,0.7286,0.7000,#FFAA00,22.166299272971006,50.78109225025405
4061,0.3590,Moderate Risk,3,2.48,0.1189,Bare Land,Peri-Urban / Sparse,0.3541,0.0057,0.7282,0.7000,#FFAA00,22.824559724786397,50.66826953327781
4062,0.3590,Moderate Risk,3,1.40,0.1182,Bare Land,Peri-Urban / Sparse,0.3541,0.0032,0.7322,0.7000,#FFAA00,20.825399003546742,49.43577814426988
4063,0.3590,Moderate Risk,3,2.86,0.1192,Bare Land,Peri-Urban / Sparse,0.3541,0.0065,0.7268,0.7000,#FFAA00,24.53292298352189,49.60442085176577
4064,0.3590,Moderate Risk,3,2.02,0.1186,Bare Land,Peri-Urban / Sparse,0.3541,0.0046,0.7301,0.7000,#FFAA00,21.606844626558537,50.109115749503644
4065,0.3590,Moderate Risk,3,2.50,0.1189,Bare Land,Peri-Urban / Sparse,0.3541,0.0057,0.7282,0.7000,#FFAA00,22.895469965781643,50.71802500398762
4066,0.3590,Moderate Risk,3,1.68,0.1185,Bare Land,Peri-Urban / Sparse,0.3541,0.0038,0.7310,0.7000,#FFAA00,21.4629156940149,50.057710866000214
4067,0.3590,Moderate Risk,3,3.65,0.1196,Bare Land,Peri-Urban / Sparse,0.3541,0.0083,0.7244,0.7000,#FFAA00,19.4776258267526,47.61041008587833
4068,0.3590,Moderate Risk,3,2.06,0.1187,Bare Land,Peri-Urban / Sparse,0.3541,0.0047,0.7298,0.7000,#FFAA00,21.522391642795895,50.477079693375565
4069,0.3590,Moderate Risk,3,2.96,0.1192,Bare Land,Peri-Urban / Sparse,0.3541,0.0067,0.7269,0.7000,#FFAA00,24.15286241968024,50.11098471279276
4070,0.3590,Moderate Risk,3,1.67,0.1184,Bare Land,Peri-Urban / Sparse,0.3541,0.0038,0.7312,0.7000,#FFAA00,21.464313245980737,50.011397754234615
4071,0.3590,Moderate Risk,3,1.49,0.1184,Bare Land,Peri-Urban / Sparse,0.3541,0.0034,0.7315,0.7000,#FFAA00,21.111420039185905,49.62933790982868
4072,0.3590,Moderate Risk,3,1.44,0.1183,Bare Land,Peri-Urban / Sparse,0.3541,0.0033,0.7319,0.7000,#FFAA00,20.898145678736917,49.43791678058222
4073,0.3589,Moderate Risk,3,2.25,0.1188,Bare Land,Peri-Urban / Sparse,0.3541,0.0051,0.7287,0.7000,#FFAA00,22.39854957899293,50.370923607828196
4074,0.3589,Moderate Risk,3,2.31,0.1189,Bare Land,Peri-Urban / Sparse,0.3541,0.0053,0.7285,0.7000,#FFAA00,21.971623539101113,50.07557199526642
4075,0.3589,Moderate Risk,3,6.99,0.1217,Bare Land,Peri-Urban / Sparse,0.3541,0.0159,0.7123,0.7000,#FFAA00,24.68262653501212,49.46736885867681
4076,0.3589,Moderate Risk,3,1.41,0.1184,Bare Land,Peri-Urban / Sparse,0.3541,0.0032,0.7315,0.7000,#FFAA00,20.822980670449013,49.52808217919265
4077,0.3589,Moderate Risk,3,1.54,0.1184,Bare Land,Peri-Urban / Sparse,0.3541,0.0035,0.7312,0.7000,#FFAA00,21.637393814390727,48.995616979048044
4078,0.3589,Moderate Risk,3,2.41,0.1190,Bare Land,Peri-Urban / Sparse,0.3541,0.0055,0.7279,0.7000,#FFAA00,22.095357969234623,50.731660966779
4079,0.3589,Moderate Risk,3,2.69,0.1191,Bare Land,Peri-Urban / Sparse,0.3541,0.0061,0.7269,0.7000,#FFAA00,25.950994665824396,48.313196340668284
4080,0.3589,Moderate Risk,3,1.99,0.1187,Bare Land,Peri-Urban / Sparse,0.3541,0.0045,0.7294,0.7000,#FFAA00,21.761927518838277,49.78936700179264
4081,0.3589,Moderate Risk,3,1.48,0.1184,Bare Land,Peri-Urban / Sparse,0.3541,0.0034,0.7311,0.7000,#FFAA00,21.042419785262258,49.48844181496854
4082,0.3589,Moderate Risk,3,2.13,0.1188,Bare Land,Peri-Urban / Sparse,0.3541,0.0049,0.7292,0.7000,#FFAA00,21.60396461477248,50.201814414897676
4083,0.3589,Moderate Risk,3,1.76,0.1185,Bare Land,Peri-Urban / Sparse,0.3541,0.0040,0.7304,0.7000,#FFAA00,21.538383704727348,49.96755480986106
4084,0.3589,Moderate Risk,3,2.16,0.1188,Bare Land,Peri-Urban / Sparse,0.3541,0.0049,0.7287,0.7000,#FFAA00,23.538793278744404,48.67399192076803
4085,0.3589,Moderate Risk,3,2.07,0.1188,Bare Land,Peri-Urban / Sparse,0.3541,0.0047,0.7292,0.7000,#FFAA00,22.690633840287404,50.33551875706105
4086,0.3589,Moderate Risk,3,2.31,0.1189,Bare Land,Peri-Urban / Sparse,0.3541,0.0053,0.7282,0.7000,#FFAA00,23.118268242473405,50.586798694742555
4087,0.3589,Moderate Risk,3,2.50,0.1190,Bare Land,Peri-Urban / Sparse,0.3541,0.0057,0.7277,0.7000,#FFAA00,22.82288570969915,50.71497911013699
4088,0.3589,Moderate Risk,3,1.67,0.1185,Bare Land,Peri-Urban / Sparse,0.3541,0.0038,0.7307,0.7000,#FFAA00,22.0068212253399,48.772950422915194
4089,0.3589,Moderate Risk,3,1.23,0.1182,Bare Land,Peri-Urban / Sparse,0.3541,0.0028,0.7322,0.7000,#FFAA00,20.399992290604292,48.96273439062253
4090,0.3589,Moderate Risk,3,6.06,0.1211,Bare Land,Peri-Urban / Sparse,0.3541,0.0138,0.7154,0.7000,#FFAA00,25.20266204575609,49.104381290452125
4091,0.3589,Moderate Risk,3,1.92,0.1187,Bare Land,Peri-Urban / Sparse,0.3541,0.0044,0.7298,0.7000,#FFAA00,23.099818115438328,48.755867373609604
4092,0.3589,Moderate Risk,3,1.87,0.1186,Bare Land,Peri-Urban / Sparse,0.3541,0.0043,0.7300,0.7000,#FFAA00,23.027028538958888,48.75384487717846
4093,0.3589,Moderate Risk,3,2.36,0.1189,Bare Land,Peri-Urban / Sparse,0.3541,0.0054,0.7282,0.7000,#FFAA00,21.879196572664814,50.6764980005569
4094,0.3588,Moderate Risk,3,6.54,0.1386,Minepits/Industry,Peri-Urban / Sparse,0.3541,0.0149,0.6134,0.9000,#FFAA00,23.455441227969033,49.095471228618926
4095,0.3588,Moderate Risk,3,1.92,0.1188,Bare Land,Peri-Urban / Sparse,0.3541,0.0044,0.7292,0.7000,#FFAA00,23.001974969772068,49.6914306576801
4096,0.3588,Moderate Risk,3,1.63,0.1186,Bare Land,Peri-Urban / Sparse,0.3541,0.0037,0.7301,0.7000,#FFAA00,21.390239473210393,50.05520188663005
4097,0.3588,Moderate Risk,3,2.39,0.1190,Bare Land,Peri-Urban / Sparse,0.3541,0.0054,0.7276,0.7000,#FFAA00,22.96805317409345,50.721083300296584
4098,0.3588,Moderate Risk,3,1.60,0.1186,Bare Land,Peri-Urban / Sparse,0.3541,0.0037,0.7304,0.7000,#FFAA00,21.397074334337276,49.823713052452625
4099,0.3588,Moderate Risk,3,1.48,0.1185,Bare Land,Peri-Urban / Sparse,0.3541,0.0034,0.7306,0.7000,#FFAA00,19.91222133496754,47.80140350210062
4100,0.3588,Moderate Risk,3,1.31,0.1184,Bare Land,Peri-Urban / Sparse,0.3541,0.0030,0.7315,0.7000,#FFAA00,19.975522061426023,48.35440204367694
4101,0.3588,Moderate Risk,3,2.50,0.1191,Bare Land,Peri-Urban / Sparse,0.3541,0.0057,0.7274,0.7000,#FFAA00,22.681024991007252,50.61559858644387
4102,0.3588,Moderate Risk,3,2.54,0.1191,Bare Land,Peri-Urban / Sparse,0.3541,0.0058,0.7272,0.7000,#FFAA00,22.67434922597409,50.80223271166757
4103,0.3588,Moderate Risk,3,1.84,0.1187,Bare Land,Peri-Urban / Sparse,0.3541,0.0042,0.7294,0.7000,#FFAA00,21.534175476779296,50.10656261470933
4104,0.3588,Moderate Risk,3,2.81,0.1193,Bare Land,Peri-Urban / Sparse,0.3541,0.0064,0.7263,0.7000,#FFAA00,24.15600520334006,50.01652525244903
4105,0.3588,Moderate Risk,3,2.15,0.1189,Bare Land,Peri-Urban / Sparse,0.3541,0.0049,0.7282,0.7000,#FFAA00,21.591932289071813,50.57245063108083
4106,0.3588,Moderate Risk,3,2.18,0.1189,Bare Land,Peri-Urban / Sparse,0.3541,0.0050,0.7284,0.7000,#FFAA00,19.403383792276223,47.70090197949954
4107,0.3588,Moderate Risk,3,2.26,0.1190,Bare Land,Peri-Urban / Sparse,0.3541,0.0051,0.7279,0.7000,#FFAA00,21.667641669464825,50.48256360193621
4108,0.3588,Moderate Risk,3,2.27,0.1189,Bare Land,Peri-Urban / Sparse,0.3541,0.0052,0.7282,0.7000,#FFAA00,21.6780739610895,50.15805390447992
4109,0.3588,Moderate Risk,3,1.78,0.1187,Bare Land,Peri-Urban / Sparse,0.3541,0.0041,0.7296,0.7000,#FFAA00,22.49167571874151,49.72072207838182
4110,0.3588,Moderate Risk,3,2.37,0.1190,Bare Land,Peri-Urban / Sparse,0.3541,0.0054,0.7279,0.7000,#FFAA00,21.826283060224966,50.07041531197218
4111,0.3588,Moderate Risk,3,1.35,0.1184,Bare Land,Peri-Urban / Sparse,0.3541,0.0031,0.7311,0.7000,#FFAA00,20.75265150233631,49.433648680594025
4112,0.3588,Moderate Risk,3,1.34,0.1184,Bare Land,Peri-Urban / Sparse,0.3541,0.0030,0.7313,0.7000,#FFAA00,20.68341103798677,49.293179585311606
4113,0.3588,Moderate Risk,3,1.46,0.1184,Bare Land,Peri-Urban / Sparse,0.3541,0.0033,0.7310,0.7000,#FFAA00,21.036148579917516,49.719492172402724
4114,0.3588,Moderate Risk,3,1.53,0.1185,Bare Land,Peri-Urban / Sparse,0.3541,0.0035,0.7308,0.7000,#FFAA00,21.178963985214104,49.816587972502084
4115,0.3588,Moderate Risk,3,1.80,0.1186,Bare Land,Peri-Urban / Sparse,0.3541,0.0041,0.7298,0.7000,#FFAA00,26.098768461191458,48.221105738799835
4116,0.3588,Moderate Risk,3,2.20,0.1189,Bare Land,Peri-Urban / Sparse,0.3541,0.0050,0.7285,0.7000,#FFAA00,22.192513439408224,49.99029245680151
4117,0.3588,Moderate Risk,3,0.80,0.1181,Bare Land,Rural / Scattered,0.3541,0.0018,0.7330,0.7000,#FFAA00,19.73563641006144,51.69495935117692
4118,0.3588,Moderate Risk,3,4.17,0.1200,Bare Land,Peri-Urban / Sparse,0.3541,0.0095,0.7217,0.7000,#FFAA00,24.970556618646683,49.57298543866414
4119,0.3587,Moderate Risk,3,2.39,0.1191,Bare Land,Peri-Urban / Sparse,0.3541,0.0054,0.7272,0.7000,#FFAA00,22.022768307806416,50.728726123412685
4120,0.3587,Moderate Risk,3,1.55,0.1186,Bare Land,Peri-Urban / Sparse,0.3541,0.0035,0.7302,0.7000,#FFAA00,21.317562343629017,50.05270348845945
4121,0.3587,Moderate Risk,3,1.24,0.1184,Bare Land,Peri-Urban / Sparse,0.3541,0.0028,0.7310,0.7000,#FFAA00,20.471728218474226,49.010678354398834
4122,0.3587,Moderate Risk,3,1.50,0.1186,Bare Land,Peri-Urban / Sparse,0.3541,0.0034,0.7300,0.7000,#FFAA00,21.1075678852614,49.7680145233302
4123,0.3587,Moderate Risk,3,1.87,0.1188,Bare Land,Peri-Urban / Sparse,0.3541,0.0043,0.7288,0.7000,#FFAA00,22.99484923023408,49.925610939919984
4124,0.3587,Moderate Risk,3,1.59,0.1186,Bare Land,Peri-Urban / Sparse,0.3541,0.0036,0.7299,0.7000,#FFAA00,21.324371765257165,49.82132795268209
4125,0.3587,Moderate Risk,3,2.40,0.1191,Bare Land,Peri-Urban / Sparse,0.3541,0.0055,0.7272,0.7000,#FFAA00,21.883950676684904,50.53728785881856
4126,0.3587,Moderate Risk,3,1.60,0.1187,Bare Land,Peri-Urban / Sparse,0.3541,0.0037,0.7296,0.7000,#FFAA00,21.395732763125984,49.870018145106876
4127,0.3587,Moderate Risk,3,1.30,0.1185,Bare Land,Peri-Urban / Sparse,0.3541,0.0030,0.7307,0.7000,#FFAA00,20.611788804827356,49.245033026430576
4128,0.3587,Moderate Risk,3,2.36,0.1191,Bare Land,Peri-Urban / Sparse,0.3541,0.0054,0.7273,0.7000,#FFAA00,21.823397024945606,50.163260322163495
4129,0.3587,Moderate Risk,3,2.65,0.1193,Bare Land,Peri-Urban / Sparse,0.3541,0.0060,0.7263,0.7000,#FFAA00,24.67684689580368,49.65721186980891
4130,0.3587,Moderate Risk,3,1.47,0.1186,Bare Land,Peri-Urban / Sparse,0.3541,0.0033,0.7301,0.7000,#FFAA00,20.970891525156922,49.4400646095304
4131,0.3587,Moderate Risk,3,1.59,0.1186,Bare Land,Peri-Urban / Sparse,0.3541,0.0036,0.7300,0.7000,#FFAA00,21.323035187583677,49.86761036938355
4132,0.3587,Moderate Risk,3,2.44,0.1191,Bare Land,Peri-Urban / Sparse,0.3541,0.0056,0.7272,0.7000,#FFAA00,22.82786700868592,50.57483731316217
4133,0.3587,Moderate Risk,3,1.50,0.1186,Bare Land,Peri-Urban / Sparse,0.3541,0.0034,0.7302,0.7000,#FFAA00,21.057261230498256,48.887333120795304
4134,0.3587,Moderate Risk,3,1.58,0.1186,Bare Land,Peri-Urban / Sparse,0.3541,0.0036,0.7301,0.7000,#FFAA00,21.254293644885685,49.72642255823535
4135,0.3587,Moderate Risk,3,1.50,0.1186,Bare Land,Peri-Urban / Sparse,0.3541,0.0034,0.7301,0.7000,#FFAA00,21.113925467661595,49.53686963827443
4136,0.3587,Moderate Risk,3,2.25,0.1191,Bare Land,Peri-Urban / Sparse,0.3541,0.0051,0.7274,0.7000,#FFAA00,22.04573161043577,50.031667997904215
4137,0.3587,Moderate Risk,3,1.75,0.1187,Bare Land,Peri-Urban / Sparse,0.3541,0.0040,0.7293,0.7000,#FFAA00,21.54112524342539,49.87486431554533
4138,0.3587,Moderate Risk,3,2.40,0.1191,Bare Land,Peri-Urban / Sparse,0.3541,0.0055,0.7270,0.7000,#FFAA00,21.89751196578713,50.11943601721497
4139,0.3587,Moderate Risk,3,2.13,0.1190,Bare Land,Peri-Urban / Sparse,0.3541,0.0048,0.7279,0.7000,#FFAA00,22.68906613640608,50.382209184565774
4140,0.3587,Moderate Risk,3,1.46,0.1186,Bare Land,Peri-Urban / Sparse,0.3541,0.0033,0.7302,0.7000,#FFAA00,21.03742779901839,49.67328894166521
4141,0.3587,Moderate Risk,3,0.94,0.1183,Bare Land,Rural / Scattered,0.3541,0.0021,0.7321,0.7000,#FFAA00,19.875351254201327,51.83812689579184
4142,0.3587,Moderate Risk,3,1.20,0.1184,Bare Land,Peri-Urban / Sparse,0.3541,0.0027,0.7310,0.7000,#FFAA00,20.187606306574814,48.68117988364503
4143,0.3587,Moderate Risk,3,2.13,0.1189,Bare Land,Peri-Urban / Sparse,0.3541,0.0049,0.7281,0.7000,#FFAA00,23.757165097806723,48.68010263363997
4144,0.3586,Moderate Risk,3,1.27,0.1186,Bare Land,Peri-Urban / Sparse,0.3541,0.0029,0.7302,0.7000,#FFAA00,20.612916915792276,49.1989291290263
4145,0.3586,Moderate Risk,3,1.46,0.1186,Bare Land,Peri-Urban / Sparse,0.3541,0.0033,0.7299,0.7000,#FFAA00,19.91149082928467,47.84737034253076
4146,0.3586,Moderate Risk,3,1.47,0.1186,Bare Land,Peri-Urban / Sparse,0.3541,0.0034,0.7300,0.7000,#FFAA00,21.041190529953383,49.53465865967315
4147,0.3586,Moderate Risk,3,1.61,0.1188,Bare Land,Peri-Urban / Sparse,0.3541,0.0037,0.7291,0.7000,#FFAA00,21.39840319669932,49.777404364986765
4148,0.3586,Moderate Risk,3,1.81,0.1188,Bare Land,Peri-Urban / Sparse,0.3541,0.0041,0.7288,0.7000,#FFAA00,22.562997008536197,49.76989100364559
4149,0.3586,Moderate Risk,3,1.23,0.1186,Bare Land,Peri-Urban / Sparse,0.3541,0.0028,0.7304,0.7000,#FFAA00,20.54014481570074,49.196935641295674
4150,0.3586,Moderate Risk,3,1.42,0.1186,Bare Land,Peri-Urban / Sparse,0.3541,0.0032,0.7300,0.7000,#FFAA00,20.199129656101086,48.08286415977242
4151,0.3586,Moderate Risk,3,1.80,0.1188,Bare Land,Peri-Urban / Sparse,0.3541,0.0041,0.7288,0.7000,#FFAA00,22.635694155449418,49.77240231661197
4152,0.3586,Moderate Risk,3,2.45,0.1193,Bare Land,Peri-Urban / Sparse,0.3541,0.0056,0.7262,0.7000,#FFAA00,22.392234432400134,50.55725693593757
4153,0.3586,Moderate Risk,3,1.60,0.1188,Bare Land,Peri-Urban / Sparse,0.3541,0.0036,0.7292,0.7000,#FFAA00,21.327006931621696,49.728752392808666
4154,0.3586,Moderate Risk,3,1.35,0.1186,Bare Land,Peri-Urban / Sparse,0.3541,0.0031,0.7303,0.7000,#FFAA00,20.685688218403616,49.200931260471016
4155,0.3586,Moderate Risk,3,2.95,0.1195,Bare Land,Peri-Urban / Sparse,0.3541,0.0067,0.7246,0.7000,#FFAA00,24.16360783853834,49.7803071384728
4156,0.3586,Moderate Risk,3,2.96,0.1195,Bare Land,Peri-Urban / Sparse,0.3541,0.0068,0.7248,0.7000,#FFAA00,25.431089600702034,48.729442661690825
4157,0.3586,Moderate Risk,3,2.40,0.1192,Bare Land,Peri-Urban / Sparse,0.3541,0.0055,0.7266,0.7000,#FFAA00,22.311461582359218,50.787070399226664
4158,0.3586,Moderate Risk,3,1.40,0.1186,Bare Land,Peri-Urban / Sparse,0.3541,0.0032,0.7301,0.7000,#FFAA00,20.824196016640396,49.48193181041115
4159,0.3586,Moderate Risk,3,1.57,0.1187,Bare Land,Peri-Urban / Sparse,0.3541,0.0036,0.7293,0.7000,#FFAA00,21.251668314576843,49.818952933474755
4160,0.3586,Moderate Risk,3,1.46,0.1186,Bare Land,Peri-Urban / Sparse,0.3541,0.0033,0.7299,0.7000,#FFAA00,19.98437432899453,47.8486785357963
4161,0.3586,Moderate Risk,3,2.07,0.1190,Bare Land,Peri-Urban / Sparse,0.3541,0.0047,0.7278,0.7000,#FFAA00,21.683752279036845,49.97253395642016
4162,0.3586,Moderate Risk,3,2.26,0.1191,Bare Land,Peri-Urban / Sparse,0.3541,0.0052,0.7270,0.7000,#FFAA00,22.469615796296587,50.42034126232011
4163,0.3586,Moderate Risk,3,1.85,0.1189,Bare Land,Peri-Urban / Sparse,0.3541,0.0042,0.7285,0.7000,#FFAA00,22.92927260156901,49.68891730470329
4164,0.3585,Moderate Risk,3,6.26,0.1215,Bare Land,Peri-Urban / Sparse,0.3541,0.0143,0.7130,0.7000,#FFAA00,25.726956876113032,48.54679313672985
4165,0.3585,Moderate Risk,3,1.84,0.1190,Bare Land,Peri-Urban / Sparse,0.3541,0.0042,0.7278,0.7000,#FFAA00,22.782482197379313,49.73069035351268
4166,0.3585,Moderate Risk,3,5.35,0.1210,Bare Land,Peri-Urban / Sparse,0.3541,0.0122,0.7161,0.7000,#FFAA00,24.826610580454545,49.52010317010735
4167,0.3585,Moderate Risk,3,1.45,0.1187,Bare Land,Peri-Urban / Sparse,0.3541,0.0033,0.7296,0.7000,#FFAA00,19.98362902832214,47.894664366386685
4168,0.3585,Moderate Risk,3,1.41,0.1187,Bare Land,Peri-Urban / Sparse,0.3541,0.0032,0.7297,0.7000,#FFAA00,21.132160112335377,48.79666238656821
4169,0.3585,Moderate Risk,3,2.47,0.1193,Bare Land,Peri-Urban / Sparse,0.3541,0.0056,0.7259,0.7000,#FFAA00,22.461593363548005,50.65334643346856
4170,0.3585,Moderate Risk,3,1.58,0.1188,Bare Land,Peri-Urban / Sparse,0.3541,0.0036,0.7289,0.7000,#FFAA00,21.255587378219452,49.680152087130146
4171,0.3585,Moderate Risk,3,2.27,0.1192,Bare Land,Peri-Urban / Sparse,0.3541,0.0052,0.7265,0.7000,#FFAA00,21.676622200934588,50.20442430869397
4172,0.3585,Moderate Risk,3,1.82,0.1190,Bare Land,Peri-Urban / Sparse,0.3541,0.0042,0.7279,0.7000,#FFAA00,22.569770664888004,49.53639437153275
4173,0.3585,Moderate Risk,3,2.17,0.1191,Bare Land,Peri-Urban / Sparse,0.3541,0.0050,0.7271,0.7000,#FFAA00,21.593481105712026,50.526135326185404
4174,0.3585,Moderate Risk,3,1.25,0.1186,Bare Land,Peri-Urban / Sparse,0.3541,0.0028,0.7300,0.7000,#FFAA00,20.472786902900307,48.96460284231316
4175,0.3585,Moderate Risk,3,1.81,0.1190,Bare Land,Peri-Urban / Sparse,0.3541,0.0041,0.7280,0.7000,#FFAA00,22.5710849118236,49.489684460468
4176,0.3585,Moderate Risk,3,1.23,0.1186,Bare Land,Peri-Urban / Sparse,0.3541,0.0028,0.7299,0.7000,#FFAA00,20.54125640021075,49.15085040382333
4177,0.3585,Moderate Risk,3,1.26,0.1187,Bare Land,Peri-Urban / Sparse,0.3541,0.0029,0.7298,0.7000,#FFAA00,20.258466194584297,48.77494910332974
4178,0.3585,Moderate Risk,3,2.52,0.1193,Bare Land,Peri-Urban / Sparse,0.3541,0.0057,0.7258,0.7000,#FFAA00,22.75196851578351,50.6652604806452
4179,0.3585,Moderate Risk,3,3.65,0.1200,Bare Land,Peri-Urban / Sparse,0.3541,0.0083,0.7219,0.7000,#FFAA00,19.47695894862363,47.65626036274502
4180,0.3585,Moderate Risk,3,1.91,0.1190,Bare Land,Peri-Urban / Sparse,0.3541,0.0044,0.7278,0.7000,#FFAA00,22.439097991916643,48.9714893424646
4181,0.3585,Moderate Risk,3,1.61,0.1189,Bare Land,Peri-Urban / Sparse,0.3541,0.0037,0.7286,0.7000,#FFAA00,21.328305512179362,49.68245931765449
4182,0.3585,Moderate Risk,3,2.31,0.1192,Bare Land,Peri-Urban / Sparse,0.3541,0.0053,0.7265,0.7000,#FFAA00,21.750735960114675,50.16065166649773
4183,0.3585,Moderate Risk,3,2.22,0.1192,Bare Land,Peri-Urban / Sparse,0.3541,0.0051,0.7268,0.7000,#FFAA00,22.474268894081284,50.28048818198579
4184,0.3585,Moderate Risk,3,2.19,0.1191,Bare Land,Peri-Urban / Sparse,0.3541,0.0050,0.7269,0.7000,#FFAA00,22.687484917513153,50.42889547671087
4185,0.3585,Moderate Risk,3,2.48,0.1193,Bare Land,Peri-Urban / Sparse,0.3541,0.0057,0.7259,0.7000,#FFAA00,22.033850837222165,50.40354637396879
4186,0.3584,Moderate Risk,3,4.10,0.1203,Bare Land,Peri-Urban / Sparse,0.3541,0.0093,0.7200,0.7000,#FFAA00,25.661941683904253,48.209265226104705
4187,0.3584,Moderate Risk,3,1.34,0.1187,Bare Land,Peri-Urban / Sparse,0.3541,0.0031,0.7293,0.7000,#FFAA00,20.753837592483194,49.3875137345504
4188,0.3584,Moderate Risk,3,0.25,0.1182,Bare Land,Rural / Scattered,0.3541,0.0006,0.7327,0.7000,#FFAA00,19.463593095951627,51.181306755542174
4189,0.3584,Moderate Risk,3,1.55,0.1189,Bare Land,Peri-Urban / Sparse,0.3541,0.0035,0.7286,0.7000,#FFAA00,21.186659559657702,49.53909006056735
4190,0.3584,Moderate Risk,3,1.48,0.1188,Bare Land,Peri-Urban / Sparse,0.3541,0.0034,0.7289,0.7000,#FFAA00,21.043636540057683,49.442221651222226
4191,0.3584,Moderate Risk,3,2.50,0.1195,Bare Land,Peri-Urban / Sparse,0.3541,0.0057,0.7251,0.7000,#FFAA00,24.531465459768764,49.651821589361326
4192,0.3584,Moderate Risk,3,2.47,0.1194,Bare Land,Peri-Urban / Sparse,0.3541,0.0056,0.7254,0.7000,#FFAA00,21.89458932931347,50.21231988136966
4193,0.3584,Moderate Risk,3,2.25,0.1193,Bare Land,Peri-Urban / Sparse,0.3541,0.0051,0.7259,0.7000,#FFAA00,21.673680095102483,50.29715337796031
4194,0.3584,Moderate Risk,3,2.26,0.1193,Bare Land,Peri-Urban / Sparse,0.3541,0.0051,0.7261,0.7000,#FFAA00,21.67515757742994,50.250790811264864
4195,0.3584,Moderate Risk,3,2.54,0.1195,Bare Land,Peri-Urban / Sparse,0.3541,0.0058,0.7249,0.7000,#FFAA00,24.675364695593395,49.70466328125427
4196,0.3584,Moderate Risk,3,2.24,0.1193,Bare Land,Peri-Urban / Sparse,0.3541,0.0051,0.7262,0.7000,#FFAA00,22.47273123637726,50.32710995850765
4197,0.3584,Moderate Risk,3,1.41,0.1188,Bare Land,Peri-Urban / Sparse,0.3541,0.0032,0.7290,0.7000,#FFAA00,20.486330003599456,48.3192568263638
4198,0.3584,Moderate Risk,3,1.46,0.1188,Bare Land,Peri-Urban / Sparse,0.3541,0.0033,0.7289,0.7000,#FFAA00,20.969679363936592,49.48626251266539
4199,0.3584,Moderate Risk,3,1.42,0.1188,Bare Land,Peri-Urban / Sparse,0.3541,0.0032,0.7291,0.7000,#FFAA00,20.198315344549297,48.12890282034003
4200,0.3584,Moderate Risk,3,2.54,0.1195,Bare Land,Peri-Urban / Sparse,0.3541,0.0058,0.7252,0.7000,#FFAA00,22.532538275394725,50.70291897605124
4201,0.3584,Moderate Risk,3,1.64,0.1189,Bare Land,Peri-Urban / Sparse,0.3541,0.0037,0.7281,0.7000,#FFAA00,21.469776018899562,49.826108255235276
4202,0.3584,Moderate Risk,3,1.46,0.1188,Bare Land,Peri-Urban / Sparse,0.3541,0.0033,0.7290,0.7000,#FFAA00,21.03869453298631,49.62708225679444
4203,0.3584,Moderate Risk,3,2.13,0.1192,Bare Land,Peri-Urban / Sparse,0.3541,0.0049,0.7263,0.7000,#FFAA00,22.61800062576836,50.33270433716837
4204,0.3584,Moderate Risk,3,1.50,0.1189,Bare Land,Peri-Urban / Sparse,0.3541,0.0034,0.7285,0.7000,#FFAA00,21.115159368014268,49.49063044524817
4205,0.3584,Moderate Risk,3,3.31,0.1199,Bare Land,Peri-Urban / Sparse,0.3541,0.0075,0.7223,0.7000,#FFAA00,25.146925798774102,48.434356896557475
4206,0.3584,Moderate Risk,3,2.27,0.1193,Bare Land,Peri-Urban / Sparse,0.3541,0.0052,0.7262,0.7000,#FFAA00,22.75850556491344,50.47847682843711
4207,0.3584,Moderate Risk,3,2.45,0.1194,Bare Land,Peri-Urban / Sparse,0.3541,0.0056,0.7253,0.7000,#FFAA00,21.962745289571124,50.354340141592424
4208,0.3584,Moderate Risk,3,1.03,0.1186,Bare Land,Peri-Urban / Sparse,0.3541,0.0023,0.7304,0.7000,#FFAA00,19.767159479833538,47.75291923426223
4209,0.3583,Moderate Risk,3,1.43,0.1189,Bare Land,Peri-Urban / Sparse,0.3541,0.0033,0.7286,0.7000,#FFAA00,20.895718128557107,49.530264950703454
4210,0.3583,Moderate Risk,3,4.24,0.1205,Bare Land,Peri-Urban / Sparse,0.3541,0.0097,0.7189,0.7000,#FFAA00,22.156632188868382,48.59034488931538
4211,0.3583,Moderate Risk,3,2.30,0.1194,Bare Land,Peri-Urban / Sparse,0.3541,0.0052,0.7254,0.7000,#FFAA00,22.61327380403052,50.47269018842764
4212,0.3583,Moderate Risk,3,6.08,0.1045,Unknown,Peri-Urban / Sparse,0.3541,0.0139,0.8125,0.5000,#FFAA00,25.830148086658873,49.98923414084855
4213,0.3583,Moderate Risk,3,2.40,0.1195,Bare Land,Peri-Urban / Sparse,0.3541,0.0055,0.7250,0.7000,#FFAA00,22.382362684117872,50.83662913289865
4214,0.3583,Moderate Risk,3,2.23,0.1194,Bare Land,Peri-Urban / Sparse,0.3541,0.0051,0.7256,0.7000,#FFAA00,23.11992462065218,50.53997713090313
4215,0.3583,Moderate Risk,3,2.13,0.1193,Bare Land,Peri-Urban / Sparse,0.3541,0.0049,0.7262,0.7000,#FFAA00,23.86227294732666,50.099486147279855
4216,0.3583,Moderate Risk,3,2.39,0.1195,Bare Land,Peri-Urban / Sparse,0.3541,0.0055,0.7250,0.7000,#FFAA00,22.68266022025284,50.56892918831636
4217,0.3583,Moderate Risk,3,2.31,0.1194,Bare Land,Peri-Urban / Sparse,0.3541,0.0053,0.7253,0.7000,#FFAA00,23.75603285212524,48.72727386057805
4218,0.3583,Moderate Risk,3,2.24,0.1194,Bare Land,Peri-Urban / Sparse,0.3541,0.0051,0.7255,0.7000,#FFAA00,21.672189758518105,50.34351197456495
4219,0.3583,Moderate Risk,3,1.44,0.1189,Bare Land,Peri-Urban / Sparse,0.3541,0.0033,0.7282,0.7000,#FFAA00,20.056508902098756,47.89599949131499
4220,0.3583,Moderate Risk,3,2.55,0.1195,Bare Land,Peri-Urban / Sparse,0.3541,0.0058,0.7247,0.7000,#FFAA00,22.60512668869813,50.705915551317034
4221,0.3583,Moderate Risk,3,2.81,0.1197,Bare Land,Peri-Urban / Sparse,0.3541,0.0064,0.7237,0.7000,#FFAA00,24.154441073003966,50.06375700446246
4222,0.3583,Moderate Risk,3,2.33,0.1194,Bare Land,Peri-Urban / Sparse,0.3541,0.0053,0.7255,0.7000,#FFAA00,21.735584442137654,50.62440659592289
4223,0.3583,Moderate Risk,3,2.43,0.1195,Bare Land,Peri-Urban / Sparse,0.3541,0.0055,0.7248,0.7000,#FFAA00,22.167946614249683,50.73460799590988
4224,0.3583,Moderate Risk,3,4.80,0.1208,Bare Land,Peri-Urban / Sparse,0.3541,0.0109,0.7171,0.7000,#FFAA00,24.77129260135712,48.89977362083999
4225,0.3583,Moderate Risk,3,2.63,0.1196,Bare Land,Peri-Urban / Sparse,0.3541,0.0060,0.7241,0.7000,#FFAA00,22.74861877530849,50.758626306076344
4226,0.3583,Moderate Risk,3,0.77,0.1185,Bare Land,Rural / Scattered,0.3541,0.0017,0.7308,0.7000,#FFAA00,26.1039442645716,47.98059365753174
4227,0.3583,Moderate Risk,3,1.47,0.1189,Bare Land,Peri-Urban / Sparse,0.3541,0.0034,0.7282,0.7000,#FFAA00,20.7777105395704,48.32558841594445
4228,0.3583,Moderate Risk,3,2.27,0.1194,Bare Land,Peri-Urban / Sparse,0.3541,0.0052,0.7255,0.7000,#FFAA00,22.61486287519006,50.426032387142065
4229,0.3583,Moderate Risk,3,1.35,0.1189,Bare Land,Peri-Urban / Sparse,0.3541,0.0031,0.7285,0.7000,#FFAA00,20.756172810284585,49.295234206530736
4230,0.3583,Moderate Risk,3,3.49,0.1201,Bare Land,Peri-Urban / Sparse,0.3541,0.0080,0.7214,0.7000,#FFAA00,24.752465535517022,49.56495402238267
4231,0.3583,Moderate Risk,3,2.50,0.1195,Bare Land,Peri-Urban / Sparse,0.3541,0.0057,0.7247,0.7000,#FFAA00,22.61005529471333,50.565993167710666
4232,0.3582,Moderate Risk,3,0.75,0.1186,Bare Land,Rural / Scattered,0.3541,0.0017,0.7300,0.7000,#FFAA00,21.44027611166248,47.968926278232
4233,0.3582,Moderate Risk,3,2.51,0.1197,Bare Land,Peri-Urban / Sparse,0.3541,0.0057,0.7240,0.7000,#FFAA00,24.60415666729184,49.65451143899593
4234,0.3582,Moderate Risk,3,8.73,0.1233,Bare Land,Peri-Urban / Sparse,0.3541,0.0199,0.7028,0.7000,#FFAA00,25.732600845478213,48.30711185627684
4235,0.3582,Moderate Risk,3,5.49,0.1213,Bare Land,Peri-Urban / Sparse,0.3541,0.0125,0.7141,0.7000,#FFAA00,25.65417543179339,48.544635405765
4236,0.3582,Moderate Risk,3,3.38,0.1201,Bare Land,Peri-Urban / Sparse,0.3541,0.0077,0.7213,0.7000,#FFAA00,25.57662601846901,48.733946387363446
4237,0.3582,Moderate Risk,3,2.51,0.1196,Bare Land,Peri-Urban / Sparse,0.3541,0.0057,0.7242,0.7000,#FFAA00,22.537449352692473,50.56306913741451
4238,0.3582,Moderate Risk,3,1.58,0.1190,Bare Land,Peri-Urban / Sparse,0.3541,0.0036,0.7276,0.7000,#FFAA00,21.256868485004482,49.63387813897254
4239,0.3582,Moderate Risk,3,1.58,0.1190,Bare Land,Peri-Urban / Sparse,0.3541,0.0036,0.7276,0.7000,#FFAA00,22.371884988227034,48.7360091031922
4240,0.3582,Moderate Risk,3,5.14,0.1211,Bare Land,Peri-Urban / Sparse,0.3541,0.0117,0.7153,0.7000,#FFAA00,25.2855495606228,48.724973680282496
4241,0.3582,Moderate Risk,3,1.24,0.1188,Bare Land,Peri-Urban / Sparse,0.3541,0.0028,0.7288,0.7000,#FFAA00,20.542355788462263,49.10476213077391
4242,0.3582,Moderate Risk,3,2.48,0.1196,Bare Land,Peri-Urban / Sparse,0.3541,0.0057,0.7241,0.7000,#FFAA00,22.826220159507624,50.62155558917126
4243,0.3582,Moderate Risk,3,2.42,0.1196,Bare Land,Peri-Urban / Sparse,0.3541,0.0055,0.7245,0.7000,#FFAA00,22.454935234425974,50.83967308572652
4244,0.3582,Moderate Risk,3,1.41,0.1190,Bare Land,Peri-Urban / Sparse,0.3541,0.0032,0.7281,0.7000,#FFAA00,21.802005249487067,48.11598982929446
4245,0.3582,Moderate Risk,3,2.40,0.1195,Bare Land,Peri-Urban / Sparse,0.3541,0.0055,0.7248,0.7000,#FFAA00,22.02439070764328,50.682284575768904
4246,0.3582,Moderate Risk,3,2.41,0.1195,Bare Land,Peri-Urban / Sparse,0.3541,0.0055,0.7247,0.7000,#FFAA00,22.75526412601089,50.57187722737067
4247,0.3582,Moderate Risk,3,1.45,0.1190,Bare Land,Peri-Urban / Sparse,0.3541,0.0033,0.7277,0.7000,#FFAA00,20.968454749322007,49.53245710402508
4248,0.3582,Moderate Risk,3,1.81,0.1192,Bare Land,Peri-Urban / Sparse,0.3541,0.0041,0.7267,0.7000,#FFAA00,22.881446878355415,48.7498244659304
4249,0.3581,Moderate Risk,3,1.54,0.1191,Bare Land,Peri-Urban / Sparse,0.3541,0.0035,0.7272,0.7000,#FFAA00,21.185408418830345,49.585348329464104
4250,0.3581,Moderate Risk,3,1.45,0.1191,Bare Land,Peri-Urban / Sparse,0.3541,0.0033,0.7275,0.7000,#FFAA00,20.199931938849446,48.03682325872289
4251,0.3581,Moderate Risk,3,1.46,0.1191,Bare Land,Peri-Urban / Sparse,0.3541,0.0033,0.7271,0.7000,#FFAA00,21.03994877791933,49.58087215154181
4252,0.3581,Moderate Risk,3,2.39,0.1196,Bare Land,Peri-Urban / Sparse,0.3541,0.0054,0.7242,0.7000,#FFAA00,21.80818983595235,50.62724677961439
4253,0.3581,Moderate Risk,3,2.41,0.1197,Bare Land,Peri-Urban / Sparse,0.3541,0.0055,0.7238,0.7000,#FFAA00,22.027596345695972,50.589388640293976
4254,0.3581,Moderate Risk,3,1.47,0.1191,Bare Land,Peri-Urban / Sparse,0.3541,0.0034,0.7273,0.7000,#FFAA00,19.766446518294103,47.79884626628584
4255,0.3581,Moderate Risk,3,1.33,0.1190,Bare Land,Peri-Urban / Sparse,0.3541,0.0030,0.7279,0.7000,#FFAA00,19.69060049747496,47.98118073175961
4256,0.3581,Moderate Risk,3,2.27,0.1196,Bare Land,Peri-Urban / Sparse,0.3541,0.0052,0.7244,0.7000,#FFAA00,21.6645454242665,50.57524420988666
4257,0.3581,Moderate Risk,3,2.46,0.1196,Bare Land,Peri-Urban / Sparse,0.3541,0.0056,0.7241,0.7000,#FFAA00,21.96425762202709,50.30788868436552
4258,0.3581,Moderate Risk,3,2.34,0.1196,Bare Land,Peri-Urban / Sparse,0.3541,0.0053,0.7243,0.7000,#FFAA00,22.540656414640576,50.46981457137494
4259,0.3581,Moderate Risk,3,1.53,0.1191,Bare Land,Peri-Urban / Sparse,0.3541,0.0035,0.7273,0.7000,#FFAA00,21.181579488773767,49.724102591153276
4260,0.3581,Moderate Risk,3,2.77,0.1199,Bare Land,Peri-Urban / Sparse,0.3541,0.0063,0.7228,0.7000,#FFAA00,22.08483797811449,48.54189596918284
4261,0.3581,Moderate Risk,3,0.42,0.1185,Bare Land,Rural / Scattered,0.3541,0.0009,0.7307,0.7000,#FFAA00,19.531388292835167,51.320994547101705
4262,0.3581,Moderate Risk,3,2.72,0.1199,Bare Land,Peri-Urban / Sparse,0.3541,0.0062,0.7228,0.7000,#FFAA00,24.310456168193394,49.73844376346921
4263,0.3581,Moderate Risk,3,3.29,0.1202,Bare Land,Peri-Urban / Sparse,0.3541,0.0075,0.7208,0.7000,#FFAA00,24.16508472858036,49.733051905420986
4264,0.3581,Moderate Risk,3,3.96,0.1205,Bare Land,Peri-Urban / Sparse,0.3541,0.0090,0.7188,0.7000,#FFAA00,25.149109915220276,48.33893975898669
4265,0.3581,Moderate Risk,3,1.61,0.1191,Bare Land,Peri-Urban / Sparse,0.3541,0.0037,0.7270,0.7000,#FFAA00,21.32959141896243,49.63616275772554
4266,0.3581,Moderate Risk,3,1.26,0.1190,Bare Land,Peri-Urban / Sparse,0.3541,0.0029,0.7279,0.7000,#FFAA00,20.61513641488777,49.10671214096167
4267,0.3581,Moderate Risk,3,2.06,0.1194,Bare Land,Peri-Urban / Sparse,0.3541,0.0047,0.7255,0.7000,#FFAA00,21.760573853624624,49.83579054970893
4268,0.3581,Moderate Risk,3,5.04,0.1211,Bare Land,Peri-Urban / Sparse,0.3541,0.0115,0.7153,0.7000,#FFAA00,24.55543026248287,48.79807041587421
4269,0.3581,Moderate Risk,3,2.25,0.1196,Bare Land,Peri-Urban / Sparse,0.3541,0.0051,0.7244,0.7000,#FFAA00,22.471180202173812,50.37372766363676
4270,0.3581,Moderate Risk,3,2.36,0.1196,Bare Land,Peri-Urban / Sparse,0.3541,0.0054,0.7244,0.7000,#FFAA00,21.7387178451651,50.531688264336374
4271,0.3581,Moderate Risk,3,2.38,0.1196,Bare Land,Peri-Urban / Sparse,0.3541,0.0054,0.7242,0.7000,#FFAA00,21.951794142083266,50.67938527132492
4272,0.3581,Moderate Risk,3,1.93,0.1194,Bare Land,Peri-Urban / Sparse,0.3541,0.0044,0.7256,0.7000,#FFAA00,22.84207646816893,50.1541837347743
4273,0.3581,Moderate Risk,3,2.45,0.1197,Bare Land,Peri-Urban / Sparse,0.3541,0.0056,0.7237,0.7000,#FFAA00,22.464842397488965,50.56015706943756
4274,0.3581,Moderate Risk,3,1.53,0.1191,Bare Land,Peri-Urban / Sparse,0.3541,0.0035,0.7272,0.7000,#FFAA00,21.180278022683886,49.770347050389354
4275,0.3581,Moderate Risk,3,1.85,0.1193,Bare Land,Peri-Urban / Sparse,0.3541,0.0042,0.7259,0.7000,#FFAA00,22.630012365322525,49.95923133986422
4276,0.3581,Moderate Risk,3,1.26,0.1190,Bare Land,Peri-Urban / Sparse,0.3541,0.0029,0.7281,0.7000,#FFAA00,20.614032786955843,49.152822156051634
4277,0.3581,Moderate Risk,3,2.83,0.1199,Bare Land,Peri-Urban / Sparse,0.3541,0.0064,0.7227,0.7000,#FFAA00,24.844053233163244,48.902054340898864
4278,0.3581,Moderate Risk,3,1.88,0.1193,Bare Land,Peri-Urban / Sparse,0.3541,0.0043,0.7261,0.7000,#FFAA00,21.612450715234257,49.92367279832903
4279,0.3581,Moderate Risk,3,3.26,0.1201,Bare Land,Peri-Urban / Sparse,0.3541,0.0074,0.7214,0.7000,#FFAA00,24.67976655701247,49.56229776132976
4280,0.3581,Moderate Risk,3,2.24,0.1195,Bare Land,Peri-Urban / Sparse,0.3541,0.0051,0.7246,0.7000,#FFAA00,21.67068657228151,50.389866566880386
4281,0.3581,Moderate Risk,3,2.47,0.1197,Bare Land,Peri-Urban / Sparse,0.3541,0.0056,0.7237,0.7000,#FFAA00,22.75362308976092,50.61857101485902
4282,0.3581,Moderate Risk,3,2.25,0.1195,Bare Land,Peri-Urban / Sparse,0.3541,0.0051,0.7247,0.7000,#FFAA00,21.669170541036287,50.436217120725445
4283,0.3580,Moderate Risk,3,1.31,0.1191,Bare Land,Peri-Urban / Sparse,0.3541,0.0030,0.7272,0.7000,#FFAA00,19.833182927441023,48.16762979609518
4284,0.3580,Moderate Risk,3,1.22,0.1190,Bare Land,Peri-Urban / Sparse,0.3541,0.0028,0.7278,0.7000,#FFAA00,20.117613408614275,48.541499450905086
4285,0.3580,Moderate Risk,3,1.58,0.1192,Bare Land,Peri-Urban / Sparse,0.3541,0.0036,0.7265,0.7000,#FFAA00,21.25939280315341,49.54131994740243
4286,0.3580,Moderate Risk,3,1.58,0.1192,Bare Land,Peri-Urban / Sparse,0.3541,0.0036,0.7264,0.7000,#FFAA00,21.258136961287462,49.58760074773446
4287,0.3580,Moderate Risk,3,2.09,0.1195,Bare Land,Peri-Urban / Sparse,0.3541,0.0048,0.7249,0.7000,#FFAA00,23.860701289584817,50.14660467363335
4288,0.3580,Moderate Risk,3,1.94,0.1194,Bare Land,Peri-Urban / Sparse,0.3541,0.0044,0.7254,0.7000,#FFAA00,22.55145847362512,50.14329356745393
4289,0.3580,Moderate Risk,3,5.71,0.1217,Bare Land,Peri-Urban / Sparse,0.3541,0.0130,0.7121,0.7000,#FFAA00,24.899312411359393,49.522752682345875
4290,0.3580,Moderate Risk,3,0.87,0.1189,Bare Land,Rural / Scattered,0.3541,0.0020,0.7286,0.7000,#FFAA00,19.80464726497671,51.789345745072936
4291,0.3580,Moderate Risk,3,1.44,0.1191,Bare Land,Peri-Urban / Sparse,0.3541,0.0033,0.7270,0.7000,#FFAA00,20.055748712176886,47.942004363311646
4292,0.3580,Moderate Risk,3,1.44,0.1191,Bare Land,Peri-Urban / Sparse,0.3541,0.0033,0.7271,0.7000,#FFAA00,20.054976580234527,47.988007103757
4293,0.3580,Moderate Risk,3,2.09,0.1196,Bare Land,Peri-Urban / Sparse,0.3541,0.0048,0.7246,0.7000,#FFAA00,19.549857728294075,47.657452046915886
4294,0.3580,Moderate Risk,3,1.42,0.1192,Bare Land,Peri-Urban / Sparse,0.3541,0.0032,0.7269,0.7000,#FFAA00,20.05419250864188,48.03400767947873
4295,0.3580,Moderate Risk,3,1.65,0.1193,Bare Land,Peri-Urban / Sparse,0.3541,0.0038,0.7263,0.7000,#FFAA00,21.46842944938659,49.87243611956744
4296,0.3580,Moderate Risk,3,1.66,0.1193,Bare Land,Peri-Urban / Sparse,0.3541,0.0038,0.7263,0.7000,#FFAA00,21.467070127923435,49.918760346921985
4297,0.3580,Moderate Risk,3,2.29,0.1196,Bare Land,Peri-Urban / Sparse,0.3541,0.0052,0.7241,0.7000,#FFAA00,22.468038023611932,50.46695071952278
4298,0.3580,Moderate Risk,3,1.38,0.1191,Bare Land,Peri-Urban / Sparse,0.3541,0.0032,0.7272,0.7000,#FFAA00,20.758458720880526,49.202942054305915
4299,0.3580,Moderate Risk,3,1.53,0.1192,Bare Land,Peri-Urban / Sparse,0.3541,0.0035,0.7266,0.7000,#FFAA00,21.182868379471312,49.67785462866237
4300,0.3580,Moderate Risk,3,1.34,0.1191,Bare Land,Peri-Urban / Sparse,0.3541,0.0031,0.7270,0.7000,#FFAA00,20.68455576985464,49.247056980755914
4301,0.3580,Moderate Risk,3,2.02,0.1195,Bare Land,Peri-Urban / Sparse,0.3541,0.0046,0.7248,0.7000,#FFAA00,22.406143687829093,50.13791503012856
4302,0.3580,Moderate Risk,3,1.44,0.1191,Bare Land,Peri-Urban / Sparse,0.3541,0.0033,0.7270,0.7000,#FFAA00,19.98287183027752,47.94064810301172
4303,0.3580,Moderate Risk,3,2.47,0.1197,Bare Land,Peri-Urban / Sparse,0.3541,0.0056,0.7236,0.7000,#FFAA00,21.893108500774627,50.25875593834505
4304,0.3580,Moderate Risk,3,1.48,0.1191,Bare Land,Peri-Urban / Sparse,0.3541,0.0034,0.7269,0.7000,#FFAA00,21.852284114823266,49.14117124599437
4305,0.3580,Moderate Risk,3,0.69,0.1187,Bare Land,Rural / Scattered,0.3541,0.0016,0.7293,0.7000,#FFAA00,26.24544440362292,48.1769568247328
4306,0.3580,Moderate Risk,3,2.44,0.1198,Bare Land,Peri-Urban / Sparse,0.3541,0.0056,0.7234,0.7000,#FFAA00,22.100203555887443,50.59225302093346
4307,0.3580,Moderate Risk,3,2.31,0.1196,Bare Land,Peri-Urban / Sparse,0.3541,0.0053,0.7241,0.7000,#FFAA00,22.902107894470014,50.53106230349995
4308,0.3580,Moderate Risk,3,3.98,0.1207,Bare Land,Peri-Urban / Sparse,0.3541,0.0091,0.7181,0.7000,#FFAA00,25.80539966327087,48.309132217984896
4309,0.3580,Moderate Risk,3,2.43,0.1197,Bare Land,Peri-Urban / Sparse,0.3541,0.0055,0.7237,0.7000,#FFAA00,22.24053423945293,50.73756723878934
4310,0.3580,Moderate Risk,3,1.55,0.1192,Bare Land,Peri-Urban / Sparse,0.3541,0.0035,0.7264,0.7000,#FFAA00,21.560052643620914,49.1792397834491
4311,0.3580,Moderate Risk,3,1.22,0.1190,Bare Land,Peri-Urban / Sparse,0.3541,0.0028,0.7276,0.7000,#FFAA00,20.189511213369663,48.58915888165964
4312,0.3580,Moderate Risk,3,0.84,0.1188,Bare Land,Rural / Scattered,0.3541,0.0019,0.7289,0.7000,#FFAA00,19.806385133819756,51.74367541484936
4313,0.3579,Moderate Risk,3,1.43,0.1193,Bare Land,Peri-Urban / Sparse,0.3541,0.0032,0.7263,0.7000,#FFAA00,20.270348110424187,48.17642048622013
4314,0.3579,Moderate Risk,3,1.44,0.1193,Bare Land,Peri-Urban / Sparse,0.3541,0.0033,0.7262,0.7000,#FFAA00,20.4897604525995,48.134780845389415
4315,0.3579,Moderate Risk,3,2.54,0.1199,Bare Land,Peri-Urban / Sparse,0.3541,0.0058,0.7228,0.7000,#FFAA00,22.535825719793333,50.609690053390665
4316,0.3579,Moderate Risk,3,1.42,0.1192,Bare Land,Peri-Urban / Sparse,0.3541,0.0032,0.7263,0.7000,#FFAA00,21.13111480524086,48.84294791109839
4317,0.3579,Moderate Risk,3,2.26,0.1198,Bare Land,Peri-Urban / Sparse,0.3541,0.0052,0.7234,0.7000,#FFAA00,21.756435201355444,49.9750392433237
4318,0.3579,Moderate Risk,3,2.44,0.1198,Bare Land,Peri-Urban / Sparse,0.3541,0.0056,0.7230,0.7000,#FFAA00,22.242174347481757,50.69105496661416
4319,0.3579,Moderate Risk,3,1.64,0.1194,Bare Land,Peri-Urban / Sparse,0.3541,0.0037,0.7255,0.7000,#FFAA00,21.47110983230216,49.7797767880608
4320,0.3579,Moderate Risk,3,2.55,0.1199,Bare Land,Peri-Urban / Sparse,0.3541,0.0058,0.7225,0.7000,#FFAA00,22.606782996199808,50.659279081645764
4321,0.3579,Moderate Risk,3,1.35,0.1192,Bare Land,Peri-Urban / Sparse,0.3541,0.0031,0.7266,0.7000,#FFAA00,20.68680838015093,49.1548024579705
4322,0.3579,Moderate Risk,3,2.21,0.1197,Bare Land,Peri-Urban / Sparse,0.3541,0.0050,0.7237,0.7000,#FFAA00,22.616438484071857,50.379370424990476
4323,0.3579,Moderate Risk,3,0.73,0.1189,Bare Land,Rural / Scattered,0.3541,0.0017,0.7286,0.7000,#FFAA00,26.256195057246345,47.64706379491916
4324,0.3579,Moderate Risk,3,2.27,0.1198,Bare Land,Peri-Urban / Sparse,0.3541,0.0052,0.7234,0.7000,#FFAA00,22.831119929912894,50.481387906911834
4325,0.3579,Moderate Risk,3,1.27,0.1192,Bare Land,Peri-Urban / Sparse,0.3541,0.0029,0.7269,0.7000,#FFAA00,20.329261709888538,48.868800525594246
4326,0.3579,Moderate Risk,3,2.27,0.1198,Bare Land,Peri-Urban / Sparse,0.3541,0.0052,0.7233,0.7000,#FFAA00,23.190865960158277,50.589819443829796
4327,0.3579,Moderate Risk,3,2.52,0.1199,Bare Land,Peri-Urban / Sparse,0.3541,0.0057,0.7228,0.7000,#FFAA00,22.60007719517047,50.84579859020847
4328,0.3579,Moderate Risk,3,3.00,0.1202,Bare Land,Peri-Urban / Sparse,0.3541,0.0068,0.7209,0.7000,#FFAA00,24.23777093638439,49.73574250497691
4329,0.3579,Moderate Risk,3,1.95,0.1196,Bare Land,Peri-Urban / Sparse,0.3541,0.0045,0.7245,0.7000,#FFAA00,22.478801560551368,50.14059877486143
4330,0.3579,Moderate Risk,3,2.68,0.1200,Bare Land,Peri-Urban / Sparse,0.3541,0.0061,0.7222,0.7000,#FFAA00,24.91681295960658,48.90434400112407
4331,0.3579,Moderate Risk,3,2.43,0.1198,Bare Land,Peri-Urban / Sparse,0.3541,0.0055,0.7229,0.7000,#FFAA00,22.16958081371312,50.68811939572079
4332,0.3579,Moderate Risk,3,1.54,0.1193,Bare Land,Peri-Urban / Sparse,0.3541,0.0035,0.7262,0.7000,#FFAA00,21.184144690802228,49.631603196799965
4333,0.3578,Moderate Risk,3,1.45,0.1193,Bare Land,Peri-Urban / Sparse,0.3541,0.0033,0.7259,0.7000,#FFAA00,20.967217685084893,49.57864834988814
4334,0.3578,Moderate Risk,3,1.31,0.1192,Bare Land,Peri-Urban / Sparse,0.3541,0.0030,0.7265,0.7000,#FFAA00,19.904383187051792,48.260975398054256
4335,0.3578,Moderate Risk,3,2.46,0.1199,Bare Land,Peri-Urban / Sparse,0.3541,0.0056,0.7223,0.7000,#FFAA00,24.00913769100018,50.05803767587009
4336,0.3578,Moderate Risk,3,2.38,0.1198,Bare Land,Peri-Urban / Sparse,0.3541,0.0054,0.7228,0.7000,#FFAA00,21.88237894127814,50.58369545426547
4337,0.3578,Moderate Risk,3,2.42,0.1199,Bare Land,Peri-Urban / Sparse,0.3541,0.0055,0.7223,0.7000,#FFAA00,22.098601463194967,50.63872661456873
4338,0.3578,Moderate Risk,3,1.24,0.1192,Bare Land,Peri-Urban / Sparse,0.3541,0.0028,0.7266,0.7000,#FFAA00,20.401034768214142,48.91667756252726
4339,0.3578,Moderate Risk,3,1.26,0.1192,Bare Land,Peri-Urban / Sparse,0.3541,0.0029,0.7265,0.7000,#FFAA00,20.190445669313824,48.54314445496926
4340,0.3578,Moderate Risk,3,2.48,0.1200,Bare Land,Peri-Urban / Sparse,0.3541,0.0057,0.7222,0.7000,#FFAA00,22.104931157377813,50.452806984565754
4341,0.3578,Moderate Risk,3,2.56,0.1200,Bare Land,Peri-Urban / Sparse,0.3541,0.0058,0.7218,0.7000,#FFAA00,22.676038384090795,50.75558077078124
4342,0.3578,Moderate Risk,3,1.37,0.1193,Bare Land,Peri-Urban / Sparse,0.3541,0.0031,0.7261,0.7000,#FFAA00,20.75732193075572,49.249089691659485
4343,0.3578,Moderate Risk,3,0.81,0.1190,Bare Land,Rural / Scattered,0.3541,0.0018,0.7280,0.7000,#FFAA00,19.733916901326655,51.740614150003964
4344,0.3578,Moderate Risk,3,2.46,0.1199,Bare Land,Peri-Urban / Sparse,0.3541,0.0056,0.7223,0.7000,#FFAA00,22.46322455398644,50.606753892171454
4345,0.3578,Moderate Risk,3,2.40,0.1199,Bare Land,Peri-Urban / Sparse,0.3541,0.0055,0.7224,0.7000,#FFAA00,25.95208678876758,48.26516380413222
4346,0.3578,Moderate Risk,3,2.37,0.1198,Bare Land,Peri-Urban / Sparse,0.3541,0.0054,0.7229,0.7000,#FFAA00,23.936484488606542,50.055194987953584
4347,0.3578,Moderate Risk,3,2.31,0.1199,Bare Land,Peri-Urban / Sparse,0.3541,0.0053,0.7228,0.7000,#FFAA00,22.543809838263773,50.37654326037638
4348,0.3578,Moderate Risk,3,2.59,0.1200,Bare Land,Peri-Urban / Sparse,0.3541,0.0059,0.7221,0.7000,#FFAA00,22.75030040923391,50.7119455894657
4349,0.3578,Moderate Risk,3,2.55,0.1200,Bare Land,Peri-Urban / Sparse,0.3541,0.0058,0.7220,0.7000,#FFAA00,22.603456949223453,50.75254764934047
4350,0.3578,Moderate Risk,3,2.35,0.1198,Bare Land,Peri-Urban / Sparse,0.3541,0.0054,0.7230,0.7000,#FFAA00,21.824846526079064,50.11683974231752
4351,0.3577,Moderate Risk,3,2.40,0.1200,Bare Land,Peri-Urban / Sparse,0.3541,0.0055,0.7222,0.7000,#FFAA00,21.954988139721284,50.586536127084976
4352,0.3577,Moderate Risk,3,2.28,0.1199,Bare Land,Peri-Urban / Sparse,0.3541,0.0052,0.7223,0.7000,#FFAA00,22.756891619419346,50.52517915346281
4353,0.3577,Moderate Risk,3,5.15,0.1216,Bare Land,Peri-Urban / Sparse,0.3541,0.0117,0.7128,0.7000,#FFAA00,25.38429683510974,50.25729741555053
4354,0.3577,Moderate Risk,3,1.40,0.1194,Bare Land,Peri-Urban / Sparse,0.3541,0.0032,0.7256,0.7000,#FFAA00,20.827767884736655,49.34346105428354
4355,0.3577,Moderate Risk,3,2.41,0.1200,Bare Land,Peri-Urban / Sparse,0.3541,0.0055,0.7222,0.7000,#FFAA00,22.466446889026862,50.51355600022805
4356,0.3577,Moderate Risk,3,2.68,0.1202,Bare Land,Peri-Urban / Sparse,0.3541,0.0061,0.7210,0.7000,#FFAA00,25.87819760409103,48.31116037253111
4357,0.3577,Moderate Risk,3,2.44,0.1200,Bare Land,Peri-Urban / Sparse,0.3541,0.0056,0.7221,0.7000,#FFAA00,22.17120186629773,50.641626484277346
4358,0.3577,Moderate Risk,3,2.48,0.1200,Bare Land,Peri-Urban / Sparse,0.3541,0.0057,0.7217,0.7000,#FFAA00,22.175986092738736,50.50212222860693
4359,0.3577,Moderate Risk,3,2.03,0.1198,Bare Land,Peri-Urban / Sparse,0.3541,0.0046,0.7233,0.7000,#FFAA00,23.789623055841915,50.096639965883995
4360,0.3577,Moderate Risk,3,2.47,0.1200,Bare Land,Peri-Urban / Sparse,0.3541,0.0056,0.7219,0.7000,#FFAA00,22.243801261230878,50.64453837325221
4361,0.3577,Moderate Risk,3,2.48,0.1200,Bare Land,Peri-Urban / Sparse,0.3541,0.0056,0.7217,0.7000,#FFAA00,22.248602786547487,50.50496301301136
4362,0.3577,Moderate Risk,3,1.42,0.1194,Bare Land,Peri-Urban / Sparse,0.3541,0.0032,0.7255,0.7000,#FFAA00,20.197489006695843,48.17493920714118
4363,0.3577,Moderate Risk,3,8.14,0.1233,Bare Land,Peri-Urban / Sparse,0.3541,0.0185,0.7027,0.7000,#FFAA00,25.29789557529341,48.199605349996126
4364,0.3577,Moderate Risk,3,5.51,0.1218,Bare Land,Peri-Urban / Sparse,0.3541,0.0126,0.7114,0.7000,#FFAA00,25.129922958325437,49.10194302035002
4365,0.3577,Moderate Risk,3,1.24,0.1193,Bare Land,Peri-Urban / Sparse,0.3541,0.0028,0.7262,0.7000,#FFAA00,20.118532254363057,48.495503709151166
4366,0.3577,Moderate Risk,3,3.32,0.1205,Bare Land,Peri-Urban / Sparse,0.3541,0.0076,0.7190,0.7000,#FFAA00,24.387527899331776,49.59912681268294
4367,0.3577,Moderate Risk,3,2.53,0.1201,Bare Land,Peri-Urban / Sparse,0.3541,0.0058,0.7214,0.7000,#FFAA00,22.601773782969442,50.79917534065236
4368,0.3577,Moderate Risk,3,2.40,0.1200,Bare Land,Peri-Urban / Sparse,0.3541,0.0055,0.7221,0.7000,#FFAA00,21.95656561875718,50.54010521826997
4369,0.3576,Moderate Risk,3,1.99,0.1198,Bare Land,Peri-Urban / Sparse,0.3541,0.0045,0.7229,0.7000,#FFAA00,23.430893087361586,49.94166277138143
4370,0.3576,Moderate Risk,3,2.13,0.1199,Bare Land,Peri-Urban / Sparse,0.3541,0.0048,0.7224,0.7000,#FFAA00,22.977963030846663,50.44046532510535
4371,0.3576,Moderate Risk,3,2.24,0.1200,Bare Land,Peri-Urban / Sparse,0.3541,0.0051,0.7221,0.7000,#FFAA00,22.684281954446583,50.522255513834835
4372,0.3576,Moderate Risk,3,2.54,0.1201,Bare Land,Peri-Urban / Sparse,0.3541,0.0058,0.7212,0.7000,#FFAA00,22.679376271802447,50.662263673015715
4373,0.3576,Moderate Risk,3,1.93,0.1198,Bare Land,Peri-Urban / Sparse,0.3541,0.0044,0.7230,0.7000,#FFAA00,23.00335880457453,49.64458354257016
4374,0.3576,Moderate Risk,3,1.99,0.1199,Bare Land,Peri-Urban / Sparse,0.3541,0.0045,0.7228,0.7000,#FFAA00,23.642764682547533,50.138022345616356
4375,0.3576,Moderate Risk,3,1.97,0.1198,Bare Land,Peri-Urban / Sparse,0.3541,0.0045,0.7232,0.7000,#FFAA00,23.24761903266507,48.66595807867589
4376,0.3576,Moderate Risk,3,2.37,0.1201,Bare Land,Peri-Urban / Sparse,0.3541,0.0054,0.7216,0.7000,#FFAA00,22.61167127554178,50.51934379367004
4377,0.3576,Moderate Risk,3,1.84,0.1197,Bare Land,Peri-Urban / Sparse,0.3541,0.0042,0.7236,0.7000,#FFAA00,22.853780041177398,49.77999817999384
4378,0.3576,Moderate Risk,3,1.45,0.1195,Bare Land,Peri-Urban / Sparse,0.3541,0.0033,0.7247,0.7000,#FFAA00,20.89934084063194,49.39173777236219
4379,0.3576,Moderate Risk,3,1.39,0.1195,Bare Land,Peri-Urban / Sparse,0.3541,0.0032,0.7251,0.7000,#FFAA00,20.759583177160838,49.15679132805534
4380,0.3576,Moderate Risk,3,1.19,0.1193,Bare Land,Peri-Urban / Sparse,0.3541,0.0027,0.7259,0.7000,#FFAA00,19.694268221758563,47.751669894070886
4381,0.3576,Moderate Risk,3,2.50,0.1202,Bare Land,Peri-Urban / Sparse,0.3541,0.0057,0.7210,0.7000,#FFAA00,22.527506739264584,50.84272956176876
4382,0.3576,Moderate Risk,3,2.31,0.1200,Bare Land,Peri-Urban / Sparse,0.3541,0.0053,0.7221,0.7000,#FFAA00,21.746325904849193,50.299820404829866
4383,0.3576,Moderate Risk,3,1.81,0.1197,Bare Land,Peri-Urban / Sparse,0.3541,0.0041,0.7237,0.7000,#FFAA00,22.484657559232712,49.954024695511436
4384,0.3576,Moderate Risk,3,1.64,0.1196,Bare Land,Peri-Urban / Sparse,0.3541,0.0037,0.7244,0.7000,#FFAA00,21.47243088547292,49.73344175219474
4385,0.3576,Moderate Risk,3,2.03,0.1199,Bare Land,Peri-Urban / Sparse,0.3541,0.0046,0.7228,0.7000,#FFAA00,23.78805676196093,50.143732475895945
4386,0.3576,Moderate Risk,3,1.46,0.1195,Bare Land,Peri-Urban / Sparse,0.3541,0.0033,0.7250,0.7000,#FFAA00,19.83860665074956,47.84606792903337
4387,0.3576,Moderate Risk,3,2.57,0.1202,Bare Land,Peri-Urban / Sparse,0.3541,0.0059,0.7209,0.7000,#FFAA00,24.383140421186873,49.74115570762055
4388,0.3576,Moderate Risk,3,1.84,0.1198,Bare Land,Peri-Urban / Sparse,0.3541,0.0042,0.7233,0.7000,#FFAA00,22.859303853764096,49.59281564131588
4389,0.3576,Moderate Risk,3,1.45,0.1195,Bare Land,Peri-Urban / Sparse,0.3541,0.0033,0.7248,0.7000,#FFAA00,20.965968175034728,49.62483621654735
4390,0.3576,Moderate Risk,3,1.43,0.1195,Bare Land,Peri-Urban / Sparse,0.3541,0.0033,0.7250,0.7000,#FFAA00,20.127062571878103,48.03541237406597
4391,0.3576,Moderate Risk,3,2.26,0.1200,Bare Land,Peri-Urban / Sparse,0.3541,0.0051,0.7222,0.7000,#FFAA00,21.666099962288268,50.52890597636623
4392,0.3576,Moderate Risk,3,2.21,0.1199,Bare Land,Peri-Urban / Sparse,0.3541,0.0050,0.7224,0.7000,#FFAA00,22.685890188536856,50.475577598219886
4393,0.3576,Moderate Risk,3,2.28,0.1200,Bare Land,Peri-Urban / Sparse,0.3541,0.0052,0.7218,0.7000,#FFAA00,22.545366423409703,50.329901413270655
4394,0.3575,Moderate Risk,3,2.21,0.1201,Bare Land,Peri-Urban / Sparse,0.3541,0.0050,0.7215,0.7000,#FFAA00,22.2622932760055,50.08601484490864
4395,0.3575,Moderate Risk,3,1.42,0.1196,Bare Land,Peri-Urban / Sparse,0.3541,0.0032,0.7246,0.7000,#FFAA00,20.126263427489093,48.0814319668211
4396,0.3575,Moderate Risk,3,2.54,0.1203,Bare Land,Peri-Urban / Sparse,0.3541,0.0058,0.7204,0.7000,#FFAA00,22.530874474117137,50.74952691271062
4397,0.3575,Moderate Risk,3,1.34,0.1195,Bare Land,Peri-Urban / Sparse,0.3541,0.0031,0.7247,0.7000,#FFAA00,19.47488884035158,47.79379965969967
4398,0.3575,Moderate Risk,3,1.43,0.1196,Bare Land,Peri-Urban / Sparse,0.3541,0.0033,0.7245,0.7000,#FFAA00,20.90285182949102,49.253181459221516
4399,0.3575,Moderate Risk,3,2.41,0.1202,Bare Land,Peri-Urban / Sparse,0.3541,0.0055,0.7210,0.7000,#FFAA00,22.313120841444103,50.7405387235506
4400,0.3575,Moderate Risk,3,2.20,0.1201,Bare Land,Peri-Urban / Sparse,0.3541,0.0050,0.7216,0.7000,#FFAA00,22.83272599181468,50.434656847455905
4401,0.3575,Moderate Risk,3,2.27,0.1201,Bare Land,Peri-Urban / Sparse,0.3541,0.0052,0.7213,0.7000,#FFAA00,25.9531630213651,48.21712852012627
4402,0.3575,Moderate Risk,3,1.46,0.1196,Bare Land,Peri-Urban / Sparse,0.3541,0.0033,0.7244,0.7000,#FFAA00,20.900523588811208,49.34555552693316
4403,0.3575,Moderate Risk,3,2.33,0.1201,Bare Land,Peri-Urban / Sparse,0.3541,0.0053,0.7211,0.7000,#FFAA00,22.829500267185733,50.52811474061463
4404,0.3575,Moderate Risk,3,1.35,0.1196,Bare Land,Peri-Urban / Sparse,0.3541,0.0031,0.7246,0.7000,#FFAA00,19.619219449212107,47.88807677106199
4405,0.3575,Moderate Risk,3,2.94,0.1205,Bare Land,Peri-Urban / Sparse,0.3541,0.0067,0.7192,0.7000,#FFAA00,25.662988415982017,48.16134416787259
4406,0.3575,Moderate Risk,3,1.32,0.1195,Bare Land,Peri-Urban / Sparse,0.3541,0.0030,0.7249,0.7000,#FFAA00,20.04749040492137,48.40193037751736
4407,0.3575,Moderate Risk,3,1.26,0.1195,Bare Land,Peri-Urban / Sparse,0.3541,0.0029,0.7249,0.7000,#FFAA00,20.54451796271432,49.012576611543025
4408,0.3575,Moderate Risk,3,1.44,0.1196,Bare Land,Peri-Urban / Sparse,0.3541,0.0033,0.7244,0.7000,#FFAA00,20.127849732031887,47.98939057878597
4409,0.3575,Moderate Risk,3,1.91,0.1198,Bare Land,Peri-Urban / Sparse,0.3541,0.0043,0.7230,0.7000,#FFAA00,23.003358804574535,49.64458354257016
4410,0.3574,Moderate Risk,3,2.46,0.1203,Bare Land,Peri-Urban / Sparse,0.3541,0.0056,0.7202,0.7000,#FFAA00,22.101792539090987,50.5457751950057
4411,0.3574,Moderate Risk,3,1.98,0.1200,Bare Land,Peri-Urban / Sparse,0.3541,0.0045,0.7219,0.7000,#FFAA00,23.394306593431494,48.622914000967874
4412,0.3574,Moderate Risk,3,2.40,0.1203,Bare Land,Peri-Urban / Sparse,0.3541,0.0055,0.7205,0.7000,#FFAA00,22.38404118993036,50.79007801110875
4413,0.3574,Moderate Risk,3,2.46,0.1203,Bare Land,Peri-Urban / Sparse,0.3541,0.0056,0.7205,0.7000,#FFAA00,22.388997013203976,50.65039831993049
4414,0.3574,Moderate Risk,3,2.63,0.1204,Bare Land,Peri-Urban / Sparse,0.3541,0.0060,0.7199,0.7000,#FFAA00,22.937340357572403,49.4079306789899
4415,0.3574,Moderate Risk,3,2.43,0.1202,Bare Land,Peri-Urban / Sparse,0.3541,0.0055,0.7207,0.7000,#FFAA00,22.456619761511586,50.793098019410166
4416,0.3574,Moderate Risk,3,2.52,0.1203,Bare Land,Peri-Urban / Sparse,0.3541,0.0057,0.7202,0.7000,#FFAA00,22.529197293669633,50.79613045293796
4417,0.3574,Moderate Risk,3,1.45,0.1197,Bare Land,Peri-Urban / Sparse,0.3541,0.0033,0.7238,0.7000,#FFAA00,19.765721795604716,47.84477128325242
4418,0.3574,Moderate Risk,3,1.33,0.1196,Bare Land,Peri-Urban / Sparse,0.3541,0.0030,0.7243,0.7000,#FFAA00,19.691357462007385,47.93528271738588
4419,0.3574,Moderate Risk,3,1.67,0.1198,Bare Land,Peri-Urban / Sparse,0.3541,0.0038,0.7231,0.7000,#FFAA00,22.220764511993774,48.96530364083199
4420,0.3574,Moderate Risk,3,1.63,0.1198,Bare Land,Peri-Urban / Sparse,0.3541,0.0037,0.7230,0.7000,#FFAA00,21.401022778499602,49.684776341938665
4421,0.3574,Moderate Risk,3,2.30,0.1202,Bare Land,Peri-Urban / Sparse,0.3541,0.0052,0.7209,0.7000,#FFAA00,21.749278850816623,50.20704516783501
4422,0.3574,Moderate Risk,3,1.54,0.1198,Bare Land,Peri-Urban / Sparse,0.3541,0.0035,0.7234,0.7000,#FFAA00,20.989589425252397,48.654226295909254
4423,0.3574,Moderate Risk,3,1.47,0.1197,Bare Land,Peri-Urban / Sparse,0.3541,0.0034,0.7238,0.7000,#FFAA00,20.972091229249035,49.39386342835535
4424,0.3574,Moderate Risk,3,2.23,0.1201,Bare Land,Peri-Urban / Sparse,0.3541,0.0051,0.7214,0.7000,#FFAA00,21.831899438563664,49.88467977453421
4425,0.3574,Moderate Risk,3,1.42,0.1197,Bare Land,Peri-Urban / Sparse,0.3541,0.0032,0.7237,0.7000,#FFAA00,20.26950646646931,48.2224759533564
4426,0.3574,Moderate Risk,3,0.25,0.1190,Bare Land,Rural / Scattered,0.3541,0.0006,0.7278,0.7000,#FFAA00,19.386323380627434,51.31535313642742
4427,0.3574,Moderate Risk,3,0.89,0.1193,Bare Land,Rural / Scattered,0.3541,0.0020,0.7258,0.7000,#FFAA00,19.802897868808945,51.835011221023805
4428,0.3573,Moderate Risk,3,5.61,0.1222,Bare Land,Peri-Urban / Sparse,0.3541,0.0128,0.7089,0.7000,#FFAA00,24.390379300991146,49.50442232542357
4429,0.3573,Moderate Risk,3,1.44,0.1197,Bare Land,Peri-Urban / Sparse,0.3541,0.0033,0.7235,0.7000,#FFAA00,20.41521596983885,48.225501074109744
4430,0.3573,Moderate Risk,3,1.37,0.1197,Bare Land,Peri-Urban / Sparse,0.3541,0.0031,0.7238,0.7000,#FFAA00,19.547063192706982,47.840915832681944
4431,0.3573,Moderate Risk,3,2.47,0.1203,Bare Land,Peri-Urban / Sparse,0.3541,0.0056,0.7199,0.7000,#FFAA00,22.3163996446487,50.64746230918887
4432,0.3573,Moderate Risk,3,1.45,0.1198,Bare Land,Peri-Urban / Sparse,0.3541,0.0033,0.7233,0.7000,#FFAA00,19.693558101069353,47.79757614907845
4433,0.3573,Moderate Risk,3,2.21,0.1202,Bare Land,Peri-Urban / Sparse,0.3541,0.0050,0.7207,0.7000,#FFAA00,22.903733280286577,50.48431086162436
4434,0.3573,Moderate Risk,3,1.90,0.1200,Bare Land,Peri-Urban / Sparse,0.3541,0.0043,0.7217,0.7000,#FFAA00,23.24871016321594,48.61896427759664
4435,0.3573,Moderate Risk,3,4.64,0.1388,Minepits/Industry,Peri-Urban / Sparse,0.3541,0.0106,0.6123,0.9000,#FFAA00,23.988124375316318,48.11906806411398
4436,0.3573,Moderate Risk,3,1.45,0.1197,Bare Land,Peri-Urban / Sparse,0.3541,0.0033,0.7234,0.7000,#FFAA00,19.910748470893562,47.8933351264278
4437,0.3573,Moderate Risk,3,2.64,0.1205,Bare Land,Peri-Urban / Sparse,0.3541,0.0060,0.7193,0.7000,#FFAA00,19.476280490124868,47.702108739121556
4438,0.3573,Moderate Risk,3,1.86,0.1200,Bare Land,Peri-Urban / Sparse,0.3541,0.0042,0.7218,0.7000,#FFAA00,22.846567698644556,50.01389300400065
4439,0.3573,Moderate Risk,3,2.41,0.1203,Bare Land,Peri-Urban / Sparse,0.3541,0.0055,0.7200,0.7000,#FFAA00,22.026000055266902,50.63583873657776
4440,0.3573,Moderate Risk,3,0.79,0.1194,Bare Land,Rural / Scattered,0.3541,0.0018,0.7256,0.7000,#FFAA00,19.737344426483368,51.64929977167521
4441,0.3573,Moderate Risk,3,1.39,0.1197,Bare Land,Peri-Urban / Sparse,0.3541,0.0032,0.7237,0.7000,#FFAA00,20.83235717535163,49.15878878488213
4442,0.3573,Moderate Risk,3,2.32,0.1203,Bare Land,Peri-Urban / Sparse,0.3541,0.0053,0.7204,0.7000,#FFAA00,21.74483007731177,50.34620207188823
4443,0.3573,Moderate Risk,3,2.56,0.1204,Bare Land,Peri-Urban / Sparse,0.3541,0.0058,0.7196,0.7000,#FFAA00,22.67771406777209,50.70892441284929
4444,0.3573,Moderate Risk,3,1.40,0.1198,Bare Land,Peri-Urban / Sparse,0.3541,0.0032,0.7234,0.7000,#FFAA00,19.54848370630706,47.749187879548074
4445,0.3572,Moderate Risk,3,1.27,0.1198,Bare Land,Peri-Urban / Sparse,0.3541,0.0029,0.7233,0.7000,#FFAA00,20.545580742069696,48.9664794321922
4446,0.3572,Moderate Risk,3,1.85,0.1201,Bare Land,Peri-Urban / Sparse,0.3541,0.0042,0.7213,0.7000,#FFAA00,21.613820142302394,49.8773027559432
4447,0.3572,Moderate Risk,3,2.56,0.1205,Bare Land,Peri-Urban / Sparse,0.3541,0.0058,0.7192,0.7000,#FFAA00,23.805909169909718,49.578364413109846
4448,0.3572,Moderate Risk,3,1.60,0.1200,Bare Land,Peri-Urban / Sparse,0.3541,0.0036,0.7222,0.7000,#FFAA00,21.19390185993839,49.26147091530877
4449,0.3572,Moderate Risk,3,2.12,0.1202,Bare Land,Peri-Urban / Sparse,0.3541,0.0048,0.7207,0.7000,#FFAA00,23.050580029078354,50.44338729885702
4450,0.3572,Moderate Risk,3,1.24,0.1197,Bare Land,Peri-Urban / Sparse,0.3541,0.0028,0.7236,0.7000,#FFAA00,20.543442977077152,49.058670855544094
4451,0.3572,Moderate Risk,3,1.50,0.1199,Bare Land,Peri-Urban / Sparse,0.3541,0.0034,0.7228,0.7000,#FFAA00,20.982327397943983,48.977910859010436
4452,0.3572,Moderate Risk,3,1.76,0.1200,Bare Land,Peri-Urban / Sparse,0.3541,0.0040,0.7217,0.7000,#FFAA00,21.54247681602661,49.82851358359986
4453,0.3572,Moderate Risk,3,1.64,0.1200,Bare Land,Peri-Urban / Sparse,0.3541,0.0037,0.7220,0.7000,#FFAA00,22.296909650901984,48.82739225478981
4454,0.3572,Moderate Risk,3,0.82,0.1195,Bare Land,Rural / Scattered,0.3541,0.0019,0.7250,0.7000,#FFAA00,26.171569866623518,48.22310581226277
4455,0.3572,Moderate Risk,3,1.34,0.1198,Bare Land,Peri-Urban / Sparse,0.3541,0.0031,0.7234,0.7000,#FFAA00,20.755011363002744,49.34137556534739
4456,0.3572,Moderate Risk,3,1.40,0.1199,Bare Land,Peri-Urban / Sparse,0.3541,0.0032,0.7228,0.7000,#FFAA00,20.83008728485825,49.25113117812055
4457,0.3572,Moderate Risk,3,1.39,0.1198,Bare Land,Peri-Urban / Sparse,0.3541,0.0032,0.7229,0.7000,#FFAA00,20.83122842056998,49.20496152930869
4458,0.3572,Moderate Risk,3,1.86,0.1201,Bare Land,Peri-Urban / Sparse,0.3541,0.0042,0.7214,0.7000,#FFAA00,22.557335433029394,49.95662267897225
4459,0.3572,Moderate Risk,3,2.46,0.1204,Bare Land,Peri-Urban / Sparse,0.3541,0.0056,0.7195,0.7000,#FFAA00,22.172809766979615,50.59512929618886
4460,0.3571,Moderate Risk,3,2.34,0.1204,Bare Land,Peri-Urban / Sparse,0.3541,0.0053,0.7195,0.7000,#FFAA00,21.737157580239156,50.57804952234918
4461,0.3571,Moderate Risk,3,1.80,0.1201,Bare Land,Peri-Urban / Sparse,0.3541,0.0041,0.7213,0.7000,#FFAA00,22.642491999231634,49.53878380707316
4462,0.3571,Moderate Risk,3,1.50,0.1199,Bare Land,Peri-Urban / Sparse,0.3541,0.0034,0.7224,0.7000,#FFAA00,21.11638072069097,49.44438792587446
4463,0.3571,Moderate Risk,3,4.10,0.1214,Bare Land,Peri-Urban / Sparse,0.3541,0.0093,0.7135,0.7000,#FFAA00,25.21277818797831,48.7227521620337
4464,0.3571,Moderate Risk,3,2.04,0.1203,Bare Land,Peri-Urban / Sparse,0.3541,0.0047,0.7202,0.7000,#FFAA00,21.685139655903374,49.926144558055064
4465,0.3571,Moderate Risk,3,2.43,0.1205,Bare Land,Peri-Urban / Sparse,0.3541,0.0055,0.7192,0.7000,#FFAA00,22.539059585977974,50.51644396505605
4466,0.3571,Moderate Risk,3,2.37,0.1205,Bare Land,Peri-Urban / Sparse,0.3541,0.0054,0.7192,0.7000,#FFAA00,21.740265232096256,50.485322856070844
4467,0.3571,Moderate Risk,3,4.41,0.1216,Bare Land,Peri-Urban / Sparse,0.3541,0.0100,0.7124,0.7000,#FFAA00,25.653003277689013,48.59253392242892
4468,0.3571,Moderate Risk,3,2.43,0.1205,Bare Land,Peri-Urban / Sparse,0.3541,0.0055,0.7192,0.7000,#FFAA00,22.029179573988642,50.542934321390696
4469,0.3571,Moderate Risk,3,2.25,0.1204,Bare Land,Peri-Urban / Sparse,0.3541,0.0051,0.7198,0.7000,#FFAA00,21.973057541515793,50.02909701873793
4470,0.3571,Moderate Risk,3,2.47,0.1205,Bare Land,Peri-Urban / Sparse,0.3541,0.0056,0.7191,0.7000,#FFAA00,22.318019178595026,50.60091764001538
4471,0.3571,Moderate Risk,3,1.28,0.1198,Bare Land,Peri-Urban / Sparse,0.3541,0.0029,0.7230,0.7000,#FFAA00,20.330275999970144,48.822759516584085
4472,0.3571,Moderate Risk,3,1.45,0.1199,Bare Land,Peri-Urban / Sparse,0.3541,0.0033,0.7223,0.7000,#FFAA00,20.128624905532966,47.94336661421409
4473,0.3571,Moderate Risk,3,1.43,0.1199,Bare Land,Peri-Urban / Sparse,0.3541,0.0033,0.7226,0.7000,#FFAA00,20.34236157549231,48.22398521107827
4474,0.3571,Moderate Risk,3,1.64,0.1200,Bare Land,Peri-Urban / Sparse,0.3541,0.0037,0.7219,0.7000,#FFAA00,21.47631744296097,49.594415574181745
4475,0.3571,Moderate Risk,3,1.27,0.1198,Bare Land,Peri-Urban / Sparse,0.3541,0.0029,0.7229,0.7000,#FFAA00,20.617306927521394,49.01448311831931
4476,0.3571,Moderate Risk,3,2.00,0.1203,Bare Land,Peri-Urban / Sparse,0.3541,0.0046,0.7202,0.7000,#FFAA00,22.33641854672209,50.04205917007219
4477,0.3571,Moderate Risk,3,1.36,0.1199,Bare Land,Peri-Urban / Sparse,0.3541,0.0031,0.7226,0.7000,#FFAA00,19.47559045333092,47.74795518232986
4478,0.3570,Moderate Risk,3,1.46,0.1201,Bare Land,Peri-Urban / Sparse,0.3541,0.0033,0.7216,0.7000,#FFAA00,20.34486000702692,48.0857474492877
4479,0.3570,Moderate Risk,3,1.52,0.1201,Bare Land,Peri-Urban / Sparse,0.3541,0.0035,0.7215,0.7000,#FFAA00,21.707904332699336,49.090536729058215
4480,0.3570,Moderate Risk,3,0.41,0.1194,Bare Land,Rural / Scattered,0.3541,0.0009,0.7256,0.7000,#FFAA00,19.529780220710993,51.36662594447601
4481,0.3570,Moderate Risk,3,3.95,0.1214,Bare Land,Peri-Urban / Sparse,0.3541,0.0090,0.7135,0.7000,#FFAA00,25.650611989548572,48.68832192736556
4482,0.3570,Moderate Risk,3,1.55,0.1200,Bare Land,Peri-Urban / Sparse,0.3541,0.0035,0.7217,0.7000,#FFAA00,21.18789810942454,49.49282842403667
4483,0.3570,Moderate Risk,3,2.49,0.1206,Bare Land,Peri-Urban / Sparse,0.3541,0.0057,0.7185,0.7000,#FFAA00,22.245414975655063,50.59801749339072
4484,0.3570,Moderate Risk,3,2.38,0.1205,Bare Land,Peri-Urban / Sparse,0.3541,0.0054,0.7189,0.7000,#FFAA00,21.821934561311966,50.209677017092176
4485,0.3570,Moderate Risk,3,2.46,0.1206,Bare Land,Peri-Urban / Sparse,0.3541,0.0056,0.7185,0.7000,#FFAA00,22.3873583596219,50.69696256980898
4486,0.3570,Moderate Risk,3,2.46,0.1206,Bare Land,Peri-Urban / Sparse,0.3541,0.0056,0.7186,0.7000,#FFAA00,22.390622372479335,50.60382976368563
4487,0.3570,Moderate Risk,3,2.15,0.1204,Bare Land,Peri-Urban / Sparse,0.3541,0.0049,0.7197,0.7000,#FFAA00,23.12156721114712,50.493151265223574
4488,0.3570,Moderate Risk,3,1.33,0.1200,Bare Land,Peri-Urban / Sparse,0.3541,0.0030,0.7220,0.7000,#FFAA00,19.76270533829153,48.02845054220942
4489,0.3570,Moderate Risk,3,2.49,0.1206,Bare Land,Peri-Urban / Sparse,0.3541,0.0057,0.7184,0.7000,#FFAA00,22.24701548574904,50.55149236173562
4490,0.3570,Moderate Risk,3,1.86,0.1202,Bare Land,Peri-Urban / Sparse,0.3541,0.0042,0.7206,0.7000,#FFAA00,22.93201681356725,49.59526923313681
4491,0.3570,Moderate Risk,3,1.36,0.1200,Bare Land,Peri-Urban / Sparse,0.3541,0.0031,0.7220,0.7000,#FFAA00,19.61995006436121,47.842195246963584
4492,0.3570,Moderate Risk,3,1.44,0.1200,Bare Land,Peri-Urban / Sparse,0.3541,0.0033,0.7221,0.7000,#FFAA00,19.83786723203866,47.89201175912656
4493,0.3570,Moderate Risk,3,1.62,0.1201,Bare Land,Peri-Urban / Sparse,0.3541,0.0037,0.7212,0.7000,#FFAA00,21.399719346108455,49.73109211678511
4494,0.3570,Moderate Risk,3,1.33,0.1200,Bare Land,Peri-Urban / Sparse,0.3541,0.0030,0.7222,0.7000,#FFAA00,20.687916251651107,49.10867060678083
4495,0.3570,Moderate Risk,3,1.31,0.1199,Bare Land,Peri-Urban / Sparse,0.3541,0.0030,0.7223,0.7000,#FFAA00,20.68901182949597,49.0625357404412
4496,0.3570,Moderate Risk,3,1.51,0.1201,Bare Land,Peri-Urban / Sparse,0.3541,0.0034,0.7216,0.7000,#FFAA00,26.10088679463943,48.124908788979155
4497,0.3570,Moderate Risk,3,1.82,0.1203,Bare Land,Peri-Urban / Sparse,0.3541,0.0041,0.7205,0.7000,#FFAA00,22.78386509231057,49.68392117832884
4498,0.3570,Moderate Risk,3,1.84,0.1202,Bare Land,Peri-Urban / Sparse,0.3541,0.0042,0.7206,0.7000,#FFAA00,22.781085674638955,49.777455880469006
4499,0.3569,Moderate Risk,3,2.89,0.1210,Bare Land,Peri-Urban / Sparse,0.3541,0.0066,0.7163,0.7000,#FFAA00,24.384617624509158,49.69381650423138
4500,0.3569,Moderate Risk,3,1.63,0.1202,Bare Land,Peri-Urban / Sparse,0.3541,0.0037,0.7207,0.7000,#FFAA00,22.221895936620538,48.91867568943966
4501,0.3569,Moderate Risk,3,2.36,0.1207,Bare Land,Peri-Urban / Sparse,0.3541,0.0054,0.7180,0.7000,#FFAA00,21.741799736252243,50.43895333175681
4502,0.3569,Moderate Risk,3,2.39,0.1206,Bare Land,Peri-Urban / Sparse,0.3541,0.0054,0.7182,0.7000,#FFAA00,21.953397645856366,50.63296282290207
4503,0.3569,Moderate Risk,3,1.46,0.1201,Bare Land,Peri-Urban / Sparse,0.3541,0.0033,0.7214,0.7000,#FFAA00,20.200722190329312,47.990780150485236
4504,0.3569,Moderate Risk,3,1.21,0.1200,Bare Land,Peri-Urban / Sparse,0.3541,0.0028,0.7220,0.7000,#FFAA00,20.188564758155305,48.63517070227621
4505,0.3569,Moderate Risk,3,1.32,0.1200,Bare Land,Peri-Urban / Sparse,0.3541,0.0030,0.7219,0.7000,#FFAA00,20.11943914205839,48.44950543306349
4506,0.3569,Moderate Risk,3,1.47,0.1201,Bare Land,Peri-Urban / Sparse,0.3541,0.0034,0.7212,0.7000,#FFAA00,20.706626354356306,48.23163086289847
4507,0.3569,Moderate Risk,3,1.88,0.1203,Bare Land,Peri-Urban / Sparse,0.3541,0.0043,0.7201,0.7000,#FFAA00,21.69056022410745,49.740550349106684
4508,0.3569,Moderate Risk,3,1.41,0.1201,Bare Land,Peri-Urban / Sparse,0.3541,0.0032,0.7215,0.7000,#FFAA00,20.053396499805572,48.080006057313376
4509,0.3569,Moderate Risk,3,1.43,0.1201,Bare Land,Peri-Urban / Sparse,0.3541,0.0033,0.7213,0.7000,#FFAA00,19.982102737183975,47.98662971255951
4510,0.3569,Moderate Risk,3,1.34,0.1201,Bare Land,Peri-Urban / Sparse,0.3541,0.0030,0.7215,0.7000,#FFAA00,19.976386226925296,48.30843864169973
4511,0.3569,Moderate Risk,3,2.19,0.1205,Bare Land,Peri-Urban / Sparse,0.3541,0.0050,0.7188,0.7000,#FFAA00,22.976345612784566,50.4872457207035
4512,0.3569,Moderate Risk,3,2.18,0.1205,Bare Land,Peri-Urban / Sparse,0.3541,0.0050,0.7190,0.7000,#FFAA00,19.54917652981636,47.70332093180175
4513,0.3569,Moderate Risk,3,2.38,0.1206,Bare Land,Peri-Urban / Sparse,0.3541,0.0054,0.7184,0.7000,#FFAA00,21.88079423830483,50.63009884628491
4514,0.3569,Moderate Risk,3,1.94,0.1204,Bare Land,Peri-Urban / Sparse,0.3541,0.0044,0.7198,0.7000,#FFAA00,23.284061899071414,49.98319394812904
4515,0.3568,Moderate Risk,3,1.73,0.1203,Bare Land,Peri-Urban / Sparse,0.3541,0.0040,0.7201,0.7000,#FFAA00,22.735861890227472,48.745836700404006
4516,0.3568,Moderate Risk,3,1.37,0.1201,Bare Land,Peri-Urban / Sparse,0.3541,0.0031,0.7212,0.7000,#FFAA00,19.54777925988565,47.795052857417815
4517,0.3568,Moderate Risk,3,1.40,0.1202,Bare Land,Peri-Urban / Sparse,0.3541,0.0032,0.7210,0.7000,#FFAA00,19.6928362660683,47.843480393202384
4518,0.3568,Moderate Risk,3,1.36,0.1201,Bare Land,Peri-Urban / Sparse,0.3541,0.0031,0.7213,0.7000,#FFAA00,19.692102718965682,47.88938259358724
4519,0.3568,Moderate Risk,3,2.47,0.1208,Bare Land,Peri-Urban / Sparse,0.3541,0.0056,0.7173,0.7000,#FFAA00,22.10336840788231,50.499293171354154
4520,0.3568,Moderate Risk,3,1.80,0.1204,Bare Land,Peri-Urban / Sparse,0.3541,0.0041,0.7198,0.7000,#FFAA00,22.712524372327096,49.63469014408601
4521,0.3568,Moderate Risk,3,2.47,0.1208,Bare Land,Peri-Urban / Sparse,0.3541,0.0056,0.7173,0.7000,#FFAA00,22.459948831242873,50.69993465838649
4522,0.3568,Moderate Risk,3,2.44,0.1207,Bare Land,Peri-Urban / Sparse,0.3541,0.0056,0.7176,0.7000,#FFAA00,22.314766863909508,50.694002681955794
4523,0.3568,Moderate Risk,3,0.48,0.1196,Bare Land,Rural / Scattered,0.3541,0.0011,0.7242,0.7000,#FFAA00,26.180627037526097,47.789870543418694
4524,0.3568,Moderate Risk,3,1.91,0.1204,Bare Land,Peri-Urban / Sparse,0.3541,0.0043,0.7194,0.7000,#FFAA00,21.689224431374466,49.78695432494275
4525,0.3568,Moderate Risk,3,1.85,0.1204,Bare Land,Peri-Urban / Sparse,0.3541,0.0042,0.7197,0.7000,#FFAA00,22.773898798084893,50.01122754635913
4526,0.3568,Moderate Risk,3,2.30,0.1207,Bare Land,Peri-Urban / Sparse,0.3541,0.0052,0.7180,0.7000,#FFAA00,21.74780883087932,50.25343475871509
4527,0.3568,Moderate Risk,3,2.42,0.1208,Bare Land,Peri-Urban / Sparse,0.3541,0.0055,0.7173,0.7000,#FFAA00,22.385706416821236,50.74352247847683
4528,0.3568,Moderate Risk,3,22.11,,Built_up,Low Density Urban,0.3541,0.0504,0.5000,1.0000,#FFAA00,25.825132798103493,50.13285532909299
4529,0.3568,Moderate Risk,3,1.61,0.1203,Bare Land,Peri-Urban / Sparse,0.3541,0.0037,0.7204,0.7000,#FFAA00,21.330864648000357,49.58986274706804
4530,0.3568,Moderate Risk,3,2.34,0.1207,Bare Land,Peri-Urban / Sparse,0.3541,0.0053,0.7179,0.7000,#FFAA00,21.743321352891595,50.39257972561614
4531,0.3568,Moderate Risk,3,3.40,0.1214,Bare Land,Peri-Urban / Sparse,0.3541,0.0078,0.7141,0.7000,#FFAA00,24.823701480301867,49.61513452143447
4532,0.3568,Moderate Risk,3,2.40,0.1208,Bare Land,Peri-Urban / Sparse,0.3541,0.0055,0.7174,0.7000,#FFAA00,24.60267940181841,49.70193558259271
4533,0.3568,Moderate Risk,3,1.91,0.1204,Bare Land,Peri-Urban / Sparse,0.3541,0.0043,0.7195,0.7000,#FFAA00,22.916244594275074,50.110149823794124
4534,0.3568,Moderate Risk,3,2.40,0.1207,Bare Land,Peri-Urban / Sparse,0.3541,0.0055,0.7177,0.7000,#FFAA00,21.80976875368003,50.580866594938236
4535,0.3568,Moderate Risk,3,1.86,0.1204,Bare Land,Peri-Urban / Sparse,0.3541,0.0042,0.7194,0.7000,#FFAA00,22.33929899898569,49.94886066138672
4536,0.3568,Moderate Risk,3,1.32,0.1201,Bare Land,Peri-Urban / Sparse,0.3541,0.0030,0.7213,0.7000,#FFAA00,19.833993132090146,48.12169897181291
4537,0.3568,Moderate Risk,3,1.80,0.1204,Bare Land,Peri-Urban / Sparse,0.3541,0.0041,0.7194,0.7000,#FFAA00,22.64115951063404,49.58551462929527
4538,0.3568,Moderate Risk,3,1.81,0.1204,Bare Land,Peri-Urban / Sparse,0.3541,0.0041,0.7197,0.7000,#FFAA00,22.410540019538374,49.99806254100301
4539,0.3567,Moderate Risk,3,2.41,0.1208,Bare Land,Peri-Urban / Sparse,0.3541,0.0055,0.7172,0.7000,#FFAA00,21.885509439664425,50.490876094282314
4540,0.3567,Moderate Risk,3,1.29,0.1202,Bare Land,Peri-Urban / Sparse,0.3541,0.0029,0.7210,0.7000,#FFAA00,20.33127821189513,48.776715723953686
4541,0.3567,Moderate Risk,3,2.84,0.1211,Bare Land,Peri-Urban / Sparse,0.3541,0.0065,0.7158,0.7000,#FFAA00,25.136339422316745,48.86358967924181
4542,0.3567,Moderate Risk,3,1.80,0.1205,Bare Land,Peri-Urban / Sparse,0.3541,0.0041,0.7191,0.7000,#FFAA00,22.639813477731256,49.63224192683718
4543,0.3567,Moderate Risk,3,1.45,0.1203,Bare Land,Peri-Urban / Sparse,0.3541,0.0033,0.7203,0.7000,#FFAA00,20.344039316111086,48.1318289978081
4544,0.3567,Moderate Risk,3,2.18,0.1207,Bare Land,Peri-Urban / Sparse,0.3541,0.0050,0.7178,0.7000,#FFAA00,21.757827690630997,49.928626704905135
4545,0.3567,Moderate Risk,3,1.40,0.1203,Bare Land,Peri-Urban / Sparse,0.3541,0.0032,0.7203,0.7000,#FFAA00,20.828933771730075,49.29729769766027
4546,0.3567,Moderate Risk,3,1.69,0.1204,Bare Land,Peri-Urban / Sparse,0.3541,0.0039,0.7197,0.7000,#FFAA00,22.15022643021192,48.870047648497454
4547,0.3567,Moderate Risk,3,2.00,0.1206,Bare Land,Peri-Urban / Sparse,0.3541,0.0046,0.7185,0.7000,#FFAA00,23.320413853634932,48.66795440820419
4548,0.3567,Moderate Risk,3,2.45,0.1209,Bare Land,Peri-Urban / Sparse,0.3541,0.0056,0.7169,0.7000,#FFAA00,21.890107846020697,50.351616129787374
4549,0.3567,Moderate Risk,3,1.47,0.1203,Bare Land,Peri-Urban / Sparse,0.3541,0.0033,0.7203,0.7000,#FFAA00,20.776808647855557,48.371788985191074
4550,0.3567,Moderate Risk,3,1.78,0.1205,Bare Land,Peri-Urban / Sparse,0.3541,0.0041,0.7193,0.7000,#FFAA00,22.41197874689677,49.95143736457464
4551,0.3567,Moderate Risk,3,2.44,0.1209,Bare Land,Peri-Urban / Sparse,0.3541,0.0056,0.7167,0.7000,#FFAA00,21.961219918272565,50.40078755807344
4552,0.3567,Moderate Risk,3,1.30,0.1201,Bare Land,Peri-Urban / Sparse,0.3541,0.0030,0.7211,0.7000,#FFAA00,20.19136812312019,48.497127455389744
4553,0.3567,Moderate Risk,3,2.42,0.1208,Bare Land,Peri-Urban / Sparse,0.3541,0.0055,0.7172,0.7000,#FFAA00,21.818970764690217,50.302498614609696
4554,0.3567,Moderate Risk,3,1.90,0.1206,Bare Land,Peri-Urban / Sparse,0.3541,0.0043,0.7187,0.7000,#FFAA00,22.91774696366317,50.06336153972727
4555,0.3567,Moderate Risk,3,1.39,0.1203,Bare Land,Peri-Urban / Sparse,0.3541,0.0032,0.7203,0.7000,#FFAA00,20.833473545727195,49.112612978511265
4556,0.3567,Moderate Risk,3,0.54,0.1198,Bare Land,Rural / Scattered,0.3541,0.0012,0.7234,0.7000,#FFAA00,19.622071909158365,47.70453856870131
4557,0.3566,Moderate Risk,3,2.54,0.1210,Bare Land,Peri-Urban / Sparse,0.3541,0.0058,0.7159,0.7000,#FFAA00,25.879286217272334,48.2631572233739
4558,0.3566,Moderate Risk,3,2.46,0.1210,Bare Land,Peri-Urban / Sparse,0.3541,0.0056,0.7162,0.7000,#FFAA00,21.8916146714687,50.305188032632216
4559,0.3566,Moderate Risk,3,1.48,0.1204,Bare Land,Peri-Urban / Sparse,0.3541,0.0034,0.7196,0.7000,#FFAA00,20.91872762641435,48.559994757789696
4560,0.3566,Moderate Risk,3,2.47,0.1210,Bare Land,Peri-Urban / Sparse,0.3541,0.0056,0.7163,0.7000,#FFAA00,22.032306824594805,50.45001315370953
4561,0.3566,Moderate Risk,3,2.48,0.1210,Bare Land,Peri-Urban / Sparse,0.3541,0.0057,0.7163,0.7000,#FFAA00,22.174404510774707,50.54862786608326
4562,0.3566,Moderate Risk,3,1.27,0.1203,Bare Land,Peri-Urban / Sparse,0.3541,0.0029,0.7203,0.7000,#FFAA00,19.6213762965168,47.750426112991164
4563,0.3566,Moderate Risk,3,1.28,0.1202,Bare Land,Peri-Urban / Sparse,0.3541,0.0029,0.7205,0.7000,#FFAA00,20.402065127011507,48.87061787822596
4564,0.3566,Moderate Risk,3,1.27,0.1202,Bare Land,Peri-Urban / Sparse,0.3541,0.0029,0.7207,0.7000,#FFAA00,20.61622779619493,49.060599117224136
4565,0.3566,Moderate Risk,3,1.45,0.1203,Bare Land,Peri-Urban / Sparse,0.3541,0.0033,0.7201,0.7000,#FFAA00,20.90169391963243,49.29937007798513
4566,0.3566,Moderate Risk,3,1.47,0.1204,Bare Land,Peri-Urban / Sparse,0.3541,0.0034,0.7196,0.7000,#FFAA00,20.973278472516792,49.34765900288929
4567,0.3566,Moderate Risk,3,1.84,0.1206,Bare Land,Peri-Urban / Sparse,0.3541,0.0042,0.7183,0.7000,#FFAA00,21.615176722801174,49.830929060237686
4568,0.3566,Moderate Risk,3,2.56,0.1210,Bare Land,Peri-Urban / Sparse,0.3541,0.0058,0.7162,0.7000,#FFAA00,22.228404864035245,48.63884654445937
4569,0.3566,Moderate Risk,3,1.99,0.1207,Bare Land,Peri-Urban / Sparse,0.3541,0.0045,0.7182,0.7000,#FFAA00,21.686514143077662,49.879751463786896
4570,0.3566,Moderate Risk,3,2.12,0.1208,Bare Land,Peri-Urban / Sparse,0.3541,0.0048,0.7173,0.7000,#FFAA00,24.77730319561871,48.662053025083026
4571,0.3566,Moderate Risk,3,2.32,0.1209,Bare Land,Peri-Urban / Sparse,0.3541,0.0053,0.7170,0.7000,#FFAA00,21.82911720980142,49.97755503753806
4572,0.3566,Moderate Risk,3,1.39,0.1204,Bare Land,Peri-Urban / Sparse,0.3541,0.0032,0.7198,0.7000,#FFAA00,20.76179507438255,49.06448074326894
4573,0.3566,Moderate Risk,3,2.41,0.1209,Bare Land,Peri-Urban / Sparse,0.3541,0.0055,0.7165,0.7000,#FFAA00,21.820459139704845,50.25608979270233
4574,0.3565,Moderate Risk,3,0.38,0.1198,Bare Land,Rural / Scattered,0.3541,0.0009,0.7231,0.7000,#FFAA00,19.526529908242903,51.45787511894932
4575,0.3565,Moderate Risk,3,1.82,0.1206,Bare Land,Peri-Urban / Sparse,0.3541,0.0041,0.7182,0.7000,#FFAA00,25.95830570889527,47.97691229431308
4576,0.3565,Moderate Risk,3,1.90,0.1207,Bare Land,Peri-Urban / Sparse,0.3541,0.0043,0.7179,0.7000,#FFAA00,22.624114423987482,50.145999433720505
4577,0.3565,Moderate Risk,3,2.51,0.1211,Bare Land,Peri-Urban / Sparse,0.3541,0.0057,0.7155,0.7000,#FFAA00,23.832183065214444,48.58775237213521
4578,0.3565,Moderate Risk,3,1.38,0.1204,Bare Land,Peri-Urban / Sparse,0.3541,0.0031,0.7195,0.7000,#FFAA00,19.620669014196174,47.79631168334397
4579,0.3565,Moderate Risk,3,1.83,0.1207,Bare Land,Peri-Urban / Sparse,0.3541,0.0042,0.7180,0.7000,#FFAA00,21.616520452534317,49.784551745498625
4580,0.3565,Moderate Risk,3,0.52,0.1199,Bare Land,Rural / Scattered,0.3541,0.0012,0.7225,0.7000,#FFAA00,26.183356828264923,47.645414771014174
4581,0.3565,Moderate Risk,3,1.57,0.1205,Bare Land,Peri-Urban / Sparse,0.3541,0.0036,0.7190,0.7000,#FFAA00,21.263084483675165,49.402457431924084
4582,0.3565,Moderate Risk,3,1.30,0.1204,Bare Land,Peri-Urban / Sparse,0.3541,0.0030,0.7198,0.7000,#FFAA00,20.69009511031471,49.01639789250339
4583,0.3565,Moderate Risk,3,0.64,0.1200,Bare Land,Rural / Scattered,0.3541,0.0015,0.7221,0.7000,#FFAA00,26.104931399863222,47.93248352031062
4584,0.3565,Moderate Risk,3,1.44,0.1204,Bare Land,Peri-Urban / Sparse,0.3541,0.0033,0.7195,0.7000,#FFAA00,19.90999426207092,47.939297820740194
4585,0.3565,Moderate Risk,3,1.41,0.1204,Bare Land,Peri-Urban / Sparse,0.3541,0.0032,0.7196,0.7000,#FFAA00,19.909228205129565,47.98525839242492
4586,0.3565,Moderate Risk,3,3.83,0.1218,Bare Land,Peri-Urban / Sparse,0.3541,0.0087,0.7112,0.7000,#FFAA00,24.825163540438282,49.56762070450137
4587,0.3565,Moderate Risk,3,2.65,0.1212,Bare Land,Peri-Urban / Sparse,0.3541,0.0060,0.7150,0.7000,#FFAA00,24.458773276005296,49.64914229414425
4588,0.3565,Moderate Risk,3,2.20,0.1209,Bare Land,Peri-Urban / Sparse,0.3541,0.0050,0.7169,0.7000,#FFAA00,23.86383028261627,50.05236358032558
4589,0.3565,Moderate Risk,3,2.44,0.1211,Bare Land,Peri-Urban / Sparse,0.3541,0.0056,0.7158,0.7000,#FFAA00,21.888588029094965,50.39804019538396
4590,0.3565,Moderate Risk,3,1.87,0.1207,Bare Land,Peri-Urban / Sparse,0.3541,0.0043,0.7181,0.7000,#FFAA00,22.48028566481624,50.09396106365453
4591,0.3565,Moderate Risk,3,2.05,0.1208,Bare Land,Peri-Urban / Sparse,0.3541,0.0047,0.7175,0.7000,#FFAA00,22.716536072358778,49.49442423719913
4592,0.3565,Moderate Risk,3,1.45,0.1204,Bare Land,Peri-Urban / Sparse,0.3541,0.0033,0.7193,0.7000,#FFAA00,21.779517267602188,49.139074936029274
4593,0.3565,Moderate Risk,3,3.61,0.1217,Bare Land,Peri-Urban / Sparse,0.3541,0.0082,0.7118,0.7000,#FFAA00,25.357101228441245,48.77497535139744
4594,0.3565,Moderate Risk,3,5.67,0.1229,Bare Land,Peri-Urban / Sparse,0.3541,0.0129,0.7048,0.7000,#FFAA00,24.69853106658847,48.89750181810089
4595,0.3565,Moderate Risk,3,2.46,0.1211,Bare Land,Peri-Urban / Sparse,0.3541,0.0056,0.7158,0.7000,#FFAA00,22.458290962180705,50.7465185320018
4596,0.3565,Moderate Risk,3,1.47,0.1205,Bare Land,Peri-Urban / Sparse,0.3541,0.0034,0.7191,0.7000,#FFAA00,20.27280060729816,48.03824034655534
4597,0.3565,Moderate Risk,3,1.75,0.1207,Bare Land,Peri-Urban / Sparse,0.3541,0.0040,0.7181,0.7000,#FFAA00,21.54381558521206,49.78215924073818
4598,0.3564,Moderate Risk,3,2.42,0.1211,Bare Land,Peri-Urban / Sparse,0.3541,0.0055,0.7156,0.7000,#FFAA00,21.817469440873303,50.348903448446976
4599,0.3564,Moderate Risk,3,2.18,0.1210,Bare Land,Peri-Urban / Sparse,0.3541,0.0050,0.7163,0.7000,#FFAA00,26.02596617874868,48.21911331491421
4600,0.3564,Moderate Risk,3,6.50,0.1235,Bare Land,Peri-Urban / Sparse,0.3541,0.0148,0.7014,0.7000,#FFAA00,24.626992641740372,48.847755925955866
4601,0.3564,Moderate Risk,3,4.49,0.1223,Bare Land,Peri-Urban / Sparse,0.3541,0.0102,0.7083,0.7000,#FFAA00,24.24635539454909,49.451973083920755
4602,0.3564,Moderate Risk,3,1.27,0.1204,Bare Land,Peri-Urban / Sparse,0.3541,0.0029,0.7194,0.7000,#FFAA00,20.25945247592609,48.7289239768096
4603,0.3564,Moderate Risk,3,1.35,0.1205,Bare Land,Peri-Urban / Sparse,0.3541,0.0031,0.7192,0.7000,#FFAA00,20.262339083983374,48.59083246234069
4604,0.3564,Moderate Risk,3,2.46,0.1211,Bare Land,Peri-Urban / Sparse,0.3541,0.0056,0.7155,0.7000,#FFAA00,22.319625460721948,50.55436870921965
4605,0.3564,Moderate Risk,3,2.01,0.1208,Bare Land,Peri-Urban / Sparse,0.3541,0.0046,0.7171,0.7000,#FFAA00,23.055366824809315,50.3029464792949
4606,0.3564,Moderate Risk,3,1.37,0.1205,Bare Land,Peri-Urban / Sparse,0.3541,0.0031,0.7189,0.7000,#FFAA00,19.834791545078225,48.07576589751776
4607,0.3564,Moderate Risk,3,1.40,0.1205,Bare Land,Peri-Urban / Sparse,0.3541,0.0032,0.7188,0.7000,#FFAA00,19.907660556322412,48.07717303578286
4608,0.3564,Moderate Risk,3,1.41,0.1205,Bare Land,Peri-Urban / Sparse,0.3541,0.0032,0.7188,0.7000,#FFAA00,20.125452301318877,48.127449323827456
4609,0.3564,Moderate Risk,3,1.36,0.1205,Bare Land,Peri-Urban / Sparse,0.3541,0.0031,0.7191,0.7000,#FFAA00,20.192278571957633,48.45110791611637
4610,0.3564,Moderate Risk,3,1.58,0.1206,Bare Land,Peri-Urban / Sparse,0.3541,0.0036,0.7186,0.7000,#FFAA00,21.26063600672573,49.495035771977435
4611,0.3564,Moderate Risk,3,2.41,0.1211,Bare Land,Peri-Urban / Sparse,0.3541,0.0055,0.7155,0.7000,#FFAA00,21.815955172898544,50.39530425986408
4612,0.3564,Moderate Risk,3,1.48,0.1205,Bare Land,Peri-Urban / Sparse,0.3541,0.0034,0.7188,0.7000,#FFAA00,21.04484079058932,49.395998202242424
4613,0.3563,Moderate Risk,3,0.74,0.1202,Bare Land,Rural / Scattered,0.3541,0.0017,0.7210,0.7000,#FFAA00,19.5973926126992,51.506413077919476
4614,0.3563,Moderate Risk,3,2.69,0.1213,Bare Land,Peri-Urban / Sparse,0.3541,0.0061,0.7143,0.7000,#FFAA00,25.063578308163134,48.86130112679894
4615,0.3563,Moderate Risk,3,1.57,0.1207,Bare Land,Peri-Urban / Sparse,0.3541,0.0036,0.7178,0.7000,#FFAA00,22.372957540956367,48.68931842793581
4616,0.3563,Moderate Risk,3,1.47,0.1207,Bare Land,Peri-Urban / Sparse,0.3541,0.0034,0.7181,0.7000,#FFAA00,20.27359395288262,47.99217583176416
4617,0.3563,Moderate Risk,3,1.85,0.1209,Bare Land,Peri-Urban / Sparse,0.3541,0.0042,0.7170,0.7000,#FFAA00,22.855181512660938,49.73320799491849
4618,0.3563,Moderate Risk,3,1.31,0.1206,Bare Land,Peri-Urban / Sparse,0.3541,0.0030,0.7187,0.7000,#FFAA00,20.261388923597632,48.63686562308783
4619,0.3563,Moderate Risk,3,2.44,0.1212,Bare Land,Peri-Urban / Sparse,0.3541,0.0056,0.7150,0.7000,#FFAA00,22.936030092075246,49.45477052929222
4620,0.3563,Moderate Risk,3,1.41,0.1206,Bare Land,Peri-Urban / Sparse,0.3541,0.0032,0.7186,0.7000,#FFAA00,20.124629195858017,48.17346441187031
4621,0.3563,Moderate Risk,3,1.71,0.1208,Bare Land,Peri-Urban / Sparse,0.3541,0.0039,0.7175,0.7000,#FFAA00,22.66306815434888,48.743855011511066
4622,0.3563,Moderate Risk,3,1.42,0.1206,Bare Land,Peri-Urban / Sparse,0.3541,0.0032,0.7184,0.7000,#FFAA00,19.764985313985722,47.890694252238724
4623,0.3563,Moderate Risk,3,4.46,0.1224,Bare Land,Peri-Urban / Sparse,0.3541,0.0102,0.7080,0.7000,#FFAA00,24.16654706193389,49.68579288920987
4624,0.3563,Moderate Risk,3,1.27,0.1205,Bare Land,Peri-Urban / Sparse,0.3541,0.0029,0.7189,0.7000,#FFAA00,20.618373805548405,48.96836417773986
4625,0.3563,Moderate Risk,3,1.62,0.1207,Bare Land,Peri-Urban / Sparse,0.3541,0.0037,0.7176,0.7000,#FFAA00,21.4023134898463,49.63845707455345
4626,0.3563,Moderate Risk,3,2.56,0.1213,Bare Land,Peri-Urban / Sparse,0.3541,0.0058,0.7146,0.7000,#FFAA00,24.081789886798965,50.060891672011714
4627,0.3563,Moderate Risk,3,1.47,0.1207,Bare Land,Peri-Urban / Sparse,0.3541,0.0034,0.7181,0.7000,#FFAA00,20.974453251301895,49.30145136689491
4628,0.3563,Moderate Risk,3,0.46,0.1201,Bare Land,Rural / Scattered,0.3541,0.0011,0.7216,0.7000,#FFAA00,26.10871974912046,47.740018583376155
4629,0.3563,Moderate Risk,3,1.40,0.1206,Bare Land,Peri-Urban / Sparse,0.3541,0.0032,0.7184,0.7000,#FFAA00,19.97972411138641,48.12456144775247
4630,0.3562,Moderate Risk,3,1.90,0.1210,Bare Land,Peri-Urban / Sparse,0.3541,0.0043,0.7162,0.7000,#FFAA00,22.985844494844095,50.20650090591373
4631,0.3562,Moderate Risk,3,1.40,0.1207,Bare Land,Peri-Urban / Sparse,0.3541,0.0032,0.7180,0.7000,#FFAA00,19.908450302418395,48.031216808447645
4632,0.3562,Moderate Risk,3,1.82,0.1209,Bare Land,Peri-Urban / Sparse,0.3541,0.0041,0.7165,0.7000,#FFAA00,21.619169343113953,49.691786396141914
4633,0.3562,Moderate Risk,3,1.56,0.1207,Bare Land,Peri-Urban / Sparse,0.3541,0.0036,0.7176,0.7000,#FFAA00,21.26428974949127,49.35616333536879
4634,0.3562,Moderate Risk,3,2.07,0.1211,Bare Land,Peri-Urban / Sparse,0.3541,0.0047,0.7156,0.7000,#FFAA00,24.850083825153064,48.66419550161703
4635,0.3562,Moderate Risk,3,2.39,0.1213,Bare Land,Peri-Urban / Sparse,0.3541,0.0055,0.7144,0.7000,#FFAA00,21.81288782324905,50.488093678124166
4636,0.3562,Moderate Risk,3,0.78,0.1204,Bare Land,Rural / Scattered,0.3541,0.0018,0.7199,0.7000,#FFAA00,19.666551344776412,51.600648526258055
4637,0.3562,Moderate Risk,3,2.45,0.1213,Bare Land,Peri-Urban / Sparse,0.3541,0.0056,0.7146,0.7000,#FFAA00,22.030749735242537,50.49647581435936
4638,0.3562,Moderate Risk,3,1.41,0.1206,Bare Land,Peri-Urban / Sparse,0.3541,0.0032,0.7182,0.7000,#FFAA00,19.981321751401037,48.032609161926935
4639,0.3562,Moderate Risk,3,1.37,0.1206,Bare Land,Peri-Urban / Sparse,0.3541,0.0031,0.7183,0.7000,#FFAA00,20.120334068918186,48.403504655778306
4640,0.3561,Moderate Risk,3,2.68,0.1215,Bare Land,Peri-Urban / Sparse,0.3541,0.0061,0.7131,0.7000,#FFAA00,24.989571778288212,48.90664262448261
4641,0.3561,Moderate Risk,3,1.33,0.1207,Bare Land,Peri-Urban / Sparse,0.3541,0.0030,0.7179,0.7000,#FFAA00,19.905220282116236,48.2150282555433
4642,0.3561,Moderate Risk,3,1.39,0.1208,Bare Land,Peri-Urban / Sparse,0.3541,0.0032,0.7175,0.7000,#FFAA00,19.906858969262657,48.12312704141401
4643,0.3561,Moderate Risk,3,1.43,0.1208,Bare Land,Peri-Urban / Sparse,0.3541,0.0033,0.7172,0.7000,#FFAA00,20.271177683574372,48.13036270714273
4644,0.3561,Moderate Risk,3,2.24,0.1213,Bare Land,Peri-Urban / Sparse,0.3541,0.0051,0.7145,0.7000,#FFAA00,21.90179830138824,49.980081362893145
4645,0.3561,Moderate Risk,3,1.29,0.1207,Bare Land,Peri-Urban / Sparse,0.3541,0.0029,0.7177,0.7000,#FFAA00,20.260426719927302,48.68289613898838
4646,0.3561,Moderate Risk,3,1.39,0.1207,Bare Land,Peri-Urban / Sparse,0.3541,0.0032,0.7176,0.7000,#FFAA00,20.760695296135925,49.110637546506
4647,0.3561,Moderate Risk,3,1.47,0.1208,Bare Land,Peri-Urban / Sparse,0.3541,0.0034,0.7172,0.7000,#FFAA00,20.97561556198389,49.25524055414841
4648,0.3561,Moderate Risk,3,2.08,0.1211,Bare Land,Peri-Urban / Sparse,0.3541,0.0047,0.7154,0.7000,#FFAA00,23.393207836539517,48.6699588119956
4649,0.3561,Moderate Risk,3,1.82,0.1210,Bare Land,Peri-Urban / Sparse,0.3541,0.0042,0.7161,0.7000,#FFAA00,22.089726551880336,48.308841114952266
4650,0.3561,Moderate Risk,3,1.50,0.1208,Bare Land,Peri-Urban / Sparse,0.3541,0.0034,0.7171,0.7000,#FFAA00,21.713483577356204,48.85823800464607
4651,0.3561,Moderate Risk,3,1.64,0.1209,Bare Land,Peri-Urban / Sparse,0.3541,0.0037,0.7165,0.7000,#FFAA00,21.473739174329122,49.687103181803025
4652,0.3561,Moderate Risk,3,1.44,0.1208,Bare Land,Peri-Urban / Sparse,0.3541,0.0033,0.7176,0.7000,#FFAA00,20.698318271769118,48.647191801725
4653,0.3561,Moderate Risk,3,1.26,0.1207,Bare Land,Peri-Urban / Sparse,0.3541,0.0029,0.7178,0.7000,#FFAA00,20.47383342476746,48.91852443453115
4654,0.3561,Moderate Risk,3,1.49,0.1208,Bare Land,Peri-Urban / Sparse,0.3541,0.0034,0.7171,0.7000,#FFAA00,21.05935652232651,48.79480981660448
4655,0.3561,Moderate Risk,3,1.30,0.1207,Bare Land,Peri-Urban / Sparse,0.3541,0.0030,0.7178,0.7000,#FFAA00,20.403083363831858,48.824555371034776
4656,0.3561,Moderate Risk,3,1.37,0.1207,Bare Land,Peri-Urban / Sparse,0.3541,0.0031,0.7178,0.7000,#FFAA00,19.977238517265754,48.2624728480755
4657,0.3561,Moderate Risk,3,1.44,0.1207,Bare Land,Peri-Urban / Sparse,0.3541,0.0033,0.7176,0.7000,#FFAA00,20.34320650474579,48.177908262876926
4658,0.3560,Moderate Risk,3,2.05,0.1213,Bare Land,Peri-Urban / Sparse,0.3541,0.0047,0.7146,0.7000,#FFAA00,26.029109581992472,48.074902813998335
4659,0.3560,Moderate Risk,3,2.06,0.1213,Bare Land,Peri-Urban / Sparse,0.3541,0.0047,0.7147,0.7000,#FFAA00,23.657682008347138,49.66743837436177
4660,0.3560,Moderate Risk,3,1.40,0.1209,Bare Land,Peri-Urban / Sparse,0.3541,0.0032,0.7168,0.7000,#FFAA00,20.556464792572896,48.45922629673794
4661,0.3560,Moderate Risk,3,1.39,0.1208,Bare Land,Peri-Urban / Sparse,0.3541,0.0032,0.7172,0.7000,#FFAA00,19.835578163959276,48.029830606148906
4662,0.3560,Moderate Risk,3,2.17,0.1213,Bare Land,Peri-Urban / Sparse,0.3541,0.0049,0.7146,0.7000,#FFAA00,22.9053450173507,50.43755518398699
4663,0.3560,Moderate Risk,3,6.79,0.1240,Bare Land,Peri-Urban / Sparse,0.3541,0.0155,0.6988,0.7000,#FFAA00,25.51527027808773,48.25323942773489
4664,0.3560,Moderate Risk,3,1.41,0.1208,Bare Land,Peri-Urban / Sparse,0.3541,0.0032,0.7171,0.7000,#FFAA00,19.980528875324513,48.07858641801969
4665,0.3560,Moderate Risk,3,2.53,0.1215,Bare Land,Peri-Urban / Sparse,0.3541,0.0058,0.7130,0.7000,#FFAA00,24.080216571678847,50.10809293904759
4666,0.3560,Moderate Risk,3,2.09,0.1212,Bare Land,Peri-Urban / Sparse,0.3541,0.0048,0.7148,0.7000,#FFAA00,23.7582829915731,48.63292849140478
4667,0.3560,Moderate Risk,3,0.47,0.1203,Bare Land,Rural / Scattered,0.3541,0.0011,0.7203,0.7000,#FFAA00,26.11051776571106,47.6437720489706
4668,0.3560,Moderate Risk,3,6.87,0.1241,Bare Land,Peri-Urban / Sparse,0.3541,0.0157,0.6981,0.7000,#FFAA00,24.755335046788996,49.469970304162686
4669,0.3560,Moderate Risk,3,1.74,0.1210,Bare Land,Peri-Urban / Sparse,0.3541,0.0040,0.7160,0.7000,#FFAA00,22.018748530179014,48.213953278802116
4670,0.3560,Moderate Risk,3,1.41,0.1209,Bare Land,Peri-Urban / Sparse,0.3541,0.0032,0.7168,0.7000,#FFAA00,20.196650645079163,48.2209732869007
4671,0.3560,Moderate Risk,3,2.19,0.1213,Bare Land,Peri-Urban / Sparse,0.3541,0.0050,0.7145,0.7000,#FFAA00,21.975886329534656,49.93613570371409
4672,0.3560,Moderate Risk,3,1.42,0.1209,Bare Land,Peri-Urban / Sparse,0.3541,0.0032,0.7169,0.7000,#FFAA00,20.903997314820103,49.206989704359096
4673,0.3559,Moderate Risk,3,1.94,0.1212,Bare Land,Peri-Urban / Sparse,0.3541,0.0044,0.7148,0.7000,#FFAA00,21.687875736306154,49.833354707962066
4674,0.3559,Moderate Risk,3,2.57,0.1216,Bare Land,Peri-Urban / Sparse,0.3541,0.0058,0.7126,0.7000,#FFAA00,24.08334872791473,50.01368637133814
4675,0.3559,Moderate Risk,3,2.41,0.1216,Bare Land,Peri-Urban / Sparse,0.3541,0.0055,0.7129,0.7000,#FFAA00,24.529993123515503,49.699218571528654
4676,0.3559,Moderate Risk,3,1.42,0.1209,Bare Land,Peri-Urban / Sparse,0.3541,0.0032,0.7165,0.7000,#FFAA00,19.83711600979575,47.9379535039918
4677,0.3559,Moderate Risk,3,1.40,0.1209,Bare Land,Peri-Urban / Sparse,0.3541,0.0032,0.7166,0.7000,#FFAA00,20.341504530948885,48.27005980900582
4678,0.3559,Moderate Risk,3,1.40,0.1210,Bare Land,Peri-Urban / Sparse,0.3541,0.0032,0.7164,0.7000,#FFAA00,19.836352986323188,47.98389313065454
4679,0.3559,Moderate Risk,3,0.88,0.1206,Bare Land,Rural / Scattered,0.3541,0.0020,0.7185,0.7000,#FFAA00,19.728689473398465,51.87754954438393
4680,0.3559,Moderate Risk,3,1.40,0.1209,Bare Land,Peri-Urban / Sparse,0.3541,0.0032,0.7167,0.7000,#FFAA00,20.34063537375074,48.31613202326302
4681,0.3559,Moderate Risk,3,0.41,0.1203,Bare Land,Rural / Scattered,0.3541,0.0009,0.7199,0.7000,#FFAA00,19.528160757548314,51.412252812343986
4682,0.3559,Moderate Risk,3,1.35,0.1209,Bare Land,Peri-Urban / Sparse,0.3541,0.0031,0.7169,0.7000,#FFAA00,19.76347708301931,47.98253391461935
4683,0.3559,Moderate Risk,3,4.00,0.1225,Bare Land,Peri-Urban / Sparse,0.3541,0.0091,0.7075,0.7000,#FFAA00,24.415647687398945,48.556630044402205
4684,0.3559,Moderate Risk,3,1.87,0.1212,Bare Land,Peri-Urban / Sparse,0.3541,0.0043,0.7150,0.7000,#FFAA00,22.845084264689227,50.06066049908664
4685,0.3559,Moderate Risk,3,1.61,0.1210,Bare Land,Peri-Urban / Sparse,0.3541,0.0037,0.7160,0.7000,#FFAA00,21.332125195361115,49.54355931974287
4686,0.3559,Moderate Risk,3,1.90,0.1213,Bare Land,Peri-Urban / Sparse,0.3541,0.0043,0.7146,0.7000,#FFAA00,22.696769408575015,50.148716399613015
4687,0.3559,Moderate Risk,3,7.35,0.1244,Bare Land,Peri-Urban / Sparse,0.3541,0.0168,0.6962,0.7000,#FFAA00,25.733682451646544,48.25916714453504
4688,0.3558,Moderate Risk,3,1.38,0.1210,Bare Land,Peri-Urban / Sparse,0.3541,0.0031,0.7163,0.7000,#FFAA00,20.26511727644519,48.45271744351024
4689,0.3558,Moderate Risk,3,2.39,0.1216,Bare Land,Peri-Urban / Sparse,0.3541,0.0055,0.7125,0.7000,#FFAA00,21.811334751058904,50.53448221635414
4690,0.3558,Moderate Risk,3,1.36,0.1210,Bare Land,Peri-Urban / Sparse,0.3541,0.0031,0.7161,0.7000,#FFAA00,20.263277198167422,48.54479668999064
4691,0.3558,Moderate Risk,3,2.63,0.1217,Bare Land,Peri-Urban / Sparse,0.3541,0.0060,0.7120,0.7000,#FFAA00,24.09092565246202,49.777600661565685
4692,0.3558,Moderate Risk,3,2.12,0.1214,Bare Land,Peri-Urban / Sparse,0.3541,0.0048,0.7136,0.7000,#FFAA00,21.759207242811357,49.882210462225956
4693,0.3558,Moderate Risk,3,2.41,0.1216,Bare Land,Peri-Urban / Sparse,0.3541,0.0055,0.7126,0.7000,#FFAA00,21.958130078082565,50.49367013087164
4694,0.3558,Moderate Risk,3,1.38,0.1210,Bare Land,Peri-Urban / Sparse,0.3541,0.0031,0.7161,0.7000,#FFAA00,19.764237075693277,47.93661514032985
4695,0.3558,Moderate Risk,3,1.69,0.1212,Bare Land,Peri-Urban / Sparse,0.3541,0.0038,0.7149,0.7000,#FFAA00,22.590273593801083,48.741881426322664
4696,0.3558,Moderate Risk,3,1.38,0.1210,Bare Land,Peri-Urban / Sparse,0.3541,0.0032,0.7162,0.7000,#FFAA00,20.121217032196718,48.35750141044213
4697,0.3558,Moderate Risk,3,1.30,0.1209,Bare Land,Peri-Urban / Sparse,0.3541,0.0030,0.7165,0.7000,#FFAA00,20.33226834258637,48.730669180972164
4698,0.3558,Moderate Risk,3,2.29,0.1215,Bare Land,Peri-Urban / Sparse,0.3541,0.0052,0.7132,0.7000,#FFAA00,21.830514816454127,49.93111926236763
4699,0.3558,Moderate Risk,3,0.82,0.1207,Bare Land,Rural / Scattered,0.3541,0.0019,0.7178,0.7000,#FFAA00,19.732185905477586,51.786264136341394
4700,0.3558,Moderate Risk,3,2.20,0.1215,Bare Land,Peri-Urban / Sparse,0.3541,0.0050,0.7132,0.7000,#FFAA00,21.90320103040971,49.93362225405695
4701,0.3558,Moderate Risk,3,1.43,0.1211,Bare Land,Peri-Urban / Sparse,0.3541,0.0033,0.7158,0.7000,#FFAA00,20.83457752825832,49.06643414387936
4702,0.3558,Moderate Risk,3,3.27,0.1222,Bare Land,Peri-Urban / Sparse,0.3541,0.0075,0.7094,0.7000,#FFAA00,25.57784119537597,48.686085848155365
4703,0.3557,Moderate Risk,3,1.89,0.1214,Bare Land,Peri-Urban / Sparse,0.3541,0.0043,0.7139,0.7000,#FFAA00,22.552947889868292,50.09663166754031
4704,0.3557,Moderate Risk,3,1.73,0.1213,Bare Land,Peri-Urban / Sparse,0.3541,0.0040,0.7146,0.7000,#FFAA00,21.545141546842427,49.73580132118628
4705,0.3557,Moderate Risk,3,1.56,0.1212,Bare Land,Peri-Urban / Sparse,0.3541,0.0035,0.7151,0.7000,#FFAA00,21.932947509925402,48.81756702928939
4706,0.3557,Moderate Risk,3,2.14,0.1215,Bare Land,Peri-Urban / Sparse,0.3541,0.0049,0.7130,0.7000,#FFAA00,23.684375340480884,48.67805756283585
4707,0.3557,Moderate Risk,3,4.82,0.1231,Bare Land,Peri-Urban / Sparse,0.3541,0.0110,0.7037,0.7000,#FFAA00,25.117412051847925,49.53076352695376
4708,0.3557,Moderate Risk,3,1.48,0.1211,Bare Land,Peri-Urban / Sparse,0.3541,0.0034,0.7154,0.7000,#FFAA00,21.786276078977828,48.860185778852994
4709,0.3557,Moderate Risk,3,2.40,0.1217,Bare Land,Peri-Urban / Sparse,0.3541,0.0055,0.7123,0.7000,#FFAA00,21.814427965449543,50.44170101452825
4710,0.3557,Moderate Risk,3,1.41,0.1211,Bare Land,Peri-Urban / Sparse,0.3541,0.0032,0.7154,0.7000,#FFAA00,20.05258855616861,48.12600220410651
4711,0.3557,Moderate Risk,3,2.78,0.1219,Bare Land,Peri-Urban / Sparse,0.3541,0.0063,0.7110,0.7000,#FFAA00,24.092397547601703,49.730371938218916
4712,0.3557,Moderate Risk,3,1.37,0.1211,Bare Land,Peri-Urban / Sparse,0.3541,0.0031,0.7155,0.7000,#FFAA00,20.336107992756713,48.54645617131238
4713,0.3557,Moderate Risk,3,1.70,0.1212,Bare Land,Peri-Urban / Sparse,0.3541,0.0039,0.7147,0.7000,#FFAA00,21.54775503107528,49.64307488899214
4714,0.3557,Moderate Risk,3,1.70,0.1212,Bare Land,Peri-Urban / Sparse,0.3541,0.0039,0.7147,0.7000,#FFAA00,21.54775503107528,49.64307488899214
4715,0.3557,Moderate Risk,3,1.71,0.1212,Bare Land,Peri-Urban / Sparse,0.3541,0.0039,0.7147,0.7000,#FFAA00,21.54775503107528,49.64307488899214
4716,0.3557,Moderate Risk,3,1.71,0.1212,Bare Land,Peri-Urban / Sparse,0.3541,0.0039,0.7147,0.7000,#FFAA00,21.54775503107528,49.64307488899214
4717,0.3556,Moderate Risk,3,1.81,0.1214,Bare Land,Peri-Urban / Sparse,0.3541,0.0041,0.7137,0.7000,#FFAA00,22.079618406763455,48.774883579719564
4718,0.3556,Moderate Risk,3,1.89,0.1215,Bare Land,Peri-Urban / Sparse,0.3541,0.0043,0.7132,0.7000,#FFAA00,22.843587186304642,50.10742408786647
4719,0.3556,Moderate Risk,3,1.81,0.1214,Bare Land,Peri-Urban / Sparse,0.3541,0.0041,0.7138,0.7000,#FFAA00,22.71387519952135,49.587938362910265
4720,0.3556,Moderate Risk,3,1.49,0.1213,Bare Land,Peri-Urban / Sparse,0.3541,0.0034,0.7145,0.7000,#FFAA00,21.046032533144793,49.349771501851215
4721,0.3556,Moderate Risk,3,1.41,0.1212,Bare Land,Peri-Urban / Sparse,0.3541,0.0032,0.7152,0.7000,#FFAA00,20.905130372090593,49.16079484712778
4722,0.3556,Moderate Risk,3,1.38,0.1212,Bare Land,Peri-Urban / Sparse,0.3541,0.0031,0.7149,0.7000,#FFAA00,20.3370376724079,48.500396376005234
4723,0.3556,Moderate Risk,3,3.22,0.1223,Bare Land,Peri-Urban / Sparse,0.3541,0.0073,0.7088,0.7000,#FFAA00,25.429866810819856,48.77724270336639
4724,0.3556,Moderate Risk,3,1.39,0.1212,Bare Land,Peri-Urban / Sparse,0.3541,0.0032,0.7151,0.7000,#FFAA00,20.194063443583914,48.359061351321266
4725,0.3556,Moderate Risk,3,2.42,0.1218,Bare Land,Peri-Urban / Sparse,0.3541,0.0055,0.7115,0.7000,#FFAA00,21.887055225395205,50.44446019501281
4726,0.3556,Moderate Risk,3,1.36,0.1212,Bare Land,Peri-Urban / Sparse,0.3541,0.0031,0.7150,0.7000,#FFAA00,20.2642032632693,48.498758339292124
4727,0.3556,Moderate Risk,3,1.62,0.1213,Bare Land,Peri-Urban / Sparse,0.3541,0.0037,0.7143,0.7000,#FFAA00,21.404856733493833,49.54580819866504
4728,0.3556,Moderate Risk,3,1.37,0.1212,Bare Land,Peri-Urban / Sparse,0.3541,0.0031,0.7151,0.7000,#FFAA00,20.04836990402389,48.35594831269367
4729,0.3556,Moderate Risk,3,2.48,0.1219,Bare Land,Peri-Urban / Sparse,0.3541,0.0057,0.7112,0.7000,#FFAA00,24.560101495944892,48.60820493264098
4730,0.3555,Moderate Risk,3,1.86,0.1216,Bare Land,Peri-Urban / Sparse,0.3541,0.0042,0.7127,0.7000,#FFAA00,22.70122894182291,50.00857294148981
4731,0.3555,Moderate Risk,3,1.82,0.1215,Bare Land,Peri-Urban / Sparse,0.3541,0.0041,0.7133,0.7000,#FFAA00,22.708390378439994,49.774923934135586
4732,0.3555,Moderate Risk,3,1.90,0.1215,Bare Land,Peri-Urban / Sparse,0.3541,0.0043,0.7130,0.7000,#FFAA00,22.76942342432371,50.1514444912214
4733,0.3555,Moderate Risk,3,1.50,0.1214,Bare Land,Peri-Urban / Sparse,0.3541,0.0034,0.7141,0.7000,#FFAA00,20.98123996978592,49.024140022229986
4734,0.3555,Moderate Risk,3,2.57,0.1220,Bare Land,Peri-Urban / Sparse,0.3541,0.0059,0.7104,0.7000,#FFAA00,24.457305863480492,49.69651222103628
4735,0.3555,Moderate Risk,3,1.38,0.1212,Bare Land,Peri-Urban / Sparse,0.3541,0.0032,0.7147,0.7000,#FFAA00,19.978907462054952,48.170534218049085
4736,0.3555,Moderate Risk,3,3.86,0.1228,Bare Land,Peri-Urban / Sparse,0.3541,0.0088,0.7059,0.7000,#FFAA00,25.518390133187587,48.10964967741574
4737,0.3555,Moderate Risk,3,0.51,0.1207,Bare Land,Rural / Scattered,0.3541,0.0012,0.7178,0.7000,#FFAA00,26.105902519092336,47.884370903807316
4738,0.3555,Moderate Risk,3,3.34,0.1224,Bare Land,Peri-Urban / Sparse,0.3541,0.0076,0.7078,0.7000,#FFAA00,25.502631482972323,48.779518851759484
4739,0.3555,Moderate Risk,3,2.37,0.1219,Bare Land,Peri-Urban / Sparse,0.3541,0.0054,0.7110,0.7000,#FFAA00,24.776131161131193,48.70960325994829
4740,0.3555,Moderate Risk,3,2.61,0.1220,Bare Land,Peri-Urban / Sparse,0.3541,0.0060,0.7105,0.7000,#FFAA00,22.229443050291838,48.592198443139075
4741,0.3554,Moderate Risk,3,2.06,0.1218,Bare Land,Peri-Urban / Sparse,0.3541,0.0047,0.7117,0.7000,#FFAA00,26.028077731539714,48.122975628371194
4742,0.3554,Moderate Risk,3,1.51,0.1214,Bare Land,Peri-Urban / Sparse,0.3541,0.0034,0.7137,0.7000,#FFAA00,21.117589521924927,49.39814211403489
4743,0.3554,Moderate Risk,3,1.84,0.1216,Bare Land,Peri-Urban / Sparse,0.3541,0.0042,0.7123,0.7000,#FFAA00,22.850936087781296,49.873567436824594
4744,0.3554,Moderate Risk,3,1.41,0.1214,Bare Land,Peri-Urban / Sparse,0.3541,0.0032,0.7138,0.7000,#FFAA00,20.414355589907856,48.27159724196464
4745,0.3554,Moderate Risk,3,1.86,0.1216,Bare Land,Peri-Urban / Sparse,0.3541,0.0042,0.7124,0.7000,#FFAA00,22.77242060164567,50.0579704368964
4746,0.3554,Moderate Risk,3,1.62,0.1215,Bare Land,Peri-Urban / Sparse,0.3541,0.0037,0.7131,0.7000,#FFAA00,21.403591476160752,49.59213434875036
4747,0.3554,Moderate Risk,3,1.38,0.1213,Bare Land,Peri-Urban / Sparse,0.3541,0.0031,0.7142,0.7000,#FFAA00,20.338860732115865,48.40826916722957
4748,0.3554,Moderate Risk,3,1.39,0.1213,Bare Land,Peri-Urban / Sparse,0.3541,0.0032,0.7141,0.7000,#FFAA00,20.122088029184667,48.31149573021164
4749,0.3554,Moderate Risk,3,1.47,0.1214,Bare Land,Peri-Urban / Sparse,0.3541,0.0033,0.7137,0.7000,#FFAA00,20.201500408112324,47.94473486836236
4750,0.3554,Moderate Risk,3,2.43,0.1220,Bare Land,Peri-Urban / Sparse,0.3541,0.0055,0.7105,0.7000,#FFAA00,21.959681512855276,50.44723089932262
4751,0.3554,Moderate Risk,3,1.45,0.1214,Bare Land,Peri-Urban / Sparse,0.3541,0.0033,0.7137,0.7000,#FFAA00,20.27199518337003,48.08430264946954
4752,0.3554,Moderate Risk,3,1.40,0.1214,Bare Land,Peri-Urban / Sparse,0.3541,0.0032,0.7140,0.7000,#FFAA00,20.268652754296387,48.26852907521575
4753,0.3554,Moderate Risk,3,4.40,0.1231,Bare Land,Peri-Urban / Sparse,0.3541,0.0100,0.7038,0.7000,#FFAA00,25.5813930932463,48.54248598417741
4754,0.3553,Moderate Risk,3,1.40,0.1214,Bare Land,Peri-Urban / Sparse,0.3541,0.0032,0.7137,0.7000,#FFAA00,20.555536489766354,48.505353555725144
4755,0.3553,Moderate Risk,3,1.39,0.1215,Bare Land,Peri-Urban / Sparse,0.3541,0.0032,0.7135,0.7000,#FFAA00,20.484541543211527,48.41148038649819
4756,0.3553,Moderate Risk,3,1.43,0.1215,Bare Land,Peri-Urban / Sparse,0.3541,0.0033,0.7133,0.7000,#FFAA00,20.76914770204267,48.741301339299824
4757,0.3553,Moderate Risk,3,1.47,0.1215,Bare Land,Peri-Urban / Sparse,0.3541,0.0033,0.7131,0.7000,#FFAA00,20.976765400980227,49.20902659843939
4758,0.3553,Moderate Risk,3,1.46,0.1215,Bare Land,Peri-Urban / Sparse,0.3541,0.0033,0.7134,0.7000,#FFAA00,20.702134136208304,48.46252338202061
4759,0.3553,Moderate Risk,3,1.36,0.1215,Bare Land,Peri-Urban / Sparse,0.3541,0.0031,0.7135,0.7000,#FFAA00,20.334212348142717,48.63856797708897
4760,0.3553,Moderate Risk,3,2.38,0.1220,Bare Land,Peri-Urban / Sparse,0.3541,0.0054,0.7103,0.7000,#FFAA00,25.737851467008348,48.067361439781976
4761,0.3553,Moderate Risk,3,1.40,0.1215,Bare Land,Peri-Urban / Sparse,0.3541,0.0032,0.7133,0.7000,#FFAA00,20.05176868021037,48.17199608671289
4762,0.3553,Moderate Risk,3,2.20,0.1219,Bare Land,Peri-Urban / Sparse,0.3541,0.0050,0.7106,0.7000,#FFAA00,22.441371974327115,48.878085875413355
4763,0.3552,Moderate Risk,3,1.85,0.1218,Bare Land,Peri-Urban / Sparse,0.3541,0.0042,0.7113,0.7000,#FFAA00,22.161605018212494,48.35718382690676
4764,0.3552,Moderate Risk,3,1.98,0.1219,Bare Land,Peri-Urban / Sparse,0.3541,0.0045,0.7111,0.7000,#FFAA00,22.982733054344248,50.30009901931981
4765,0.3552,Moderate Risk,3,3.97,0.1230,Bare Land,Peri-Urban / Sparse,0.3541,0.0090,0.7044,0.7000,#FFAA00,24.628201717463252,48.80026982330952
4766,0.3552,Moderate Risk,3,1.50,0.1216,Bare Land,Peri-Urban / Sparse,0.3541,0.0034,0.7128,0.7000,#FFAA00,21.048378479667846,49.25730848219132
4767,0.3552,Moderate Risk,3,2.07,0.1220,Bare Land,Peri-Urban / Sparse,0.3541,0.0047,0.7105,0.7000,#FFAA00,26.02702992932552,48.17104580877626
4768,0.3552,Moderate Risk,3,1.36,0.1215,Bare Land,Peri-Urban / Sparse,0.3541,0.0031,0.7132,0.7000,#FFAA00,19.906045543696226,48.16907879233357
4769,0.3552,Moderate Risk,3,1.81,0.1218,Bare Land,Peri-Urban / Sparse,0.3541,0.0041,0.7115,0.7000,#FFAA00,22.48321366871716,50.00067398881279
4770,0.3552,Moderate Risk,3,1.49,0.1216,Bare Land,Peri-Urban / Sparse,0.3541,0.0034,0.7129,0.7000,#FFAA00,21.05831515118857,48.841072890958266
4771,0.3552,Moderate Risk,3,1.42,0.1215,Bare Land,Peri-Urban / Sparse,0.3541,0.0032,0.7131,0.7000,#FFAA00,20.62742378017377,48.55316686941581
4772,0.3551,Moderate Risk,3,1.64,0.1218,Bare Land,Peri-Urban / Sparse,0.3541,0.0037,0.7116,0.7000,#FFAA00,21.475034694826842,49.640761111066695
4773,0.3551,Moderate Risk,3,4.19,0.1232,Bare Land,Peri-Urban / Sparse,0.3541,0.0095,0.7032,0.7000,#FFAA00,25.734748320304316,48.211219707159344
4774,0.3551,Moderate Risk,3,1.39,0.1216,Bare Land,Peri-Urban / Sparse,0.3541,0.0032,0.7125,0.7000,#FFAA00,20.485441874141653,48.36536983689885
4775,0.3551,Moderate Risk,3,1.38,0.1216,Bare Land,Peri-Urban / Sparse,0.3541,0.0031,0.7128,0.7000,#FFAA00,20.411701502346098,48.40987127911673
4776,0.3551,Moderate Risk,3,1.88,0.1219,Bare Land,Peri-Urban / Sparse,0.3541,0.0043,0.7110,0.7000,#FFAA00,22.628558132848195,50.00592916385497
4777,0.3551,Moderate Risk,3,1.64,0.1218,Bare Land,Peri-Urban / Sparse,0.3541,0.0037,0.7116,0.7000,#FFAA00,21.475034694826842,49.640761111066695
4778,0.3550,Moderate Risk,3,1.80,0.1220,Bare Land,Peri-Urban / Sparse,0.3541,0.0041,0.7106,0.7000,#FFAA00,22.36858682626496,48.87606384798031
4779,0.3550,Moderate Risk,3,1.40,0.1217,Bare Land,Peri-Urban / Sparse,0.3541,0.0032,0.7118,0.7000,#FFAA00,20.194937860893162,48.31303439224187
4780,0.3550,Moderate Risk,3,1.94,0.1221,Bare Land,Peri-Urban / Sparse,0.3541,0.0044,0.7100,0.7000,#FFAA00,22.407622485463524,50.09130140886643
4781,0.3550,Moderate Risk,3,1.86,0.1220,Bare Land,Peri-Urban / Sparse,0.3541,0.0043,0.7105,0.7000,#FFAA00,23.102026885948902,48.66198956462875
4782,0.3550,Moderate Risk,3,1.40,0.1217,Bare Land,Peri-Urban / Sparse,0.3541,0.0032,0.7120,0.7000,#FFAA00,20.2677869765289,48.31457981847208
4783,0.3550,Moderate Risk,3,1.89,0.1220,Bare Land,Peri-Urban / Sparse,0.3541,0.0043,0.7102,0.7000,#FFAA00,22.698269464918358,50.10200582509291
4784,0.3550,Moderate Risk,3,0.46,0.1212,Bare Land,Rural / Scattered,0.3541,0.0010,0.7151,0.7000,#FFAA00,26.035885611136013,47.73832275015405
4785,0.3550,Moderate Risk,3,1.38,0.1217,Bare Land,Peri-Urban / Sparse,0.3541,0.0032,0.7120,0.7000,#FFAA00,20.339754106570044,48.36220182046317
4786,0.3550,Moderate Risk,3,3.89,0.1232,Bare Land,Peri-Urban / Sparse,0.3541,0.0089,0.7033,0.7000,#FFAA00,25.311679744823888,50.25415020096311
4787,0.3550,Moderate Risk,3,2.73,0.1225,Bare Land,Peri-Urban / Sparse,0.3541,0.0062,0.7073,0.7000,#FFAA00,23.831075736445683,48.63495557758365
4788,0.3550,Moderate Risk,3,1.80,0.1220,Bare Land,Peri-Urban / Sparse,0.3541,0.0041,0.7106,0.7000,#FFAA00,22.36858682626496,48.87606384798031
4789,0.3549,Moderate Risk,3,4.79,0.1238,Bare Land,Peri-Urban / Sparse,0.3541,0.0109,0.7000,0.7000,#FFAA00,25.355866981018305,48.82274374175044
4790,0.3549,Moderate Risk,3,1.41,0.1218,Bare Land,Peri-Urban / Sparse,0.3541,0.0032,0.7114,0.7000,#FFAA00,20.76288250851497,49.01832095196781
4791,0.3549,Moderate Risk,3,1.38,0.1218,Bare Land,Peri-Urban / Sparse,0.3541,0.0031,0.7116,0.7000,#FFAA00,20.193177013031566,48.40508587035485
4792,0.3549,Moderate Risk,3,1.43,0.1218,Bare Land,Peri-Urban / Sparse,0.3541,0.0033,0.7114,0.7000,#FFAA00,20.63202173175528,48.32240891801023
4793,0.3549,Moderate Risk,3,1.37,0.1217,Bare Land,Peri-Urban / Sparse,0.3541,0.0031,0.7118,0.7000,#FFAA00,20.40799261009866,48.59420165860742
4794,0.3549,Moderate Risk,3,0.36,0.1211,Bare Land,Rural / Scattered,0.3541,0.0008,0.7153,0.7000,#FFAA00,19.524887677723893,51.50349283255384
4795,0.3549,Moderate Risk,3,1.36,0.1218,Bare Land,Peri-Urban / Sparse,0.3541,0.0031,0.7117,0.7000,#FFAA00,20.407035029341795,48.640277780101016
4796,0.3549,Moderate Risk,3,1.68,0.1220,Bare Land,Peri-Urban / Sparse,0.3541,0.0038,0.7106,0.7000,#FFAA00,22.36858682626496,48.87606384798031
4797,0.3549,Moderate Risk,3,1.95,0.1221,Bare Land,Peri-Urban / Sparse,0.3541,0.0044,0.7098,0.7000,#FFAA00,22.860650595347753,49.546011043046256
4798,0.3549,Moderate Risk,3,1.68,0.1220,Bare Land,Peri-Urban / Sparse,0.3541,0.0038,0.7106,0.7000,#FFAA00,22.36858682626496,48.87606384798031
4799,0.3549,Moderate Risk,3,1.87,0.1221,Bare Land,Peri-Urban / Sparse,0.3541,0.0043,0.7100,0.7000,#FFAA00,22.554423858243283,50.04996586266003
4800,0.3549,Moderate Risk,3,1.31,0.1217,Bare Land,Peri-Urban / Sparse,0.3541,0.0030,0.7119,0.7000,#FFAA00,20.404089475547497,48.778490074281585
4801,0.3549,Moderate Risk,3,0.84,0.1215,Bare Land,Rural / Scattered,0.3541,0.0019,0.7134,0.7000,#FFAA00,19.73044342774633,51.83190927839349
4802,0.3548,Moderate Risk,3,1.39,0.1218,Bare Land,Peri-Urban / Sparse,0.3541,0.0032,0.7113,0.7000,#FFAA00,20.483629013579645,48.45758844165344
4803,0.3548,Moderate Risk,3,1.39,0.1219,Bare Land,Peri-Urban / Sparse,0.3541,0.0032,0.7111,0.7000,#FFAA00,20.41348305021981,48.31769102105411
4804,0.3548,Moderate Risk,3,1.84,0.1221,Bare Land,Peri-Urban / Sparse,0.3541,0.0042,0.7095,0.7000,#FFAA00,22.856569308141275,49.68641415297709
4805,0.3548,Moderate Risk,3,1.45,0.1219,Bare Land,Peri-Urban / Sparse,0.3541,0.0033,0.7109,0.7000,#FFAA00,20.7002508672363,48.554862815341735
4806,0.3548,Moderate Risk,3,1.70,0.1221,Bare Land,Peri-Urban / Sparse,0.3541,0.0039,0.7099,0.7000,#FFAA00,22.016892635982472,48.30714548662909
4807,0.3548,Moderate Risk,3,1.49,0.1219,Bare Land,Peri-Urban / Sparse,0.3541,0.0034,0.7108,0.7000,#FFAA00,21.047211764049745,49.30354158388439
4808,0.3547,Moderate Risk,3,1.29,0.1219,Bare Land,Peri-Urban / Sparse,0.3541,0.0029,0.7111,0.7000,#FFAA00,20.47486778086009,48.87244316442766
4809,0.3547,Moderate Risk,3,1.72,0.1221,Bare Land,Peri-Urban / Sparse,0.3541,0.0039,0.7096,0.7000,#FFAA00,21.546454696817317,49.68943985918545
4810,0.3547,Moderate Risk,3,3.26,0.1231,Bare Land,Peri-Urban / Sparse,0.3541,0.0074,0.7040,0.7000,#FFAA00,25.579040769378057,48.638222241543914
4811,0.3547,Moderate Risk,3,2.26,0.1225,Bare Land,Peri-Urban / Sparse,0.3541,0.0052,0.7075,0.7000,#FFAA00,25.810667282950455,48.069235917222436
4812,0.3547,Moderate Risk,3,1.38,0.1220,Bare Land,Peri-Urban / Sparse,0.3541,0.0031,0.7104,0.7000,#FFAA00,20.337955253134194,48.45433403019568
4813,0.3547,Moderate Risk,3,1.84,0.1223,Bare Land,Peri-Urban / Sparse,0.3541,0.0042,0.7088,0.7000,#FFAA00,22.779675528455787,49.8242177235962
4814,0.3547,Moderate Risk,3,1.28,0.1219,Bare Land,Peri-Urban / Sparse,0.3541,0.0029,0.7107,0.7000,#FFAA00,20.546631311876283,48.920379350925316
4815,0.3547,Moderate Risk,3,1.47,0.1220,Bare Land,Peri-Urban / Sparse,0.3541,0.0034,0.7105,0.7000,#FFAA00,21.78518215369297,48.9066747795931
4816,0.3546,Moderate Risk,3,1.73,0.1222,Bare Land,Peri-Urban / Sparse,0.3541,0.0039,0.7089,0.7000,#FFAA00,22.0774379891451,48.8680588122378
4817,0.3546,Moderate Risk,3,1.55,0.1221,Bare Land,Peri-Urban / Sparse,0.3541,0.0035,0.7095,0.7000,#FFAA00,21.18912406430936,49.44656345381328
4818,0.3546,Moderate Risk,3,1.38,0.1220,Bare Land,Peri-Urban / Sparse,0.3541,0.0031,0.7101,0.7000,#FFAA00,19.978078929834545,48.21650469584261
4819,0.3546,Moderate Risk,3,1.56,0.1222,Bare Land,Peri-Urban / Sparse,0.3541,0.0036,0.7093,0.7000,#FFAA00,21.05180349900873,49.11859041344904
4820,0.3546,Moderate Risk,3,1.87,0.1223,Bare Land,Peri-Urban / Sparse,0.3541,0.0043,0.7083,0.7000,#FFAA00,22.555886374149974,50.00329618805201
4821,0.3546,Moderate Risk,3,0.25,0.1213,Bare Land,Rural / Scattered,0.3541,0.0006,0.7142,0.7000,#FFAA00,19.46202553006266,51.22693145082194
4822,0.3546,Moderate Risk,3,1.40,0.1220,Bare Land,Peri-Urban / Sparse,0.3541,0.0032,0.7102,0.7000,#FFAA00,20.553643166524452,48.597600339337376
4823,0.3546,Moderate Risk,3,1.60,0.1221,Bare Land,Peri-Urban / Sparse,0.3541,0.0036,0.7095,0.7000,#FFAA00,21.333373057151224,49.49725250982546
4824,0.3546,Moderate Risk,3,1.36,0.1221,Bare Land,Peri-Urban / Sparse,0.3541,0.0031,0.7100,0.7000,#FFAA00,20.335166217037195,48.592513382781824
4825,0.3546,Moderate Risk,3,1.40,0.1220,Bare Land,Peri-Urban / Sparse,0.3541,0.0032,0.7101,0.7000,#FFAA00,20.123794113633576,48.2194771977443
4826,0.3546,Moderate Risk,3,0.57,0.1216,Bare Land,Rural / Scattered,0.3541,0.0013,0.7127,0.7000,#FFAA00,26.1787267886597,47.88616263848211
4827,0.3546,Moderate Risk,3,1.38,0.1220,Bare Land,Peri-Urban / Sparse,0.3541,0.0031,0.7101,0.7000,#FFAA00,20.412598353458822,48.36378237792063
4828,0.3546,Moderate Risk,3,0.71,0.1216,Bare Land,Rural / Scattered,0.3541,0.0016,0.7125,0.7000,#FFAA00,26.255298349281496,47.69524794476262
4829,0.3545,Moderate Risk,3,1.83,0.1224,Bare Land,Peri-Urban / Sparse,0.3541,0.0042,0.7080,0.7000,#FFAA00,21.617851327344617,49.738170846027685
4830,0.3545,Moderate Risk,3,1.34,0.1221,Bare Land,Peri-Urban / Sparse,0.3541,0.0031,0.7099,0.7000,#FFAA00,20.405083459067555,48.732422021305794
4831,0.3545,Moderate Risk,3,1.39,0.1221,Bare Land,Peri-Urban / Sparse,0.3541,0.0032,0.7098,0.7000,#FFAA00,20.050093141429276,48.26397692683091
4832,0.3545,Moderate Risk,3,3.20,0.1232,Bare Land,Peri-Urban / Sparse,0.3541,0.0073,0.7034,0.7000,#FFAA00,25.295789640984495,48.29515218710989
4833,0.3545,Moderate Risk,3,1.32,0.1221,Bare Land,Peri-Urban / Sparse,0.3541,0.0030,0.7098,0.7000,#FFAA00,20.691166090773862,48.97025709653163
4834,0.3545,Moderate Risk,3,1.32,0.1221,Bare Land,Peri-Urban / Sparse,0.3541,0.0030,0.7099,0.7000,#FFAA00,20.547669668904184,48.87427640118812
4835,0.3545,Moderate Risk,3,0.48,0.1216,Bare Land,Rural / Scattered,0.3541,0.0011,0.7127,0.7000,#FFAA00,26.106857619104666,47.8362558484929
4836,0.3545,Moderate Risk,3,1.88,0.1225,Bare Land,Peri-Urban / Sparse,0.3541,0.0043,0.7077,0.7000,#FFAA00,22.62709039540854,50.05262314438319
4837,0.3545,Moderate Risk,3,1.38,0.1221,Bare Land,Peri-Urban / Sparse,0.3541,0.0031,0.7095,0.7000,#FFAA00,20.4107924996399,48.45595769120516
4838,0.3545,Moderate Risk,3,1.40,0.1222,Bare Land,Peri-Urban / Sparse,0.3541,0.0032,0.7093,0.7000,#FFAA00,20.554595946785213,48.55147824777436
4839,0.3545,Moderate Risk,3,0.76,0.1218,Bare Land,Rural / Scattered,0.3541,0.0017,0.7116,0.7000,#FFAA00,19.594060725972753,51.597674838799314
4840,0.3545,Moderate Risk,3,2.08,0.1226,Bare Land,Peri-Urban / Sparse,0.3541,0.0048,0.7070,0.7000,#FFAA00,22.334958354847608,50.08865267772361
4841,0.3544,Moderate Risk,3,1.40,0.1222,Bare Land,Peri-Urban / Sparse,0.3541,0.0032,0.7091,0.7000,#FFAA00,20.122947057209114,48.26548764825351
4842,0.3544,Moderate Risk,3,0.79,0.1218,Bare Land,Rural / Scattered,0.3541,0.0018,0.7112,0.7000,#FFAA00,19.663160316270066,51.69193187595289
4843,0.3544,Moderate Risk,3,3.39,0.1234,Bare Land,Peri-Urban / Sparse,0.3541,0.0077,0.7020,0.7000,#FFAA00,25.580224736607487,48.590355607041985
4844,0.3544,Moderate Risk,3,1.44,0.1222,Bare Land,Peri-Urban / Sparse,0.3541,0.0033,0.7090,0.7000,#FFAA00,20.90625099781116,49.11459692127055
4845,0.3544,Moderate Risk,3,0.24,0.1215,Bare Land,Rural / Scattered,0.3541,0.0006,0.7130,0.7000,#FFAA00,19.458856323176384,51.318167534309794
4846,0.3544,Moderate Risk,3,0.24,0.1216,Bare Land,Rural / Scattered,0.3541,0.0006,0.7128,0.7000,#FFAA00,19.457254691759843,51.36377885904116
4847,0.3544,Moderate Risk,3,1.40,0.1223,Bare Land,Peri-Urban / Sparse,0.3541,0.0032,0.7088,0.7000,#FFAA00,20.19580026227436,48.26700502635293
4848,0.3544,Moderate Risk,3,1.33,0.1222,Bare Land,Peri-Urban / Sparse,0.3541,0.0030,0.7092,0.7000,#FFAA00,20.333246389003463,48.684619920920014
4849,0.3544,Moderate Risk,3,1.89,0.1225,Bare Land,Peri-Urban / Sparse,0.3541,0.0043,0.7074,0.7000,#FFAA00,22.625609157581792,50.0993132461117
4850,0.3544,Moderate Risk,3,1.46,0.1223,Bare Land,Peri-Urban / Sparse,0.3541,0.0033,0.7086,0.7000,#FFAA00,20.70575260240902,48.27781425305323
4851,0.3544,Moderate Risk,3,1.38,0.1222,Bare Land,Peri-Urban / Sparse,0.3541,0.0032,0.7089,0.7000,#FFAA00,20.04923748374683,48.30996381809905
4852,0.3544,Moderate Risk,3,1.51,0.1223,Bare Land,Peri-Urban / Sparse,0.3541,0.0034,0.7088,0.7000,#FFAA00,21.119969455188283,49.305640748554
4853,0.3544,Moderate Risk,3,1.85,0.1224,Bare Land,Peri-Urban / Sparse,0.3541,0.0042,0.7077,0.7000,#FFAA00,22.923619469475142,49.87616960448213
4854,0.3543,Moderate Risk,3,3.73,0.1237,Bare Land,Peri-Urban / Sparse,0.3541,0.0085,0.7006,0.7000,#FFAA00,25.8064847708668,48.26115834366021
4855,0.3543,Moderate Risk,3,2.81,0.1232,Bare Land,Peri-Urban / Sparse,0.3541,0.0064,0.7036,0.7000,#FFAA00,24.460225925455067,49.60176862129599
4856,0.3543,Moderate Risk,3,1.39,0.1223,Bare Land,Peri-Urban / Sparse,0.3541,0.0032,0.7086,0.7000,#FFAA00,20.050936874446574,48.21798767199653
4857,0.3543,Moderate Risk,3,1.46,0.1224,Bare Land,Peri-Urban / Sparse,0.3541,0.0033,0.7081,0.7000,#FFAA00,20.835669119544317,49.02025231468237
4858,0.3543,Moderate Risk,3,3.46,0.1235,Bare Land,Peri-Urban / Sparse,0.3541,0.0079,0.7014,0.7000,#FFAA00,25.14000591667363,48.720539262115814
4859,0.3543,Moderate Risk,3,0.49,0.1218,Bare Land,Rural / Scattered,0.3541,0.0011,0.7114,0.7000,#FFAA00,26.181553048458206,47.74172092930935
4860,0.3543,Moderate Risk,3,2.65,0.1230,Bare Land,Peri-Urban / Sparse,0.3541,0.0060,0.7042,0.7000,#FFAA00,24.70335354641873,48.707441605116905
4861,0.3543,Moderate Risk,3,2.95,0.1232,Bare Land,Peri-Urban / Sparse,0.3541,0.0067,0.7031,0.7000,#FFAA00,24.487313526407355,48.606123082883244
4862,0.3543,Moderate Risk,3,3.49,0.1235,Bare Land,Peri-Urban / Sparse,0.3541,0.0080,0.7016,0.7000,#FFAA00,25.444553164856966,48.15561234077009
4863,0.3543,Moderate Risk,3,0.24,0.1216,Bare Land,Rural / Scattered,0.3541,0.0006,0.7126,0.7000,#FFAA00,19.45401739718144,51.454987915920675
4864,0.3543,Moderate Risk,3,1.38,0.1223,Bare Land,Peri-Urban / Sparse,0.3541,0.0032,0.7087,0.7000,#FFAA00,20.26601923488794,48.40667403592059
4865,0.3543,Moderate Risk,3,1.38,0.1223,Bare Land,Peri-Urban / Sparse,0.3541,0.0031,0.7085,0.7000,#FFAA00,20.408938050665345,48.548122914361684
4866,0.3543,Moderate Risk,3,1.36,0.1223,Bare Land,Peri-Urban / Sparse,0.3541,0.0031,0.7087,0.7000,#FFAA00,20.40606531133803,48.68635124545823
4867,0.3542,Moderate Risk,3,1.50,0.1225,Bare Land,Peri-Urban / Sparse,0.3541,0.0034,0.7075,0.7000,#FFAA00,20.983402333718416,48.93167875583892
4868,0.3542,Moderate Risk,3,2.93,0.1233,Bare Land,Peri-Urban / Sparse,0.3541,0.0067,0.7027,0.7000,#FFAA00,23.906075420108092,48.5425289276695
4869,0.3542,Moderate Risk,3,2.63,0.1231,Bare Land,Peri-Urban / Sparse,0.3541,0.0060,0.7039,0.7000,#FFAA00,24.990816286167927,48.85902147493938
4870,0.3542,Moderate Risk,3,1.56,0.1224,Bare Land,Peri-Urban / Sparse,0.3541,0.0035,0.7077,0.7000,#FFAA00,21.192726322030843,49.30774888061028
4871,0.3542,Moderate Risk,3,3.15,0.1235,Bare Land,Peri-Urban / Sparse,0.3541,0.0072,0.7018,0.7000,#FFAA00,25.367514034793498,48.34492406452483
4872,0.3542,Moderate Risk,3,1.39,0.1224,Bare Land,Peri-Urban / Sparse,0.3541,0.0032,0.7082,0.7000,#FFAA00,20.54869580996061,48.82817061643832
4873,0.3542,Moderate Risk,3,1.39,0.1223,Bare Land,Peri-Urban / Sparse,0.3541,0.0032,0.7083,0.7000,#FFAA00,20.266909135827085,48.36062814980914
4874,0.3542,Moderate Risk,3,1.94,0.1227,Bare Land,Peri-Urban / Sparse,0.3541,0.0044,0.7062,0.7000,#FFAA00,23.173722092649392,48.710935394753356
4875,0.3541,Moderate Risk,3,3.72,0.1238,Bare Land,Peri-Urban / Sparse,0.3541,0.0085,0.6995,0.7000,#FFAA00,25.517365772340163,48.15751556575847
4876,0.3541,Moderate Risk,3,1.88,0.1227,Bare Land,Peri-Urban / Sparse,0.3541,0.0043,0.7061,0.7000,#FFAA00,22.7709288088391,50.10470943034497
4877,0.3541,Moderate Risk,3,0.48,0.1220,Bare Land,Rural / Scattered,0.3541,0.0011,0.7105,0.7000,#FFAA00,21.44109366939818,47.92250188770491
4878,0.3541,Moderate Risk,3,0.75,0.1221,Bare Land,Rural / Scattered,0.3541,0.0017,0.7098,0.7000,#FFAA00,19.595732377686872,51.55204629132649
4879,0.3541,Moderate Risk,3,1.31,0.1224,Bare Land,Peri-Urban / Sparse,0.3541,0.0030,0.7077,0.7000,#FFAA00,20.61942842699446,48.92224232899069
4880,0.3541,Moderate Risk,3,0.54,0.1220,Bare Land,Rural / Scattered,0.3541,0.0012,0.7105,0.7000,#FFAA00,21.586000758314654,47.971889645824966
4881,0.3541,Moderate Risk,3,0.79,0.1221,Bare Land,Rural / Scattered,0.3541,0.0018,0.7094,0.7000,#FFAA00,19.664861556524524,51.64629257065398
4882,0.3541,Moderate Risk,3,1.55,0.1226,Bare Land,Peri-Urban / Sparse,0.3541,0.0035,0.7068,0.7000,#FFAA00,21.19153817433827,49.35402364812384
4883,0.3541,Moderate Risk,3,1.50,0.1225,Bare Land,Peri-Urban / Sparse,0.3541,0.0034,0.7073,0.7000,#FFAA00,21.714560507284084,48.8117694145343
4884,0.3540,Moderate Risk,3,1.97,0.1229,Bare Land,Peri-Urban / Sparse,0.3541,0.0045,0.7051,0.7000,#FFAA00,22.78793196721551,49.54359211967136
4885,0.3540,Moderate Risk,3,1.44,0.1226,Bare Land,Peri-Urban / Sparse,0.3541,0.0033,0.7069,0.7000,#FFAA00,20.56177740833365,48.1824107171463
4886,0.3540,Moderate Risk,3,1.91,0.1228,Bare Land,Peri-Urban / Sparse,0.3541,0.0043,0.7055,0.7000,#FFAA00,23.209897761247245,50.0273839871499
4887,0.3540,Moderate Risk,3,1.55,0.1227,Bare Land,Peri-Urban / Sparse,0.3541,0.0035,0.7063,0.7000,#FFAA00,21.190337420528913,49.40029518385256
4888,0.3540,Moderate Risk,3,1.48,0.1226,Bare Land,Peri-Urban / Sparse,0.3541,0.0034,0.7069,0.7000,#FFAA00,20.847800511543984,48.46584907029934
4889,0.3540,Moderate Risk,3,2.21,0.1231,Bare Land,Peri-Urban / Sparse,0.3541,0.0050,0.7040,0.7000,#FFAA00,22.119836045126295,49.98772376602113
4890,0.3539,Moderate Risk,3,2.71,0.1234,Bare Land,Peri-Urban / Sparse,0.3541,0.0062,0.7019,0.7000,#FFAA00,22.789260308085893,49.496808707916514
4891,0.3539,Moderate Risk,3,3.39,0.1238,Bare Land,Peri-Urban / Sparse,0.3541,0.0077,0.6997,0.7000,#FFAA00,22.15765333718043,48.54371799830687
4892,0.3539,Moderate Risk,3,4.70,0.1246,Bare Land,Peri-Urban / Sparse,0.3541,0.0107,0.6950,0.7000,#FFAA00,25.293621986611445,48.390688135444414
4893,0.3539,Moderate Risk,3,3.07,0.1237,Bare Land,Peri-Urban / Sparse,0.3541,0.0070,0.7007,0.7000,#FFAA00,25.50860986268945,48.54034485008163
4894,0.3539,Moderate Risk,3,1.38,0.1226,Bare Land,Peri-Urban / Sparse,0.3541,0.0031,0.7067,0.7000,#FFAA00,20.409871348135535,48.50204158075897
4895,0.3539,Moderate Risk,3,1.57,0.1228,Bare Land,Peri-Urban / Sparse,0.3541,0.0036,0.7058,0.7000,#FFAA00,21.26186656816623,49.448748255474825
4896,0.3539,Moderate Risk,3,1.46,0.1227,Bare Land,Peri-Urban / Sparse,0.3541,0.0033,0.7061,0.7000,#FFAA00,20.77307720556645,48.55656610140526
4897,0.3539,Moderate Risk,3,2.59,0.1233,Bare Land,Peri-Urban / Sparse,0.3541,0.0059,0.7026,0.7000,#FFAA00,22.861983643810635,49.49920293081065
4898,0.3539,Moderate Risk,3,1.67,0.1228,Bare Land,Peri-Urban / Sparse,0.3541,0.0038,0.7055,0.7000,#FFAA00,22.66415617403364,48.69706683005245
4899,0.3539,Moderate Risk,3,1.39,0.1227,Bare Land,Peri-Urban / Sparse,0.3541,0.0032,0.7064,0.7000,#FFAA00,20.482704288053807,48.503693968866614
4900,0.3539,Moderate Risk,3,1.37,0.1226,Bare Land,Peri-Urban / Sparse,0.3541,0.0031,0.7067,0.7000,#FFAA00,20.47689998304424,48.78027217081493
4901,0.3539,Moderate Risk,3,1.89,0.1230,Bare Land,Peri-Urban / Sparse,0.3541,0.0043,0.7047,0.7000,#FFAA00,22.69975597754732,50.05529132725133
4902,0.3538,Moderate Risk,3,1.87,0.1230,Bare Land,Peri-Urban / Sparse,0.3541,0.0043,0.7045,0.7000,#FFAA00,22.715212434258877,49.54118304875367
4903,0.3538,Moderate Risk,3,0.75,0.1223,Bare Land,Rural / Scattered,0.3541,0.0017,0.7084,0.7000,#FFAA00,19.59068319267974,51.68891780897869
4904,0.3538,Moderate Risk,3,1.71,0.1229,Bare Land,Peri-Urban / Sparse,0.3541,0.0039,0.7049,0.7000,#FFAA00,22.151327238776272,48.82343767250771
4905,0.3538,Moderate Risk,3,1.39,0.1227,Bare Land,Peri-Urban / Sparse,0.3541,0.0032,0.7060,0.7000,#FFAA00,20.481767369478955,48.549796934650196
4906,0.3538,Moderate Risk,3,0.25,0.1220,Bare Land,Rural / Scattered,0.3541,0.0006,0.7101,0.7000,#FFAA00,19.38790727193615,51.269757315727276
4907,0.3538,Moderate Risk,3,0.24,0.1220,Bare Land,Rural / Scattered,0.3541,0.0006,0.7101,0.7000,#FFAA00,19.455641714803683,51.40938566347601
4908,0.3537,Moderate Risk,3,5.52,0.1253,Bare Land,Peri-Urban / Sparse,0.3541,0.0126,0.6912,0.7000,#FFAA00,25.150178986587523,48.291227050092374
4909,0.3537,Moderate Risk,3,1.60,0.1229,Bare Land,Peri-Urban / Sparse,0.3541,0.0036,0.7049,0.7000,#FFAA00,22.445758421931128,48.69124358915423
4910,0.3537,Moderate Risk,3,1.38,0.1228,Bare Land,Peri-Urban / Sparse,0.3541,0.0032,0.7054,0.7000,#FFAA00,20.480818260737266,48.595897305527345
4911,0.3537,Moderate Risk,3,0.25,0.1221,Bare Land,Rural / Scattered,0.3541,0.0006,0.7095,0.7000,#FFAA00,19.460446604213004,51.272551720993555
4912,0.3537,Moderate Risk,3,1.48,0.1229,Bare Land,Peri-Urban / Sparse,0.3541,0.0034,0.7052,0.7000,#FFAA00,20.917756437826323,48.60622687065113
4913,0.3537,Moderate Risk,3,2.16,0.1233,Bare Land,Peri-Urban / Sparse,0.3541,0.0049,0.7027,0.7000,#FFAA00,22.263748219582514,50.03944523931332
4914,0.3537,Moderate Risk,3,1.63,0.1229,Bare Land,Peri-Urban / Sparse,0.3541,0.0037,0.7048,0.7000,#FFAA00,22.223014051736232,48.872044753784834
4915,0.3537,Moderate Risk,3,0.82,0.1225,Bare Land,Rural / Scattered,0.3541,0.0019,0.7073,0.7000,#FFAA00,19.659723500353714,51.783196142195145
4916,0.3537,Moderate Risk,3,1.82,0.1231,Bare Land,Peri-Urban / Sparse,0.3541,0.0042,0.7040,0.7000,#FFAA00,22.85794342327582,49.63961668987053
4917,0.3537,Moderate Risk,3,1.69,0.1230,Bare Land,Peri-Urban / Sparse,0.3541,0.0039,0.7047,0.7000,#FFAA00,22.14911235671019,48.916654682236384
4918,0.3537,Moderate Risk,3,1.49,0.1229,Bare Land,Peri-Urban / Sparse,0.3541,0.0034,0.7052,0.7000,#FFAA00,20.977902764746286,49.16280953357065
4919,0.3536,Moderate Risk,3,1.33,0.1228,Bare Land,Peri-Urban / Sparse,0.3541,0.0030,0.7055,0.7000,#FFAA00,20.47588996799957,48.82635906538942
4920,0.3536,Moderate Risk,3,1.90,0.1232,Bare Land,Peri-Urban / Sparse,0.3541,0.0043,0.7034,0.7000,#FFAA00,23.10092945455477,48.708929913395735
4921,0.3536,Moderate Risk,3,1.54,0.1229,Bare Land,Peri-Urban / Sparse,0.3541,0.0035,0.7048,0.7000,#FFAA00,21.06038534069587,48.74854393172339
4922,0.3536,Moderate Risk,3,1.88,0.1232,Bare Land,Peri-Urban / Sparse,0.3541,0.0043,0.7033,0.7000,#FFAA00,22.98890102970992,50.11288666440351
4923,0.3536,Moderate Risk,3,1.51,0.1230,Bare Land,Peri-Urban / Sparse,0.3541,0.0034,0.7044,0.7000,#FFAA00,21.11878576798752,49.35189304362497
4924,0.3536,Moderate Risk,3,2.14,0.1233,Bare Land,Peri-Urban / Sparse,0.3541,0.0049,0.7026,0.7000,#FFAA00,25.954223360129472,48.16909052881603
4925,0.3535,Moderate Risk,3,1.88,0.1233,Bare Land,Peri-Urban / Sparse,0.3541,0.0043,0.7030,0.7000,#FFAA00,22.99040869555223,50.06607358486113
4926,0.3535,Moderate Risk,3,1.80,0.1232,Bare Land,Peri-Urban / Sparse,0.3541,0.0041,0.7033,0.7000,#FFAA00,22.785234355108347,49.63714839053535
4927,0.3535,Moderate Risk,3,4.60,0.1249,Bare Land,Peri-Urban / Sparse,0.3541,0.0105,0.6934,0.7000,#FFAA00,24.34285421226041,48.55459158268714
4928,0.3535,Moderate Risk,3,1.69,0.1232,Bare Land,Peri-Urban / Sparse,0.3541,0.0038,0.7036,0.7000,#FFAA00,22.301211169870665,48.64073183257369
4929,0.3535,Moderate Risk,3,1.38,0.1229,Bare Land,Peri-Urban / Sparse,0.3541,0.0031,0.7048,0.7000,#FFAA00,20.479856964747995,48.64199504803199
4930,0.3535,Moderate Risk,3,1.38,0.1230,Bare Land,Peri-Urban / Sparse,0.3541,0.0031,0.7044,0.7000,#FFAA00,20.47888348446755,48.68809012870899
4931,0.3535,Moderate Risk,3,1.40,0.1230,Bare Land,Peri-Urban / Sparse,0.3541,0.0032,0.7045,0.7000,#FFAA00,20.552678151916343,48.643719796876816
4932,0.3535,Moderate Risk,3,1.57,0.1231,Bare Land,Peri-Urban / Sparse,0.3541,0.0036,0.7040,0.7000,#FFAA00,20.988589512092076,48.70047532690327
4933,0.3534,Moderate Risk,3,1.36,0.1231,Bare Land,Peri-Urban / Sparse,0.3541,0.0031,0.7041,0.7000,#FFAA00,20.620470788615314,48.876117605588874
4934,0.3534,Moderate Risk,3,3.86,0.1245,Bare Land,Peri-Urban / Sparse,0.3541,0.0088,0.6956,0.7000,#FFAA00,25.075225983792574,48.384642268778826
4935,0.3534,Moderate Risk,3,1.40,0.1231,Bare Land,Peri-Urban / Sparse,0.3541,0.0032,0.7040,0.7000,#FFAA00,20.549709731889912,48.7820620301454
4936,0.3533,Moderate Risk,3,1.46,0.1232,Bare Land,Peri-Urban / Sparse,0.3541,0.0033,0.7034,0.7000,#FFAA00,20.774028641737235,48.51037566403975
4937,0.3533,Moderate Risk,3,1.45,0.1232,Bare Land,Peri-Urban / Sparse,0.3541,0.0033,0.7034,0.7000,#FFAA00,20.7048665018695,48.323995233782334
4938,0.3533,Moderate Risk,3,1.95,0.1235,Bare Land,Peri-Urban / Sparse,0.3541,0.0045,0.7014,0.7000,#FFAA00,24.779602111648302,48.566943650508684
4939,0.3533,Moderate Risk,3,1.90,0.1235,Bare Land,Peri-Urban / Sparse,0.3541,0.0043,0.7018,0.7000,#FFAA00,22.98429563538183,50.253301996471144
4940,0.3533,Moderate Risk,3,1.49,0.1232,Bare Land,Peri-Urban / Sparse,0.3541,0.0034,0.7034,0.7000,#FFAA00,20.911667533617116,48.88356244449454
4941,0.3533,Moderate Risk,3,1.38,0.1231,Bare Land,Peri-Urban / Sparse,0.3541,0.0031,0.7038,0.7000,#FFAA00,20.477897822889442,48.734182514114266
4942,0.3532,Moderate Risk,3,0.80,0.1229,Bare Land,Rural / Scattered,0.3541,0.0018,0.7050,0.7000,#FFAA00,19.66144762915475,51.737566410383884
4943,0.3532,Moderate Risk,3,1.48,0.1233,Bare Land,Peri-Urban / Sparse,0.3541,0.0034,0.7026,0.7000,#FFAA00,20.846857866704703,48.51206420155937
4944,0.3532,Moderate Risk,3,1.90,0.1235,Bare Land,Peri-Urban / Sparse,0.3541,0.0043,0.7014,0.7000,#FFAA00,23.174823375984325,48.663969803940006
4945,0.3532,Moderate Risk,3,1.46,0.1233,Bare Land,Peri-Urban / Sparse,0.3541,0.0033,0.7028,0.7000,#FFAA00,20.775894365758692,48.417987072151874
4946,0.3532,Moderate Risk,3,3.47,0.1245,Bare Land,Peri-Urban / Sparse,0.3541,0.0079,0.6960,0.7000,#FFAA00,25.358320032299407,48.727203839312125
4947,0.3532,Moderate Risk,3,1.82,0.1235,Bare Land,Peri-Urban / Sparse,0.3541,0.0041,0.7015,0.7000,#FFAA00,22.706985224063658,49.82166122787541
4948,0.3532,Moderate Risk,3,1.19,0.1231,Bare Land,Peri-Urban / Sparse,0.3541,0.0027,0.7038,0.7000,#FFAA00,21.658022284197024,48.01987229229678
4949,0.3532,Moderate Risk,3,0.47,0.1227,Bare Land,Rural / Scattered,0.3541,0.0011,0.7060,0.7000,#FFAA00,26.109626773074027,47.69189645457649
4950,0.3531,Moderate Risk,3,1.50,0.1234,Bare Land,Peri-Urban / Sparse,0.3541,0.0034,0.7023,0.7000,#FFAA00,20.984464773792695,48.885443746594724
4951,0.3531,Moderate Risk,3,1.44,0.1234,Bare Land,Peri-Urban / Sparse,0.3541,0.0033,0.7022,0.7000,#FFAA00,20.632904437418098,48.27624987944001
4952,0.3531,Moderate Risk,3,1.40,0.1233,Bare Land,Peri-Urban / Sparse,0.3541,0.0032,0.7027,0.7000,#FFAA00,20.621500887203986,48.82999004106343
4953,0.3531,Moderate Risk,3,1.66,0.1235,Bare Land,Peri-Urban / Sparse,0.3541,0.0038,0.7015,0.7000,#FFAA00,22.518558489363812,48.69317669749866
4954,0.3531,Moderate Risk,3,3.86,0.1248,Bare Land,Peri-Urban / Sparse,0.3541,0.0088,0.6942,0.7000,#FFAA00,25.59419442524686,47.9678318251473
4955,0.3530,Moderate Risk,3,2.88,0.1243,Bare Land,Peri-Urban / Sparse,0.3541,0.0066,0.6971,0.7000,#FFAA00,25.735798448005674,48.16326958399842
4956,0.3530,Moderate Risk,3,4.15,0.1250,Bare Land,Peri-Urban / Sparse,0.3541,0.0095,0.6926,0.7000,#FFAA00,25.65181546232963,48.64042944283951
4957,0.3530,Moderate Risk,3,2.22,0.1239,Bare Land,Peri-Urban / Sparse,0.3541,0.0051,0.6990,0.7000,#FFAA00,21.97447847312923,49.982618243346565
4958,0.3530,Moderate Risk,3,2.93,0.1243,Bare Land,Peri-Urban / Sparse,0.3541,0.0067,0.6968,0.7000,#FFAA00,25.50626517544761,48.636023549962815
4959,0.3530,Moderate Risk,3,5.10,0.1256,Bare Land,Peri-Urban / Sparse,0.3541,0.0116,0.6892,0.7000,#FFAA00,24.198361718646787,48.50319732277565
4960,0.3530,Moderate Risk,3,1.47,0.1235,Bare Land,Peri-Urban / Sparse,0.3541,0.0034,0.7016,0.7000,#FFAA00,20.907359188528282,49.06839596054326
4961,0.3530,Moderate Risk,3,2.28,0.1240,Bare Land,Peri-Urban / Sparse,0.3541,0.0052,0.6989,0.7000,#FFAA00,24.92743138932216,48.47589411259436
4962,0.3530,Moderate Risk,3,0.25,0.1227,Bare Land,Rural / Scattered,0.3541,0.0006,0.7060,0.7000,#FFAA00,19.392591068798723,51.13294329345738
4963,0.3530,Moderate Risk,3,0.61,0.1230,Bare Land,Rural / Scattered,0.3541,0.0014,0.7047,0.7000,#FFAA00,21.513138801344056,47.97040483351531
4964,0.3530,Moderate Risk,3,1.47,0.1235,Bare Land,Peri-Urban / Sparse,0.3541,0.0034,0.7016,0.7000,#FFAA00,20.845902792759915,48.55827674354585
4965,0.3530,Moderate Risk,3,1.85,0.1237,Bare Land,Peri-Urban / Sparse,0.3541,0.0042,0.7003,0.7000,#FFAA00,23.249787281570196,48.57196764695823
4966,0.3530,Moderate Risk,3,1.46,0.1235,Bare Land,Peri-Urban / Sparse,0.3541,0.0033,0.7018,0.7000,#FFAA00,20.703057265980327,48.41634983199524
4967,0.3529,Moderate Risk,3,1.45,0.1235,Bare Land,Peri-Urban / Sparse,0.3541,0.0033,0.7016,0.7000,#FFAA00,20.562619951997377,48.13626642982376
4968,0.3529,Moderate Risk,3,4.54,0.1253,Bare Land,Peri-Urban / Sparse,0.3541,0.0103,0.6910,0.7000,#FFAA00,25.44351659571071,48.203446873462696
4969,0.3529,Moderate Risk,3,1.43,0.1235,Bare Land,Peri-Urban / Sparse,0.3541,0.0033,0.7013,0.7000,#FFAA00,20.770148635731232,48.695121574046226
4970,0.3529,Moderate Risk,3,5.75,0.1261,Bare Land,Peri-Urban / Sparse,0.3541,0.0131,0.6866,0.7000,#FFAA00,25.592217272883122,48.06363410197791
4971,0.3529,Moderate Risk,3,4.62,0.1254,Bare Land,Peri-Urban / Sparse,0.3541,0.0105,0.6907,0.7000,#FFAA00,24.341734988940257,48.601983922236364
4972,0.3529,Moderate Risk,3,0.46,0.1230,Bare Land,Rural / Scattered,0.3541,0.0010,0.7046,0.7000,#FFAA00,21.514767119385375,47.87750778304225
4973,0.3529,Moderate Risk,3,0.89,0.1232,Bare Land,Rural / Scattered,0.3541,0.0020,0.7031,0.7000,#FFAA00,19.656240938561787,51.87444107104709
4974,0.3528,Moderate Risk,3,2.06,0.1240,Bare Land,Peri-Urban / Sparse,0.3541,0.0047,0.6989,0.7000,#FFAA00,25.955267801624338,48.1210498703806
4975,0.3528,Moderate Risk,3,1.45,0.1236,Bare Land,Peri-Urban / Sparse,0.3541,0.0033,0.7009,0.7000,#FFAA00,20.63377484176177,48.230088436651414
4976,0.3528,Moderate Risk,3,0.61,0.1232,Bare Land,Rural / Scattered,0.3541,0.0014,0.7036,0.7000,#FFAA00,22.09850920768001,47.84254726893233
4977,0.3528,Moderate Risk,3,1.41,0.1236,Bare Land,Peri-Urban / Sparse,0.3541,0.0032,0.7009,0.7000,#FFAA00,20.551700905930453,48.68983658686629
4978,0.3528,Moderate Risk,3,1.75,0.1238,Bare Land,Peri-Urban / Sparse,0.3541,0.0040,0.6996,0.7000,#FFAA00,22.078534808124502,48.82147264619005
4979,0.3528,Moderate Risk,3,3.49,0.1248,Bare Land,Peri-Urban / Sparse,0.3541,0.0080,0.6941,0.7000,#FFAA00,25.441396846947335,48.299107926566016
4980,0.3528,Moderate Risk,3,1.94,0.1239,Bare Land,Peri-Urban / Sparse,0.3541,0.0044,0.6991,0.7000,#FFAA00,23.32150879534584,48.620935153512285
4981,0.3528,Moderate Risk,3,2.25,0.1241,Bare Land,Peri-Urban / Sparse,0.3541,0.0051,0.6983,0.7000,#FFAA00,22.047157722037586,49.985165702984276
4982,0.3527,Moderate Risk,3,2.29,0.1242,Bare Land,Peri-Urban / Sparse,0.3541,0.0052,0.6975,0.7000,#FFAA00,24.848907891064112,48.71177340086187
4983,0.3527,Moderate Risk,3,2.90,0.1246,Bare Land,Peri-Urban / Sparse,0.3541,0.0066,0.6952,0.7000,#FFAA00,25.507445299061008,48.5881856902789
4984,0.3527,Moderate Risk,3,1.36,0.1237,Bare Land,Peri-Urban / Sparse,0.3541,0.0031,0.7006,0.7000,#FFAA00,20.69222476757738,48.92411338610246
4985,0.3527,Moderate Risk,3,1.42,0.1237,Bare Land,Peri-Urban / Sparse,0.3541,0.0032,0.7005,0.7000,#FFAA00,20.626467325033623,48.59931077591954
4986,0.3526,Moderate Risk,3,0.76,0.1234,Bare Land,Rural / Scattered,0.3541,0.0017,0.7022,0.7000,#FFAA00,19.59237766260865,51.64329868859234
4987,0.3526,Moderate Risk,3,2.11,0.1242,Bare Land,Peri-Urban / Sparse,0.3541,0.0048,0.6975,0.7000,#FFAA00,25.884491624362006,48.02310117668246
4988,0.3526,Moderate Risk,3,2.03,0.1241,Bare Land,Peri-Urban / Sparse,0.3541,0.0046,0.6980,0.7000,#FFAA00,24.853521014099933,48.52144402556701
4989,0.3526,Moderate Risk,3,3.47,0.1250,Bare Land,Peri-Urban / Sparse,0.3541,0.0079,0.6929,0.7000,#FFAA00,25.14802551812141,48.38664972080441
4990,0.3526,Moderate Risk,3,5.25,0.1260,Bare Land,Peri-Urban / Sparse,0.3541,0.0120,0.6869,0.7000,#FFAA00,25.224041954807337,48.2454421112062
4991,0.3525,Moderate Risk,3,57.15,0.1051,Natural Vegetation,Medium Density Urban,0.3541,0.1302,0.8087,0.1000,#FFAA00,24.90496898999839,49.33253557077569
4992,0.3525,Moderate Risk,3,2.76,0.1247,Bare Land,Peri-Urban / Sparse,0.3541,0.0063,0.6947,0.7000,#FFAA00,25.43229689265688,48.68163952938674
4993,0.3525,Moderate Risk,3,1.52,0.1239,Bare Land,Peri-Urban / Sparse,0.3541,0.0035,0.6993,0.7000,#FFAA00,21.12114057987496,49.259385262744885
4994,0.3525,Moderate Risk,3,2.03,0.1242,Bare Land,Peri-Urban / Sparse,0.3541,0.0046,0.6972,0.7000,#FFAA00,22.085842185239855,48.495290237242024
4995,0.3525,Moderate Risk,3,0.49,0.1233,Bare Land,Rural / Scattered,0.3541,0.0011,0.7028,0.7000,#FFAA00,26.179684949905585,47.838017793344235
4996,0.3525,Moderate Risk,3,4.62,0.1257,Bare Land,Peri-Urban / Sparse,0.3541,0.0105,0.6886,0.7000,#FFAA00,25.221912153173005,48.340926780192554
4997,0.3525,Moderate Risk,3,6.81,0.1442,Minepits/Industry,Peri-Urban / Sparse,0.3541,0.0155,0.5808,0.9000,#FFAA00,23.084106753535988,49.36577501648949
4998,0.3525,Moderate Risk,3,1.84,0.1241,Bare Land,Peri-Urban / Sparse,0.3541,0.0042,0.6979,0.7000,#FFAA00,23.103110406168685,48.61504636358568
4999,0.3525,Moderate Risk,3,1.85,0.1241,Bare Land,Peri-Urban / Sparse,0.3541,0.0042,0.6980,0.7000,#FFAA00,22.78658998149016,49.590372025766214
5000,0.3524,Moderate Risk,3,2.33,0.1244,Bare Land,Peri-Urban / Sparse,0.3541,0.0053,0.6960,0.7000,#FFAA00,23.87140195185376,49.816691424631
5001,0.3524,Moderate Risk,3,1.46,0.1239,Bare Land,Peri-Urban / Sparse,0.3541,0.0033,0.6990,0.7000,#FFAA00,20.774967696099928,48.46418264303014
5002,0.3524,Moderate Risk,3,1.80,0.1242,Bare Land,Peri-Urban / Sparse,0.3541,0.0041,0.6977,0.7000,#FFAA00,23.105235699493715,48.5211515498437
5003,0.3524,Moderate Risk,3,3.21,0.1250,Bare Land,Peri-Urban / Sparse,0.3541,0.0073,0.6926,0.7000,#FFAA00,25.076306815375972,48.33696045828373
5004,0.3524,Moderate Risk,3,1.42,0.1240,Bare Land,Peri-Urban / Sparse,0.3541,0.0032,0.6989,0.7000,#FFAA00,20.839911505543373,48.83549572659933
5005,0.3523,Moderate Risk,3,1.76,0.1242,Bare Land,Peri-Urban / Sparse,0.3541,0.0040,0.6972,0.7000,#FFAA00,22.019656659381834,48.16735350051536
5006,0.3523,Moderate Risk,3,2.24,0.1245,Bare Land,Peri-Urban / Sparse,0.3541,0.0051,0.6955,0.7000,#FFAA00,22.191076952480472,50.036842083562014
5007,0.3523,Moderate Risk,3,0.25,0.1234,Bare Land,Rural / Scattered,0.3541,0.0006,0.7023,0.7000,#FFAA00,19.391041120757194,51.17855236254881
5008,0.3523,Moderate Risk,3,1.57,0.1241,Bare Land,Peri-Urban / Sparse,0.3541,0.0036,0.6981,0.7000,#FFAA00,21.1222991384335,49.213126620134055
5009,0.3523,Moderate Risk,3,1.42,0.1241,Bare Land,Peri-Urban / Sparse,0.3541,0.0032,0.6983,0.7000,#FFAA00,20.624517573267,48.69159063621256
5010,0.3523,Moderate Risk,3,2.97,0.1250,Bare Land,Peri-Urban / Sparse,0.3541,0.0068,0.6929,0.7000,#FFAA00,25.807554090067047,48.21318173646119
5011,0.3522,Moderate Risk,3,1.57,0.1242,Bare Land,Peri-Urban / Sparse,0.3541,0.0036,0.6975,0.7000,#FFAA00,20.987577087221116,48.74672162140214
5012,0.3522,Moderate Risk,3,1.40,0.1241,Bare Land,Peri-Urban / Sparse,0.3541,0.0032,0.6979,0.7000,#FFAA00,20.550711431573625,48.7359506757905
5013,0.3522,Moderate Risk,3,1.47,0.1241,Bare Land,Peri-Urban / Sparse,0.3541,0.0033,0.6978,0.7000,#FFAA00,20.844935292656256,48.60448666242128
5014,0.3522,Moderate Risk,3,1.41,0.1241,Bare Land,Peri-Urban / Sparse,0.3541,0.0032,0.6979,0.7000,#FFAA00,20.76395759518499,48.972158206238795
5015,0.3521,Moderate Risk,3,1.39,0.1242,Bare Land,Peri-Urban / Sparse,0.3541,0.0032,0.6977,0.7000,#FFAA00,25.959286527971436,47.92886136943161
5016,0.3520,Moderate Risk,3,3.56,0.1256,Bare Land,Peri-Urban / Sparse,0.3541,0.0081,0.6894,0.7000,#FFAA00,25.591205221155583,48.11153143129729
5017,0.3520,Moderate Risk,3,1.52,0.1243,Bare Land,Peri-Urban / Sparse,0.3541,0.0035,0.6968,0.7000,#FFAA00,20.979027649775382,49.11658939335812
5018,0.3520,Moderate Risk,3,1.48,0.1243,Bare Land,Peri-Urban / Sparse,0.3541,0.0034,0.6969,0.7000,#FFAA00,20.91677277874928,48.652456320768415
5019,0.3520,Moderate Risk,3,0.46,0.1237,Bare Land,Rural / Scattered,0.3541,0.0011,0.7002,0.7000,#FFAA00,21.51395940686531,47.92395740412941
5020,0.3520,Moderate Risk,3,2.58,0.1250,Bare Land,Peri-Urban / Sparse,0.3541,0.0059,0.6930,0.7000,#FFAA00,24.91805335870605,48.85675070073079
5021,0.3520,Moderate Risk,3,1.80,0.1245,Bare Land,Peri-Urban / Sparse,0.3541,0.0041,0.6956,0.7000,#FFAA00,23.031375141088823,48.56617842395812
5022,0.3520,Moderate Risk,3,0.87,0.1240,Bare Land,Rural / Scattered,0.3541,0.0020,0.6987,0.7000,#FFAA00,19.657987935075447,51.828821039654
5023,0.3520,Moderate Risk,3,2.02,0.1246,Bare Land,Peri-Urban / Sparse,0.3541,0.0046,0.6950,0.7000,#FFAA00,25.956296342464444,48.07300658501244
5024,0.3520,Moderate Risk,3,0.47,0.1237,Bare Land,Rural / Scattered,0.3541,0.0011,0.7003,0.7000,#FFAA00,26.107796696797653,47.78813839485071
5025,0.3520,Moderate Risk,3,2.22,0.1247,Bare Land,Peri-Urban / Sparse,0.3541,0.0050,0.6944,0.7000,#FFAA00,22.118404748427718,50.03424967799082
5026,0.3520,Moderate Risk,3,1.57,0.1244,Bare Land,Peri-Urban / Sparse,0.3541,0.0036,0.6964,0.7000,#FFAA00,26.030125477336348,48.0268274059702
5027,0.3519,Moderate Risk,3,2.76,0.1251,Bare Land,Peri-Urban / Sparse,0.3541,0.0063,0.6920,0.7000,#FFAA00,24.629395854568934,48.75278064017578
5028,0.3519,Moderate Risk,3,1.45,0.1244,Bare Land,Peri-Urban / Sparse,0.3541,0.0033,0.6964,0.7000,#FFAA00,20.63463294210378,48.18392462332676
5029,0.3519,Moderate Risk,3,0.70,0.1239,Bare Land,Rural / Scattered,0.3541,0.0016,0.6990,0.7000,#FFAA00,26.3290324507949,47.648719137709584
5030,0.3519,Moderate Risk,3,0.36,0.1238,Bare Land,Rural / Scattered,0.3541,0.0008,0.6999,0.7000,#FFAA00,19.52323407095371,51.549105921437686
5031,0.3519,Moderate Risk,3,1.41,0.1244,Bare Land,Peri-Urban / Sparse,0.3541,0.0032,0.6964,0.7000,#FFAA00,20.62251871959082,48.78385966895525
5032,0.3519,Moderate Risk,3,2.17,0.1248,Bare Land,Peri-Urban / Sparse,0.3541,0.0049,0.6940,0.7000,#FFAA00,25.744540710734906,47.73160419668178
5033,0.3518,Moderate Risk,3,1.49,0.1245,Bare Land,Peri-Urban / Sparse,0.3541,0.0034,0.6956,0.7000,#FFAA00,20.910609116691678,48.92977520689029
5034,0.3518,Moderate Risk,3,0.61,0.1240,Bare Land,Rural / Scattered,0.3541,0.0014,0.6986,0.7000,#FFAA00,26.032109389564752,47.930668970262985
5035,0.3517,Moderate Risk,3,2.02,0.1249,Bare Land,Peri-Urban / Sparse,0.3541,0.0046,0.6936,0.7000,#FFAA00,24.706812961207245,48.56486468778929
5036,0.3517,Moderate Risk,3,0.46,0.1240,Bare Land,Rural / Scattered,0.3541,0.0010,0.6987,0.7000,#FFAA00,26.03402944247381,47.83450064400601
5037,0.3517,Moderate Risk,3,2.79,0.1254,Bare Land,Peri-Urban / Sparse,0.3541,0.0063,0.6906,0.7000,#FFAA00,25.664019454560993,48.11342047071057
5038,0.3516,Moderate Risk,3,1.56,0.1247,Bare Land,Peri-Urban / Sparse,0.3541,0.0036,0.6946,0.7000,#FFAA00,21.050674350688464,49.164832863090965
5039,0.3516,Moderate Risk,3,8.47,0.1288,Bare Land,Peri-Urban / Sparse,0.3541,0.0193,0.6707,0.7000,#FFAA00,25.371739703026417,48.153716473997804
5040,0.3516,Moderate Risk,3,3.28,0.1257,Bare Land,Peri-Urban / Sparse,0.3541,0.0075,0.6888,0.7000,#FFAA00,24.12556196382857,48.501209641900125
5041,0.3515,Moderate Risk,3,1.82,0.1249,Bare Land,Peri-Urban / Sparse,0.3541,0.0041,0.6933,0.7000,#FFAA00,22.090664512931216,48.26222246164488
5042,0.3515,Moderate Risk,3,2.63,0.1255,Bare Land,Peri-Urban / Sparse,0.3541,0.0060,0.6901,0.7000,#FFAA00,25.000225383815252,48.47794180966147
5043,0.3515,Moderate Risk,3,1.42,0.1247,Bare Land,Peri-Urban / Sparse,0.3541,0.0032,0.6944,0.7000,#FFAA00,20.625498588403772,48.645452042717814
5044,0.3515,Moderate Risk,3,0.97,0.1245,Bare Land,Rural / Scattered,0.3541,0.0022,0.6959,0.7000,#FFAA00,25.961200421943122,47.83275216182358
5045,0.3515,Moderate Risk,3,1.88,0.1250,Bare Land,Peri-Urban / Sparse,0.3541,0.0043,0.6928,0.7000,#FFAA00,22.99190262069685,50.01925658043051
5046,0.3515,Moderate Risk,3,2.30,0.1252,Bare Land,Peri-Urban / Sparse,0.3541,0.0052,0.6916,0.7000,#FFAA00,25.809645349492477,48.117220483268554
5047,0.3515,Moderate Risk,3,2.16,0.1252,Bare Land,Peri-Urban / Sparse,0.3541,0.0049,0.6919,0.7000,#FFAA00,23.759386529885777,48.58575147095674
5048,0.3515,Moderate Risk,3,4.57,0.1266,Bare Land,Peri-Urban / Sparse,0.3541,0.0104,0.6837,0.7000,#FFAA00,25.44246448861054,48.251278748539264
5049,0.3514,Moderate Risk,3,0.59,0.1243,Bare Land,Rural / Scattered,0.3541,0.0014,0.6968,0.7000,#FFAA00,22.025643370200576,47.841089745939094
5050,0.3513,Moderate Risk,3,0.63,0.1244,Bare Land,Rural / Scattered,0.3541,0.0014,0.6963,0.7000,#FFAA00,22.315433878768292,47.94037771164076
5051,0.3513,Moderate Risk,3,2.00,0.1252,Bare Land,Peri-Urban / Sparse,0.3541,0.0046,0.6916,0.7000,#FFAA00,23.46710355513895,48.624900839290774
5052,0.3513,Moderate Risk,3,1.45,0.1249,Bare Land,Peri-Urban / Sparse,0.3541,0.0033,0.6932,0.7000,#FFAA00,20.838869512490355,48.88168919684798
5053,0.3512,Moderate Risk,3,1.36,0.1250,Bare Land,Peri-Urban / Sparse,0.3541,0.0031,0.6931,0.7000,#FFAA00,20.693271137466613,48.8779667948046
5054,0.3512,Moderate Risk,3,2.97,0.1259,Bare Land,Peri-Urban / Sparse,0.3541,0.0068,0.6878,0.7000,#FFAA00,25.665034796309754,48.06549417438908
5055,0.3512,Moderate Risk,3,1.41,0.1250,Bare Land,Peri-Urban / Sparse,0.3541,0.0032,0.6930,0.7000,#FFAA00,20.69430519722039,48.8318173562388
5056,0.3512,Moderate Risk,3,2.27,0.1255,Bare Land,Peri-Urban / Sparse,0.3541,0.0052,0.6899,0.7000,#FFAA00,23.833275985777167,48.540546318563386
5057,0.3512,Moderate Risk,3,14.00,,Built_up,Low Density Urban,0.3541,0.0319,0.5000,1.0000,#FFAA00,25.630683766663942,49.4063179873717
5058,0.3512,Moderate Risk,3,1.85,0.1252,Bare Land,Peri-Urban / Sparse,0.3541,0.0042,0.6917,0.7000,#FFAA00,23.175910699377635,48.617001353995654
5059,0.3512,Moderate Risk,3,2.62,0.1257,Bare Land,Peri-Urban / Sparse,0.3541,0.0060,0.6887,0.7000,#FFAA00,24.578167960824675,47.753267332478295
5060,0.3511,Moderate Risk,3,1.52,0.1251,Bare Land,Peri-Urban / Sparse,0.3541,0.0035,0.6923,0.7000,#FFAA00,20.986552153765242,48.79296514546668
5061,0.3511,Moderate Risk,3,1.43,0.1251,Bare Land,Peri-Urban / Sparse,0.3541,0.0033,0.6923,0.7000,#FFAA00,20.69733348401927,48.69335229311905
5062,0.3510,Moderate Risk,3,0.75,0.1247,Bare Land,Rural / Scattered,0.3541,0.0017,0.6944,0.7000,#FFAA00,26.031125414275323,47.97874944461232
5063,0.3510,Moderate Risk,3,1.42,0.1251,Bare Land,Peri-Urban / Sparse,0.3541,0.0032,0.6920,0.7000,#FFAA00,20.623524282643483,48.73772652281691
5064,0.3510,Moderate Risk,3,4.50,0.1269,Bare Land,Peri-Urban / Sparse,0.3541,0.0103,0.6815,0.7000,#FFAA00,25.519398898759516,48.06178120358265
5065,0.3510,Moderate Risk,3,2.16,0.1256,Bare Land,Peri-Urban / Sparse,0.3541,0.0049,0.6892,0.7000,#FFAA00,25.81459696516859,47.87727232336412
5066,0.3509,Moderate Risk,3,0.61,0.1248,Bare Land,Rural / Scattered,0.3541,0.0014,0.6940,0.7000,#FFAA00,26.329915833161575,47.60050268967163
5067,0.3509,Moderate Risk,3,4.65,0.1272,Bare Land,Peri-Urban / Sparse,0.3541,0.0106,0.6802,0.7000,#FFAA00,25.220824186451612,48.38866500290655
5068,0.3509,Moderate Risk,3,1.82,0.1255,Bare Land,Peri-Urban / Sparse,0.3541,0.0041,0.6900,0.7000,#FFAA00,23.10418001180542,48.568100346556434
5069,0.3509,Moderate Risk,3,1.76,0.1255,Bare Land,Peri-Urban / Sparse,0.3541,0.0040,0.6901,0.7000,#FFAA00,22.8097505758452,48.70098897556711
5070,0.3508,Moderate Risk,3,0.36,0.1247,Bare Land,Rural / Scattered,0.3541,0.0008,0.6945,0.7000,#FFAA00,19.52156909292804,51.59471435389941
5071,0.3508,Moderate Risk,3,8.09,0.1293,Bare Land,Peri-Urban / Sparse,0.3541,0.0184,0.6679,0.7000,#FFAA00,24.268944425586508,48.59992657014881
5072,0.3508,Moderate Risk,3,2.36,0.1259,Bare Land,Peri-Urban / Sparse,0.3541,0.0054,0.6878,0.7000,#FFAA00,22.23046790349027,48.545547604310094
5073,0.3508,Moderate Risk,3,0.25,0.1246,Bare Land,Rural / Scattered,0.3541,0.0006,0.6951,0.7000,#FFAA00,19.45238174379984,51.500585584699586
5074,0.3507,Moderate Risk,3,0.45,0.1248,Bare Land,Rural / Scattered,0.3541,0.0010,0.6938,0.7000,#FFAA00,21.587635129906264,47.87894631794643
5075,0.3507,Moderate Risk,3,2.00,0.1257,Bare Land,Peri-Urban / Sparse,0.3541,0.0046,0.6886,0.7000,#FFAA00,23.539899678136113,48.62689568791098
5076,0.3507,Moderate Risk,3,2.72,0.1262,Bare Land,Peri-Urban / Sparse,0.3541,0.0062,0.6859,0.7000,#FFAA00,25.66798660801602,47.92170008836376
5077,0.3507,Moderate Risk,3,1.81,0.1257,Bare Land,Peri-Urban / Sparse,0.3541,0.0041,0.6889,0.7000,#FFAA00,23.03030928592872,48.61309928734416
5078,0.3507,Moderate Risk,3,1.43,0.1254,Bare Land,Peri-Urban / Sparse,0.3541,0.0033,0.6906,0.7000,#FFAA00,20.696336373624177,48.7395100717658
5079,0.3506,Moderate Risk,3,3.51,0.1267,Bare Land,Peri-Urban / Sparse,0.3541,0.0080,0.6830,0.7000,#FFAA00,25.590177523404755,48.159426168309714
5080,0.3506,Moderate Risk,3,1.44,0.1255,Bare Land,Peri-Urban / Sparse,0.3541,0.0033,0.6898,0.7000,#FFAA00,20.84296302594863,48.69689849554418
5081,0.3506,Moderate Risk,3,6.61,0.1285,Bare Land,Peri-Urban / Sparse,0.3541,0.0151,0.6722,0.7000,#FFAA00,24.2711606239596,48.50519289646078
5082,0.3506,Moderate Risk,3,2.49,0.1261,Bare Land,Peri-Urban / Sparse,0.3541,0.0057,0.6865,0.7000,#FFAA00,25.80860761741193,48.16520243634159
5083,0.3506,Moderate Risk,3,2.43,0.1261,Bare Land,Peri-Urban / Sparse,0.3541,0.0055,0.6865,0.7000,#FFAA00,25.880358991113003,48.215151334063755
5084,0.3505,Moderate Risk,3,1.46,0.1256,Bare Land,Peri-Urban / Sparse,0.3541,0.0033,0.6891,0.7000,#FFAA00,20.703968055469954,48.37017377134114
5085,0.3505,Moderate Risk,3,1.52,0.1257,Bare Land,Peri-Urban / Sparse,0.3541,0.0035,0.6889,0.7000,#FFAA00,20.913747009133235,48.79112835582699
5086,0.3505,Moderate Risk,3,11.59,0.1315,Bare Land,Low Density Urban,0.3541,0.0264,0.6547,0.7000,#FFAA00,25.226110224620648,48.14994673822137
5087,0.3505,Moderate Risk,3,2.06,0.1259,Bare Land,Peri-Urban / Sparse,0.3541,0.0047,0.6873,0.7000,#FFAA00,23.76047570925113,48.53857160939337
5088,0.3504,Moderate Risk,3,5.86,0.1283,Bare Land,Peri-Urban / Sparse,0.3541,0.0134,0.6737,0.7000,#FFAA00,24.41675587705137,48.50920780157657
5089,0.3504,Moderate Risk,3,1.38,0.1256,Bare Land,Peri-Urban / Sparse,0.3541,0.0031,0.6892,0.7000,#FFAA00,20.765020331081963,48.92599253973046
5090,0.3504,Moderate Risk,3,1.51,0.1257,Bare Land,Peri-Urban / Sparse,0.3541,0.0034,0.6885,0.7000,#FFAA00,20.98014005259883,49.07036621163067
5091,0.3504,Moderate Risk,3,1.65,0.1258,Bare Land,Peri-Urban / Sparse,0.3541,0.0038,0.6881,0.7000,#FFAA00,22.59135774086164,48.69511777156599
5092,0.3504,Moderate Risk,3,5.33,0.1280,Bare Land,Peri-Urban / Sparse,0.3541,0.0121,0.6756,0.7000,#FFAA00,25.286748985984165,48.677227513158975
5093,0.3504,Moderate Risk,3,4.48,0.1274,Bare Land,Peri-Urban / Sparse,0.3541,0.0102,0.6787,0.7000,#FFAA00,25.516325819521985,48.20537882904813
5094,0.3503,Moderate Risk,3,1.45,0.1258,Bare Land,Peri-Urban / Sparse,0.3541,0.0033,0.6884,0.7000,#FFAA00,20.84395536937831,48.65069392435916
5095,0.3503,Moderate Risk,3,1.83,0.1260,Bare Land,Peri-Urban / Sparse,0.3541,0.0042,0.6868,0.7000,#FFAA00,23.176984059406358,48.57003008129663
5096,0.3503,Moderate Risk,3,2.02,0.1261,Bare Land,Peri-Urban / Sparse,0.3541,0.0046,0.6864,0.7000,#FFAA00,23.68548939868059,48.63090949427924
5097,0.3503,Moderate Risk,3,0.63,0.1253,Bare Land,Rural / Scattered,0.3541,0.0014,0.6911,0.7000,#FFAA00,22.459412283498644,48.03695423090311
5098,0.3503,Moderate Risk,3,1.73,0.1260,Bare Land,Peri-Urban / Sparse,0.3541,0.0039,0.6872,0.7000,#FFAA00,22.017827188088237,48.2605506192193
5099,0.3503,Moderate Risk,3,2.00,0.1260,Bare Land,Peri-Urban / Sparse,0.3541,0.0045,0.6867,0.7000,#FFAA00,23.612694960092767,48.62889856636156
5100,0.3502,Moderate Risk,3,2.42,0.1264,Bare Land,Peri-Urban / Sparse,0.3541,0.0055,0.6846,0.7000,#FFAA00,25.66893913013717,47.873763793362876
5101,0.3502,Moderate Risk,3,1.82,0.1261,Bare Land,Peri-Urban / Sparse,0.3541,0.0041,0.6864,0.7000,#FFAA00,22.234433922336855,48.35891758008244
5102,0.3502,Moderate Risk,3,3.99,0.1274,Bare Land,Peri-Urban / Sparse,0.3541,0.0091,0.6790,0.7000,#FFAA00,24.488440302129742,48.55867656532989
5103,0.3502,Moderate Risk,3,1.48,0.1259,Bare Land,Peri-Urban / Sparse,0.3541,0.0034,0.6876,0.7000,#FFAA00,20.9157766522191,48.69868307425302
5104,0.3502,Moderate Risk,3,1.82,0.1261,Bare Land,Peri-Urban / Sparse,0.3541,0.0042,0.6866,0.7000,#FFAA00,22.233462432950688,48.40557901582918
5105,0.3501,Moderate Risk,3,2.48,0.1266,Bare Land,Peri-Urban / Sparse,0.3541,0.0057,0.6837,0.7000,#FFAA00,23.945558355745476,49.77221981240876
5106,0.3501,Moderate Risk,3,3.10,0.1269,Bare Land,Peri-Urban / Sparse,0.3541,0.0071,0.6817,0.7000,#FFAA00,24.05276136176188,48.499229834135406
5107,0.3500,Moderate Risk,3,1.75,0.1262,Bare Land,Peri-Urban / Sparse,0.3541,0.0040,0.6860,0.7000,#FFAA00,22.086833149248882,48.448681850680565
5108,0.3500,Moderate Risk,3,0.65,0.1256,Bare Land,Rural / Scattered,0.3541,0.0015,0.6894,0.7000,#FFAA00,22.387433304348637,47.98863963044703
5109,0.3500,Moderate Risk,3,2.26,0.1265,Bare Land,Peri-Urban / Sparse,0.3541,0.0052,0.6842,0.7000,#FFAA00,25.811673414478346,48.02124877819653
5110,0.3500,Moderate Risk,3,3.23,0.1270,Bare Land,Peri-Urban / Sparse,0.3541,0.0074,0.6809,0.7000,#FFAA00,25.06602984319639,48.76599345011331
5111,0.3500,Moderate Risk,3,1.43,0.1260,Bare Land,Peri-Urban / Sparse,0.3541,0.0033,0.6870,0.7000,#FFAA00,20.695326943654987,48.78566510401773
5112,0.3499,Moderate Risk,3,1.50,0.1261,Bare Land,Peri-Urban / Sparse,0.3541,0.0034,0.6864,0.7000,#FFAA00,20.91476806130974,48.74490709722777
5113,0.3499,Moderate Risk,3,1.82,0.1263,Bare Land,Peri-Urban / Sparse,0.3541,0.0042,0.6850,0.7000,#FFAA00,22.955341675706634,48.704943285616906
5114,0.3499,Moderate Risk,3,6.34,0.1290,Bare Land,Peri-Urban / Sparse,0.3541,0.0145,0.6697,0.7000,#FFAA00,24.27005987898386,48.55256115990566
5115,0.3499,Moderate Risk,3,1.22,0.1260,Bare Land,Peri-Urban / Sparse,0.3541,0.0028,0.6872,0.7000,#FFAA00,25.962133490631636,47.784693959621315
5116,0.3498,Moderate Risk,3,1.50,0.1262,Bare Land,Peri-Urban / Sparse,0.3541,0.0034,0.6856,0.7000,#FFAA00,20.9855147148884,48.839205865169426
5117,0.3498,Moderate Risk,3,0.77,0.1258,Bare Land,Rural / Scattered,0.3541,0.0017,0.6882,0.7000,#FFAA00,19.58897732130448,51.73453216825034
5118,0.3498,Moderate Risk,3,7.14,0.1296,Bare Land,Peri-Urban / Sparse,0.3541,0.0163,0.6663,0.7000,#FFAA00,24.489552220326537,48.51122717292785
5119,0.3497,Moderate Risk,3,1.64,0.1264,Bare Land,Peri-Urban / Sparse,0.3541,0.0037,0.6847,0.7000,#FFAA00,21.94681190054598,48.16573599958105
5120,0.3497,Moderate Risk,3,2.25,0.1268,Bare Land,Peri-Urban / Sparse,0.3541,0.0051,0.6824,0.7000,#FFAA00,25.812663740819463,47.97325910619698
5121,0.3497,Moderate Risk,3,2.29,0.1267,Bare Land,Peri-Urban / Sparse,0.3541,0.0052,0.6827,0.7000,#FFAA00,25.88141592213949,48.167142744660076
5122,0.3497,Moderate Risk,3,1.75,0.1264,Bare Land,Peri-Urban / Sparse,0.3541,0.0040,0.6845,0.7000,#FFAA00,22.884704573723813,48.609228801779075
5123,0.3497,Moderate Risk,3,2.85,0.1271,Bare Land,Peri-Urban / Sparse,0.3541,0.0065,0.6805,0.7000,#FFAA00,23.979959914705717,48.49725787988632
5124,0.3496,Moderate Risk,3,0.36,0.1258,Bare Land,Rural / Scattered,0.3541,0.0008,0.6884,0.7000,#FFAA00,19.51989274867582,51.64031809825609
5125,0.3496,Moderate Risk,3,0.47,0.1258,Bare Land,Rural / Scattered,0.3541,0.0011,0.6880,0.7000,#FFAA00,21.65968869031712,47.9268869298065
5126,0.3496,Moderate Risk,3,1.88,0.1266,Bare Land,Peri-Urban / Sparse,0.3541,0.0043,0.6832,0.7000,#FFAA00,23.322589675977408,48.57391306242058
5127,0.3496,Moderate Risk,3,1.68,0.1265,Bare Land,Peri-Urban / Sparse,0.3541,0.0038,0.6842,0.7000,#FFAA00,22.303281674696667,48.547384804716685
5128,0.3496,Moderate Risk,3,1.06,0.1262,Bare Land,Peri-Urban / Sparse,0.3541,0.0024,0.6861,0.7000,#FFAA00,21.730879664582233,48.02139298758634
5129,0.3495,Moderate Risk,3,3.20,0.1275,Bare Land,Peri-Urban / Sparse,0.3541,0.0073,0.6783,0.7000,#FFAA00,25.001333093811123,48.430293623352135
5130,0.3495,Moderate Risk,3,1.50,0.1265,Bare Land,Peri-Urban / Sparse,0.3541,0.0034,0.6840,0.7000,#FFAA00,20.912713498839665,48.837346816196664
5131,0.3494,Moderate Risk,3,5.83,0.1291,Bare Land,Peri-Urban / Sparse,0.3541,0.0133,0.6690,0.7000,#FFAA00,24.343958677512095,48.50719638275852
5132,0.3494,Moderate Risk,3,1.84,0.1268,Bare Land,Peri-Urban / Sparse,0.3541,0.0042,0.6823,0.7000,#FFAA00,22.30726204569086,48.3606585304985
5133,0.3494,Moderate Risk,3,59.55,0.1091,Natural Vegetation,Medium Density Urban,0.3541,0.1357,0.7853,0.1000,#FFAA00,25.12588987695028,49.244914905467255
5134,0.3494,Moderate Risk,3,1.46,0.1265,Bare Land,Peri-Urban / Sparse,0.3541,0.0033,0.6840,0.7000,#FFAA00,20.83674831622221,48.97406752462879
5135,0.3493,Moderate Risk,3,1.42,0.1266,Bare Land,Peri-Urban / Sparse,0.3541,0.0032,0.6835,0.7000,#FFAA00,20.768134401592174,48.78747835219751
5136,0.3493,Moderate Risk,3,1.80,0.1268,Bare Land,Peri-Urban / Sparse,0.3541,0.0041,0.6821,0.7000,#FFAA00,22.882546539711804,48.70296210048864
5137,0.3493,Moderate Risk,3,1.86,0.1269,Bare Land,Peri-Urban / Sparse,0.3541,0.0042,0.6819,0.7000,#FFAA00,23.028135981447704,48.70693255015188
5138,0.3492,Moderate Risk,3,1.68,0.1268,Bare Land,Peri-Urban / Sparse,0.3541,0.0038,0.6821,0.7000,#FFAA00,22.88783835249818,48.46860797464997
5139,0.3492,Moderate Risk,3,1.76,0.1269,Bare Land,Peri-Urban / Sparse,0.3541,0.0040,0.6816,0.7000,#FFAA00,22.087810867051342,48.40207084466074
5140,0.3492,Moderate Risk,3,11.08,,Built_up,Low Density Urban,0.3541,0.0252,0.5000,1.0000,#FFAA00,25.826820232704822,50.084985837057545
5141,0.3491,Moderate Risk,3,0.82,0.1264,Bare Land,Rural / Scattered,0.3541,0.0019,0.6847,0.7000,#FFAA00,19.587260053634612,51.78014173471825
5142,0.3491,Moderate Risk,3,0.68,0.1264,Bare Land,Rural / Scattered,0.3541,0.0015,0.6848,0.7000,#FFAA00,25.960251433363766,47.88080797851641
5143,0.3490,Moderate Risk,3,1.47,0.1269,Bare Land,Peri-Urban / Sparse,0.3541,0.0034,0.6816,0.7000,#FFAA00,20.908454940826303,49.02219199871454
5144,0.3490,Moderate Risk,3,1.74,0.1271,Bare Land,Peri-Urban / Sparse,0.3541,0.0040,0.6807,0.7000,#FFAA00,23.03346524049167,48.47232841430481
5145,0.3490,Moderate Risk,3,1.39,0.1268,Bare Land,Peri-Urban / Sparse,0.3541,0.0032,0.6820,0.7000,#FFAA00,20.76710873750218,48.83365257903096
5146,0.3490,Moderate Risk,3,0.25,0.1262,Bare Land,Rural / Scattered,0.3541,0.0006,0.6857,0.7000,#FFAA00,19.389479853563405,51.22415704720618
5147,0.3490,Moderate Risk,3,1.70,0.1270,Bare Land,Peri-Urban / Sparse,0.3541,0.0039,0.6812,0.7000,#FFAA00,22.960652201923864,48.47046440863383
5148,0.3490,Moderate Risk,3,1.77,0.1270,Bare Land,Peri-Urban / Sparse,0.3541,0.0040,0.6809,0.7000,#FFAA00,22.95856944958002,48.56426429482154
5149,0.3490,Moderate Risk,3,0.25,0.1262,Bare Land,Rural / Scattered,0.3541,0.0006,0.6859,0.7000,#FFAA00,19.450734759598777,51.54617863815538
5150,0.3489,Moderate Risk,3,0.83,0.1266,Bare Land,Rural / Scattered,0.3541,0.0019,0.6833,0.7000,#FFAA00,19.58379135018406,51.871346362582194
5151,0.3489,Moderate Risk,3,2.22,0.1275,Bare Land,Peri-Urban / Sparse,0.3541,0.0051,0.6785,0.7000,#FFAA00,25.743632398362642,47.77957669658716
5152,0.3489,Moderate Risk,3,0.46,0.1264,Bare Land,Rural / Scattered,0.3541,0.0010,0.6847,0.7000,#FFAA00,21.586824414560464,47.92541908020485
5153,0.3488,Moderate Risk,3,1.44,0.1270,Bare Land,Peri-Urban / Sparse,0.3541,0.0033,0.6811,0.7000,#FFAA00,20.772113390521252,48.602753921362066
5154,0.3488,Moderate Risk,3,1.84,0.1273,Bare Land,Peri-Urban / Sparse,0.3541,0.0042,0.6794,0.7000,#FFAA00,23.029229564916857,48.66001734147674
5155,0.3488,Moderate Risk,3,1.77,0.1272,Bare Land,Peri-Urban / Sparse,0.3541,0.0040,0.6800,0.7000,#FFAA00,23.032427127045846,48.51925478753528
5156,0.3488,Moderate Risk,3,1.82,0.1272,Bare Land,Peri-Urban / Sparse,0.3541,0.0041,0.6798,0.7000,#FFAA00,23.17804345269102,48.52305602223207
5157,0.3488,Moderate Risk,3,0.62,0.1266,Bare Land,Rural / Scattered,0.3541,0.0014,0.6838,0.7000,#FFAA00,22.17055278869396,47.89067449255867
5158,0.3487,Moderate Risk,3,1.88,0.1274,Bare Land,Peri-Urban / Sparse,0.3541,0.0043,0.6789,0.7000,#FFAA00,22.232477597957036,48.4522378553375
5159,0.3487,Moderate Risk,3,1.98,0.1274,Bare Land,Peri-Urban / Sparse,0.3541,0.0045,0.6786,0.7000,#FFAA00,23.6865891506185,48.583758554571055
5160,0.3486,Moderate Risk,3,1.43,0.1272,Bare Land,Peri-Urban / Sparse,0.3541,0.0033,0.6800,0.7000,#FFAA00,20.84094109091386,48.78929943045104
5161,0.3486,Moderate Risk,3,1.37,0.1272,Bare Land,Peri-Urban / Sparse,0.3541,0.0031,0.6803,0.7000,#FFAA00,20.766070712932844,48.87982398610355
5162,0.3486,Moderate Risk,3,3.41,0.1284,Bare Land,Peri-Urban / Sparse,0.3541,0.0078,0.6732,0.7000,#FFAA00,25.002425585639024,48.382642626577464
5163,0.3485,Moderate Risk,3,3.49,0.1285,Bare Land,Peri-Urban / Sparse,0.3541,0.0080,0.6726,0.7000,#FFAA00,25.59515951949778,47.91992695703182
5164,0.3485,Moderate Risk,3,1.77,0.1275,Bare Land,Peri-Urban / Sparse,0.3541,0.0040,0.6785,0.7000,#FFAA00,22.30429685201905,48.500707210381314
5165,0.3484,Moderate Risk,3,1.79,0.1276,Bare Land,Peri-Urban / Sparse,0.3541,0.0041,0.6777,0.7000,#FFAA00,22.957507340999275,48.61116010634921
5166,0.3483,Moderate Risk,3,3.10,0.1285,Bare Land,Peri-Urban / Sparse,0.3541,0.0071,0.6726,0.7000,#FFAA00,24.77252479688913,48.85223569413792
5167,0.3481,Moderate Risk,3,0.25,0.1270,Bare Land,Rural / Scattered,0.3541,0.0006,0.6812,0.7000,#FFAA00,19.384728184422396,51.360944477639585
5168,0.3481,Moderate Risk,3,1.48,0.1277,Bare Land,Peri-Urban / Sparse,0.3541,0.0034,0.6770,0.7000,#FFAA00,20.909538251327408,48.975985069565645
5169,0.3481,Moderate Risk,3,3.56,0.1289,Bare Land,Peri-Urban / Sparse,0.3541,0.0081,0.6699,0.7000,#FFAA00,25.074129880277763,48.43232130041537
5170,0.3481,Moderate Risk,3,2.32,0.1282,Bare Land,Peri-Urban / Sparse,0.3541,0.0053,0.6742,0.7000,#FFAA00,22.158661197394856,48.497088411324924
5171,0.3481,Moderate Risk,3,0.83,0.1272,Bare Land,Rural / Scattered,0.3541,0.0019,0.6797,0.7000,#FFAA00,19.58553139485509,51.825746476712446
5172,0.3481,Moderate Risk,3,1.46,0.1277,Bare Land,Peri-Urban / Sparse,0.3541,0.0033,0.6771,0.7000,#FFAA00,20.83781511496672,48.92787980743959
5173,0.3480,Moderate Risk,3,2.01,0.1281,Bare Land,Peri-Urban / Sparse,0.3541,0.0046,0.6749,0.7000,#FFAA00,22.231479420431327,48.4988940632723
5174,0.3480,Moderate Risk,3,4.05,0.1292,Bare Land,Peri-Urban / Sparse,0.3541,0.0092,0.6681,0.7000,#FFAA00,25.446579675972604,48.05993546033694
5175,0.3480,Moderate Risk,3,3.24,0.1288,Bare Land,Peri-Urban / Sparse,0.3541,0.0074,0.6705,0.7000,#FFAA00,24.41452468997681,48.604049419632865
5176,0.3480,Moderate Risk,3,1.44,0.1277,Bare Land,Peri-Urban / Sparse,0.3541,0.0033,0.6770,0.7000,#FFAA00,20.77113719957309,48.64893909015656
5177,0.3480,Moderate Risk,3,7.91,0.1144,Unknown,Peri-Urban / Sparse,0.3541,0.0180,0.7548,0.5000,#FFAA00,25.531239895511607,50.21588684140144
5178,0.3480,Moderate Risk,3,3.36,0.1288,Bare Land,Peri-Urban / Sparse,0.3541,0.0077,0.6705,0.7000,#FFAA00,25.359523388673026,48.67942924467073
5179,0.3479,Moderate Risk,3,0.81,0.1275,Bare Land,Rural / Scattered,0.3541,0.0018,0.6783,0.7000,#FFAA00,19.582039924872827,51.91694136069608
5180,0.3479,Moderate Risk,3,0.61,0.1274,Bare Land,Rural / Scattered,0.3541,0.0014,0.6790,0.7000,#FFAA00,22.0976906704682,47.889186961773845
5181,0.3478,Moderate Risk,3,1.81,0.1281,Bare Land,Peri-Urban / Sparse,0.3541,0.0041,0.6745,0.7000,#FFAA00,22.95643141524806,48.65805311532049
5182,0.3478,Moderate Risk,3,0.35,0.1273,Bare Land,Rural / Scattered,0.3541,0.0008,0.6795,0.7000,#FFAA00,19.51820504325917,51.68591712284345
5183,0.3478,Moderate Risk,3,2.05,0.1283,Bare Land,Peri-Urban / Sparse,0.3541,0.0047,0.6736,0.7000,#FFAA00,24.854636527085784,48.473854402521205
5184,0.3478,Moderate Risk,3,1.72,0.1281,Bare Land,Peri-Urban / Sparse,0.3541,0.0039,0.6747,0.7000,#FFAA00,22.736953786490613,48.69902389175406
5185,0.3478,Moderate Risk,3,1.76,0.1280,Bare Land,Peri-Urban / Sparse,0.3541,0.0040,0.6750,0.7000,#FFAA00,23.1062774659116,48.47420000976273
5186,0.3477,Moderate Risk,3,1.34,0.1279,Bare Land,Peri-Urban / Sparse,0.3541,0.0030,0.6757,0.7000,#FFAA00,25.964837147343506,47.64050544281779
5187,0.3477,Moderate Risk,3,0.46,0.1275,Bare Land,Rural / Scattered,0.3541,0.0010,0.6785,0.7000,#FFAA00,26.03496551386154,47.78641287283716
5188,0.3475,Moderate Risk,3,3.46,0.1294,Bare Land,Peri-Urban / Sparse,0.3541,0.0079,0.6673,0.7000,#FFAA00,25.368593676085556,48.29712622154477
5189,0.3475,Moderate Risk,3,1.99,0.1284,Bare Land,Peri-Urban / Sparse,0.3541,0.0045,0.6727,0.7000,#FFAA00,25.81737818429667,47.733274152678945
5190,0.3475,Moderate Risk,3,1.95,0.1285,Bare Land,Peri-Urban / Sparse,0.3541,0.0045,0.6727,0.7000,#FFAA00,24.78072898583854,48.519384587635976
5191,0.3475,Moderate Risk,3,1.97,0.1285,Bare Land,Peri-Urban / Sparse,0.3541,0.0045,0.6724,0.7000,#FFAA00,23.687674592815412,48.536604780718676
5192,0.3475,Moderate Risk,3,4.10,0.1297,Bare Land,Peri-Urban / Sparse,0.3541,0.0093,0.6655,0.7000,#FFAA00,25.520392065801122,48.01391018383463
5193,0.3475,Moderate Risk,3,5.17,0.1304,Bare Land,Peri-Urban / Sparse,0.3541,0.0118,0.6615,0.7000,#FFAA00,25.593213675319458,48.01573422003069
5194,0.3474,Moderate Risk,3,2.69,0.1290,Bare Land,Peri-Urban / Sparse,0.3541,0.0061,0.6696,0.7000,#FFAA00,25.433488682798203,48.63383334574703
5195,0.3474,Moderate Risk,3,27.58,0.0921,Natural Vegetation,Low Density Urban,0.3541,0.0629,0.8845,0.1000,#FFAA00,24.547976827042277,49.0827756999783
5196,0.3474,Moderate Risk,3,1.44,0.1283,Bare Land,Peri-Urban / Sparse,0.3541,0.0033,0.6737,0.7000,#FFAA00,20.84195826542769,48.743100342172326
5197,0.3473,Moderate Risk,3,1.74,0.1285,Bare Land,Peri-Urban / Sparse,0.3541,0.0040,0.6725,0.7000,#FFAA00,22.959617737652973,48.517365716868554
5198,0.3473,Moderate Risk,3,8.28,,Built_up,Peri-Urban / Sparse,0.3541,0.0189,0.5000,1.0000,#FFAA00,25.750808042540857,50.17755745284311
5199,0.3472,Moderate Risk,3,1.78,0.1287,Bare Land,Peri-Urban / Sparse,0.3541,0.0041,0.6715,0.7000,#FFAA00,22.883632439304236,48.656096867097965
5200,0.3472,Moderate Risk,3,0.26,0.1277,Bare Land,Rural / Scattered,0.3541,0.0006,0.6771,0.7000,#FFAA00,19.44907644955126,51.59176704464902
5201,0.3471,Moderate Risk,3,1.68,0.1287,Bare Land,Peri-Urban / Sparse,0.3541,0.0038,0.6715,0.7000,#FFAA00,22.88680753362269,48.5154843195029
5202,0.3471,Moderate Risk,3,1.74,0.1287,Bare Land,Peri-Urban / Sparse,0.3541,0.0040,0.6714,0.7000,#FFAA00,22.37911086172356,48.409116373406675
5203,0.3470,Moderate Risk,3,2.09,0.1290,Bare Land,Peri-Urban / Sparse,0.3541,0.0048,0.6696,0.7000,#FFAA00,24.63402294129879,48.56279386647547
5204,0.3470,Moderate Risk,3,0.62,0.1281,Bare Land,Rural / Scattered,0.3541,0.0014,0.6748,0.7000,#FFAA00,22.242576287501798,47.93885366345268
5205,0.3470,Moderate Risk,3,17.21,0.0864,Natural Vegetation,Low Density Urban,0.3541,0.0392,0.9181,0.1000,#FFAA00,24.329731869025867,49.07574167676383
5206,0.3470,Moderate Risk,3,2.30,0.1291,Bare Land,Peri-Urban / Sparse,0.3541,0.0052,0.6688,0.7000,#FFAA00,25.741768467528722,47.87551467672189
5207,0.3470,Moderate Risk,3,13.21,0.0840,Natural Vegetation,Low Density Urban,0.3541,0.0301,0.9316,0.1000,#FFAA00,25.583682959729515,48.44673793154492
5208,0.3469,Moderate Risk,3,1.59,0.1287,Bare Land,Peri-Urban / Sparse,0.3541,0.0036,0.6710,0.7000,#FFAA00,22.375062374358862,48.59592864946771
5209,0.3469,Moderate Risk,3,1.86,0.1290,Bare Land,Peri-Urban / Sparse,0.3541,0.0043,0.6698,0.7000,#FFAA00,22.162559695002063,48.3105438084571
5210,0.3468,Moderate Risk,3,4.53,0.1306,Bare Land,Peri-Urban / Sparse,0.3541,0.0103,0.6603,0.7000,#FFAA00,24.699759167291088,48.84999141648781
5211,0.3467,Moderate Risk,3,2.80,0.1297,Bare Land,Peri-Urban / Sparse,0.3541,0.0064,0.6656,0.7000,#FFAA00,25.66701837624276,47.96963394341349
5212,0.3467,Moderate Risk,3,8.40,0.1329,Bare Land,Peri-Urban / Sparse,0.3541,0.0191,0.6466,0.7000,#FFAA00,25.372757401770734,48.105907949717746
5213,0.3467,Moderate Risk,3,1.95,0.1292,Bare Land,Peri-Urban / Sparse,0.3541,0.0044,0.6686,0.7000,#FFAA00,25.957308979315723,48.02496071291711
5214,0.3466,Moderate Risk,3,1.76,0.1291,Bare Land,Peri-Urban / Sparse,0.3541,0.0040,0.6689,0.7000,#FFAA00,22.091589215824254,48.21560132964137
5215,0.3466,Moderate Risk,3,1.82,0.1291,Bare Land,Peri-Urban / Sparse,0.3541,0.0042,0.6688,0.7000,#FFAA00,22.160637040993787,48.403821290376435
5216,0.3465,Moderate Risk,3,1.88,0.1292,Bare Land,Peri-Urban / Sparse,0.3541,0.0043,0.6680,0.7000,#FFAA00,22.15965576636713,48.450456163600556
5217,0.3465,Moderate Risk,3,1.66,0.1291,Bare Land,Peri-Urban / Sparse,0.3541,0.0038,0.6688,0.7000,#FFAA00,22.519625248249454,48.6464346348581
5218,0.3465,Moderate Risk,3,2.92,0.1299,Bare Land,Peri-Urban / Sparse,0.3541,0.0066,0.6641,0.7000,#FFAA00,24.992045609584018,48.811397166587994
5219,0.3465,Moderate Risk,3,1.95,0.1293,Bare Land,Peri-Urban / Sparse,0.3541,0.0044,0.6676,0.7000,#FFAA00,25.890214826821648,47.7349505521216
5220,0.3464,Moderate Risk,3,1.80,0.1293,Bare Land,Peri-Urban / Sparse,0.3541,0.0041,0.6678,0.7000,#FFAA00,22.305298641705303,48.45402694296138
5221,0.3464,Moderate Risk,3,1.97,0.1294,Bare Land,Peri-Urban / Sparse,0.3541,0.0045,0.6672,0.7000,#FFAA00,24.707936090088605,48.51733320389965
5222,0.3464,Moderate Risk,3,2.32,0.1296,Bare Land,Peri-Urban / Sparse,0.3541,0.0053,0.6660,0.7000,#FFAA00,25.740812855098536,47.9234800770401
5223,0.3463,Moderate Risk,3,8.82,0.1335,Bare Land,Peri-Urban / Sparse,0.3541,0.0201,0.6431,0.7000,#FFAA00,25.22811693600831,48.05444097431516
5224,0.3462,Moderate Risk,3,1.74,0.1295,Bare Land,Peri-Urban / Sparse,0.3541,0.0040,0.6668,0.7000,#FFAA00,22.81083263944896,48.65414857784805
5225,0.3462,Moderate Risk,3,3.31,0.1303,Bare Land,Peri-Urban / Sparse,0.3541,0.0076,0.6617,0.7000,#FFAA00,25.29471352708105,48.34292154197781
5226,0.3461,Moderate Risk,3,1.90,0.1296,Bare Land,Peri-Urban / Sparse,0.3541,0.0043,0.6658,0.7000,#FFAA00,22.236336852191684,48.265587061270935
5227,0.3459,Moderate Risk,3,0.27,0.1289,Bare Land,Rural / Scattered,0.3541,0.0006,0.6703,0.7000,#FFAA00,19.447406818663367,51.637350772559955
5228,0.3458,Moderate Risk,3,1.66,0.1297,Bare Land,Peri-Urban / Sparse,0.3541,0.0038,0.6652,0.7000,#FFAA00,22.742208230243712,48.46491774982314
5229,0.3458,Moderate Risk,3,1.58,0.1125,Unknown,Peri-Urban / Sparse,0.3541,0.0036,0.7654,0.5000,#FFAA00,21.87306486967458,48.21067771592437
5230,0.3458,Moderate Risk,3,2.34,0.1302,Bare Land,Peri-Urban / Sparse,0.3541,0.0053,0.6626,0.7000,#FFAA00,25.739841482098353,47.97144303093787
5231,0.3458,Moderate Risk,3,1.67,0.1297,Bare Land,Peri-Urban / Sparse,0.3541,0.0038,0.6652,0.7000,#FFAA00,22.81295561348937,48.56045934270683
5232,0.3458,Moderate Risk,3,1.27,0.1123,Unknown,Peri-Urban / Sparse,0.3541,0.0029,0.7667,0.5000,#FFAA00,26.533339259589344,48.32976790173039
5233,0.3457,Moderate Risk,3,2.60,0.1304,Bare Land,Peri-Urban / Sparse,0.3541,0.0059,0.6613,0.7000,#FFAA00,24.919278623394632,48.80915424964625
5234,0.3457,Moderate Risk,3,0.36,0.1291,Bare Land,Rural / Scattered,0.3541,0.0008,0.6689,0.7000,#FFAA00,19.511340712350375,51.86826539087395
5235,0.3457,Moderate Risk,3,5.64,0.1322,Bare Land,Peri-Urban / Sparse,0.3541,0.0129,0.6508,0.7000,#FFAA00,25.152271138438643,48.19579354709254
5236,0.3456,Moderate Risk,3,1.93,0.1301,Bare Land,Peri-Urban / Sparse,0.3541,0.0044,0.6632,0.7000,#FFAA00,23.395391240310474,48.57586634666337
5237,0.3456,Moderate Risk,3,4.28,0.1315,Bare Land,Peri-Urban / Sparse,0.3541,0.0097,0.6550,0.7000,#FFAA00,24.99325974459878,48.76376973807476
5238,0.3456,Moderate Risk,3,1.64,0.1299,Bare Land,Peri-Urban / Sparse,0.3541,0.0037,0.6642,0.7000,#FFAA00,22.665230577467536,48.65027580092338
5239,0.3455,Moderate Risk,3,1.67,0.1300,Bare Land,Peri-Urban / Sparse,0.3541,0.0038,0.6637,0.7000,#FFAA00,22.813996517264624,48.5136105771948
5240,0.3455,Moderate Risk,3,1.95,0.1302,Bare Land,Peri-Urban / Sparse,0.3541,0.0044,0.6626,0.7000,#FFAA00,24.709044208256696,48.46979886151149
5241,0.3455,Moderate Risk,3,5.62,,Built_up,Peri-Urban / Sparse,0.3541,0.0128,0.5000,1.0000,#FFAA00,26.08215021463582,48.894161470997155
5242,0.3455,Moderate Risk,3,2.35,0.1304,Bare Land,Peri-Urban / Sparse,0.3541,0.0054,0.6612,0.7000,#FFAA00,25.598863278144563,47.728283546754106
5243,0.3454,Moderate Risk,3,1.98,0.1303,Bare Land,Peri-Urban / Sparse,0.3541,0.0045,0.6619,0.7000,#FFAA00,22.309171862111054,48.267279850704824
5244,0.3454,Moderate Risk,3,2.06,0.1303,Bare Land,Peri-Urban / Sparse,0.3541,0.0047,0.6617,0.7000,#FFAA00,24.635142329091032,48.51528985381105
5245,0.3454,Moderate Risk,3,1.68,0.1301,Bare Land,Peri-Urban / Sparse,0.3541,0.0038,0.6632,0.7000,#FFAA00,22.815023694506728,48.466759094349264
5246,0.3454,Moderate Risk,3,1.66,0.1301,Bare Land,Peri-Urban / Sparse,0.3541,0.0038,0.6633,0.7000,#FFAA00,22.37711348982989,48.502527870041746
5247,0.3454,Moderate Risk,3,0.63,0.1295,Bare Land,Rural / Scattered,0.3541,0.0014,0.6666,0.7000,#FFAA00,22.314579550525075,47.98708504379416
5248,0.3453,Moderate Risk,3,2.19,0.1305,Bare Land,Peri-Urban / Sparse,0.3541,0.0050,0.6610,0.7000,#FFAA00,25.882457006929137,48.11913149523572
5249,0.3453,Moderate Risk,3,1.81,0.1303,Bare Land,Peri-Urban / Sparse,0.3541,0.0041,0.6619,0.7000,#FFAA00,22.3800893859966,48.362406694859125
5250,0.3453,Moderate Risk,3,0.59,0.1296,Bare Land,Rural / Scattered,0.3541,0.0013,0.6663,0.7000,#FFAA00,26.03767787144833,47.64213561185376
5251,0.3453,Moderate Risk,3,2.10,0.1305,Bare Land,Peri-Urban / Sparse,0.3541,0.0048,0.6609,0.7000,#FFAA00,25.815539856917336,47.82927529260523
5252,0.3452,Moderate Risk,3,2.28,0.1306,Bare Land,Peri-Urban / Sparse,0.3541,0.0052,0.6602,0.7000,#FFAA00,25.672592061270205,47.68199501068023
5253,0.3452,Moderate Risk,3,3.43,0.1313,Bare Land,Peri-Urban / Sparse,0.3541,0.0078,0.6562,0.7000,#FFAA00,25.44557419270809,48.10777518990828
5254,0.3451,Moderate Risk,3,1.95,0.1305,Bare Land,Peri-Urban / Sparse,0.3541,0.0044,0.6606,0.7000,#FFAA00,23.46819197225379,48.57782751876707
5255,0.3451,Moderate Risk,3,2.38,0.1308,Bare Land,Peri-Urban / Sparse,0.3541,0.0054,0.6593,0.7000,#FFAA00,24.92853544156899,48.428273844942176
5256,0.3450,Moderate Risk,3,0.53,0.1298,Bare Land,Rural / Scattered,0.3541,0.0012,0.6649,0.7000,#FFAA00,21.658861980393752,47.97338072925425
5257,0.3450,Moderate Risk,3,8.39,0.1343,Bare Land,Peri-Urban / Sparse,0.3541,0.0191,0.6383,0.7000,#FFAA00,25.154301946786276,48.100349523972575
5258,0.3450,Moderate Risk,3,0.79,0.1300,Bare Land,Rural / Scattered,0.3541,0.0018,0.6639,0.7000,#FFAA00,25.963951856281334,47.68857055982079
5259,0.3450,Moderate Risk,3,4.93,0.1323,Bare Land,Peri-Urban / Sparse,0.3541,0.0112,0.6501,0.7000,#FFAA00,25.448543995824625,47.964248422967444
5260,0.3449,Moderate Risk,3,0.46,0.1298,Bare Land,Rural / Scattered,0.3541,0.0010,0.6646,0.7000,#FFAA00,26.036789731310122,47.69023031635596
5261,0.3449,Moderate Risk,3,11.55,0.1363,Bare Land,Low Density Urban,0.3541,0.0263,0.6268,0.7000,#FFAA00,25.15627138552437,48.00489529310452
5262,0.3448,Moderate Risk,3,0.35,0.1298,Bare Land,Rural / Scattered,0.3541,0.0008,0.6646,0.7000,#FFAA00,19.514795569346816,51.777100886147146
5263,0.3448,Moderate Risk,3,2.37,0.1311,Bare Land,Peri-Urban / Sparse,0.3541,0.0054,0.6575,0.7000,#FFAA00,24.561232054184977,48.56073116585635
5264,0.3448,Moderate Risk,3,0.65,0.1300,Bare Land,Rural / Scattered,0.3541,0.0015,0.6636,0.7000,#FFAA00,22.531370661950895,48.085321776822
5265,0.3448,Moderate Risk,3,7.70,0.1342,Bare Land,Peri-Urban / Sparse,0.3541,0.0175,0.6394,0.7000,#FFAA00,25.37474631416164,48.01028322463455
5266,0.3448,Moderate Risk,3,0.35,0.1298,Bare Land,Rural / Scattered,0.3541,0.0008,0.6647,0.7000,#FFAA00,19.51650598177337,51.731511396016
5267,0.3448,Moderate Risk,3,2.36,0.1310,Bare Land,Peri-Urban / Sparse,0.3541,0.0054,0.6577,0.7000,#FFAA00,25.738854351670593,48.019403498489595
5268,0.3448,Moderate Risk,3,1.87,0.1307,Bare Land,Peri-Urban / Sparse,0.3541,0.0043,0.6593,0.7000,#FFAA00,22.23539206308145,48.31225358344376
5269,0.3448,Moderate Risk,3,10.45,0.1357,Bare Land,Low Density Urban,0.3541,0.0238,0.6303,0.7000,#FFAA00,25.227121276749784,48.10219513555814
5270,0.3448,Moderate Risk,3,1.66,0.1306,Bare Land,Peri-Urban / Sparse,0.3541,0.0038,0.6600,0.7000,#FFAA00,22.669391962005484,48.463083923258004
5271,0.3448,Moderate Risk,3,1.62,0.1306,Bare Land,Peri-Urban / Sparse,0.3541,0.0037,0.6601,0.7000,#FFAA00,22.37609464845428,48.54922961714466
5272,0.3447,Moderate Risk,3,1.66,0.1307,Bare Land,Peri-Urban / Sparse,0.3541,0.0038,0.6598,0.7000,#FFAA00,22.670398234538265,48.41627919255125
5273,0.3447,Moderate Risk,3,1.86,0.1308,Bare Land,Peri-Urban / Sparse,0.3541,0.0042,0.6590,0.7000,#FFAA00,25.887424621098692,47.879036751270405
5274,0.3447,Moderate Risk,3,0.28,0.1299,Bare Land,Rural / Scattered,0.3541,0.0006,0.6642,0.7000,#FFAA00,19.445725871974258,51.68292979028617
5275,0.3447,Moderate Risk,3,34.18,0.0983,Natural Vegetation,Low Density Urban,0.3541,0.0779,0.8484,0.1000,#FFAA00,24.90905296803194,49.18983548220958
5276,0.3447,Moderate Risk,3,0.29,0.1299,Bare Land,Rural / Scattered,0.3541,0.0007,0.6643,0.7000,#FFAA00,19.44403361455606,51.72850406624437
5277,0.3446,Moderate Risk,3,8.16,0.1346,Bare Land,Peri-Urban / Sparse,0.3541,0.0186,0.6367,0.7000,#FFAA00,25.373759606558714,48.05809685347341
5278,0.3446,Moderate Risk,3,3.31,0.1317,Bare Land,Peri-Urban / Sparse,0.3541,0.0075,0.6536,0.7000,#FFAA00,24.70097228340533,48.80247788827954
5279,0.3445,Moderate Risk,3,0.29,0.1301,Bare Land,Rural / Scattered,0.3541,0.0007,0.6632,0.7000,#FFAA00,19.442330051513878,51.77407356887006
5280,0.3445,Moderate Risk,3,1.68,0.1308,Bare Land,Peri-Urban / Sparse,0.3541,0.0038,0.6588,0.7000,#FFAA00,22.738032018047626,48.65220822871008
5281,0.3445,Moderate Risk,3,1.88,0.1309,Bare Land,Peri-Urban / Sparse,0.3541,0.0043,0.6581,0.7000,#FFAA00,22.38105446505986,48.315694443500625
5282,0.3445,Moderate Risk,3,0.36,0.1301,Bare Land,Rural / Scattered,0.3541,0.0008,0.6633,0.7000,#FFAA00,19.513073811140977,51.82268556162928
5283,0.3444,Moderate Risk,3,1.97,0.1312,Bare Land,Peri-Urban / Sparse,0.3541,0.0045,0.6569,0.7000,#FFAA00,25.889300629024785,47.78298163753961
5284,0.3444,Moderate Risk,3,1.79,0.1311,Bare Land,Peri-Urban / Sparse,0.3541,0.0041,0.6575,0.7000,#FFAA00,22.164429135414814,48.217256247735975
5285,0.3444,Moderate Risk,3,0.63,0.1303,Bare Land,Rural / Scattered,0.3541,0.0014,0.6617,0.7000,#FFAA00,22.386562423929238,48.0353688962753
5286,0.3444,Moderate Risk,3,2.56,0.1314,Bare Land,Peri-Urban / Sparse,0.3541,0.0058,0.6553,0.7000,#FFAA00,24.846510738730203,48.8069200792064
5287,0.3444,Moderate Risk,3,2.68,0.1315,Bare Land,Peri-Urban / Sparse,0.3541,0.0061,0.6547,0.7000,#FFAA00,24.773741957947625,48.80469463285083
5288,0.3443,Moderate Risk,3,1.48,0.1138,Unknown,Peri-Urban / Sparse,0.3541,0.0034,0.7580,0.5000,#FFAA00,20.418535839609433,48.04109318453012
5289,0.3443,Moderate Risk,3,7.60,0.1345,Bare Land,Peri-Urban / Sparse,0.3541,0.0173,0.6372,0.7000,#FFAA00,25.301922176081668,48.00848026477263
5290,0.3443,Moderate Risk,3,2.11,0.1313,Bare Land,Peri-Urban / Sparse,0.3541,0.0048,0.6560,0.7000,#FFAA00,24.85573692574828,48.42626194486706
5291,0.3443,Moderate Risk,3,2.05,0.1313,Bare Land,Peri-Urban / Sparse,0.3541,0.0047,0.6562,0.7000,#FFAA00,24.636246756105848,48.46778298992064
5292,0.3442,Moderate Risk,3,4.71,0.1330,Bare Land,Peri-Urban / Sparse,0.3541,0.0107,0.6465,0.7000,#FFAA00,25.44756961140877,48.01209319152839
5293,0.3442,Moderate Risk,3,2.31,0.1315,Bare Land,Peri-Urban / Sparse,0.3541,0.0053,0.6548,0.7000,#FFAA00,24.56234770508872,48.513254516931035
5294,0.3442,Moderate Risk,3,7.51,0.1346,Bare Land,Peri-Urban / Sparse,0.3541,0.0171,0.6371,0.7000,#FFAA00,25.153294212200368,48.14807283102905
5295,0.3442,Moderate Risk,3,1.81,0.1312,Bare Land,Peri-Urban / Sparse,0.3541,0.0041,0.6565,0.7000,#FFAA00,23.25085038433425,48.524968223236726
5296,0.3441,Moderate Risk,3,1.66,0.1312,Bare Land,Peri-Urban / Sparse,0.3541,0.0038,0.6567,0.7000,#FFAA00,22.44992933153777,48.50435605973646
5297,0.3441,Moderate Risk,3,0.34,0.1304,Bare Land,Rural / Scattered,0.3541,0.0008,0.6613,0.7000,#FFAA00,19.509596278202515,51.91384034231194
5298,0.3440,Moderate Risk,3,12.08,0.1374,Bare Land,Low Density Urban,0.3541,0.0275,0.6206,0.7000,#FFAA00,25.155294338957557,48.05262366497599
5299,0.3440,Moderate Risk,3,1.69,0.1313,Bare Land,Peri-Urban / Sparse,0.3541,0.0038,0.6562,0.7000,#FFAA00,22.811900986447686,48.607305354911674
5300,0.3440,Moderate Risk,3,0.62,0.1307,Bare Land,Rural / Scattered,0.3541,0.0014,0.6595,0.7000,#FFAA00,22.16971794492076,47.93733591707795
5301,0.3440,Moderate Risk,3,16.33,0.1571,Minepits/Industry,Low Density Urban,0.3541,0.0372,0.5058,0.9000,#FFAA00,23.82046200198074,49.05965012950609
5302,0.3439,Moderate Risk,3,4.39,0.1329,Bare Land,Peri-Urban / Sparse,0.3541,0.0100,0.6465,0.7000,#FFAA00,25.44950282607802,47.91640119415115
5303,0.3438,Moderate Risk,3,1.23,0.1312,Bare Land,Peri-Urban / Sparse,0.3541,0.0028,0.6567,0.7000,#FFAA00,25.96305063640277,47.73663341218976
5304,0.3438,Moderate Risk,3,0.30,0.1307,Bare Land,Rural / Scattered,0.3541,0.0007,0.6598,0.7000,#FFAA00,19.440615187985756,51.819638266617666
5305,0.3438,Moderate Risk,3,2.73,0.1321,Bare Land,Peri-Urban / Sparse,0.3541,0.0062,0.6516,0.7000,#FFAA00,24.920488749750543,48.76155468641843
5306,0.3438,Moderate Risk,3,24.11,0.0932,Natural Vegetation,Low Density Urban,0.3541,0.0550,0.8782,0.1000,#FFAA00,24.330998469352508,49.02838002044592
5307,0.3437,Moderate Risk,3,3.58,0.1326,Bare Land,Peri-Urban / Sparse,0.3541,0.0082,0.6482,0.7000,#FFAA00,25.521369631107596,47.96603665775967
5308,0.3437,Moderate Risk,3,1.95,0.1318,Bare Land,Peri-Urban / Sparse,0.3541,0.0044,0.6534,0.7000,#FFAA00,23.613790929718537,48.58177360338619
5309,0.3436,Moderate Risk,3,1.65,0.1316,Bare Land,Peri-Urban / Sparse,0.3541,0.0038,0.6544,0.7000,#FFAA00,22.592428320077804,48.648351275826776
5310,0.3436,Moderate Risk,3,17.51,,Minepits/Industry,Low Density Urban,0.3541,0.0399,0.5000,0.9000,#FFAA00,25.603859288339436,50.219042178549024
5311,0.3436,Moderate Risk,3,1.98,0.1318,Bare Land,Peri-Urban / Sparse,0.3541,0.0045,0.6532,0.7000,#FFAA00,22.382006095895022,48.26897965485224
5312,0.3435,Moderate Risk,3,1.72,0.1318,Bare Land,Peri-Urban / Sparse,0.3541,0.0039,0.6534,0.7000,#FFAA00,22.8857629396044,48.56235794056539
5313,0.3435,Moderate Risk,3,2.13,0.1320,Bare Land,Peri-Urban / Sparse,0.3541,0.0049,0.6521,0.7000,#FFAA00,25.88348224211023,48.07111762587679
5314,0.3434,Moderate Risk,3,1.84,0.1319,Bare Land,Peri-Urban / Sparse,0.3541,0.0042,0.6525,0.7000,#FFAA00,22.16350106838245,48.263901270304224
5315,0.3434,Moderate Risk,3,9.14,0.1362,Bare Land,Peri-Urban / Sparse,0.3541,0.0208,0.6276,0.7000,#FFAA00,25.08247090345133,48.05081341792906
5316,0.3434,Moderate Risk,3,2.08,0.1321,Bare Land,Peri-Urban / Sparse,0.3541,0.0047,0.6516,0.7000,#FFAA00,25.885485150414674,47.97508218776474
5317,0.3433,Moderate Risk,3,2.04,0.1322,Bare Land,Peri-Urban / Sparse,0.3541,0.0046,0.6511,0.7000,#FFAA00,25.81646693096083,47.78127588902113
5318,0.3433,Moderate Risk,3,1.70,0.1319,Bare Land,Peri-Urban / Sparse,0.3541,0.0039,0.6527,0.7000,#FFAA00,22.452915940978436,48.364162089957915
5319,0.3433,Moderate Risk,3,2.30,0.1323,Bare Land,Peri-Urban / Sparse,0.3541,0.0052,0.6503,0.7000,#FFAA00,25.671702408046475,47.72994066704023
5320,0.3433,Moderate Risk,3,1.61,0.1318,Bare Land,Peri-Urban / Sparse,0.3541,0.0037,0.6530,0.7000,#FFAA00,22.02143326783615,48.074146770937716
5321,0.3431,Moderate Risk,3,2.13,,Built_up,Peri-Urban / Sparse,0.3541,0.0048,0.5000,1.0000,#FFAA00,26.454721650246388,48.56883236014912
5322,0.3431,Moderate Risk,3,1.80,0.1321,Bare Land,Peri-Urban / Sparse,0.3541,0.0041,0.6512,0.7000,#FFAA00,22.45388449443801,48.317425561609696
5323,0.3429,Moderate Risk,3,2.44,0.1327,Bare Land,Peri-Urban / Sparse,0.3541,0.0056,0.6481,0.7000,#FFAA00,25.52420868531805,47.8224014376367
5324,0.3429,Moderate Risk,3,2.03,0.1325,Bare Land,Peri-Urban / Sparse,0.3541,0.0046,0.6492,0.7000,#FFAA00,25.886462817049477,47.92706069924835
5325,0.3429,Moderate Risk,3,1.94,0.1324,Bare Land,Peri-Urban / Sparse,0.3541,0.0044,0.6498,0.7000,#FFAA00,24.781840799323994,48.4718226589538
5326,0.3428,Moderate Risk,3,4.38,0.1339,Bare Land,Peri-Urban / Sparse,0.3541,0.0100,0.6407,0.7000,#FFAA00,25.07945764408966,48.19389874259314
5327,0.3426,Moderate Risk,3,2.30,0.1328,Bare Land,Peri-Urban / Sparse,0.3541,0.0053,0.6471,0.7000,#FFAA00,25.670797033156052,47.77788404285064
5328,0.3425,Moderate Risk,3,2.18,0.1329,Bare Land,Peri-Urban / Sparse,0.3541,0.0050,0.6468,0.7000,#FFAA00,24.651015582010853,47.7548639312676
5329,0.3425,Moderate Risk,3,1.64,0.1326,Bare Land,Peri-Urban / Sparse,0.3541,0.0037,0.6487,0.7000,#FFAA00,22.66629136128442,48.60348195989229
5330,0.3425,Moderate Risk,3,6.15,0.1352,Bare Land,Peri-Urban / Sparse,0.3541,0.0140,0.6335,0.7000,#FFAA00,25.225083782872826,48.197695743151094
5331,0.3424,Moderate Risk,3,1.94,0.1329,Bare Land,Peri-Urban / Sparse,0.3541,0.0044,0.6470,0.7000,#FFAA00,23.542069849366715,48.53269468760396
5332,0.3424,Moderate Risk,3,1.94,0.1328,Bare Land,Peri-Urban / Sparse,0.3541,0.0044,0.6471,0.7000,#FFAA00,23.61487263875747,48.53464581320098
5333,0.3423,Moderate Risk,3,1.63,0.1327,Bare Land,Peri-Urban / Sparse,0.3541,0.0037,0.6477,0.7000,#FFAA00,21.948582034626984,48.07257668324345
5334,0.3423,Moderate Risk,3,1.76,0.1328,Bare Land,Peri-Urban / Sparse,0.3541,0.0040,0.6475,0.7000,#FFAA00,22.09250065767416,48.16897775415981
5335,0.3422,Moderate Risk,3,1.88,0.1330,Bare Land,Peri-Urban / Sparse,0.3541,0.0043,0.6462,0.7000,#FFAA00,22.308223653854583,48.31397045629983
5336,0.3422,Moderate Risk,3,1.66,0.1329,Bare Land,Peri-Urban / Sparse,0.3541,0.0038,0.6469,0.7000,#FFAA00,22.451933893952877,48.410896039487795
5337,0.3421,Moderate Risk,3,15.26,0.0895,Natural Vegetation,Low Density Urban,0.3541,0.0348,0.9000,0.1000,#FFAA00,24.766213553958245,49.089893215267416
5338,0.3421,Moderate Risk,3,2.36,0.1333,Bare Land,Peri-Urban / Sparse,0.3541,0.0054,0.6442,0.7000,#FFAA00,25.597960837269927,47.77619791051576
5339,0.3421,Moderate Risk,3,1.66,0.1329,Bare Land,Peri-Urban / Sparse,0.3541,0.0038,0.6468,0.7000,#FFAA00,22.743218088413578,48.41808835283952
5340,0.3420,Moderate Risk,3,5.90,0.1355,Bare Land,Peri-Urban / Sparse,0.3541,0.0135,0.6318,0.7000,#FFAA00,25.22909719919347,48.006684293658644
5341,0.3420,Moderate Risk,3,1.59,0.1330,Bare Land,Peri-Urban / Sparse,0.3541,0.0036,0.6464,0.7000,#FFAA00,22.447870832278884,48.597805337760306
5342,0.3419,Moderate Risk,3,1.79,0.1332,Bare Land,Peri-Urban / Sparse,0.3541,0.0041,0.6451,0.7000,#FFAA00,23.179088875895726,48.476079213203775
5343,0.3419,Moderate Risk,3,0.63,0.1325,Bare Land,Rural / Scattered,0.3541,0.0014,0.6489,0.7000,#FFAA00,22.604215800858814,48.08694473190658
5344,0.3418,Moderate Risk,3,1.76,0.1332,Bare Land,Peri-Urban / Sparse,0.3541,0.0040,0.6448,0.7000,#FFAA00,22.020551572864598,48.12075131950756
5345,0.3418,Moderate Risk,3,2.90,0.1339,Bare Land,Peri-Urban / Sparse,0.3541,0.0066,0.6410,0.7000,#FFAA00,24.722082222824213,47.851609756755366
5346,0.3418,Moderate Risk,3,5.14,0.1353,Bare Land,Peri-Urban / Sparse,0.3541,0.0117,0.6330,0.7000,#FFAA00,24.34504838117799,48.45979836031403
5347,0.3418,Moderate Risk,3,5.55,0.1354,Bare Land,Peri-Urban / Sparse,0.3541,0.0127,0.6320,0.7000,#FFAA00,25.302890209840104,47.960692678515514
5348,0.3417,Moderate Risk,3,0.31,0.1325,Bare Land,Rural / Scattered,0.3541,0.0007,0.6492,0.7000,#FFAA00,19.437151580188296,51.91075312139181
5349,0.3417,Moderate Risk,3,2.95,0.1340,Bare Land,Peri-Urban / Sparse,0.3541,0.0067,0.6402,0.7000,#FFAA00,25.666034437947246,48.0175653186914
5350,0.3416,Moderate Risk,3,0.30,0.1326,Bare Land,Rural / Scattered,0.3541,0.0007,0.6487,0.7000,#FFAA00,19.438889029142643,51.865198127960696
5351,0.3415,Moderate Risk,3,6.33,0.1362,Bare Land,Peri-Urban / Sparse,0.3541,0.0144,0.6276,0.7000,#FFAA00,25.08047735374261,48.14620620567543
5352,0.3415,Moderate Risk,3,2.93,0.1342,Bare Land,Peri-Urban / Sparse,0.3541,0.0067,0.6394,0.7000,#FFAA00,25.003502855795467,48.33498885811252
5353,0.3415,Moderate Risk,3,1.95,0.1336,Bare Land,Peri-Urban / Sparse,0.3541,0.0045,0.6428,0.7000,#FFAA00,25.888370559445644,47.831010383980335
5354,0.3414,Moderate Risk,3,1.94,0.1337,Bare Land,Peri-Urban / Sparse,0.3541,0.0044,0.6420,0.7000,#FFAA00,24.710137312169284,48.42226169898041
5355,0.3413,Moderate Risk,3,1.97,0.1338,Bare Land,Peri-Urban / Sparse,0.3541,0.0045,0.6417,0.7000,#FFAA00,24.782937548547995,48.42425790291502
5356,0.3412,Moderate Risk,3,1.68,0.1337,Bare Land,Peri-Urban / Sparse,0.3541,0.0038,0.6423,0.7000,#FFAA00,22.378118895300762,48.4558234436336
5357,0.3412,Moderate Risk,3,2.34,0.1341,Bare Land,Peri-Urban / Sparse,0.3541,0.0053,0.6396,0.7000,#FFAA00,25.66987593952682,47.82582509824363
5358,0.3411,Moderate Risk,3,0.64,0.1332,Bare Land,Rural / Scattered,0.3541,0.0015,0.6451,0.7000,#FFAA00,22.532261379045288,48.03854611207442
5359,0.3411,Moderate Risk,3,2.93,0.1345,Bare Land,Peri-Urban / Sparse,0.3541,0.0067,0.6372,0.7000,#FFAA00,25.450446099076625,47.86855154458868
5360,0.3411,Moderate Risk,3,6.56,0.1367,Bare Land,Peri-Urban / Sparse,0.3541,0.0150,0.6247,0.7000,#FFAA00,25.3757175214004,47.96246710258333
5361,0.3411,Moderate Risk,3,1.65,0.1337,Bare Land,Peri-Urban / Sparse,0.3541,0.0038,0.6419,0.7000,#FFAA00,22.524756135023317,48.41268305321956
5362,0.3411,Moderate Risk,3,1.65,0.1338,Bare Land,Peri-Urban / Sparse,0.3541,0.0038,0.6417,0.7000,#FFAA00,22.668372056813862,48.50988598526016
5363,0.3410,Moderate Risk,3,18.87,0.0925,Natural Vegetation,Low Density Urban,0.3541,0.0430,0.8822,0.1000,#FFAA00,24.25949173086825,48.9787426090242
5364,0.3410,Moderate Risk,3,2.41,0.1343,Bare Land,Peri-Urban / Sparse,0.3541,0.0055,0.6386,0.7000,#FFAA00,24.929624325836826,48.38065077405425
5365,0.3410,Moderate Risk,3,3.26,0.1348,Bare Land,Peri-Urban / Sparse,0.3541,0.0074,0.6358,0.7000,#FFAA00,25.078422648920682,48.2415886562831
5366,0.3409,Moderate Risk,3,2.23,0.1343,Bare Land,Peri-Urban / Sparse,0.3541,0.0051,0.6385,0.7000,#FFAA00,25.813638258767902,47.92526694124247
5367,0.3409,Moderate Risk,3,2.30,0.1343,Bare Land,Peri-Urban / Sparse,0.3541,0.0053,0.6385,0.7000,#FFAA00,24.64833170297981,47.897492166894224
5368,0.3409,Moderate Risk,3,5.28,0.1361,Bare Land,Peri-Urban / Sparse,0.3541,0.0120,0.6284,0.7000,#FFAA00,25.151232728788813,48.243511633122814
5369,0.3408,Moderate Risk,3,3.53,0.1351,Bare Land,Peri-Urban / Sparse,0.3541,0.0080,0.6339,0.7000,#FFAA00,25.37761342231694,47.86682753643333
5370,0.3407,Moderate Risk,3,1.65,0.1341,Bare Land,Peri-Urban / Sparse,0.3541,0.0038,0.6397,0.7000,#FFAA00,22.597577582647006,48.414477431808045
5371,0.3407,Moderate Risk,3,18.53,0.0926,Natural Vegetation,Low Density Urban,0.3541,0.0422,0.8819,0.1000,#FFAA00,24.40248109877944,49.0780771133362
5372,0.3406,Moderate Risk,3,1.94,0.1344,Bare Land,Peri-Urban / Sparse,0.3541,0.0044,0.6380,0.7000,#FFAA00,24.711215398331685,48.37472175467547
5373,0.3406,Moderate Risk,3,1.64,0.1342,Bare Land,Peri-Urban / Sparse,0.3541,0.0037,0.6390,0.7000,#FFAA00,22.520678484310768,48.599689773489835
5374,0.3406,Moderate Risk,3,2.39,0.1347,Bare Land,Peri-Urban / Sparse,0.3541,0.0054,0.6365,0.7000,#FFAA00,24.857892366058422,48.331068680004236
5375,0.3405,Moderate Risk,3,0.85,0.1338,Bare Land,Rural / Scattered,0.3541,0.0019,0.6416,0.7000,#FFAA00,21.949447343360283,48.02599351694915
5376,0.3405,Moderate Risk,3,1.65,0.1343,Bare Land,Peri-Urban / Sparse,0.3541,0.0038,0.6385,0.7000,#FFAA00,22.6673385221604,48.55668534274011
5377,0.3405,Moderate Risk,3,1.65,0.1342,Bare Land,Peri-Urban / Sparse,0.3541,0.0038,0.6389,0.7000,#FFAA00,22.593485328097604,48.60158197479023
5378,0.3404,Moderate Risk,3,1.94,0.1345,Bare Land,Peri-Urban / Sparse,0.3541,0.0044,0.6372,0.7000,#FFAA00,23.540991869493713,48.57979659791349
5379,0.3404,Moderate Risk,3,1.67,0.1344,Bare Land,Peri-Urban / Sparse,0.3541,0.0038,0.6379,0.7000,#FFAA00,22.741184690890435,48.51174447179742
5380,0.3404,Moderate Risk,3,11.91,0.1404,Bare Land,Low Density Urban,0.3541,0.0271,0.6030,0.7000,#FFAA00,25.08344473710439,48.00311324501765
5381,0.3404,Moderate Risk,3,3.72,0.1356,Bare Land,Peri-Urban / Sparse,0.3541,0.0085,0.6312,0.7000,#FFAA00,25.37853810988458,47.81900417115915
5382,0.3404,Moderate Risk,3,6.09,0.1541,Minepits/Industry,Peri-Urban / Sparse,0.3541,0.0139,0.5229,0.9000,#FFAA00,23.602190093463168,49.05288992171396
5383,0.3403,Moderate Risk,3,17.47,0.0923,Natural Vegetation,Low Density Urban,0.3541,0.0398,0.8834,0.1000,#FFAA00,24.475229418948995,49.08042177996918
5384,0.3401,Moderate Risk,3,3.00,0.1354,Bare Land,Peri-Urban / Sparse,0.3541,0.0068,0.6319,0.7000,#FFAA00,24.7211695489313,47.899177764539125
5385,0.3401,Moderate Risk,3,1.66,0.1346,Bare Land,Peri-Urban / Sparse,0.3541,0.0038,0.6367,0.7000,#FFAA00,22.450938356434367,48.457627374607426
5386,0.3400,Moderate Risk,3,1.92,0.1349,Bare Land,Peri-Urban / Sparse,0.3541,0.0044,0.6353,0.7000,#FFAA00,23.39646177375449,48.52881588573339
5387,0.3400,Moderate Risk,3,2.64,0.1353,Bare Land,Peri-Urban / Sparse,0.3541,0.0060,0.6329,0.7000,#FFAA00,25.52327794394583,47.870282245042276
5388,0.3399,Moderate Risk,3,1.66,0.1348,Bare Land,Peri-Urban / Sparse,0.3541,0.0038,0.6356,0.7000,#FFAA00,22.74014747356424,48.558568482860885
5389,0.3399,Moderate Risk,3,2.60,0.1354,Bare Land,Peri-Urban / Sparse,0.3541,0.0059,0.6324,0.7000,#FFAA00,23.907157624921066,48.49529375966084
5390,0.3397,Moderate Risk,3,1.65,0.1350,Bare Land,Peri-Urban / Sparse,0.3541,0.0038,0.6346,0.7000,#FFAA00,22.59657489209045,48.46125759693477
5391,0.3397,Moderate Risk,3,3.20,0.1359,Bare Land,Peri-Urban / Sparse,0.3541,0.0073,0.6294,0.7000,#FFAA00,24.490649277451574,48.46377494373053
5392,0.3396,Moderate Risk,3,2.01,0.1353,Bare Land,Peri-Urban / Sparse,0.3541,0.0046,0.6330,0.7000,#FFAA00,24.78401923000164,48.37669035798608
5393,0.3395,Moderate Risk,3,14.68,0.0999,Oasis Agriculture/Palm,Low Density Urban,0.3541,0.0335,0.8389,0.2000,#FFAA00,23.89445860597497,49.01471947575619
5394,0.3395,Moderate Risk,3,1.66,0.1351,Bare Land,Peri-Urban / Sparse,0.3541,0.0038,0.6337,0.7000,#FFAA00,22.739096581518147,48.605389747124136
5395,0.3395,Moderate Risk,3,1.65,0.1351,Bare Land,Peri-Urban / Sparse,0.3541,0.0038,0.6338,0.7000,#FFAA00,21.94770355277605,48.11915752248389
5396,0.3395,Moderate Risk,3,1.85,0.1353,Bare Land,Peri-Urban / Sparse,0.3541,0.0042,0.6328,0.7000,#FFAA00,22.237268286716187,48.21891804893284
5397,0.3394,Moderate Risk,3,2.01,0.1354,Bare Land,Peri-Urban / Sparse,0.3541,0.0046,0.6320,0.7000,#FFAA00,24.637336218815378,48.420273313063106
5398,0.3394,Moderate Risk,3,6.06,0.1378,Bare Land,Peri-Urban / Sparse,0.3541,0.0138,0.6182,0.7000,#FFAA00,24.272246657010765,48.457821817583486
5399,0.3392,Moderate Risk,3,1.64,0.1354,Bare Land,Peri-Urban / Sparse,0.3541,0.0037,0.6320,0.7000,#FFAA00,22.525741708362943,48.3659247326783
5400,0.3392,Moderate Risk,3,24.84,0.0975,Natural Vegetation,Low Density Urban,0.3541,0.0566,0.8529,0.1000,#FFAA00,24.836318915258026,49.187379551877626
5401,0.3391,Moderate Risk,3,2.18,0.1358,Bare Land,Peri-Urban / Sparse,0.3541,0.0050,0.6301,0.7000,#FFAA00,24.856822206564225,48.37866669116884
5402,0.3390,Moderate Risk,3,6.97,0.1387,Bare Land,Peri-Urban / Sparse,0.3541,0.0159,0.6129,0.7000,#FFAA00,25.081481774605077,48.09851108446992
5403,0.3390,Moderate Risk,3,1.93,0.1358,Bare Land,Peri-Urban / Sparse,0.3541,0.0044,0.6300,0.7000,#FFAA00,23.469266226934575,48.53075138479272
5404,0.3390,Moderate Risk,3,1.19,0.1354,Bare Land,Peri-Urban / Sparse,0.3541,0.0027,0.6325,0.7000,#FFAA00,22.676149410207156,48.13539677278087
5405,0.3390,Moderate Risk,3,0.59,0.1349,Bare Land,Rural / Scattered,0.3541,0.0013,0.6349,0.7000,#FFAA00,21.950299476278236,47.97940805870052
5406,0.3389,Moderate Risk,3,1.84,0.1358,Bare Land,Peri-Urban / Sparse,0.3541,0.0042,0.6301,0.7000,#FFAA00,23.323656492121895,48.52688817149252
5407,0.3388,Moderate Risk,3,4.04,0.1372,Bare Land,Peri-Urban / Sparse,0.3541,0.0092,0.6219,0.7000,#FFAA00,25.376673225145467,47.914648526714124
5408,0.3388,Moderate Risk,3,2.31,0.1361,Bare Land,Peri-Urban / Sparse,0.3541,0.0053,0.6278,0.7000,#FFAA00,24.869553617530087,47.759691523470245
5409,0.3388,Moderate Risk,3,2.66,0.1363,Bare Land,Peri-Urban / Sparse,0.3541,0.0061,0.6269,0.7000,#FFAA00,24.931756576526386,48.28539637728902
5410,0.3388,Moderate Risk,3,2.74,0.1364,Bare Land,Peri-Urban / Sparse,0.3541,0.0062,0.6264,0.7000,#FFAA00,23.981031305631937,48.449993516047925
5411,0.3387,Moderate Risk,3,1.68,0.1359,Bare Land,Peri-Urban / Sparse,0.3541,0.0038,0.6295,0.7000,#FFAA00,22.961672839141446,48.423560406273204
5412,0.3386,Moderate Risk,3,2.95,0.1367,Bare Land,Peri-Urban / Sparse,0.3541,0.0067,0.6246,0.7000,#FFAA00,25.077372371558837,48.28927590781807
5413,0.3386,Moderate Risk,3,2.69,0.1365,Bare Land,Peri-Urban / Sparse,0.3541,0.0061,0.6258,0.7000,#FFAA00,25.451373811777966,47.82069951380107
5414,0.3384,Moderate Risk,3,1.66,0.1361,Bare Land,Peri-Urban / Sparse,0.3541,0.0038,0.6279,0.7000,#FFAA00,22.595558617350658,48.50803509962815
5415,0.3383,Moderate Risk,3,2.48,0.1366,Bare Land,Peri-Urban / Sparse,0.3541,0.0057,0.6249,0.7000,#FFAA00,24.930698038636333,48.33302493860672
5416,0.3383,Moderate Risk,3,1.68,0.1362,Bare Land,Peri-Urban / Sparse,0.3541,0.0038,0.6277,0.7000,#FFAA00,22.67139087125757,48.36947182896941
5417,0.3383,Moderate Risk,3,2.46,0.1367,Bare Land,Peri-Urban / Sparse,0.3541,0.0056,0.6249,0.7000,#FFAA00,23.397518190385657,48.48176265484204
5418,0.3383,Moderate Risk,3,2.59,0.1368,Bare Land,Peri-Urban / Sparse,0.3541,0.0059,0.6242,0.7000,#FFAA00,25.59610895495492,47.872019655400564
5419,0.3383,Moderate Risk,3,4.07,0.1376,Bare Land,Peri-Urban / Sparse,0.3541,0.0093,0.6193,0.7000,#FFAA00,24.794922297488895,47.853274311426446
5420,0.3381,Moderate Risk,3,1.76,0.1364,Bare Land,Peri-Urban / Sparse,0.3541,0.0040,0.6264,0.7000,#FFAA00,22.09339883563671,48.122351770429
5421,0.3381,Moderate Risk,3,0.94,0.1360,Bare Land,Rural / Scattered,0.3541,0.0022,0.6290,0.7000,#FFAA00,22.74898975815497,48.13705780771364
5422,0.3380,Moderate Risk,3,1.66,0.1364,Bare Land,Peri-Urban / Sparse,0.3541,0.0038,0.6263,0.7000,#FFAA00,22.59452876161116,48.55480990415403
5423,0.3380,Moderate Risk,3,1.62,0.1364,Bare Land,Peri-Urban / Sparse,0.3541,0.0037,0.6265,0.7000,#FFAA00,22.448906822419787,48.551082059306324
5424,0.3380,Moderate Risk,3,1.47,0.1192,Unknown,Peri-Urban / Sparse,0.3541,0.0034,0.7266,0.5000,#FFAA00,20.346465017450207,47.993577635602925
5425,0.3380,Moderate Risk,3,0.73,0.1359,Bare Land,Rural / Scattered,0.3541,0.0017,0.6294,0.7000,#FFAA00,22.02230174154623,48.02753988997518
5426,0.3380,Moderate Risk,3,3.56,0.1375,Bare Land,Peri-Urban / Sparse,0.3541,0.0081,0.6197,0.7000,#FFAA00,24.41784925540235,48.46178272911418
5427,0.3379,Moderate Risk,3,3.20,0.1374,Bare Land,Peri-Urban / Sparse,0.3541,0.0073,0.6206,0.7000,#FFAA00,23.909278637881798,48.40081511925157
5428,0.3379,Moderate Risk,3,3.06,0.1373,Bare Land,Peri-Urban / Sparse,0.3541,0.0070,0.6209,0.7000,#FFAA00,25.522331591524093,47.918160664958066
5429,0.3379,Moderate Risk,3,1.69,0.1366,Bare Land,Peri-Urban / Sparse,0.3541,0.0039,0.6253,0.7000,#FFAA00,22.88885539299325,48.42172894207723
5430,0.3379,Moderate Risk,3,10.37,0.1416,Bare Land,Low Density Urban,0.3541,0.0236,0.5960,0.7000,#FFAA00,24.279436669981813,48.126148608698706
5431,0.3379,Moderate Risk,3,2.61,0.1371,Bare Land,Peri-Urban / Sparse,0.3541,0.0059,0.6223,0.7000,#FFAA00,24.85894740080366,48.2834679499642
5432,0.3378,Moderate Risk,3,0.72,0.1361,Bare Land,Rural / Scattered,0.3541,0.0016,0.6281,0.7000,#FFAA00,22.458524753622253,48.083705484102
5433,0.3376,Moderate Risk,3,3.25,0.1377,Bare Land,Peri-Urban / Sparse,0.3541,0.0074,0.6187,0.7000,#FFAA00,25.304779915639266,47.86511020306217
5434,0.3376,Moderate Risk,3,2.15,0.1370,Bare Land,Peri-Urban / Sparse,0.3541,0.0049,0.6227,0.7000,#FFAA00,24.649241336124177,47.84995172332261
5435,0.3376,Moderate Risk,3,21.03,0.0967,Natural Vegetation,Low Density Urban,0.3541,0.0479,0.8577,0.1000,#FFAA00,24.25570473057866,49.12074698327296
5436,0.3376,Moderate Risk,3,1.27,0.1365,Bare Land,Peri-Urban / Sparse,0.3541,0.0029,0.6255,0.7000,#FFAA00,22.16713346965364,48.07730662658012
5437,0.3375,Moderate Risk,3,1.82,0.1369,Bare Land,Peri-Urban / Sparse,0.3541,0.0041,0.6233,0.7000,#FFAA00,23.324709240415434,48.47986051730433
5438,0.3375,Moderate Risk,3,2.00,0.1371,Bare Land,Peri-Urban / Sparse,0.3541,0.0046,0.6223,0.7000,#FFAA00,23.761550526220574,48.49138894382538
5439,0.3375,Moderate Risk,3,2.28,0.1372,Bare Land,Peri-Urban / Sparse,0.3541,0.0052,0.6217,0.7000,#FFAA00,24.563448445095453,48.46577502401407
5440,0.3375,Moderate Risk,3,1.46,0.1196,Unknown,Peri-Urban / Sparse,0.3541,0.0033,0.7243,0.5000,#FFAA00,20.05725714766634,47.849992520948135
5441,0.3375,Moderate Risk,3,2.40,0.1373,Bare Land,Peri-Urban / Sparse,0.3541,0.0055,0.6213,0.7000,#FFAA00,25.525123812636103,47.77451828237749
5442,0.3375,Moderate Risk,3,33.66,0.1042,Natural Vegetation,Low Density Urban,0.3541,0.0767,0.8143,0.1000,#FFAA00,25.6154487412518,49.88453178231975
5443,0.3374,Moderate Risk,3,1.91,0.1371,Bare Land,Peri-Urban / Sparse,0.3541,0.0044,0.6223,0.7000,#FFAA00,22.454839551300438,48.2706864900465
5444,0.3374,Moderate Risk,3,2.77,0.1376,Bare Land,Peri-Urban / Sparse,0.3541,0.0063,0.6194,0.7000,#FFAA00,25.004564900825336,48.287332356745765
5445,0.3374,Moderate Risk,3,38.47,0.1070,Natural Vegetation,Low Density Urban,0.3541,0.0877,0.7975,0.1000,#FFAA00,24.19155973476626,48.78720247746515
5446,0.3374,Moderate Risk,3,2.21,0.1373,Bare Land,Peri-Urban / Sparse,0.3541,0.0050,0.6212,0.7000,#FFAA00,23.834354494670986,48.493337454069604
5447,0.3374,Moderate Risk,3,1.66,0.1369,Bare Land,Peri-Urban / Sparse,0.3541,0.0038,0.6232,0.7000,#FFAA00,22.52375702279919,48.45943875322838
5448,0.3373,Moderate Risk,3,1.70,0.1370,Bare Land,Peri-Urban / Sparse,0.3541,0.0039,0.6226,0.7000,#FFAA00,22.38478026947448,48.12882042054556
5449,0.3372,Moderate Risk,3,0.59,0.1365,Bare Land,Rural / Scattered,0.3541,0.0013,0.6256,0.7000,#FFAA00,21.951138430723933,47.93282034360713
5450,0.3372,Moderate Risk,3,1.79,0.1372,Bare Land,Peri-Urban / Sparse,0.3541,0.0041,0.6216,0.7000,#FFAA00,23.251899468158246,48.4779660429209
5451,0.3372,Moderate Risk,3,1.94,0.1373,Bare Land,Peri-Urban / Sparse,0.3541,0.0044,0.6210,0.7000,#FFAA00,23.543133614349063,48.48558999382372
5452,0.3371,Moderate Risk,3,0.59,0.1366,Bare Land,Rural / Scattered,0.3541,0.0013,0.6253,0.7000,#FFAA00,22.02482780821953,47.8877056045771
5453,0.3371,Moderate Risk,3,1.89,0.1374,Bare Land,Peri-Urban / Sparse,0.3541,0.0043,0.6206,0.7000,#FFAA00,22.45670916331871,48.17720085974473
5454,0.3370,Moderate Risk,3,0.62,0.1367,Bare Land,Rural / Scattered,0.3541,0.0014,0.6245,0.7000,#FFAA00,22.241725040151884,47.98553687343284
5455,0.3370,Moderate Risk,3,1.97,0.1374,Bare Land,Peri-Urban / Sparse,0.3541,0.0045,0.6202,0.7000,#FFAA00,24.63841071373915,48.37276086151069
5456,0.3369,Moderate Risk,3,12.80,0.0925,Natural Vegetation,Low Density Urban,0.3541,0.0292,0.8824,0.1000,#FFAA00,24.254413066196925,49.16807521415072
5457,0.3369,Moderate Risk,3,1.64,0.1374,Bare Land,Peri-Urban / Sparse,0.3541,0.0037,0.6206,0.7000,#FFAA00,22.521718194251847,48.55294214900871
5458,0.3369,Moderate Risk,3,2.31,0.1377,Bare Land,Peri-Urban / Sparse,0.3541,0.0053,0.6186,0.7000,#FFAA00,23.836468263826706,48.39891144118685
5459,0.3369,Moderate Risk,3,14.53,0.0935,Natural Vegetation,Low Density Urban,0.3541,0.0331,0.8764,0.1000,#FFAA00,24.403751969386395,49.03068849868508
5460,0.3369,Moderate Risk,3,1.71,0.1374,Bare Land,Peri-Urban / Sparse,0.3541,0.0039,0.6205,0.7000,#FFAA00,22.526713739732013,48.31916382727921
5461,0.3368,Moderate Risk,3,30.67,0.1030,Natural Vegetation,Low Density Urban,0.3541,0.0699,0.8211,0.1000,#FFAA00,24.837645632040825,49.13983365463998
5462,0.3368,Moderate Risk,3,1.68,0.1374,Bare Land,Peri-Urban / Sparse,0.3541,0.0038,0.6202,0.7000,#FFAA00,22.816037141991636,48.419904930156044
5463,0.3368,Moderate Risk,3,1.72,0.1375,Bare Land,Peri-Urban / Sparse,0.3541,0.0039,0.6200,0.7000,#FFAA00,22.166245338886174,48.123958890559116
5464,0.3368,Moderate Risk,3,5.24,0.1396,Bare Land,Peri-Urban / Sparse,0.3541,0.0119,0.6079,0.7000,#FFAA00,24.19944408513505,48.45585308127974
5465,0.3368,Moderate Risk,3,1.94,0.1376,Bare Land,Peri-Urban / Sparse,0.3541,0.0044,0.6191,0.7000,#FFAA00,23.688745721836966,48.48944820974253
5466,0.3368,Moderate Risk,3,1.96,0.1377,Bare Land,Peri-Urban / Sparse,0.3541,0.0045,0.6190,0.7000,#FFAA00,23.762610977390562,48.44420351137641
5467,0.3367,Moderate Risk,3,2.67,0.1381,Bare Land,Peri-Urban / Sparse,0.3541,0.0061,0.6164,0.7000,#FFAA00,23.908225365307736,48.44805581108198
5468,0.3366,Moderate Risk,3,4.30,0.1392,Bare Land,Peri-Urban / Sparse,0.3541,0.0098,0.6101,0.7000,#FFAA00,25.007659651331124,48.14434684331602
5469,0.3366,Moderate Risk,3,4.56,0.1393,Bare Land,Peri-Urban / Sparse,0.3541,0.0104,0.6093,0.7000,#FFAA00,25.00866076227268,48.09667979848778
5470,0.3366,Moderate Risk,3,3.63,0.1388,Bare Land,Peri-Urban / Sparse,0.3541,0.0083,0.6126,0.7000,#FFAA00,25.006643301927145,48.19201131052643
5471,0.3366,Moderate Risk,3,1.84,0.1378,Bare Land,Peri-Urban / Sparse,0.3541,0.0042,0.6184,0.7000,#FFAA00,23.398560486870256,48.43470669066615
5472,0.3365,Moderate Risk,3,2.39,0.1381,Bare Land,Peri-Urban / Sparse,0.3541,0.0055,0.6163,0.7000,#FFAA00,25.597042728551223,47.82410995998184
5473,0.3365,Moderate Risk,3,4.22,0.1392,Bare Land,Peri-Urban / Sparse,0.3541,0.0096,0.6101,0.7000,#FFAA00,25.23006206315168,47.95892513276709
5474,0.3365,Moderate Risk,3,0.59,0.1371,Bare Land,Rural / Scattered,0.3541,0.0014,0.6222,0.7000,#FFAA00,22.023156991285536,47.98093071179951
5475,0.3365,Moderate Risk,3,1.46,0.1377,Bare Land,Peri-Urban / Sparse,0.3541,0.0033,0.6191,0.7000,#FFAA00,22.09428374690876,48.07572341368826
5476,0.3365,Moderate Risk,3,1.87,0.1378,Bare Land,Peri-Urban / Sparse,0.3541,0.0043,0.6180,0.7000,#FFAA00,23.471372235470533,48.4365908235148
5477,0.3364,Moderate Risk,3,1.67,0.1378,Bare Land,Peri-Urban / Sparse,0.3541,0.0038,0.6181,0.7000,#FFAA00,22.59856668587896,48.367694639994006
5478,0.3364,Moderate Risk,3,5.86,0.1402,Bare Land,Peri-Urban / Sparse,0.3541,0.0134,0.6040,0.7000,#FFAA00,24.352262696771184,48.12793635604761
5479,0.3364,Moderate Risk,3,1.76,0.1379,Bare Land,Peri-Urban / Sparse,0.3541,0.0040,0.6177,0.7000,#FFAA00,22.81802283500725,48.32618870172987
5480,0.3363,Moderate Risk,3,1.78,0.1380,Bare Land,Peri-Urban / Sparse,0.3541,0.0040,0.6171,0.7000,#FFAA00,22.67522499839085,48.18221676288958
5481,0.3363,Moderate Risk,3,2.04,0.1381,Bare Land,Peri-Urban / Sparse,0.3541,0.0046,0.6163,0.7000,#FFAA00,23.763657059402636,48.39701534918293
5482,0.3363,Moderate Risk,3,1.54,0.1379,Bare Land,Peri-Urban / Sparse,0.3541,0.0035,0.6178,0.7000,#FFAA00,22.893733809449007,48.1872947267245
5483,0.3363,Moderate Risk,3,2.47,0.1384,Bare Land,Peri-Urban / Sparse,0.3541,0.0056,0.6148,0.7000,#FFAA00,24.94327420161504,47.713655123935034
5484,0.3362,Moderate Risk,3,4.62,0.1397,Bare Land,Peri-Urban / Sparse,0.3541,0.0105,0.6069,0.7000,#FFAA00,25.305701581594455,47.81731539248606
5485,0.3362,Moderate Risk,3,1.79,0.1381,Bare Land,Peri-Urban / Sparse,0.3541,0.0041,0.6165,0.7000,#FFAA00,22.60145244084693,48.22733086206257
5486,0.3362,Moderate Risk,3,1.62,0.1380,Bare Land,Peri-Urban / Sparse,0.3541,0.0037,0.6171,0.7000,#FFAA00,22.457623712621793,48.13045437226859
5487,0.3361,Moderate Risk,3,3.36,0.1390,Bare Land,Peri-Urban / Sparse,0.3541,0.0077,0.6110,0.7000,#FFAA00,24.933828114054783,48.19013123186637
5488,0.3361,Moderate Risk,3,1.47,0.1380,Bare Land,Peri-Urban / Sparse,0.3541,0.0033,0.6173,0.7000,#FFAA00,22.966568508652426,48.18900124887685
5489,0.3361,Moderate Risk,3,2.94,0.1389,Bare Land,Peri-Urban / Sparse,0.3541,0.0067,0.6121,0.7000,#FFAA00,25.00561171732197,48.239673161278844
5490,0.3361,Moderate Risk,3,2.24,0.1385,Bare Land,Peri-Urban / Sparse,0.3541,0.0051,0.6144,0.7000,#FFAA00,24.56453427069167,48.418292725268074
5491,0.3361,Moderate Risk,3,3.20,0.1390,Bare Land,Peri-Urban / Sparse,0.3541,0.0073,0.6114,0.7000,#FFAA00,24.126640667787296,48.4538921318633
5492,0.3361,Moderate Risk,3,0.49,0.1203,Unknown,Rural / Scattered,0.3541,0.0011,0.7204,0.5000,#FFAA00,21.7317224654035,47.97487809797242
5493,0.3361,Moderate Risk,3,2.14,0.1383,Bare Land,Peri-Urban / Sparse,0.3541,0.0049,0.6151,0.7000,#FFAA00,24.785085840223807,48.32912006264673
5494,0.3360,Moderate Risk,3,1.72,0.1382,Bare Land,Peri-Urban / Sparse,0.3541,0.0039,0.6161,0.7000,#FFAA00,22.239091080409302,48.12557269529102
5495,0.3360,Moderate Risk,3,1.81,0.1383,Bare Land,Peri-Urban / Sparse,0.3541,0.0041,0.6155,0.7000,#FFAA00,23.399588659918702,48.38764802989496
5496,0.3360,Moderate Risk,3,2.89,0.1389,Bare Land,Peri-Urban / Sparse,0.3541,0.0066,0.6117,0.7000,#FFAA00,23.98208817933883,48.40272640215077
5497,0.3360,Moderate Risk,3,2.56,0.1387,Bare Land,Peri-Urban / Sparse,0.3541,0.0058,0.6130,0.7000,#FFAA00,25.45228596118945,47.77284514132105
5498,0.3359,Moderate Risk,3,0.64,0.1376,Bare Land,Rural / Scattered,0.3541,0.0015,0.6193,0.7000,#FFAA00,22.09515538872827,48.02909271918736
5499,0.3359,Moderate Risk,3,3.09,0.1391,Bare Land,Peri-Urban / Sparse,0.3541,0.0070,0.6106,0.7000,#FFAA00,24.78717383336829,48.233971374721754
5500,0.3357,Moderate Risk,3,1.90,0.1386,Bare Land,Peri-Urban / Sparse,0.3541,0.0043,0.6138,0.7000,#FFAA00,23.616993261438765,48.44038189893652
5501,0.3357,Moderate Risk,3,3.48,0.1395,Bare Land,Peri-Urban / Sparse,0.3541,0.0079,0.6085,0.7000,#FFAA00,25.303842790715137,47.91290264484397
5502,0.3356,Moderate Risk,3,1.92,0.1387,Bare Land,Peri-Urban / Sparse,0.3541,0.0044,0.6132,0.7000,#FFAA00,23.470326315789357,48.48367247412022
5503,0.3356,Moderate Risk,3,1.85,0.1386,Bare Land,Peri-Urban / Sparse,0.3541,0.0042,0.6136,0.7000,#FFAA00,22.383869001016315,48.1755426078259
5504,0.3356,Moderate Risk,3,2.41,0.1389,Bare Land,Peri-Urban / Sparse,0.3541,0.0055,0.6117,0.7000,#FFAA00,25.52602332294543,47.7266328189124
5505,0.3355,Moderate Risk,3,2.76,0.1393,Bare Land,Peri-Urban / Sparse,0.3541,0.0063,0.6097,0.7000,#FFAA00,24.053836407206038,48.451938949897496
5506,0.3355,Moderate Risk,3,2.02,0.1388,Bare Land,Peri-Urban / Sparse,0.3541,0.0046,0.6123,0.7000,#FFAA00,24.723862399837312,47.75646681863737
5507,0.3354,Moderate Risk,3,2.84,0.1394,Bare Land,Peri-Urban / Sparse,0.3541,0.0065,0.6090,0.7000,#FFAA00,24.93279993611408,48.23776512880372
5508,0.3354,Moderate Risk,3,1.93,0.1388,Bare Land,Peri-Urban / Sparse,0.3541,0.0044,0.6123,0.7000,#FFAA00,23.61594008378938,48.48751523273659
5509,0.3354,Moderate Risk,3,3.12,0.1395,Bare Land,Peri-Urban / Sparse,0.3541,0.0071,0.6080,0.7000,#FFAA00,24.491731470005643,48.416319915804756
5510,0.3352,Moderate Risk,3,1.82,0.1389,Bare Land,Peri-Urban / Sparse,0.3541,0.0041,0.6117,0.7000,#FFAA00,23.40060270628559,48.34058670923011
5511,0.3352,Moderate Risk,3,2.21,0.1391,Bare Land,Peri-Urban / Sparse,0.3541,0.0050,0.6104,0.7000,#FFAA00,23.83541858847829,48.44612581586832
5512,0.3352,Moderate Risk,3,3.76,0.1401,Bare Land,Peri-Urban / Sparse,0.3541,0.0086,0.6050,0.7000,#FFAA00,23.91031743930244,48.35357172150103
5513,0.3352,Moderate Risk,3,34.36,0.1065,Natural Vegetation,Low Density Urban,0.3541,0.0783,0.8005,0.1000,#FFAA00,25.05316311154509,49.24240205847918
5514,0.3351,Moderate Risk,3,1.85,0.1390,Bare Land,Peri-Urban / Sparse,0.3541,0.0042,0.6109,0.7000,#FFAA00,22.60238716421136,48.18053792119093
5515,0.3350,Moderate Risk,3,1.73,0.1391,Bare Land,Peri-Urban / Sparse,0.3541,0.0039,0.6109,0.7000,#FFAA00,23.110305253958792,48.28636714249261
5516,0.3350,Moderate Risk,3,1.89,0.1391,Bare Land,Peri-Urban / Sparse,0.3541,0.0043,0.6105,0.7000,#FFAA00,22.528617164424418,48.22563440466315
5517,0.3349,Moderate Risk,3,3.09,0.1400,Bare Land,Peri-Urban / Sparse,0.3541,0.0071,0.6055,0.7000,#FFAA00,23.983130532471787,48.35545657561814
5518,0.3348,Moderate Risk,3,1.96,0.1393,Bare Land,Peri-Urban / Sparse,0.3541,0.0045,0.6092,0.7000,#FFAA00,24.712278463296823,48.3271790669791
5519,0.3348,Moderate Risk,3,1.76,0.1393,Bare Land,Peri-Urban / Sparse,0.3541,0.0040,0.6096,0.7000,#FFAA00,23.325747917538155,48.43283013644482
5520,0.3348,Moderate Risk,3,2.37,0.1396,Bare Land,Peri-Urban / Sparse,0.3541,0.0054,0.6076,0.7000,#FFAA00,24.78613737580117,48.281547055389964
5521,0.3347,Moderate Risk,3,1.91,0.1394,Bare Land,Peri-Urban / Sparse,0.3541,0.0044,0.6090,0.7000,#FFAA00,23.689802534293648,48.44228887867596
5522,0.3347,Moderate Risk,3,4.29,0.1409,Bare Land,Peri-Urban / Sparse,0.3541,0.0098,0.6004,0.7000,#FFAA00,24.27845371458508,48.173538336970125
5523,0.3347,Moderate Risk,3,2.10,0.1396,Bare Land,Peri-Urban / Sparse,0.3541,0.0048,0.6079,0.7000,#FFAA00,24.640514786544504,48.277727787476266
5524,0.3346,Moderate Risk,3,3.29,0.1403,Bare Land,Peri-Urban / Sparse,0.3541,0.0075,0.6038,0.7000,#FFAA00,24.934841107052144,48.14249472520524
5525,0.3346,Moderate Risk,3,2.85,0.1400,Bare Land,Peri-Urban / Sparse,0.3541,0.0065,0.6053,0.7000,#FFAA00,24.861012082578718,48.18825848768678
5526,0.3346,Moderate Risk,3,1.78,0.1394,Bare Land,Peri-Urban / Sparse,0.3541,0.0041,0.6086,0.7000,#FFAA00,23.327783045211437,48.33876134112912
5527,0.3346,Moderate Risk,3,4.28,,Minepits/Industry,Peri-Urban / Sparse,0.3541,0.0097,0.5000,0.9000,#FFAA00,24.80498693446378,50.18499648075257
5528,0.3345,Moderate Risk,3,2.31,0.1398,Bare Land,Peri-Urban / Sparse,0.3541,0.0053,0.6066,0.7000,#FFAA00,23.83852434588394,48.30447463135594
5529,0.3344,Moderate Risk,3,1.78,0.1396,Bare Land,Peri-Urban / Sparse,0.3541,0.0041,0.6076,0.7000,#FFAA00,23.25293452973611,48.430961142512054
5530,0.3344,Moderate Risk,3,2.83,0.1402,Bare Land,Peri-Urban / Sparse,0.3541,0.0065,0.6041,0.7000,#FFAA00,24.859987307420795,48.23586453965275
5531,0.3343,Moderate Risk,3,1.65,0.1396,Bare Land,Peri-Urban / Sparse,0.3541,0.0038,0.6075,0.7000,#FFAA00,22.52274437481867,48.50619179704182
5532,0.3343,Moderate Risk,3,3.93,,Minepits/Industry,Peri-Urban / Sparse,0.3541,0.0090,0.5000,0.9000,#FFAA00,25.10206493824987,50.006876403994816
5533,0.3343,Moderate Risk,3,4.94,0.1415,Bare Land,Peri-Urban / Sparse,0.3541,0.0113,0.5964,0.7000,#FFAA00,24.200511785863352,48.408506069086464
5534,0.3343,Moderate Risk,3,0.64,0.1390,Bare Land,Rural / Scattered,0.3541,0.0014,0.6110,0.7000,#FFAA00,22.677060168172893,48.08857436501541
5535,0.3343,Moderate Risk,3,0.77,0.1391,Bare Land,Rural / Scattered,0.3541,0.0018,0.6108,0.7000,#FFAA00,22.82182932683789,48.13872565339702
5536,0.3343,Moderate Risk,3,3.02,0.1404,Bare Land,Peri-Urban / Sparse,0.3541,0.0069,0.6030,0.7000,#FFAA00,25.231011524778573,47.911163530831075
5537,0.3343,Moderate Risk,3,0.62,0.1390,Bare Land,Rural / Scattered,0.3541,0.0014,0.6114,0.7000,#FFAA00,22.74990376172256,48.09021069189183
5538,0.3342,Moderate Risk,3,2.56,0.1402,Bare Land,Peri-Urban / Sparse,0.3541,0.0058,0.6042,0.7000,#FFAA00,24.419991564306986,48.36692424717869
5539,0.3342,Moderate Risk,3,3.06,0.1405,Bare Land,Peri-Urban / Sparse,0.3541,0.0070,0.6024,0.7000,#FFAA00,24.49279879453652,48.36886212723067
5540,0.3342,Moderate Risk,3,12.60,0.0947,Natural Vegetation,Low Density Urban,0.3541,0.0287,0.8697,0.1000,#FFAA00,24.476504564578462,49.03300610075207
5541,0.3342,Moderate Risk,3,1.90,0.1399,Bare Land,Peri-Urban / Sparse,0.3541,0.0043,0.6062,0.7000,#FFAA00,22.529548551785936,48.17886595885215
5542,0.3341,Moderate Risk,3,4.84,0.1416,Bare Land,Peri-Urban / Sparse,0.3541,0.0110,0.5959,0.7000,#FFAA00,24.273317974680793,48.41044796105639
5543,0.3341,Moderate Risk,3,0.66,0.1392,Bare Land,Rural / Scattered,0.3541,0.0015,0.6100,0.7000,#FFAA00,22.89466811407492,48.14040032598108
5544,0.3341,Moderate Risk,3,5.11,0.1418,Bare Land,Peri-Urban / Sparse,0.3541,0.0116,0.5949,0.7000,#FFAA00,25.15723308334585,47.95716444743562
5545,0.3341,Moderate Risk,3,1.73,0.1398,Bare Land,Peri-Urban / Sparse,0.3541,0.0039,0.6064,0.7000,#FFAA00,22.673335224849087,48.275849346557166
5546,0.3340,Moderate Risk,3,1.93,0.1400,Bare Land,Peri-Urban / Sparse,0.3541,0.0044,0.6051,0.7000,#FFAA00,22.455781108576456,48.223944910882935
5547,0.3340,Moderate Risk,3,3.50,0.1409,Bare Land,Peri-Urban / Sparse,0.3541,0.0080,0.6000,0.7000,#FFAA00,24.351276418774535,48.17535307482767
5548,0.3340,Moderate Risk,3,0.60,0.1393,Bare Land,Rural / Scattered,0.3541,0.0014,0.6096,0.7000,#FFAA00,22.096013758374326,47.98245972218628
5549,0.3340,Moderate Risk,3,0.58,0.1392,Bare Land,Rural / Scattered,0.3541,0.0013,0.6098,0.7000,#FFAA00,23.186948952741197,48.100170114538166
5550,0.3339,Moderate Risk,3,1.75,0.1400,Bare Land,Peri-Urban / Sparse,0.3541,0.0040,0.6053,0.7000,#FFAA00,23.255955548589032,48.28993048592512
5551,0.3339,Moderate Risk,3,0.62,0.1393,Bare Land,Rural / Scattered,0.3541,0.0014,0.6092,0.7000,#FFAA00,22.313711802500322,48.033790092929586
5552,0.3339,Moderate Risk,3,1.76,0.1400,Bare Land,Peri-Urban / Sparse,0.3541,0.0040,0.6053,0.7000,#FFAA00,22.238186363744926,48.17224658180932
5553,0.3339,Moderate Risk,3,1.74,0.1400,Bare Land,Peri-Urban / Sparse,0.3541,0.0040,0.6052,0.7000,#FFAA00,23.036496313329287,48.33153323624373
5554,0.3338,Moderate Risk,3,1.75,0.1401,Bare Land,Peri-Urban / Sparse,0.3541,0.0040,0.6048,0.7000,#FFAA00,22.890848126106096,48.327962958115
5555,0.3338,Moderate Risk,3,1.71,0.1400,Bare Land,Peri-Urban / Sparse,0.3541,0.0039,0.6052,0.7000,#FFAA00,22.600504118014733,48.27412131934633
5556,0.3338,Moderate Risk,3,1.80,0.1402,Bare Land,Peri-Urban / Sparse,0.3541,0.0041,0.6044,0.7000,#FFAA00,22.52767222608649,48.272400372708354
5557,0.3338,Moderate Risk,3,1.78,0.1402,Bare Land,Peri-Urban / Sparse,0.3541,0.0041,0.6045,0.7000,#FFAA00,22.89278570791845,48.23418665641988
5558,0.3338,Moderate Risk,3,4.14,0.1415,Bare Land,Peri-Urban / Sparse,0.3541,0.0094,0.5964,0.7000,#FFAA00,25.379447284867833,47.771178470321466
5559,0.3337,Moderate Risk,3,2.09,0.1404,Bare Land,Peri-Urban / Sparse,0.3541,0.0048,0.6031,0.7000,#FFAA00,24.650135963421928,47.80240896530368
5560,0.3337,Moderate Risk,3,1.73,0.1402,Bare Land,Peri-Urban / Sparse,0.3541,0.0039,0.6043,0.7000,#FFAA00,22.674286935623986,48.22903429944392
5561,0.3337,Moderate Risk,3,3.75,0.1413,Bare Land,Peri-Urban / Sparse,0.3541,0.0085,0.5975,0.7000,#FFAA00,24.49791227930778,48.131533108346716
5562,0.3337,Moderate Risk,3,2.12,0.1404,Bare Land,Peri-Urban / Sparse,0.3541,0.0048,0.6029,0.7000,#FFAA00,24.79670841233305,47.758076010654364
5563,0.3337,Moderate Risk,3,1.76,0.1402,Bare Land,Peri-Urban / Sparse,0.3541,0.0040,0.6043,0.7000,#FFAA00,22.747120646537972,48.23074473325727
5564,0.3337,Moderate Risk,3,1.88,0.1402,Bare Land,Peri-Urban / Sparse,0.3541,0.0043,0.6041,0.7000,#FFAA00,23.620067157007515,48.29896574714638
5565,0.3336,Moderate Risk,3,1.97,0.1404,Bare Land,Peri-Urban / Sparse,0.3541,0.0045,0.6033,0.7000,#FFAA00,23.76570610274471,48.3026309841713
5566,0.3336,Moderate Risk,3,43.20,0.1131,Natural Vegetation,Low Density Urban,0.3541,0.0985,0.7623,0.1000,#FFAA00,23.31354911706464,48.9500083260556
5567,0.3336,Moderate Risk,3,0.62,0.1396,Bare Land,Rural / Scattered,0.3541,0.0014,0.6077,0.7000,#FFAA00,22.82274657933984,48.09185372836322
5568,0.3335,Moderate Risk,3,0.59,0.1397,Bare Land,Rural / Scattered,0.3541,0.0013,0.6074,0.7000,#FFAA00,22.023999014385748,47.934319271600316
5569,0.3335,Moderate Risk,3,1.77,0.1403,Bare Land,Peri-Urban / Sparse,0.3541,0.0040,0.6035,0.7000,#FFAA00,22.819953571373738,48.23246218004054
5570,0.3335,Moderate Risk,3,1.70,0.1403,Bare Land,Peri-Urban / Sparse,0.3541,0.0039,0.6037,0.7000,#FFAA00,22.748062052122684,48.18390250016276
5571,0.3335,Moderate Risk,3,1.72,0.1403,Bare Land,Peri-Urban / Sparse,0.3541,0.0039,0.6036,0.7000,#FFAA00,23.034489478161408,48.425399340508235
5572,0.3335,Moderate Risk,3,1.32,0.1401,Bare Land,Peri-Urban / Sparse,0.3541,0.0030,0.6050,0.7000,#FFAA00,22.60330828517792,48.13374253253433
5573,0.3335,Moderate Risk,3,2.81,0.1410,Bare Land,Peri-Urban / Sparse,0.3541,0.0064,0.5996,0.7000,#FFAA00,24.418927818966942,48.414354864986606
5574,0.3334,Moderate Risk,3,1.74,0.1404,Bare Land,Peri-Urban / Sparse,0.3541,0.0040,0.6030,0.7000,#FFAA00,23.108319221865198,48.380288844818985
5575,0.3334,Moderate Risk,3,1.85,0.1405,Bare Land,Peri-Urban / Sparse,0.3541,0.0042,0.6024,0.7000,#FFAA00,23.47240398267481,48.38950646975422
5576,0.3334,Moderate Risk,3,2.52,,Minepits/Industry,Peri-Urban / Sparse,0.3541,0.0058,0.5000,0.9000,#FFAA00,24.440191329455473,50.21732342094612
5577,0.3334,Moderate Risk,3,1.79,0.1405,Bare Land,Peri-Urban / Sparse,0.3541,0.0041,0.6026,0.7000,#FFAA00,22.311028067087875,48.17389118713827
5578,0.3333,Moderate Risk,3,0.59,0.1398,Bare Land,Rural / Scattered,0.3541,0.0014,0.6063,0.7000,#FFAA00,22.09685885316717,47.93582445795509
5579,0.3333,Moderate Risk,3,1.45,0.1404,Bare Land,Peri-Urban / Sparse,0.3541,0.0033,0.6031,0.7000,#FFAA00,22.530466385253295,48.13209507099495
5580,0.3333,Moderate Risk,3,1.75,0.1405,Bare Land,Peri-Urban / Sparse,0.3541,0.0040,0.6024,0.7000,#FFAA00,23.10730530778048,48.42724576264118
5581,0.3333,Moderate Risk,3,1.90,0.1406,Bare Land,Peri-Urban / Sparse,0.3541,0.0043,0.6018,0.7000,#FFAA00,23.69288703905301,48.30079469545725
5582,0.3333,Moderate Risk,3,2.36,0.1409,Bare Land,Peri-Urban / Sparse,0.3541,0.0054,0.6003,0.7000,#FFAA00,25.59975004825901,47.68036690846003
5583,0.3333,Moderate Risk,3,2.46,,Minepits/Industry,Peri-Urban / Sparse,0.3541,0.0056,0.5000,0.9000,#FFAA00,26.52869491295546,48.52282590083711
5584,0.3333,Moderate Risk,3,3.60,0.1416,Bare Land,Peri-Urban / Sparse,0.3541,0.0082,0.5959,0.7000,#FFAA00,24.274374573559555,48.36307136467515
5585,0.3332,Moderate Risk,3,2.20,0.1408,Bare Land,Peri-Urban / Sparse,0.3541,0.0050,0.6004,0.7000,#FFAA00,24.722979840750842,47.80403942861217
5586,0.3332,Moderate Risk,3,1.73,0.1406,Bare Land,Peri-Urban / Sparse,0.3541,0.0039,0.6017,0.7000,#FFAA00,23.183130802722914,48.28814520592196
5587,0.3332,Moderate Risk,3,2.26,,Minepits/Industry,Peri-Urban / Sparse,0.3541,0.0051,0.5000,0.9000,#FFAA00,26.38194926976335,48.56659030604487
5588,0.3332,Moderate Risk,3,2.32,,Minepits/Industry,Peri-Urban / Sparse,0.3541,0.0053,0.5000,0.9000,#FFAA00,24.36756044431109,50.21433190940508
5589,0.3332,Moderate Risk,3,2.31,,Minepits/Industry,Peri-Urban / Sparse,0.3541,0.0053,0.5000,0.9000,#FFAA00,23.847613023613437,50.52340301496296
5590,0.3332,Moderate Risk,3,2.22,,Minepits/Industry,Peri-Urban / Sparse,0.3541,0.0051,0.5000,0.9000,#FFAA00,23.771609877940378,50.61442782931883
5591,0.3332,Moderate Risk,3,4.51,0.1423,Bare Land,Peri-Urban / Sparse,0.3541,0.0103,0.5923,0.7000,#FFAA00,25.009646631539105,48.04901021489429
5592,0.3331,Moderate Risk,3,0.58,0.1400,Bare Land,Rural / Scattered,0.3541,0.0013,0.6053,0.7000,#FFAA00,23.041270354956097,48.09682325489042
5593,0.3331,Moderate Risk,3,1.82,0.1407,Bare Land,Peri-Urban / Sparse,0.3541,0.0042,0.6011,0.7000,#FFAA00,23.401602622769744,48.29352276538537
5594,0.3331,Moderate Risk,3,51.62,0.1185,Natural Vegetation,Medium Density Urban,0.3541,0.1176,0.7307,0.1000,#FFAA00,25.194431627941057,49.39046235576834
5595,0.3331,Moderate Risk,3,1.71,0.1406,Bare Land,Peri-Urban / Sparse,0.3541,0.0039,0.6016,0.7000,#FFAA00,22.31193605800495,48.12719320010032
5596,0.3330,Moderate Risk,3,2.05,0.1410,Bare Land,Peri-Urban / Sparse,0.3541,0.0047,0.5997,0.7000,#FFAA00,24.713326503665236,48.279633674286764
5597,0.3330,Moderate Risk,3,3.34,0.1417,Bare Land,Peri-Urban / Sparse,0.3541,0.0076,0.5956,0.7000,#FFAA00,24.34612331978735,48.41239755323054
5598,0.3330,Moderate Risk,3,3.29,0.1417,Bare Land,Peri-Urban / Sparse,0.3541,0.0075,0.5954,0.7000,#FFAA00,23.911341766274347,48.306325655174355
5599,0.3330,Moderate Risk,3,1.98,0.1409,Bare Land,Peri-Urban / Sparse,0.3541,0.0045,0.6001,0.7000,#FFAA00,23.764688768943422,48.349824494394035
5600,0.3330,Moderate Risk,3,2.21,0.1411,Bare Land,Peri-Urban / Sparse,0.3541,0.0050,0.5990,0.7000,#FFAA00,24.71435951608511,48.232085615006916
5601,0.3329,Moderate Risk,3,0.80,0.1403,Bare Land,Rural / Scattered,0.3541,0.0018,0.6035,0.7000,#FFAA00,22.385678078048624,48.082095838170154
5602,0.3329,Moderate Risk,3,1.87,0.1409,Bare Land,Peri-Urban / Sparse,0.3541,0.0043,0.6001,0.7000,#FFAA00,23.619056801311512,48.346107119166554
5603,0.3329,Moderate Risk,3,2.42,0.1413,Bare Land,Peri-Urban / Sparse,0.3541,0.0055,0.5979,0.7000,#FFAA00,24.493851247638993,48.32140161610148
5604,0.3329,Moderate Risk,3,1.85,0.1409,Bare Land,Peri-Urban / Sparse,0.3541,0.0042,0.6002,0.7000,#FFAA00,23.474424946661408,48.29532979994053
5605,0.3329,Moderate Risk,3,2.49,0.1413,Bare Land,Peri-Urban / Sparse,0.3541,0.0057,0.5976,0.7000,#FFAA00,24.05594279468801,48.357348948231255
5606,0.3329,Moderate Risk,3,1.28,0.1406,Bare Land,Peri-Urban / Sparse,0.3541,0.0029,0.6021,0.7000,#FFAA00,23.039402418626096,48.190714732332104
5607,0.3329,Moderate Risk,3,12.25,0.0956,Natural Vegetation,Low Density Urban,0.3541,0.0279,0.8643,0.1000,#FFAA00,23.24077818877583,48.94785942339066
5608,0.3329,Moderate Risk,3,1.77,0.1408,Bare Land,Peri-Urban / Sparse,0.3541,0.0040,0.6005,0.7000,#FFAA00,23.254962573148063,48.336943327482246
5609,0.3329,Moderate Risk,3,1.78,0.1409,Bare Land,Peri-Urban / Sparse,0.3541,0.0041,0.6002,0.7000,#FFAA00,23.253955565805544,48.38395355852388
5610,0.3328,Moderate Risk,3,2.20,0.1412,Bare Land,Peri-Urban / Sparse,0.3541,0.0050,0.5985,0.7000,#FFAA00,24.565605178411037,48.370807658868976
5611,0.3328,Moderate Risk,3,2.91,0.1416,Bare Land,Peri-Urban / Sparse,0.3541,0.0066,0.5958,0.7000,#FFAA00,23.984158361721892,48.308184073885975
5612,0.3328,Moderate Risk,3,1.74,0.1409,Bare Land,Peri-Urban / Sparse,0.3541,0.0040,0.6000,0.7000,#FFAA00,22.672369869051135,48.322661868353755
5613,0.3328,Moderate Risk,3,1.88,0.1410,Bare Land,Peri-Urban / Sparse,0.3541,0.0043,0.5996,0.7000,#FFAA00,23.545218486240195,48.39137240328027
5614,0.3328,Moderate Risk,3,1.89,0.1411,Bare Land,Peri-Urban / Sparse,0.3541,0.0043,0.5991,0.7000,#FFAA00,23.691873196178886,48.34796208446846
5615,0.3327,Moderate Risk,3,1.51,,Minepits/Industry,Peri-Urban / Sparse,0.3541,0.0034,0.5000,0.9000,#FFAA00,20.85489388141406,48.09603887040118
5616,0.3327,Moderate Risk,3,1.50,,Minepits/Industry,Peri-Urban / Sparse,0.3541,0.0034,0.5000,0.9000,#FFAA00,20.7811941475342,48.140761992395305
5617,0.3327,Moderate Risk,3,2.99,0.1418,Bare Land,Peri-Urban / Sparse,0.3541,0.0068,0.5949,0.7000,#FFAA00,24.12770475555326,48.40657185804498
5618,0.3327,Moderate Risk,3,2.13,0.1412,Bare Land,Peri-Urban / Sparse,0.3541,0.0049,0.5981,0.7000,#FFAA00,24.56666116483443,48.323319863005885
5619,0.3326,Moderate Risk,3,1.95,0.1413,Bare Land,Peri-Urban / Sparse,0.3541,0.0045,0.5981,0.7000,#FFAA00,24.63947023744408,48.32524567354889
5620,0.3326,Moderate Risk,3,1.75,0.1411,Bare Land,Peri-Urban / Sparse,0.3541,0.0040,0.5988,0.7000,#FFAA00,22.74519674857375,48.32442167750999
5621,0.3326,Moderate Risk,3,2.54,0.1416,Bare Land,Peri-Urban / Sparse,0.3541,0.0058,0.5962,0.7000,#FFAA00,24.79582290942485,47.80567630487881
5622,0.3326,Moderate Risk,3,1.89,0.1412,Bare Land,Peri-Urban / Sparse,0.3541,0.0043,0.5983,0.7000,#FFAA00,23.618032168374828,48.39324584875694
5623,0.3326,Moderate Risk,3,1.38,0.1409,Bare Land,Peri-Urban / Sparse,0.3541,0.0031,0.6001,0.7000,#FFAA00,23.257899391287175,48.195897117475326
5624,0.3325,Moderate Risk,3,1.88,0.1413,Bare Land,Peri-Urban / Sparse,0.3541,0.0043,0.5979,0.7000,#FFAA00,23.54724645880921,48.29714412126657
5625,0.3325,Moderate Risk,3,1.73,0.1412,Bare Land,Peri-Urban / Sparse,0.3541,0.0039,0.5984,0.7000,#FFAA00,22.96267964609755,48.376653745954656
5626,0.3325,Moderate Risk,3,1.74,0.1412,Bare Land,Peri-Urban / Sparse,0.3541,0.0040,0.5983,0.7000,#FFAA00,23.038447607295712,48.237656764915016
5627,0.3324,Moderate Risk,3,4.02,0.1426,Bare Land,Peri-Urban / Sparse,0.3541,0.0092,0.5901,0.7000,#FFAA00,24.571717161150364,48.08584127924824
5628,0.3324,Moderate Risk,3,2.37,0.1417,Bare Land,Peri-Urban / Sparse,0.3541,0.0054,0.5956,0.7000,#FFAA00,24.942398013463443,47.76131337332202
5629,0.3324,Moderate Risk,3,3.80,0.1425,Bare Land,Peri-Urban / Sparse,0.3541,0.0087,0.5909,0.7000,#FFAA00,24.2015648174355,48.36115632389767
5630,0.3324,Moderate Risk,3,1.76,0.1413,Bare Land,Peri-Urban / Sparse,0.3541,0.0040,0.5976,0.7000,#FFAA00,22.746165544355797,48.27758447102626
5631,0.3324,Moderate Risk,3,1.79,0.1413,Bare Land,Peri-Urban / Sparse,0.3541,0.0041,0.5977,0.7000,#FFAA00,23.328779489342185,48.291722999912075
5632,0.3323,Moderate Risk,3,1.73,0.1414,Bare Land,Peri-Urban / Sparse,0.3541,0.0039,0.5975,0.7000,#FFAA00,23.03747890451397,48.284596278319185
5633,0.3322,Moderate Risk,3,2.61,0.1420,Bare Land,Peri-Urban / Sparse,0.3541,0.0060,0.5938,0.7000,#FFAA00,24.054896885970887,48.40464530875756
5634,0.3322,Moderate Risk,3,1.76,0.1415,Bare Land,Peri-Urban / Sparse,0.3541,0.0040,0.5968,0.7000,#FFAA00,23.180120325728158,48.429099690625975
5635,0.3322,Moderate Risk,3,1.92,0.1415,Bare Land,Peri-Urban / Sparse,0.3541,0.0044,0.5964,0.7000,#FFAA00,23.690845026840854,48.395126824565054
5636,0.3322,Moderate Risk,3,1.76,0.1414,Bare Land,Peri-Urban / Sparse,0.3541,0.0040,0.5969,0.7000,#FFAA00,22.96561705396176,48.23591817911008
5637,0.3322,Moderate Risk,3,2.56,0.1419,Bare Land,Peri-Urban / Sparse,0.3541,0.0058,0.5941,0.7000,#FFAA00,24.868665167460804,47.80731961053122
5638,0.3321,Moderate Risk,3,1.74,0.1416,Bare Land,Peri-Urban / Sparse,0.3541,0.0040,0.5963,0.7000,#FFAA00,22.889858651913162,48.37484725786737
5639,0.3321,Moderate Risk,3,2.38,0.1419,Bare Land,Peri-Urban / Sparse,0.3541,0.0054,0.5941,0.7000,#FFAA00,23.837503517389177,48.35169436726521
5640,0.3321,Moderate Risk,3,5.97,0.1441,Bare Land,Peri-Urban / Sparse,0.3541,0.0136,0.5817,0.7000,#FFAA00,25.01061725596627,48.001338131400445
5641,0.3321,Moderate Risk,3,2.93,0.1423,Bare Land,Peri-Urban / Sparse,0.3541,0.0067,0.5922,0.7000,#FFAA00,24.49691934502972,48.17900412850831
5642,0.3320,Moderate Risk,3,1.74,0.1417,Bare Land,Peri-Urban / Sparse,0.3541,0.0040,0.5957,0.7000,#FFAA00,23.181137798939613,48.38211749092526
5643,0.3320,Moderate Risk,3,1.71,0.1416,Bare Land,Peri-Urban / Sparse,0.3541,0.0039,0.5958,0.7000,#FFAA00,23.111277365714724,48.239402430728084
5644,0.3320,Moderate Risk,3,2.38,0.1420,Bare Land,Peri-Urban / Sparse,0.3541,0.0054,0.5935,0.7000,#FFAA00,24.567702226589955,48.275829375880896
5645,0.3319,Moderate Risk,3,1.73,0.1417,Bare Land,Peri-Urban / Sparse,0.3541,0.0039,0.5956,0.7000,#FFAA00,23.035499836833406,48.37846760239928
5646,0.3319,Moderate Risk,3,1.87,0.1418,Bare Land,Peri-Urban / Sparse,0.3541,0.0043,0.5950,0.7000,#FFAA00,23.54623958655949,48.344259580263
5647,0.3319,Moderate Risk,3,0.63,0.1411,Bare Land,Rural / Scattered,0.3541,0.0014,0.5991,0.7000,#FFAA00,22.967506117687638,48.14208184170207
5648,0.3319,Moderate Risk,3,2.71,0.1423,Bare Land,Peri-Urban / Sparse,0.3541,0.0062,0.5922,0.7000,#FFAA00,24.347183489916066,48.36499399939801
5649,0.3319,Moderate Risk,3,1.73,0.1417,Bare Land,Peri-Urban / Sparse,0.3541,0.0039,0.5954,0.7000,#FFAA00,22.165343893201523,48.170608776051104
5650,0.3318,Moderate Risk,3,6.30,0.1445,Bare Land,Peri-Urban / Sparse,0.3541,0.0144,0.5791,0.7000,#FFAA00,24.57073583083954,48.133342149146465
5651,0.3318,Moderate Risk,3,1.71,0.1418,Bare Land,Peri-Urban / Sparse,0.3541,0.0039,0.5951,0.7000,#FFAA00,22.744214262232067,48.37125631676005
5652,0.3318,Moderate Risk,3,5.58,0.1440,Bare Land,Peri-Urban / Sparse,0.3541,0.0127,0.5818,0.7000,#FFAA00,24.56973956284619,48.180840480717436
5653,0.3318,Moderate Risk,3,2.43,0.1422,Bare Land,Peri-Urban / Sparse,0.3541,0.0055,0.5924,0.7000,#FFAA00,24.421040488031164,48.319490913688256
5654,0.3318,Moderate Risk,3,1.73,0.1418,Bare Land,Peri-Urban / Sparse,0.3541,0.0040,0.5951,0.7000,#FFAA00,23.182141292325,48.33513265054035
5655,0.3318,Moderate Risk,3,7.03,0.1449,Bare Land,Peri-Urban / Sparse,0.3541,0.0160,0.5769,0.7000,#FFAA00,24.426062666998426,48.082284841812815
5656,0.3318,Moderate Risk,3,9.28,0.0947,Natural Vegetation,Peri-Urban / Sparse,0.3541,0.0211,0.8692,0.1000,#FFAA00,25.109928495655087,49.76886884103875
5657,0.3318,Moderate Risk,3,9.20,0.1462,Bare Land,Peri-Urban / Sparse,0.3541,0.0210,0.5693,0.7000,#FFAA00,25.16268077691257,47.670729613505586
5658,0.3318,Moderate Risk,3,1.86,0.1418,Bare Land,Peri-Urban / Sparse,0.3541,0.0042,0.5947,0.7000,#FFAA00,23.473421554143272,48.342419449628665
5659,0.3317,Moderate Risk,3,2.74,0.1425,Bare Land,Peri-Urban / Sparse,0.3541,0.0063,0.5907,0.7000,#FFAA00,24.350275355876647,48.22276723649967
5660,0.3317,Moderate Risk,3,1.89,0.1420,Bare Land,Peri-Urban / Sparse,0.3541,0.0043,0.5939,0.7000,#FFAA00,23.544183161079236,48.438482553426915
5661,0.3316,Moderate Risk,3,4.76,0.1009,Oasis Agriculture/Palm,Peri-Urban / Sparse,0.3541,0.0108,0.8335,0.2000,#FFAA00,25.69440574700851,49.69614425101457
5662,0.3316,Moderate Risk,3,1.39,0.1246,Unknown,Peri-Urban / Sparse,0.3541,0.0032,0.6949,0.5000,#FFAA00,21.802877314576577,48.069456113086105
5663,0.3315,Moderate Risk,3,2.76,0.1426,Bare Land,Peri-Urban / Sparse,0.3541,0.0063,0.5901,0.7000,#FFAA00,23.985171663825962,48.2609089344027
5664,0.3315,Moderate Risk,3,19.52,0.1010,Natural Vegetation,Low Density Urban,0.3541,0.0445,0.8326,0.1000,#FFAA00,23.314728351232695,48.90300685685971
5665,0.3315,Moderate Risk,3,4.57,0.1437,Bare Land,Peri-Urban / Sparse,0.3541,0.0104,0.5836,0.7000,#FFAA00,24.49889032583759,48.08405955628637
5666,0.3315,Moderate Risk,3,2.99,0.1428,Bare Land,Peri-Urban / Sparse,0.3541,0.0068,0.5892,0.7000,#FFAA00,24.275416450283334,48.315692066248346
5667,0.3314,Moderate Risk,3,1.76,0.1421,Bare Land,Peri-Urban / Sparse,0.3541,0.0040,0.5929,0.7000,#FFAA00,23.326772520214128,48.38579706551524
5668,0.3314,Moderate Risk,3,1.62,0.1421,Bare Land,Peri-Urban / Sparse,0.3541,0.0037,0.5932,0.7000,#FFAA00,22.82089832320767,48.185595149311666
5669,0.3314,Moderate Risk,3,1.72,0.1422,Bare Land,Peri-Urban / Sparse,0.3541,0.0039,0.5928,0.7000,#FFAA00,22.81703685653801,48.37304812061301
5670,0.3313,Moderate Risk,3,2.27,0.1425,Bare Land,Peri-Urban / Sparse,0.3541,0.0052,0.5907,0.7000,#FFAA00,23.839530746074598,48.25725227072394
5671,0.3313,Moderate Risk,3,1.92,0.1423,Bare Land,Peri-Urban / Sparse,0.3541,0.0044,0.5917,0.7000,#FFAA00,22.310106667496296,48.22058674916384
5672,0.3313,Moderate Risk,3,1.78,0.1422,Bare Land,Peri-Urban / Sparse,0.3541,0.0040,0.5924,0.7000,#FFAA00,22.81899507430351,48.279326709528064
5673,0.3313,Moderate Risk,3,2.47,0.1427,Bare Land,Peri-Urban / Sparse,0.3541,0.0056,0.5898,0.7000,#FFAA00,24.05697413003484,48.31004990584695
5674,0.3312,Moderate Risk,3,8.70,0.0949,Natural Vegetation,Peri-Urban / Sparse,0.3541,0.0198,0.8682,0.1000,#FFAA00,25.620182650275453,49.7411084942736
5675,0.3312,Moderate Risk,3,1.73,0.1423,Bare Land,Peri-Urban / Sparse,0.3541,0.0040,0.5919,0.7000,#FFAA00,23.109319204974042,48.33332929264814
5676,0.3312,Moderate Risk,3,19.11,0.1010,Natural Vegetation,Low Density Urban,0.3541,0.0435,0.8325,0.1000,#FFAA00,24.332250349339056,48.98101512588472
5677,0.3312,Moderate Risk,3,0.61,0.1416,Bare Land,Rural / Scattered,0.3541,0.0014,0.5959,0.7000,#FFAA00,22.89558861885931,48.093503490341426
5678,0.3311,Moderate Risk,3,2.68,0.1430,Bare Land,Peri-Urban / Sparse,0.3541,0.0061,0.5880,0.7000,#FFAA00,24.862021722994417,48.14064983269591
5679,0.3311,Moderate Risk,3,2.63,0.1429,Bare Land,Peri-Urban / Sparse,0.3541,0.0060,0.5883,0.7000,#FFAA00,24.057990888734746,48.26274821914556
5680,0.3311,Moderate Risk,3,2.52,0.1428,Bare Land,Peri-Urban / Sparse,0.3541,0.0058,0.5888,0.7000,#FFAA00,24.495911526173128,48.22647257861514
5681,0.3310,Moderate Risk,3,3.19,0.1434,Bare Land,Peri-Urban / Sparse,0.3541,0.0073,0.5857,0.7000,#FFAA00,24.20260317650154,48.31380388342803
5682,0.3310,Moderate Risk,3,17.40,0.1002,Natural Vegetation,Low Density Urban,0.3541,0.0397,0.8374,0.1000,#FFAA00,24.549256252458076,49.03533284969717
5683,0.3309,Moderate Risk,3,2.05,0.1428,Bare Land,Peri-Urban / Sparse,0.3541,0.0047,0.5892,0.7000,#FFAA00,23.76670905758341,48.25543485568858
5684,0.3309,Moderate Risk,3,2.00,0.1428,Bare Land,Peri-Urban / Sparse,0.3541,0.0046,0.5893,0.7000,#FFAA00,23.40356005350626,48.19938715507113
5685,0.3309,Moderate Risk,3,1.77,0.1426,Bare Land,Peri-Urban / Sparse,0.3541,0.0040,0.5903,0.7000,#FFAA00,22.891823812463162,48.28107607892652
5686,0.3309,Moderate Risk,3,3.23,0.1434,Bare Land,Peri-Urban / Sparse,0.3541,0.0074,0.5854,0.7000,#FFAA00,24.424098296298034,48.17717499929205
5687,0.3309,Moderate Risk,3,0.59,0.1419,Bare Land,Rural / Scattered,0.3541,0.0014,0.5945,0.7000,#FFAA00,23.040343335500104,48.143770216882736
5688,0.3308,Moderate Risk,3,2.01,0.1429,Bare Land,Peri-Urban / Sparse,0.3541,0.0046,0.5887,0.7000,#FFAA00,23.404517561577528,48.1523155620885
5689,0.3308,Moderate Risk,3,1.91,0.1427,Bare Land,Peri-Urban / Sparse,0.3541,0.0044,0.5895,0.7000,#FFAA00,22.382944275525464,48.222262364446216
5690,0.3308,Moderate Risk,3,3.18,0.1435,Bare Land,Peri-Urban / Sparse,0.3541,0.0072,0.5847,0.7000,#FFAA00,24.643558553074204,48.13515832377074
5691,0.3307,Moderate Risk,3,2.57,0.1432,Bare Land,Peri-Urban / Sparse,0.3541,0.0059,0.5865,0.7000,#FFAA00,24.42309385730083,48.22461625171531
5692,0.3307,Moderate Risk,3,2.02,0.1429,Bare Land,Peri-Urban / Sparse,0.3541,0.0046,0.5886,0.7000,#FFAA00,23.47735001903502,48.1540454417044
5693,0.3306,Moderate Risk,3,2.82,0.1434,Bare Land,Peri-Urban / Sparse,0.3541,0.0064,0.5854,0.7000,#FFAA00,25.231945581019,47.86339952705308
5694,0.3306,Moderate Risk,3,2.01,0.1430,Bare Land,Peri-Urban / Sparse,0.3541,0.0046,0.5877,0.7000,#FFAA00,23.550181675531242,48.15578229749782
5695,0.3306,Moderate Risk,3,2.03,0.1430,Bare Land,Peri-Urban / Sparse,0.3541,0.0046,0.5877,0.7000,#FFAA00,23.622045023936227,48.20467522380153
5696,0.3305,Moderate Risk,3,1.72,0.1429,Bare Land,Peri-Urban / Sparse,0.3541,0.0039,0.5886,0.7000,#FFAA00,22.599542198687182,48.32090925725035
5697,0.3305,Moderate Risk,3,2.77,0.1435,Bare Land,Peri-Urban / Sparse,0.3541,0.0063,0.5848,0.7000,#FFAA00,24.12875422374415,48.35924885805366
5698,0.3305,Moderate Risk,3,2.71,0.1435,Bare Land,Peri-Urban / Sparse,0.3541,0.0062,0.5848,0.7000,#FFAA00,23.91235161554774,48.25907695762797
5699,0.3305,Moderate Risk,3,10.59,0.1653,Minepits/Industry,Low Density Urban,0.3541,0.0241,0.4579,0.9000,#FFAA00,24.10365005437594,49.3524094232649
5700,0.3305,Moderate Risk,3,0.62,0.1423,Bare Land,Rural / Scattered,0.3541,0.0014,0.5921,0.7000,#FFAA00,22.16800828273003,48.030652019444666
5701,0.3304,Moderate Risk,3,2.48,0.1435,Bare Land,Peri-Urban / Sparse,0.3541,0.0057,0.5852,0.7000,#FFAA00,24.348228888186625,48.317587736719425
5702,0.3304,Moderate Risk,3,0.61,0.1423,Bare Land,Rural / Scattered,0.3541,0.0014,0.5918,0.7000,#FFAA00,22.168869775382824,47.98399510449362
5703,0.3304,Moderate Risk,3,1.67,0.1429,Bare Land,Peri-Urban / Sparse,0.3541,0.0038,0.5882,0.7000,#FFAA00,23.18410632701564,48.241155193532606
5704,0.3304,Moderate Risk,3,2.55,0.1434,Bare Land,Peri-Urban / Sparse,0.3541,0.0058,0.5853,0.7000,#FFAA00,24.64454317084957,48.0876300284949
5705,0.3304,Moderate Risk,3,1.74,0.1430,Bare Land,Peri-Urban / Sparse,0.3541,0.0040,0.5880,0.7000,#FFAA00,22.9646517566081,48.282832596175496
5706,0.3304,Moderate Risk,3,2.84,0.1436,Bare Land,Peri-Urban / Sparse,0.3541,0.0065,0.5842,0.7000,#FFAA00,24.27644360153492,48.26831010359727
5707,0.3303,Moderate Risk,3,2.58,0.1435,Bare Land,Peri-Urban / Sparse,0.3541,0.0059,0.5847,0.7000,#FFAA00,24.641544357702227,48.230207241604205
5708,0.3303,Moderate Risk,3,6.62,0.0945,Natural Vegetation,Peri-Urban / Sparse,0.3541,0.0151,0.8706,0.1000,#FFAA00,23.090427153020887,49.13125871855079
5709,0.3303,Moderate Risk,3,5.86,0.0941,Natural Vegetation,Peri-Urban / Sparse,0.3541,0.0134,0.8731,0.1000,#FFAA00,23.230873928571267,49.32355379510111
5710,0.3303,Moderate Risk,3,2.36,0.1435,Bare Land,Peri-Urban / Sparse,0.3541,0.0054,0.5852,0.7000,#FFAA00,24.71638044391038,48.13698165038202
5711,0.3301,Moderate Risk,3,3.15,0.1441,Bare Land,Peri-Urban / Sparse,0.3541,0.0072,0.5816,0.7000,#FFAA00,24.27745602404356,48.22092551455579
5712,0.3300,Moderate Risk,3,2.00,0.1435,Bare Land,Peri-Urban / Sparse,0.3541,0.0046,0.5851,0.7000,#FFAA00,23.476389182210706,48.2011427591462
5713,0.3300,Moderate Risk,3,3.21,0.1442,Bare Land,Peri-Urban / Sparse,0.3541,0.0073,0.5809,0.7000,#FFAA00,24.56872836035299,48.2283362357089
5714,0.3300,Moderate Risk,3,2.78,0.1440,Bare Land,Peri-Urban / Sparse,0.3541,0.0063,0.5822,0.7000,#FFAA00,24.93583891185811,48.09485564756121
5715,0.3300,Moderate Risk,3,3.30,0.1443,Bare Land,Peri-Urban / Sparse,0.3541,0.0075,0.5804,0.7000,#FFAA00,24.642558947626533,48.18268407425682
5716,0.3300,Moderate Risk,3,1.94,0.1434,Bare Land,Peri-Urban / Sparse,0.3541,0.0044,0.5853,0.7000,#FFAA00,23.33168430531708,48.15059264170976
5717,0.3299,Moderate Risk,3,1.71,0.1434,Bare Land,Peri-Urban / Sparse,0.3541,0.0039,0.5856,0.7000,#FFAA00,23.256934488997697,48.2429150704023
5718,0.3299,Moderate Risk,3,3.82,0.1446,Bare Land,Peri-Urban / Sparse,0.3541,0.0087,0.5784,0.7000,#FFAA00,24.204635863946983,48.2190910675681
5719,0.3298,Moderate Risk,3,2.57,0.1440,Bare Land,Peri-Urban / Sparse,0.3541,0.0059,0.5821,0.7000,#FFAA00,24.790192705071583,48.09122867749932
5720,0.3297,Moderate Risk,3,2.28,0.1440,Bare Land,Peri-Urban / Sparse,0.3541,0.0052,0.5823,0.7000,#FFAA00,24.717368352850634,48.0894258219169
5721,0.3297,Moderate Risk,3,2.75,0.1442,Bare Land,Peri-Urban / Sparse,0.3541,0.0063,0.5809,0.7000,#FFAA00,24.788195209607537,48.186393059160885
5722,0.3297,Moderate Risk,3,3.07,0.1444,Bare Land,Peri-Urban / Sparse,0.3541,0.0070,0.5799,0.7000,#FFAA00,24.203626859757815,48.2664487854049
5723,0.3297,Moderate Risk,3,2.03,0.1438,Bare Land,Peri-Urban / Sparse,0.3541,0.0046,0.5835,0.7000,#FFAA00,23.623012528910383,48.1575261464991
5724,0.3297,Moderate Risk,3,1.11,0.1433,Bare Land,Peri-Urban / Sparse,0.3541,0.0025,0.5864,0.7000,#FFAA00,22.239982433882155,48.078896424779245
5725,0.3297,Moderate Risk,3,0.59,0.1429,Bare Land,Rural / Scattered,0.3541,0.0013,0.5882,0.7000,#FFAA00,23.113179765338916,48.1454654679328
5726,0.3296,Moderate Risk,3,4.91,0.1456,Bare Land,Peri-Urban / Sparse,0.3541,0.0112,0.5730,0.7000,#FFAA00,24.425087900582835,48.129731183304436
5727,0.3296,Moderate Risk,3,2.02,0.1439,Bare Land,Peri-Urban / Sparse,0.3541,0.0046,0.5829,0.7000,#FFAA00,23.694871732615397,48.20645211903621
5728,0.3295,Moderate Risk,3,2.53,0.1442,Bare Land,Peri-Urban / Sparse,0.3541,0.0058,0.5808,0.7000,#FFAA00,24.3492595112682,48.27017880311052
5729,0.3295,Moderate Risk,3,10.75,0.0976,Natural Vegetation,Low Density Urban,0.3541,0.0245,0.8524,0.1000,#FFAA00,25.556528798438777,49.4514595661359
5730,0.3295,Moderate Risk,3,2.57,0.1442,Bare Land,Peri-Urban / Sparse,0.3541,0.0059,0.5807,0.7000,#FFAA00,24.78920150124923,48.13881214723878
5731,0.3294,Moderate Risk,3,2.01,0.1441,Bare Land,Peri-Urban / Sparse,0.3541,0.0046,0.5817,0.7000,#FFAA00,23.62106323226632,48.251821769689634
5732,0.3294,Moderate Risk,3,2.66,0.1444,Bare Land,Peri-Urban / Sparse,0.3541,0.0061,0.5795,0.7000,#FFAA00,24.12978906902377,48.311923169510635
5733,0.3294,Moderate Risk,3,2.38,0.1442,Bare Land,Peri-Urban / Sparse,0.3541,0.0054,0.5808,0.7000,#FFAA00,24.494888825954895,48.273938420523336
5734,0.3294,Moderate Risk,3,1.37,0.1437,Bare Land,Peri-Urban / Sparse,0.3541,0.0031,0.5839,0.7000,#FFAA00,23.25885025241452,48.148876663717296
5735,0.3294,Moderate Risk,3,2.57,0.1444,Bare Land,Peri-Urban / Sparse,0.3541,0.0059,0.5799,0.7000,#FFAA00,25.016120689838708,47.715255310462894
5736,0.3294,Moderate Risk,3,4.53,0.1455,Bare Land,Peri-Urban / Sparse,0.3541,0.0103,0.5731,0.7000,#FFAA00,24.793075758124196,47.948463306998654
5737,0.3293,Moderate Risk,3,2.59,0.1444,Bare Land,Peri-Urban / Sparse,0.3541,0.0059,0.5795,0.7000,#FFAA00,24.863016225433004,48.093038613322236
5738,0.3293,Moderate Risk,3,5.31,0.1461,Bare Land,Peri-Urban / Sparse,0.3541,0.0121,0.5700,0.7000,#FFAA00,25.08440327243608,47.95541060471266
5739,0.3293,Moderate Risk,3,2.05,0.1442,Bare Land,Peri-Urban / Sparse,0.3541,0.0047,0.5811,0.7000,#FFAA00,23.767697630281635,48.20823614613184
5740,0.3292,Moderate Risk,3,2.73,0.1446,Bare Land,Peri-Urban / Sparse,0.3541,0.0062,0.5785,0.7000,#FFAA00,24.13080928810196,48.264594830049774
5741,0.3292,Moderate Risk,3,1.93,0.1441,Bare Land,Peri-Urban / Sparse,0.3541,0.0044,0.5814,0.7000,#FFAA00,23.330730122472723,48.19763861354725
5742,0.3292,Moderate Risk,3,1.88,0.1441,Bare Land,Peri-Urban / Sparse,0.3541,0.0043,0.5812,0.7000,#FFAA00,23.4025884062142,48.246456235086505
5743,0.3292,Moderate Risk,3,2.17,0.1443,Bare Land,Peri-Urban / Sparse,0.3541,0.0050,0.5803,0.7000,#FFAA00,23.840522714770103,48.2100273226463
5744,0.3291,Moderate Risk,3,54.82,,Unknown,Medium Density Urban,0.3541,0.1249,0.5000,0.5000,#FFAA00,25.773151898692575,49.50747432435254
5745,0.3291,Moderate Risk,3,2.51,0.1446,Bare Land,Peri-Urban / Sparse,0.3541,0.0057,0.5788,0.7000,#FFAA00,24.791168817900758,48.04364268849867
5746,0.3290,Moderate Risk,3,2.02,0.1444,Bare Land,Peri-Urban / Sparse,0.3541,0.0046,0.5797,0.7000,#FFAA00,23.549217506411424,48.202905442962546
5747,0.3289,Moderate Risk,3,1.80,0.1443,Bare Land,Peri-Urban / Sparse,0.3541,0.0041,0.5802,0.7000,#FFAA00,23.329761849462532,48.24468207850167
5748,0.3289,Moderate Risk,3,3.53,0.1454,Bare Land,Peri-Urban / Sparse,0.3541,0.0080,0.5740,0.7000,#FFAA00,25.08896636820563,47.71686175730404
5749,0.3289,Moderate Risk,3,2.50,0.1448,Bare Land,Peri-Urban / Sparse,0.3541,0.0057,0.5776,0.7000,#FFAA00,23.913346983918395,48.21182566623053
5750,0.3289,Moderate Risk,3,1.98,0.1444,Bare Land,Peri-Urban / Sparse,0.3541,0.0045,0.5796,0.7000,#FFAA00,23.548239099806075,48.25002606319457
5751,0.3288,Moderate Risk,3,5.22,0.0949,Natural Vegetation,Peri-Urban / Sparse,0.3541,0.0119,0.8680,0.1000,#FFAA00,23.017670501068782,49.129035415471066
5752,0.3288,Moderate Risk,3,2.31,0.1447,Bare Land,Peri-Urban / Sparse,0.3541,0.0053,0.5778,0.7000,#FFAA00,24.715377497252305,48.18453492756075
5753,0.3288,Moderate Risk,3,3.37,0.0939,Natural Vegetation,Peri-Urban / Sparse,0.3541,0.0077,0.8744,0.1000,#FFAA00,22.870931230381597,49.171450760289176
5754,0.3288,Moderate Risk,3,3.13,0.1452,Bare Land,Peri-Urban / Sparse,0.3541,0.0071,0.5749,0.7000,#FFAA00,25.232864228867086,47.81563316064729
5755,0.3287,Moderate Risk,3,1.05,0.1440,Bare Land,Peri-Urban / Sparse,0.3541,0.0024,0.5819,0.7000,#FFAA00,23.112235537180645,48.19243519374189
5756,0.3287,Moderate Risk,3,2.41,0.1448,Bare Land,Peri-Urban / Sparse,0.3541,0.0055,0.5771,0.7000,#FFAA00,24.422074586794974,48.272054902526
5757,0.3286,Moderate Risk,3,2.88,0.1452,Bare Land,Peri-Urban / Sparse,0.3541,0.0066,0.5752,0.7000,#FFAA00,25.088084369694318,47.76457614951056
5758,0.3286,Moderate Risk,3,4.34,0.1461,Bare Land,Peri-Urban / Sparse,0.3541,0.0099,0.5700,0.7000,#FFAA00,25.161811234775,47.71847448067214
5759,0.3286,Moderate Risk,3,0.98,0.1441,Bare Land,Rural / Scattered,0.3541,0.0022,0.5812,0.7000,#FFAA00,22.312830637408304,48.08049282353293
5760,0.3285,Moderate Risk,3,2.98,0.1454,Bare Land,Peri-Urban / Sparse,0.3541,0.0068,0.5741,0.7000,#FFAA00,24.05899306755701,48.21544392568035
5761,0.3284,Moderate Risk,3,2.59,0.1452,Bare Land,Peri-Urban / Sparse,0.3541,0.0059,0.5749,0.7000,#FFAA00,24.863995586707738,48.04542486822023
5762,0.3284,Moderate Risk,3,2.04,0.1449,Bare Land,Peri-Urban / Sparse,0.3541,0.0047,0.5766,0.7000,#FFAA00,23.695842577019135,48.15927700582899
5763,0.3283,Moderate Risk,3,3.02,0.1456,Bare Land,Peri-Urban / Sparse,0.3541,0.0069,0.5729,0.7000,#FFAA00,24.93682152527299,48.04721403768756
5764,0.3283,Moderate Risk,3,0.59,0.1441,Bare Land,Rural / Scattered,0.3541,0.0013,0.5815,0.7000,#FFAA00,23.186015405033178,48.14716761134935
5765,0.3283,Moderate Risk,3,0.62,0.1442,Bare Land,Rural / Scattered,0.3541,0.0014,0.5811,0.7000,#FFAA00,22.24086042137776,48.032217805685804
5766,0.3282,Moderate Risk,3,2.01,0.1450,Bare Land,Peri-Urban / Sparse,0.3541,0.0046,0.5760,0.7000,#FFAA00,23.69388655225344,48.253624694614714
5767,0.3282,Moderate Risk,3,4.22,0.1463,Bare Land,Peri-Urban / Sparse,0.3541,0.0096,0.5686,0.7000,#FFAA00,24.05998066331689,48.16813706301678
5768,0.3282,Moderate Risk,3,1.94,0.1450,Bare Land,Peri-Urban / Sparse,0.3541,0.0044,0.5760,0.7000,#FFAA00,23.475414157059102,48.24823755750427
5769,0.3282,Moderate Risk,3,5.99,0.1474,Bare Land,Peri-Urban / Sparse,0.3541,0.0137,0.5625,0.7000,#FFAA00,24.794006579410777,47.900869991671314
5770,0.3281,Moderate Risk,3,2.42,0.1454,Bare Land,Peri-Urban / Sparse,0.3541,0.0055,0.5740,0.7000,#FFAA00,24.645512797804525,48.04009922679039
5771,0.3281,Moderate Risk,3,5.15,0.1470,Bare Land,Peri-Urban / Sparse,0.3541,0.0117,0.5645,0.7000,#FFAA00,25.08983305065236,47.6691451318103
5772,0.3281,Moderate Risk,3,2.56,0.1455,Bare Land,Peri-Urban / Sparse,0.3541,0.0058,0.5733,0.7000,#FFAA00,23.914327868227662,48.16457181836278
5773,0.3280,Moderate Risk,3,3.41,0.1461,Bare Land,Peri-Urban / Sparse,0.3541,0.0078,0.5700,0.7000,#FFAA00,24.865908873259517,47.950189955509586
5774,0.3280,Moderate Risk,3,0.86,0.1445,Bare Land,Rural / Scattered,0.3541,0.0020,0.5789,0.7000,#FFAA00,23.185067862129152,48.19416264984651
5775,0.3279,Moderate Risk,3,2.46,0.1456,Bare Land,Peri-Urban / Sparse,0.3541,0.0056,0.5729,0.7000,#FFAA00,25.015241598171166,47.762941576532455
5776,0.3279,Moderate Risk,3,6.46,0.1479,Bare Land,Peri-Urban / Sparse,0.3541,0.0147,0.5593,0.7000,#FFAA00,24.20563018585802,48.1717307676698
5777,0.3279,Moderate Risk,3,4.55,0.1468,Bare Land,Peri-Urban / Sparse,0.3541,0.0104,0.5655,0.7000,#FFAA00,24.132805834724184,48.16993034897206
5778,0.3278,Moderate Risk,3,10.45,0.0989,Natural Vegetation,Low Density Urban,0.3541,0.0238,0.8451,0.1000,#FFAA00,25.93920027110471,48.79336176881773
5779,0.3278,Moderate Risk,3,9.80,0.0985,Natural Vegetation,Peri-Urban / Sparse,0.3541,0.0223,0.8475,0.1000,#FFAA00,24.840253881480372,49.04473177953511
5780,0.3278,Moderate Risk,3,3.24,0.1461,Bare Land,Peri-Urban / Sparse,0.3541,0.0074,0.5698,0.7000,#FFAA00,24.13181487773472,48.21726387731739
5781,0.3278,Moderate Risk,3,3.69,0.1464,Bare Land,Peri-Urban / Sparse,0.3541,0.0084,0.5682,0.7000,#FFAA00,24.93778894414544,47.99956993434976
5782,0.3278,Moderate Risk,3,3.79,0.1464,Bare Land,Peri-Urban / Sparse,0.3541,0.0086,0.5681,0.7000,#FFAA00,24.57268355064335,48.03833790928707
5783,0.3277,Moderate Risk,3,9.78,0.0986,Natural Vegetation,Peri-Urban / Sparse,0.3541,0.0223,0.8470,0.1000,#FFAA00,24.694756896403334,49.040013881031726
5784,0.3277,Moderate Risk,3,3.86,0.1466,Bare Land,Peri-Urban / Sparse,0.3541,0.0088,0.5669,0.7000,#FFAA00,24.93874116537252,47.951923376325325
5785,0.3277,Moderate Risk,3,2.19,0.1456,Bare Land,Peri-Urban / Sparse,0.3541,0.0050,0.5726,0.7000,#FFAA00,24.71834122091212,48.04186748062375
5786,0.3276,Moderate Risk,3,12.43,0.1002,Natural Vegetation,Low Density Urban,0.3541,0.0283,0.8372,0.1000,#FFAA00,26.018073666829295,48.55550759611944
5787,0.3276,Moderate Risk,3,3.40,0.1464,Bare Land,Peri-Urban / Sparse,0.3541,0.0078,0.5680,0.7000,#FFAA00,25.233767465366217,47.767864470839406
5788,0.3276,Moderate Risk,3,14.45,0.1014,Natural Vegetation,Low Density Urban,0.3541,0.0329,0.8304,0.1000,#FFAA00,23.387502524737005,48.905138936105345
5789,0.3275,Moderate Risk,3,2.19,0.1457,Bare Land,Peri-Urban / Sparse,0.3541,0.0050,0.5720,0.7000,#FFAA00,23.841500248824822,48.1627998244121
5790,0.3275,Moderate Risk,3,2.79,0.1461,Bare Land,Peri-Urban / Sparse,0.3541,0.0064,0.5697,0.7000,#FFAA00,24.94060000272091,47.85662305138562
5791,0.3274,Moderate Risk,3,2.04,0.1458,Bare Land,Peri-Urban / Sparse,0.3541,0.0046,0.5717,0.7000,#FFAA00,23.478296664495353,48.106945642028485
5792,0.3274,Moderate Risk,3,2.79,0.1462,Bare Land,Peri-Urban / Sparse,0.3541,0.0064,0.5691,0.7000,#FFAA00,24.792129836610915,47.99605421880507
5793,0.3273,Moderate Risk,3,3.47,0.1467,Bare Land,Peri-Urban / Sparse,0.3541,0.0079,0.5666,0.7000,#FFAA00,25.15817942933014,47.9094311670588
5794,0.3273,Moderate Risk,3,2.45,0.1461,Bare Land,Peri-Urban / Sparse,0.3541,0.0056,0.5698,0.7000,#FFAA00,25.014347243700815,47.81062557613829
5795,0.3273,Moderate Risk,3,3.31,0.1466,Bare Land,Peri-Urban / Sparse,0.3541,0.0075,0.5672,0.7000,#FFAA00,25.160926326076975,47.766217108751974
5796,0.3272,Moderate Risk,3,2.95,0.1464,Bare Land,Peri-Urban / Sparse,0.3541,0.0067,0.5678,0.7000,#FFAA00,24.864959803680026,47.99780863605649
5797,0.3272,Moderate Risk,3,2.82,0.1464,Bare Land,Peri-Urban / Sparse,0.3541,0.0064,0.5683,0.7000,#FFAA00,24.646467430838545,47.99256595703028
5798,0.3271,Moderate Risk,3,19.27,0.1047,Natural Vegetation,Low Density Urban,0.3541,0.0439,0.8114,0.1000,#FFAA00,25.413985975758244,49.35058785305192
5799,0.3270,Moderate Risk,3,2.07,0.1461,Bare Land,Peri-Urban / Sparse,0.3541,0.0047,0.5699,0.7000,#FFAA00,23.768671817706714,48.16103489269903
5800,0.3270,Moderate Risk,3,2.76,0.1465,Bare Land,Peri-Urban / Sparse,0.3541,0.0063,0.5675,0.7000,#FFAA00,23.98617043556654,48.213631194629045
5801,0.3270,Moderate Risk,3,3.34,0.1468,Bare Land,Peri-Urban / Sparse,0.3541,0.0076,0.5656,0.7000,#FFAA00,23.98715467377195,48.16635089203787
5802,0.3269,Moderate Risk,3,15.67,0.1027,Natural Vegetation,Low Density Urban,0.3541,0.0357,0.8228,0.1000,#FFAA00,23.82169884132579,49.01247422899659
5803,0.3269,Moderate Risk,3,3.27,0.0954,Natural Vegetation,Peri-Urban / Sparse,0.3541,0.0075,0.8651,0.1000,#FFAA00,22.79817629439887,49.169229666320085
5804,0.3269,Moderate Risk,3,3.30,0.1470,Bare Land,Peri-Urban / Sparse,0.3541,0.0075,0.5648,0.7000,#FFAA00,24.9396781858997,47.90427440240361
5805,0.3267,Moderate Risk,3,40.47,0.1175,Natural Vegetation,Low Density Urban,0.3541,0.0923,0.7367,0.1000,#FFAA00,24.906345414423647,49.28497235870523
5806,0.3267,Moderate Risk,3,12.70,0.1012,Natural Vegetation,Low Density Urban,0.3541,0.0289,0.8318,0.1000,#FFAA00,23.75015647198841,48.963084968816915
5807,0.3267,Moderate Risk,3,2.95,0.1469,Bare Land,Peri-Urban / Sparse,0.3541,0.0067,0.5652,0.7000,#FFAA00,25.160026053664918,47.813957458598274
5808,0.3266,Moderate Risk,3,3.76,0.1474,Bare Land,Peri-Urban / Sparse,0.3541,0.0086,0.5622,0.7000,#FFAA00,24.866842792404032,47.90256886526988
5809,0.3266,Moderate Risk,3,2.34,0.1466,Bare Land,Peri-Urban / Sparse,0.3541,0.0053,0.5667,0.7000,#FFAA00,24.719299044981657,47.99430666497297
5810,0.3265,Moderate Risk,3,9.58,0.0995,Natural Vegetation,Peri-Urban / Sparse,0.3541,0.0218,0.8417,0.1000,#FFAA00,24.76750584753354,49.042368210132466
5811,0.3265,Moderate Risk,3,4.06,0.0963,Natural Vegetation,Peri-Urban / Sparse,0.3541,0.0093,0.8603,0.1000,#FFAA00,25.55797752100883,49.403649768807185
5812,0.3264,Moderate Risk,3,8.12,0.0987,Natural Vegetation,Peri-Urban / Sparse,0.3541,0.0185,0.8462,0.1000,#FFAA00,23.160687642280156,49.22735780072324
5813,0.3262,Moderate Risk,3,4.98,0.0971,Natural Vegetation,Peri-Urban / Sparse,0.3541,0.0113,0.8557,0.1000,#FFAA00,23.23838597082188,49.041802250372534
5814,0.3262,Moderate Risk,3,16.42,0.1038,Natural Vegetation,Low Density Urban,0.3541,0.0374,0.8167,0.1000,#FFAA00,24.83895728884549,49.092284384406774
5815,0.3262,Moderate Risk,3,3.50,0.1477,Bare Land,Peri-Urban / Sparse,0.3541,0.0080,0.5607,0.7000,#FFAA00,25.085346506367024,47.907705536002986
5816,0.3261,Moderate Risk,3,4.70,0.1484,Bare Land,Peri-Urban / Sparse,0.3541,0.0107,0.5564,0.7000,#FFAA00,25.011572632438632,47.95366358688321
5817,0.3260,Moderate Risk,3,2.42,0.1472,Bare Land,Peri-Urban / Sparse,0.3541,0.0055,0.5635,0.7000,#FFAA00,24.941506612878534,47.80896936208383
5818,0.3259,Moderate Risk,3,34.27,0.1145,Natural Vegetation,Low Density Urban,0.3541,0.0781,0.7540,0.1000,#FFAA00,25.3398529076441,49.39570669209969
5819,0.3259,Moderate Risk,3,4.40,0.0970,Natural Vegetation,Peri-Urban / Sparse,0.3541,0.0100,0.8563,0.1000,#FFAA00,23.16562252759863,49.03961142192961
5820,0.3258,Moderate Risk,3,2.88,0.1476,Bare Land,Peri-Urban / Sparse,0.3541,0.0066,0.5611,0.7000,#FFAA00,24.64740706689873,47.945030257599406
5821,0.3256,Moderate Risk,3,4.37,0.1486,Bare Land,Peri-Urban / Sparse,0.3541,0.0100,0.5550,0.7000,#FFAA00,24.499853481496615,48.03658351049536
5822,0.3256,Moderate Risk,3,3.77,0.0968,Natural Vegetation,Peri-Urban / Sparse,0.3541,0.0086,0.8571,0.1000,#FFAA00,22.94368529617496,49.17368092474213
5823,0.3256,Moderate Risk,3,2.70,0.1477,Bare Land,Peri-Urban / Sparse,0.3541,0.0062,0.5605,0.7000,#FFAA00,25.08718705795338,47.812288269383956
5824,0.3255,Moderate Risk,3,7.81,0.0993,Natural Vegetation,Peri-Urban / Sparse,0.3541,0.0178,0.8428,0.1000,#FFAA00,23.604624172945893,48.95869104591404
5825,0.3255,Moderate Risk,3,3.00,0.1480,Bare Land,Peri-Urban / Sparse,0.3541,0.0068,0.5589,0.7000,#FFAA00,25.159110420434416,47.861695491075366
5826,0.3255,Moderate Risk,3,5.57,0.0980,Natural Vegetation,Peri-Urban / Sparse,0.3541,0.0127,0.8504,0.1000,#FFAA00,23.16440969317245,49.08655283173655
5827,0.3254,Moderate Risk,3,2.75,0.1479,Bare Land,Peri-Urban / Sparse,0.3541,0.0063,0.5594,0.7000,#FFAA00,25.01343762929986,47.85830727034578
5828,0.3253,Moderate Risk,3,2.89,0.1481,Bare Land,Peri-Urban / Sparse,0.3541,0.0066,0.5584,0.7000,#FFAA00,25.086274435866677,47.85999807788932
5829,0.3253,Moderate Risk,3,13.38,0.1027,Natural Vegetation,Low Density Urban,0.3541,0.0305,0.8228,0.1000,#FFAA00,24.337110586949752,48.79152391984504
5830,0.3252,Moderate Risk,3,4.51,0.1491,Bare Land,Peri-Urban / Sparse,0.3541,0.0103,0.5526,0.7000,#FFAA00,24.57363499623059,47.9908320775392
5831,0.3249,Moderate Risk,3,21.48,0.1078,Natural Vegetation,Low Density Urban,0.3541,0.0490,0.7931,0.1000,#FFAA00,24.26072471997546,48.93140138244262
5832,0.3248,Moderate Risk,3,8.27,0.1002,Natural Vegetation,Peri-Urban / Sparse,0.3541,0.0188,0.8373,0.1000,#FFAA00,23.166821431030733,48.992666862461306
5833,0.3246,Moderate Risk,3,3.43,0.1489,Bare Land,Peri-Urban / Sparse,0.3541,0.0078,0.5533,0.7000,#FFAA00,25.01251275788926,47.90598662023146
5834,0.3240,Moderate Risk,3,18.68,0.1070,Natural Vegetation,Low Density Urban,0.3541,0.0426,0.7979,0.1000,#FFAA00,23.312355846898928,48.997006703278636
5835,0.3239,Moderate Risk,3,10.27,0.1021,Natural Vegetation,Low Density Urban,0.3541,0.0234,0.8261,0.1000,#FFAA00,26.02040832297478,48.45940932206923
5836,0.3237,Moderate Risk,3,2.27,0.0976,Natural Vegetation,Peri-Urban / Sparse,0.3541,0.0052,0.8524,0.1000,#FFAA00,22.799395330333436,49.12241949509603
5837,0.3236,Moderate Risk,3,9.80,0.1021,Natural Vegetation,Peri-Urban / Sparse,0.3541,0.0223,0.8264,0.1000,#FFAA00,24.54537338513711,49.17765146005666
5838,0.3234,Moderate Risk,3,7.22,0.1007,Natural Vegetation,Peri-Urban / Sparse,0.3541,0.0165,0.8343,0.1000,#FFAA00,26.084715813496683,48.79804750711103
5839,0.3233,Moderate Risk,3,5.81,0.1000,Natural Vegetation,Peri-Urban / Sparse,0.3541,0.0132,0.8383,0.1000,#FFAA00,23.237168890415763,49.08876894617271
5840,0.3230,Moderate Risk,3,7.39,0.1012,Natural Vegetation,Peri-Urban / Sparse,0.3541,0.0168,0.8315,0.1000,#FFAA00,23.234692805892184,49.182692720691236
5841,0.3227,Moderate Risk,3,4.40,0.0997,Natural Vegetation,Peri-Urban / Sparse,0.3541,0.0100,0.8402,0.1000,#FFAA00,22.796943581537025,49.216036617760025
5842,0.3227,Moderate Risk,3,3.30,0.1505,Bare Land,Peri-Urban / Sparse,0.3541,0.0075,0.5439,0.7000,#FFAA00,24.867761558119668,47.85494540403929
5843,0.3225,Moderate Risk,3,2.67,0.1504,Bare Land,Peri-Urban / Sparse,0.3541,0.0061,0.5450,0.7000,#FFAA00,24.720241821993895,47.94674341344679
5844,0.3224,Moderate Risk,3,6.12,0.1010,Natural Vegetation,Peri-Urban / Sparse,0.3541,0.0139,0.8329,0.1000,#FFAA00,24.47263468551608,49.175243223033696
5845,0.3224,Moderate Risk,3,17.18,0.1074,Natural Vegetation,Low Density Urban,0.3541,0.0391,0.7952,0.1000,#FFAA00,24.690848008937735,49.18249642883513
5846,0.3221,Moderate Risk,3,30.40,0.1155,Natural Vegetation,Low Density Urban,0.3541,0.0693,0.7483,0.1000,#FFAA00,24.910384088559354,49.14226189461127
5847,0.3220,Moderate Risk,3,19.61,0.1092,Natural Vegetation,Low Density Urban,0.3541,0.0447,0.7850,0.1000,#FFAA00,25.936651082610314,48.8893578754933
5848,0.3219,Moderate Risk,3,25.02,0.1125,Natural Vegetation,Low Density Urban,0.3541,0.0570,0.7656,0.1000,#FFAA00,25.34406446485006,49.252512320594704
5849,0.3219,Moderate Risk,3,20.93,0.1101,Natural Vegetation,Low Density Urban,0.3541,0.0477,0.7799,0.1000,#FFAA00,25.563616976100185,49.212374390459665
5850,0.3217,Moderate Risk,3,4.34,0.1005,Natural Vegetation,Peri-Urban / Sparse,0.3541,0.0099,0.8355,0.1000,#FFAA00,23.094052927871473,48.990510077609784
5851,0.3216,Moderate Risk,3,10.09,0.1040,Natural Vegetation,Low Density Urban,0.3541,0.0230,0.8153,0.1000,#FFAA00,24.328450552386826,49.12310005713303
5852,0.3215,Moderate Risk,3,8.52,0.1032,Natural Vegetation,Peri-Urban / Sparse,0.3541,0.0194,0.8200,0.1000,#FFAA00,25.485270294206973,49.40099183134615
5853,0.3205,Moderate Risk,3,6.25,0.1027,Natural Vegetation,Peri-Urban / Sparse,0.3541,0.0143,0.8229,0.1000,#FFAA00,25.2925150230871,48.43845192831997
5854,0.3202,Moderate Risk,3,34.36,0.1194,Natural Vegetation,Low Density Urban,0.3541,0.0783,0.7253,0.1000,#FFAA00,25.199979784173966,49.19975557135821
5855,0.3202,Moderate Risk,3,8.98,0.1045,Natural Vegetation,Peri-Urban / Sparse,0.3541,0.0205,0.8121,0.1000,#FFAA00,24.327154523509257,49.17045512386355
5856,0.3200,Moderate Risk,3,1.82,0.1005,Natural Vegetation,Peri-Urban / Sparse,0.3541,0.0041,0.8355,0.1000,#FFAA00,22.011008079065142,48.586660791593594
5857,0.3198,Moderate Risk,3,19.00,0.1108,Natural Vegetation,Low Density Urban,0.3541,0.0433,0.7758,0.1000,#FFAA00,25.051792761729434,49.29002443705101
5858,0.3196,Moderate Risk,3,1.94,0.1009,Natural Vegetation,Peri-Urban / Sparse,0.3541,0.0044,0.8334,0.1000,#FFAA00,22.72663521032271,49.12023211345301
5859,0.3195,Moderate Risk,3,11.50,,Bare Land,Low Density Urban,0.3541,0.0262,0.5000,0.7000,#FFAA00,24.20660982232628,48.12436792347428
5860,0.3187,Moderate Risk,3,6.72,0.1045,Natural Vegetation,Peri-Urban / Sparse,0.3541,0.0153,0.8122,0.1000,#FFAA00,24.39989506412803,49.17284445225113
5861,0.3186,Moderate Risk,3,16.99,0.1106,Natural Vegetation,Low Density Urban,0.3541,0.0387,0.7769,0.1000,#FFAA00,25.8639001110669,48.88696986808565
5862,0.3181,Moderate Risk,3,4.63,0.1038,Natural Vegetation,Peri-Urban / Sparse,0.3541,0.0105,0.8163,0.1000,#FFAA00,25.51089229502917,48.44465438591983
5863,0.3180,Moderate Risk,3,9.34,,Bare Land,Peri-Urban / Sparse,0.3541,0.0213,0.5000,0.7000,#FFAA00,24.353234186722673,48.080517118124625
5864,0.3178,Moderate Risk,3,11.08,0.1079,Natural Vegetation,Low Density Urban,0.3541,0.0253,0.7927,0.1000,#FFAA00,24.622007030555803,49.03766876869233
5865,0.3176,Moderate Risk,3,2.98,0.1033,Natural Vegetation,Peri-Urban / Sparse,0.3541,0.0068,0.8196,0.1000,#FFAA00,25.364182262648267,48.48830082459105
5866,0.3174,Moderate Risk,3,3.77,0.1039,Natural Vegetation,Peri-Urban / Sparse,0.3541,0.0086,0.8159,0.1000,#FFAA00,26.013213353854223,48.747667868998164
5867,0.3173,Moderate Risk,3,2.97,0.1035,Natural Vegetation,Peri-Urban / Sparse,0.3541,0.0068,0.8179,0.1000,#FFAA00,25.133818662517946,48.95894081290616
5868,0.3173,Moderate Risk,3,37.55,,Unknown,Low Density Urban,0.3541,0.0856,0.5000,0.5000,#FFAA00,25.701930886627373,49.45686389406913
5869,0.3172,Moderate Risk,3,8.12,,Bare Land,Peri-Urban / Sparse,0.3541,0.0185,0.5000,0.7000,#FFAA00,25.30660778561213,47.76951825244315
5870,0.3169,Moderate Risk,3,9.32,0.1076,Natural Vegetation,Peri-Urban / Sparse,0.3541,0.0212,0.7944,0.1000,#FFAA00,26.015675333428394,48.651593885533075
5871,0.3168,Moderate Risk,3,10.83,0.1085,Natural Vegetation,Low Density Urban,0.3541,0.0247,0.7889,0.1000,#FFAA00,26.092029670036816,48.509629972482855
5872,0.3167,Moderate Risk,3,2.82,0.1039,Natural Vegetation,Peri-Urban / Sparse,0.3541,0.0064,0.8158,0.1000,#FFAA00,26.455919649857602,48.52060554767636
5873,0.3167,Moderate Risk,3,3.62,0.1044,Natural Vegetation,Peri-Urban / Sparse,0.3541,0.0082,0.8128,0.1000,#FFAA00,26.087217610504318,48.70192072149318
5874,0.3164,Moderate Risk,3,1.90,0.1036,Natural Vegetation,Peri-Urban / Sparse,0.3541,0.0043,0.8174,0.1000,#FFAA00,22.87691068496444,48.93724452824827
5875,0.3163,Moderate Risk,3,6.60,0.1065,Natural Vegetation,Peri-Urban / Sparse,0.3541,0.0150,0.8007,0.1000,#FFAA00,25.48669882675451,49.353207011131545
5876,0.3162,Moderate Risk,3,3.42,0.1047,Natural Vegetation,Peri-Urban / Sparse,0.3541,0.0078,0.8112,0.1000,#FFAA00,25.206570570406146,48.96129463203018
5877,0.3161,Moderate Risk,3,13.87,0.1109,Natural Vegetation,Low Density Urban,0.3541,0.0316,0.7751,0.1000,#FFAA00,24.9790695629382,49.28749347128656
5878,0.3160,Moderate Risk,3,1.21,0.1036,Natural Vegetation,Peri-Urban / Sparse,0.3541,0.0027,0.8175,0.1000,#FFAA00,19.682387462948068,48.440037638907555
5879,0.3159,Moderate Risk,3,6.26,,Bare Land,Peri-Urban / Sparse,0.3541,0.0143,0.5000,0.7000,#FFAA00,25.45691284258365,50.260456824620206
5880,0.3159,Moderate Risk,3,8.57,0.1079,Natural Vegetation,Peri-Urban / Sparse,0.3541,0.0195,0.7922,0.1000,#FFAA00,23.46027583685906,48.90727962347381
5881,0.3158,Moderate Risk,3,6.04,,Bare Land,Peri-Urban / Sparse,0.3541,0.0138,0.5000,0.7000,#FFAA00,26.16242777649212,48.608019169211424
5882,0.3158,Moderate Risk,3,3.43,0.1050,Natural Vegetation,Peri-Urban / Sparse,0.3541,0.0078,0.8092,0.1000,#FFAA00,25.13253536560469,49.00661151992549
5883,0.3156,Moderate Risk,3,5.12,0.1062,Natural Vegetation,Peri-Urban / Sparse,0.3541,0.0117,0.8024,0.1000,#FFAA00,25.29025484116563,48.53397095560761
5884,0.3154,Moderate Risk,3,1.81,0.1045,Natural Vegetation,Peri-Urban / Sparse,0.3541,0.0041,0.8125,0.1000,#FFAA00,22.65266382218653,49.16481460408935
5885,0.3154,Moderate Risk,3,1.20,0.1041,Natural Vegetation,Peri-Urban / Sparse,0.3541,0.0027,0.8145,0.1000,#FFAA00,19.60954302217655,48.43848405443225
5886,0.3152,Moderate Risk,3,20.90,0.1158,Natural Vegetation,Low Density Urban,0.3541,0.0476,0.7462,0.1000,#FFAA00,24.981786083840177,49.19230102451883
5887,0.3152,Moderate Risk,3,3.42,0.1056,Natural Vegetation,Peri-Urban / Sparse,0.3541,0.0078,0.8059,0.1000,#FFAA00,25.05978675644336,49.00423879278259
5888,0.3152,Moderate Risk,3,10.68,0.1098,Natural Vegetation,Low Density Urban,0.3541,0.0244,0.7812,0.1000,#FFAA00,24.977688580006024,49.33508445504496
5889,0.3151,Moderate Risk,3,5.07,,Bare Land,Peri-Urban / Sparse,0.3541,0.0116,0.5000,0.7000,#FFAA00,24.427022592435,48.03483601288948
5890,0.3151,Moderate Risk,3,8.78,0.1088,Natural Vegetation,Peri-Urban / Sparse,0.3541,0.0200,0.7875,0.1000,#FFAA00,24.409884694860768,48.793697485920084
5891,0.3150,Moderate Risk,3,7.08,0.1765,Minepits/Industry,Peri-Urban / Sparse,0.3541,0.0161,0.3926,0.9000,#FFAA00,23.38268466034517,49.093228122885186
5892,0.3149,Moderate Risk,3,1.20,0.1045,Natural Vegetation,Peri-Urban / Sparse,0.3541,0.0027,0.8121,0.1000,#FFAA00,19.536697875164233,48.43693739759991
5893,0.3149,Moderate Risk,3,4.76,,Bare Land,Peri-Urban / Sparse,0.3541,0.0108,0.5000,0.7000,#FFAA00,25.63354385307367,49.31062995661178
5894,0.3146,Moderate Risk,3,8.36,0.1090,Natural Vegetation,Peri-Urban / Sparse,0.3541,0.0191,0.7862,0.1000,#FFAA00,25.18105439057164,49.81933761881757
5895,0.3146,Moderate Risk,3,7.10,0.1082,Natural Vegetation,Peri-Urban / Sparse,0.3541,0.0162,0.7907,0.1000,#FFAA00,23.678590580462494,48.91375354402484
5896,0.3145,Moderate Risk,3,10.35,0.1102,Natural Vegetation,Low Density Urban,0.3541,0.0236,0.7789,0.1000,#FFAA00,26.090850606812147,48.55770720630922
5897,0.3143,Moderate Risk,3,3.82,,Bare Land,Peri-Urban / Sparse,0.3541,0.0087,0.5000,0.7000,#FFAA00,26.380738891502553,48.61478393770966
5898,0.3142,Moderate Risk,3,3.75,0.1066,Natural Vegetation,Peri-Urban / Sparse,0.3541,0.0086,0.8001,0.1000,#FFAA00,25.040283256214217,49.67087368808913
5899,0.3142,Moderate Risk,3,3.81,,Bare Land,Peri-Urban / Sparse,0.3541,0.0087,0.5000,0.7000,#FFAA00,25.30996895769898,50.30180247702275
5900,0.3141,Moderate Risk,3,3.53,,Bare Land,Peri-Urban / Sparse,0.3541,0.0080,0.5000,0.7000,#FFAA00,25.239061574827193,50.25101514915826
5901,0.3141,Moderate Risk,3,3.67,,Bare Land,Peri-Urban / Sparse,0.3541,0.0084,0.5000,0.7000,#FFAA00,19.405376351908373,47.56341244317612
5902,0.3140,Moderate Risk,3,3.52,,Bare Land,Peri-Urban / Sparse,0.3541,0.0080,0.5000,0.7000,#FFAA00,25.17144999128748,50.10507805538291
5903,0.3139,Moderate Risk,3,10.67,0.1109,Natural Vegetation,Low Density Urban,0.3541,0.0243,0.7748,0.1000,#FFAA00,25.275400196245645,49.1068290539566
5904,0.3139,Moderate Risk,3,3.28,,Bare Land,Peri-Urban / Sparse,0.3541,0.0075,0.5000,0.7000,#FFAA00,25.017833073520148,47.6198761347257
5905,0.3139,Moderate Risk,3,3.30,,Bare Land,Peri-Urban / Sparse,0.3541,0.0075,0.5000,0.7000,#FFAA00,25.169795977552905,50.15268702106766
5906,0.3139,Moderate Risk,3,3.25,,Bare Land,Peri-Urban / Sparse,0.3541,0.0074,0.5000,0.7000,#FFAA00,25.38034094433585,47.72335047336156
5907,0.3137,Moderate Risk,3,3.00,,Bare Land,Peri-Urban / Sparse,0.3541,0.0068,0.5000,0.7000,#FFAA00,24.88089674709267,50.093040111305136
5908,0.3137,Moderate Risk,3,2.96,,Bare Land,Peri-Urban / Sparse,0.3541,0.0067,0.5000,0.7000,#FFAA00,25.854509470060187,49.222646403460466
5909,0.3135,Moderate Risk,3,2.84,0.1066,Natural Vegetation,Peri-Urban / Sparse,0.3541,0.0065,0.7998,0.1000,#FFAA00,26.241051784172477,48.369567167818026
5910,0.3135,Moderate Risk,3,1.64,0.1060,Natural Vegetation,Peri-Urban / Sparse,0.3541,0.0037,0.8036,0.1000,#FFAA00,26.385483338312667,48.42199135334455
5911,0.3135,Moderate Risk,3,2.76,,Bare Land,Peri-Urban / Sparse,0.3541,0.0063,0.5000,0.7000,#FFAA00,25.016984515879944,47.66756681687518
5912,0.3135,Moderate Risk,3,5.32,0.1081,Natural Vegetation,Peri-Urban / Sparse,0.3541,0.0121,0.7911,0.1000,#FFAA00,23.89809527646626,48.873094115756004
5913,0.3134,Moderate Risk,3,2.64,,Bare Land,Peri-Urban / Sparse,0.3541,0.0060,0.5000,0.7000,#FFAA00,22.819496959340647,50.80838502083112
5914,0.3134,Moderate Risk,3,8.32,0.1100,Natural Vegetation,Peri-Urban / Sparse,0.3541,0.0190,0.7805,0.1000,#FFAA00,24.406249396942037,48.935901567991856
5915,0.3134,Moderate Risk,3,2.53,,Bare Land,Peri-Urban / Sparse,0.3541,0.0058,0.5000,0.7000,#FFAA00,22.67264659867841,50.84888020038382
5916,0.3134,Moderate Risk,3,2.53,,Bare Land,Peri-Urban / Sparse,0.3541,0.0058,0.5000,0.7000,#FFAA00,25.928623484510997,49.177266478315545
5917,0.3133,Moderate Risk,3,2.42,,Bare Land,Peri-Urban / Sparse,0.3541,0.0055,0.5000,0.7000,#FFAA00,22.45152622196869,50.93280981563997
5918,0.3133,Moderate Risk,3,1.81,0.1063,Natural Vegetation,Peri-Urban / Sparse,0.3541,0.0041,0.8021,0.1000,#FFAA00,22.579906291120253,49.16262059323929
5919,0.3133,Moderate Risk,3,2.34,0.1066,Natural Vegetation,Peri-Urban / Sparse,0.3541,0.0053,0.8002,0.1000,#FFAA00,22.72419214271556,49.21379991710062
5920,0.3133,Moderate Risk,3,2.44,,Bare Land,Peri-Urban / Sparse,0.3541,0.0056,0.5000,0.7000,#FFAA00,24.294928519647556,50.211352163319894
5921,0.3133,Moderate Risk,3,2.49,,Bare Land,Peri-Urban / Sparse,0.3541,0.0057,0.5000,0.7000,#FFAA00,25.45318254436839,47.72498846669288
5922,0.3133,Moderate Risk,3,2.38,,Bare Land,Peri-Urban / Sparse,0.3541,0.0054,0.5000,0.7000,#FFAA00,22.21063875972674,51.527581205770566
5923,0.3133,Moderate Risk,3,2.41,,Bare Land,Peri-Urban / Sparse,0.3541,0.0055,0.5000,0.7000,#FFAA00,22.378965856603116,50.929718004824565
5924,0.3133,Moderate Risk,3,2.36,,Bare Land,Peri-Urban / Sparse,0.3541,0.0054,0.5000,0.7000,#FFAA00,22.966353652929698,50.76783768783905
5925,0.3133,Moderate Risk,3,2.39,,Bare Land,Peri-Urban / Sparse,0.3541,0.0055,0.5000,0.7000,#FFAA00,25.5269072133416,47.678745086900506
5926,0.3133,Moderate Risk,3,2.38,,Bare Land,Peri-Urban / Sparse,0.3541,0.0054,0.5000,0.7000,#FFAA00,24.57729127942419,47.80078489861204
5927,0.3133,Moderate Risk,3,2.49,,Bare Land,Peri-Urban / Sparse,0.3541,0.0057,0.5000,0.7000,#FFAA00,22.525802816154894,50.88932420425808
5928,0.3132,Moderate Risk,3,2.28,,Bare Land,Peri-Urban / Sparse,0.3541,0.0052,0.5000,0.7000,#FFAA00,23.113216433844165,50.72723721818208
5929,0.3132,Moderate Risk,3,2.31,,Bare Land,Peri-Urban / Sparse,0.3541,0.0053,0.5000,0.7000,#FFAA00,21.844528990651643,51.60353847272075
5930,0.3132,Moderate Risk,3,2.28,,Bare Land,Peri-Urban / Sparse,0.3541,0.0052,0.5000,0.7000,#FFAA00,21.77205694724213,51.60020138463813
5931,0.3132,Moderate Risk,3,2.34,,Bare Land,Peri-Urban / Sparse,0.3541,0.0053,0.5000,0.7000,#FFAA00,21.877585949297067,50.72289288277972
5932,0.3132,Moderate Risk,3,31.56,,Unknown,Low Density Urban,0.3541,0.0719,0.5000,0.5000,#FFAA00,25.69896770238777,49.552587463650234
5933,0.3132,Moderate Risk,3,2.34,,Bare Land,Peri-Urban / Sparse,0.3541,0.0053,0.5000,0.7000,#FFAA00,22.138158810955527,51.52422113384857
5934,0.3132,Moderate Risk,3,2.35,,Bare Land,Peri-Urban / Sparse,0.3541,0.0054,0.5000,0.7000,#FFAA00,22.297711617379903,51.1591624683254
5935,0.3132,Moderate Risk,3,2.34,,Bare Land,Peri-Urban / Sparse,0.3541,0.0053,0.5000,0.7000,#FFAA00,21.991339096004896,51.56390096210322
5936,0.3131,Moderate Risk,3,2.17,,Bare Land,Peri-Urban / Sparse,0.3541,0.0049,0.5000,0.7000,#FFAA00,23.69557228039503,50.705343948231175
5937,0.3131,Moderate Risk,3,2.17,,Bare Land,Peri-Urban / Sparse,0.3541,0.0049,0.5000,0.7000,#FFAA00,23.622993753571105,50.702185657292105
5938,0.3131,Moderate Risk,3,2.20,,Bare Land,Peri-Urban / Sparse,0.3541,0.0050,0.5000,0.7000,#FFAA00,21.478475696164356,51.679363347265586
5939,0.3131,Moderate Risk,3,2.17,,Bare Land,Peri-Urban / Sparse,0.3541,0.0049,0.5000,0.7000,#FFAA00,21.406011711997394,51.67605040609179
5940,0.3131,Moderate Risk,3,6.19,0.1090,Natural Vegetation,Peri-Urban / Sparse,0.3541,0.0141,0.7862,0.1000,#FFAA00,23.677390760262522,48.9608836092712
5941,0.3131,Moderate Risk,3,2.16,,Bare Land,Peri-Urban / Sparse,0.3541,0.0049,0.5000,0.7000,#FFAA00,23.550414151353618,50.69903996839016
5942,0.3130,Moderate Risk,3,2.00,,Bare Land,Peri-Urban / Sparse,0.3541,0.0046,0.5000,0.7000,#FFAA00,23.40546092740389,48.10524149289941
5943,0.3130,Moderate Risk,3,3.51,0.1075,Natural Vegetation,Peri-Urban / Sparse,0.3541,0.0080,0.7946,0.1000,#FFAA00,26.08597468927856,48.74998569691248
5944,0.3130,Moderate Risk,3,2.00,,Bare Land,Peri-Urban / Sparse,0.3541,0.0046,0.5000,0.7000,#FFAA00,21.259241153297914,51.71557752137345
5945,0.3129,Moderate Risk,3,1.83,,Bare Land,Peri-Urban / Sparse,0.3541,0.0042,0.5000,0.7000,#FFAA00,25.89111314987295,47.68691716791132
5946,0.3129,Moderate Risk,3,1.86,,Bare Land,Peri-Urban / Sparse,0.3541,0.0042,0.5000,0.7000,#FFAA00,25.89199559526654,47.638881525105255
5947,0.3129,Moderate Risk,3,1.59,0.1065,Natural Vegetation,Peri-Urban / Sparse,0.3541,0.0036,0.8009,0.1000,#FFAA00,22.013022386298626,48.49349952381865
5948,0.3129,Moderate Risk,3,1.84,,Bare Land,Peri-Urban / Sparse,0.3541,0.0042,0.5000,0.7000,#FFAA00,26.53665141524537,48.184944350470495
5949,0.3128,Moderate Risk,3,1.75,,Bare Land,Peri-Urban / Sparse,0.3541,0.0040,0.5000,0.7000,#FFAA00,22.963672619627086,48.32974446385816
5950,0.3128,Moderate Risk,3,1.63,,Bare Land,Peri-Urban / Sparse,0.3541,0.0037,0.5000,0.7000,#FFAA00,21.112481230416414,51.75506652252998
5951,0.3128,Moderate Risk,3,1.68,,Bare Land,Peri-Urban / Sparse,0.3541,0.0038,0.5000,0.7000,#FFAA00,21.94590708071601,48.21231207945585
5952,0.3128,Moderate Risk,3,1.70,,Bare Land,Peri-Urban / Sparse,0.3541,0.0039,0.5000,0.7000,#FFAA00,21.944989096106124,48.258885727039626
5953,0.3128,Moderate Risk,3,3.20,0.1075,Natural Vegetation,Peri-Urban / Sparse,0.3541,0.0073,0.7949,0.1000,#FFAA00,26.239913400933126,48.41771270933889
5954,0.3127,Moderate Risk,3,1.85,0.1068,Natural Vegetation,Peri-Urban / Sparse,0.3541,0.0042,0.7991,0.1000,#FFAA00,22.727836297460218,49.07344342906587
5955,0.3127,Moderate Risk,3,1.52,,Bare Land,Peri-Urban / Sparse,0.3541,0.0035,0.5000,0.7000,#FFAA00,21.049532676400815,49.21107223063481
5956,0.3127,Moderate Risk,3,1.48,,Bare Land,Peri-Urban / Sparse,0.3541,0.0034,0.5000,0.7000,#FFAA00,21.04002546080617,51.75177887838918
5957,0.3127,Moderate Risk,3,1.50,,Bare Land,Peri-Urban / Sparse,0.3541,0.0034,0.5000,0.7000,#FFAA00,20.92940813836707,48.00501405972182
5958,0.3127,Moderate Risk,3,1.54,,Bare Land,Peri-Urban / Sparse,0.3541,0.0035,0.5000,0.7000,#FFAA00,21.003084709087386,47.96018556435236
5959,0.3126,Moderate Risk,3,1.37,,Bare Land,Peri-Urban / Sparse,0.3541,0.0031,0.5000,0.7000,#FFAA00,20.895110608281858,51.74524543494185
5960,0.3126,Moderate Risk,3,1.82,0.1069,Natural Vegetation,Peri-Urban / Sparse,0.3541,0.0041,0.7985,0.1000,#FFAA00,22.5811123910144,49.11588411102305
5961,0.3126,Moderate Risk,3,1.42,,Bare Land,Peri-Urban / Sparse,0.3541,0.0032,0.5000,0.7000,#FFAA00,20.967568585418718,51.748505192654726
5962,0.3126,Moderate Risk,3,1.82,0.1069,Natural Vegetation,Peri-Urban / Sparse,0.3541,0.0042,0.7986,0.1000,#FFAA00,22.58230495512037,49.06914446724477
5963,0.3126,Moderate Risk,3,1.33,,Bare Land,Peri-Urban / Sparse,0.3541,0.0030,0.5000,0.7000,#FFAA00,20.822651533420014,51.7419995750286
5964,0.3126,Moderate Risk,3,1.47,,Bare Land,Peri-Urban / Sparse,0.3541,0.0034,0.5000,0.7000,#FFAA00,20.707487755016935,48.18544509707277
5965,0.3125,Moderate Risk,3,1.26,,Bare Land,Peri-Urban / Sparse,0.3541,0.0029,0.5000,0.7000,#FFAA00,20.605267762678253,51.73234508229331
5966,0.3125,Moderate Risk,3,1.31,,Bare Land,Peri-Urban / Sparse,0.3541,0.0030,0.5000,0.7000,#FFAA00,20.750191364854217,51.73876758285503
5967,0.3125,Moderate Risk,3,1.25,,Bare Land,Peri-Urban / Sparse,0.3541,0.0029,0.5000,0.7000,#FFAA00,20.45855177915266,51.771840086302994
5968,0.3125,Moderate Risk,3,1.29,,Bare Land,Peri-Urban / Sparse,0.3541,0.0029,0.5000,0.7000,#FFAA00,20.677730106602162,51.73554942852259
5969,0.3125,Moderate Risk,3,1.20,,Bare Land,Peri-Urban / Sparse,0.3541,0.0027,0.5000,0.7000,#FFAA00,20.23939323781006,51.80812288641409
5970,0.3124,Moderate Risk,3,1.15,,Bare Land,Peri-Urban / Sparse,0.3541,0.0026,0.5000,0.7000,#FFAA00,20.092705035690006,51.84755659771521
5971,0.3124,Moderate Risk,3,1.11,,Bare Land,Peri-Urban / Sparse,0.3541,0.0025,0.5000,0.7000,#FFAA00,19.73852347693694,49.221421817990866
5972,0.3124,Moderate Risk,3,1.15,,Bare Land,Peri-Urban / Sparse,0.3541,0.0026,0.5000,0.7000,#FFAA00,20.16693823685235,51.804958995318785
5973,0.3123,Moderate Risk,3,4.15,0.1085,Natural Vegetation,Peri-Urban / Sparse,0.3541,0.0095,0.7891,0.1000,#FFAA00,25.559410704646325,49.355836313299875
5974,0.3123,Moderate Risk,3,0.94,,Bare Land,Rural / Scattered,0.3541,0.0021,0.5000,0.7000,#FFAA00,19.873583366092422,51.88380789890686
5975,0.3123,Moderate Risk,3,0.90,,Bare Land,Rural / Scattered,0.3541,0.0021,0.5000,0.7000,#FFAA00,19.801136950605848,51.88067181086234
5976,0.3123,Moderate Risk,3,0.96,,Bare Land,Rural / Scattered,0.3541,0.0022,0.5000,0.7000,#FFAA00,19.377760511692724,49.074697400214944
5977,0.3123,Moderate Risk,3,0.96,,Bare Land,Rural / Scattered,0.3541,0.0022,0.5000,0.7000,#FFAA00,19.378781125239986,49.02894146412272
5978,0.3123,Moderate Risk,3,0.96,,Bare Land,Rural / Scattered,0.3541,0.0022,0.5000,0.7000,#FFAA00,19.379790282249147,48.98318265698092
5979,0.3123,Moderate Risk,3,0.96,,Bare Land,Rural / Scattered,0.3541,0.0022,0.5000,0.7000,#FFAA00,19.376728444715813,49.12045043293541
5980,0.3123,Moderate Risk,3,0.90,,Bare Land,Rural / Scattered,0.3541,0.0021,0.5000,0.7000,#FFAA00,19.654482516087874,51.92005620468044
5981,0.3123,Moderate Risk,3,0.95,,Bare Land,Rural / Scattered,0.3541,0.0022,0.5000,0.7000,#FFAA00,19.380787979646268,48.93742101112328
5982,0.3123,Moderate Risk,3,0.96,,Bare Land,Rural / Scattered,0.3541,0.0022,0.5000,0.7000,#FFAA00,19.381774214391868,48.89165655889489
5983,0.3123,Moderate Risk,3,0.98,,Bare Land,Rural / Scattered,0.3541,0.0022,0.5000,0.7000,#FFAA00,19.38274898348101,48.845889332652106
5984,0.3122,Moderate Risk,3,3.24,0.1081,Natural Vegetation,Peri-Urban / Sparse,0.3541,0.0074,0.7916,0.1000,#FFAA00,25.361883743533454,48.583870964499496
5985,0.3122,Moderate Risk,3,4.90,0.1090,Natural Vegetation,Peri-Urban / Sparse,0.3541,0.0112,0.7859,0.1000,#FFAA00,26.16597629669098,48.46369844403748
5986,0.3122,Moderate Risk,3,0.79,,Bare Land,Rural / Scattered,0.3541,0.0018,0.5000,0.7000,#FFAA00,21.076754111500378,47.91531621990766
5987,0.3121,Moderate Risk,3,0.64,,Bare Land,Rural / Scattered,0.3541,0.0015,0.5000,0.7000,#FFAA00,22.605109708408584,48.04014455513226
5988,0.3121,Moderate Risk,3,0.74,,Bare Land,Rural / Scattered,0.3541,0.0017,0.5000,0.7000,#FFAA00,26.328132879970035,47.69693333129932
5989,0.3121,Moderate Risk,3,4.72,0.1090,Natural Vegetation,Peri-Urban / Sparse,0.3541,0.0108,0.7859,0.1000,#FFAA00,24.841535405801388,48.99717587839806
5990,0.3121,Moderate Risk,3,0.62,,Bare Land,Rural / Scattered,0.3541,0.0014,0.5000,0.7000,#FFAA00,22.24341416076628,47.89216821118771
5991,0.3121,Moderate Risk,3,0.63,,Bare Land,Rural / Scattered,0.3541,0.0014,0.5000,0.7000,#FFAA00,26.03855002866671,47.59403867706971
5992,0.3121,Moderate Risk,3,0.65,,Bare Land,Rural / Scattered,0.3541,0.0015,0.5000,0.7000,#FFAA00,26.257075628230286,47.59887739671684
5993,0.3120,Moderate Risk,3,0.46,,Bare Land,Rural / Scattered,0.3541,0.0010,0.5000,0.7000,#FFAA00,19.694966625961342,47.70576166104331
5994,0.3120,Moderate Risk,3,0.58,,Bare Land,Rural / Scattered,0.3541,0.0013,0.5000,0.7000,#FFAA00,23.114110047215487,48.09849328971083
5995,0.3120,Moderate Risk,3,0.47,,Bare Land,Rural / Scattered,0.3541,0.0011,0.5000,0.7000,#FFAA00,21.441898381985713,47.87607531038709
5996,0.3120,Moderate Risk,3,0.50,,Bare Land,Rural / Scattered,0.3541,0.0011,0.5000,0.7000,#FFAA00,26.184234591273405,47.597258308094865
5997,0.3120,Moderate Risk,3,0.58,,Bare Land,Rural / Scattered,0.3541,0.0013,0.5000,0.7000,#FFAA00,21.95196420408128,47.88623040678839
5998,0.3120,Moderate Risk,3,0.59,,Bare Land,Rural / Scattered,0.3541,0.0013,0.5000,0.7000,#FFAA00,22.96842987811814,48.09515999382317
5999,0.3119,Moderate Risk,3,5.76,0.1098,Natural Vegetation,Peri-Urban / Sparse,0.3541,0.0131,0.7816,0.1000,#FFAA00,24.768783122670513,48.994839917152376
6000,0.3119,Moderate Risk,3,0.31,,Bare Land,Rural / Scattered,0.3541,0.0007,0.5000,0.7000,#FFAA00,19.435402846359324,51.95630321542294
6001,0.3119,Moderate Risk,3,9.13,0.1118,Natural Vegetation,Peri-Urban / Sparse,0.3541,0.0208,0.7700,0.1000,#FFAA00,23.311148544493662,49.044001952073344
6002,0.3118,Moderate Risk,3,0.25,,Bare Land,Rural / Scattered,0.3541,0.0006,0.5000,0.7000,#FFAA00,19.3815038966295,51.45211359502091
6003,0.3118,Moderate Risk,3,0.25,,Bare Land,Rural / Scattered,0.3541,0.0006,0.5000,0.7000,#FFAA00,19.383121688139305,51.40653130771454
6004,0.3117,Moderate Risk,3,3.45,0.1086,Natural Vegetation,Peri-Urban / Sparse,0.3541,0.0079,0.7883,0.1000,#FFAA00,24.987037225129132,49.00187529263566
6005,0.3116,Moderate Risk,3,1.81,0.1077,Natural Vegetation,Peri-Urban / Sparse,0.3541,0.0041,0.7938,0.1000,#FFAA00,22.651439834405256,49.21157234445142
6006,0.3115,Moderate Risk,3,10.25,0.1128,Natural Vegetation,Low Density Urban,0.3541,0.0234,0.7641,0.1000,#FFAA00,23.75136042259358,48.915928874150104
6007,0.3112,Moderate Risk,3,26.95,0.1142,Water,Low Density Urban,0.3541,0.0614,0.7559,0.0000,#FFAA00,25.544380185861897,49.83380154436902
6008,0.3111,Moderate Risk,3,1.78,0.1081,Natural Vegetation,Peri-Urban / Sparse,0.3541,0.0041,0.7911,0.1000,#FFAA00,22.578686659209023,49.209353878341645
6009,0.3111,Moderate Risk,3,1.84,0.1082,Natural Vegetation,Peri-Urban / Sparse,0.3541,0.0042,0.7909,0.1000,#FFAA00,22.776814383435386,49.917730216038954
6010,0.3110,Moderate Risk,3,9.58,0.1128,Natural Vegetation,Peri-Urban / Sparse,0.3541,0.0218,0.7641,0.1000,#FFAA00,23.82412939111865,48.918112918089676
6011,0.3110,Moderate Risk,3,2.63,0.1087,Natural Vegetation,Peri-Urban / Sparse,0.3541,0.0060,0.7878,0.1000,#FFAA00,26.3126988198688,48.41984794683061
6012,0.3109,Moderate Risk,3,2.99,0.1090,Natural Vegetation,Peri-Urban / Sparse,0.3541,0.0068,0.7862,0.1000,#FFAA00,24.963046668497956,49.81079300883752
6013,0.3109,Moderate Risk,3,5.94,0.1107,Natural Vegetation,Peri-Urban / Sparse,0.3541,0.0135,0.7762,0.1000,#FFAA00,24.69602992715203,48.99251308859139
6014,0.3108,Moderate Risk,3,2.88,0.1090,Natural Vegetation,Peri-Urban / Sparse,0.3541,0.0066,0.7862,0.1000,#FFAA00,24.893414641791093,49.71291077522241
6015,0.3108,Moderate Risk,3,1.79,0.1083,Natural Vegetation,Peri-Urban / Sparse,0.3541,0.0041,0.7899,0.1000,#FFAA00,22.508349696841446,49.11372344833884
6016,0.3108,Moderate Risk,3,5.97,0.1108,Natural Vegetation,Peri-Urban / Sparse,0.3541,0.0136,0.7755,0.1000,#FFAA00,25.64815808730476,48.78409763031423
6017,0.3107,Moderate Risk,3,9.93,0.1132,Natural Vegetation,Peri-Urban / Sparse,0.3541,0.0226,0.7613,0.1000,#FFAA00,26.089655573223173,48.60578143593612
6018,0.3107,Moderate Risk,3,2.00,0.1086,Natural Vegetation,Peri-Urban / Sparse,0.3541,0.0046,0.7882,0.1000,#FFAA00,22.8757422674174,48.984092014091175
6019,0.3107,Moderate Risk,3,2.27,0.1088,Natural Vegetation,Peri-Urban / Sparse,0.3541,0.0052,0.7875,0.1000,#FFAA00,26.458266954126632,48.424142951026
6020,0.3106,Moderate Risk,3,2.96,0.1093,Natural Vegetation,Peri-Urban / Sparse,0.3541,0.0068,0.7845,0.1000,#FFAA00,25.061065834887263,48.95659613562855
6021,0.3105,Moderate Risk,3,1.25,0.1084,Natural Vegetation,Peri-Urban / Sparse,0.3541,0.0028,0.7898,0.1000,#FFAA00,26.31496671434591,48.32349411925377
6022,0.3104,Moderate Risk,3,3.67,0.1099,Natural Vegetation,Peri-Urban / Sparse,0.3541,0.0084,0.7811,0.1000,#FFAA00,25.509758862579947,48.492501068810604
6023,0.3104,Moderate Risk,3,4.52,0.1104,Natural Vegetation,Peri-Urban / Sparse,0.3541,0.0103,0.7782,0.1000,#FFAA00,26.167127083645802,48.41558561884013
6024,0.3102,Moderate Risk,3,0.57,0.1081,Natural Vegetation,Rural / Scattered,0.3541,0.0013,0.7911,0.1000,#FFAA00,26.325337066311832,47.84156197685692
6025,0.3102,Moderate Risk,3,5.08,0.1108,Natural Vegetation,Peri-Urban / Sparse,0.3541,0.0116,0.7756,0.1000,#FFAA00,26.164809480646742,48.51180833777322
6026,0.3102,Moderate Risk,3,3.04,0.1096,Natural Vegetation,Peri-Urban / Sparse,0.3541,0.0069,0.7824,0.1000,#FFAA00,23.317044696761965,48.80899478844138
6027,0.3101,Moderate Risk,3,2.83,0.1096,Natural Vegetation,Peri-Urban / Sparse,0.3541,0.0064,0.7828,0.1000,#FFAA00,26.31036638425983,48.51619014775551
6028,0.3101,Moderate Risk,3,8.91,0.1132,Natural Vegetation,Peri-Urban / Sparse,0.3541,0.0203,0.7619,0.1000,#FFAA00,24.689515128568488,49.22998387438391
6029,0.3100,Moderate Risk,3,5.36,0.1111,Natural Vegetation,Peri-Urban / Sparse,0.3541,0.0122,0.7736,0.1000,#FFAA00,24.39857990831109,49.22022310096302
6030,0.3100,Moderate Risk,3,5.31,0.1111,Natural Vegetation,Peri-Urban / Sparse,0.3541,0.0121,0.7736,0.1000,#FFAA00,26.16362663930074,48.559915259631495
6031,0.3099,Moderate Risk,3,3.57,0.1102,Natural Vegetation,Peri-Urban / Sparse,0.3541,0.0081,0.7789,0.1000,#FFAA00,25.427374753065152,48.87283335773615
6032,0.3098,Moderate Risk,3,3.22,0.1101,Natural Vegetation,Peri-Urban / Sparse,0.3541,0.0073,0.7799,0.1000,#FFAA00,23.244261602424146,48.80692213999193
6033,0.3098,Moderate Risk,3,5.32,0.1113,Natural Vegetation,Peri-Urban / Sparse,0.3541,0.0121,0.7725,0.1000,#FFAA00,23.534225671401455,48.86234754468657
6034,0.3097,Moderate Risk,3,11.82,0.1152,Natural Vegetation,Low Density Urban,0.3541,0.0269,0.7498,0.1000,#FFAA00,24.976292454626538,49.38267189439962
6035,0.3097,Moderate Risk,3,2.46,0.1097,Natural Vegetation,Peri-Urban / Sparse,0.3541,0.0056,0.7818,0.1000,#FFAA00,24.012230376332955,49.963675782162746
6036,0.3097,Moderate Risk,3,3.58,0.1104,Natural Vegetation,Peri-Urban / Sparse,0.3541,0.0082,0.7779,0.1000,#FFAA00,22.948513343569417,48.98622267421905
6037,0.3096,Moderate Risk,3,7.13,0.1125,Natural Vegetation,Peri-Urban / Sparse,0.3541,0.0163,0.7654,0.1000,#FFAA00,23.163182931565647,49.133491055628305
6038,0.3096,Moderate Risk,3,1.72,0.1094,Natural Vegetation,Peri-Urban / Sparse,0.3541,0.0039,0.7839,0.1000,#FFAA00,22.43438865198415,49.15825950644407
6039,0.3095,Moderate Risk,3,3.49,0.1105,Natural Vegetation,Peri-Urban / Sparse,0.3541,0.0080,0.7774,0.1000,#FFAA00,26.311540667829313,48.4680205209501
6040,0.3094,Moderate Risk,3,2.08,0.1097,Natural Vegetation,Peri-Urban / Sparse,0.3541,0.0047,0.7818,0.1000,#FFAA00,22.874560109456723,49.03093641613694
6041,0.3093,Moderate Risk,3,5.91,0.1121,Natural Vegetation,Peri-Urban / Sparse,0.3541,0.0135,0.7683,0.1000,#FFAA00,25.574148871660533,48.829658105593545
6042,0.3093,Moderate Risk,3,1.80,0.1097,Natural Vegetation,Peri-Urban / Sparse,0.3541,0.0041,0.7819,0.1000,#FFAA00,22.879206284200198,48.843540448948914
6043,0.3093,Moderate Risk,3,1.09,0.1092,Natural Vegetation,Peri-Urban / Sparse,0.3541,0.0025,0.7847,0.1000,#FFAA00,26.174733470500428,48.07871715950774
6044,0.3092,Moderate Risk,3,0.55,0.1090,Natural Vegetation,Rural / Scattered,0.3541,0.0013,0.7861,0.1000,#FFAA00,26.32339230336928,47.937969052903924
6045,0.3091,Moderate Risk,3,1.80,0.1099,Natural Vegetation,Peri-Urban / Sparse,0.3541,0.0041,0.7811,0.1000,#FFAA00,22.806422119562747,48.84149285812313
6046,0.3088,Moderate Risk,3,1.79,0.1101,Natural Vegetation,Peri-Urban / Sparse,0.3541,0.0041,0.7797,0.1000,#FFAA00,22.50953800592609,49.06700817481504
6047,0.3087,Moderate Risk,3,3.13,0.1110,Natural Vegetation,Peri-Urban / Sparse,0.3541,0.0071,0.7746,0.1000,#FFAA00,26.238758933663707,48.46585535203144
6048,0.3087,Moderate Risk,3,0.95,0.1096,Natural Vegetation,Rural / Scattered,0.3541,0.0022,0.7823,0.1000,#FFAA00,26.249579391993624,47.98430334720622
6049,0.3085,Moderate Risk,3,1.12,0.1100,Natural Vegetation,Peri-Urban / Sparse,0.3541,0.0025,0.7804,0.1000,#FFAA00,26.175755894579073,48.03058233931391
6050,0.3082,Moderate Risk,3,1.73,0.1106,Natural Vegetation,Peri-Urban / Sparse,0.3541,0.0039,0.7770,0.1000,#FFAA00,22.43317771857583,49.20494418042598
6051,0.3081,Moderate Risk,3,5.96,0.1132,Natural Vegetation,Peri-Urban / Sparse,0.3541,0.0136,0.7619,0.1000,#FFAA00,25.179491740591132,49.86697114687846
6052,0.3079,Moderate Risk,3,1.10,0.1105,Natural Vegetation,Peri-Urban / Sparse,0.3541,0.0025,0.7773,0.1000,#FFAA00,26.388871727564254,48.277366169816176
6053,0.3078,Moderate Risk,3,6.66,0.1138,Natural Vegetation,Peri-Urban / Sparse,0.3541,0.0152,0.7581,0.1000,#FFAA00,25.353352171402754,48.91827100063116
6054,0.3078,Moderate Risk,3,3.09,0.1117,Natural Vegetation,Peri-Urban / Sparse,0.3541,0.0070,0.7704,0.1000,#FFAA00,25.787230949210226,49.028385262594995
6055,0.3077,Moderate Risk,3,1.76,0.1111,Natural Vegetation,Peri-Urban / Sparse,0.3541,0.0040,0.7741,0.1000,#FFAA00,22.66085127990236,48.83742268840699
6056,0.3076,Moderate Risk,3,3.37,0.1120,Natural Vegetation,Peri-Urban / Sparse,0.3541,0.0077,0.7685,0.1000,#FFAA00,25.785893739050156,49.07630998889499
6057,0.3075,Moderate Risk,3,4.37,0.1127,Natural Vegetation,Peri-Urban / Sparse,0.3541,0.0100,0.7645,0.1000,#FFAA00,25.562230436729042,49.26019858483312
6058,0.3075,Moderate Risk,3,3.43,0.1121,Natural Vegetation,Peri-Urban / Sparse,0.3541,0.0078,0.7677,0.1000,#FFAA00,23.826502410148994,48.823739174581206
6059,0.3074,Moderate Risk,3,3.73,0.1467,Unknown,Peri-Urban / Sparse,0.3541,0.0085,0.5661,0.5000,#FFAA00,25.23465528760909,47.720093496866475
6060,0.3073,Moderate Risk,3,1.02,0.1110,Natural Vegetation,Peri-Urban / Sparse,0.3541,0.0023,0.7747,0.1000,#FFAA00,26.248569809808178,48.03247061824875
6061,0.3072,Moderate Risk,3,5.34,0.1479,Unknown,Peri-Urban / Sparse,0.3541,0.0122,0.5596,0.5000,#FFAA00,24.50080174320951,47.9891050091536
6062,0.3071,Moderate Risk,3,2.33,0.1119,Natural Vegetation,Peri-Urban / Sparse,0.3541,0.0053,0.7693,0.1000,#FFAA00,25.859970202914653,49.0308515945892
6063,0.3071,Moderate Risk,3,7.56,0.1150,Natural Vegetation,Peri-Urban / Sparse,0.3541,0.0172,0.7513,0.1000,#FFAA00,25.718395368712958,48.88222131183605
6064,0.3069,Moderate Risk,3,1.17,0.1114,Natural Vegetation,Peri-Urban / Sparse,0.3541,0.0027,0.7722,0.1000,#FFAA00,26.31607644940767,48.2753129471351
6065,0.3068,Moderate Risk,3,3.48,0.1128,Natural Vegetation,Peri-Urban / Sparse,0.3541,0.0079,0.7640,0.1000,#FFAA00,24.160610407148905,49.87480610602826
6066,0.3068,Moderate Risk,3,3.20,0.1127,Natural Vegetation,Peri-Urban / Sparse,0.3541,0.0073,0.7647,0.1000,#FFAA00,25.207842763793995,48.91359250484829
6067,0.3067,Moderate Risk,3,4.53,0.1479,Unknown,Peri-Urban / Sparse,0.3541,0.0103,0.5596,0.5000,#FFAA00,24.500801743209518,47.9891050091536
6068,0.3067,Moderate Risk,3,3.82,0.1131,Natural Vegetation,Peri-Urban / Sparse,0.3541,0.0087,0.7624,0.1000,#FFAA00,25.788552433199218,48.98045716613967
6069,0.3065,Moderate Risk,3,6.71,0.1149,Natural Vegetation,Peri-Urban / Sparse,0.3541,0.0153,0.7515,0.1000,#FFAA00,23.526948633800323,49.14478901396058
6070,0.3065,Moderate Risk,3,9.97,0.1169,Natural Vegetation,Peri-Urban / Sparse,0.3541,0.0227,0.7400,0.1000,#FFAA00,25.867687913424266,48.7430588051738
6071,0.3064,Moderate Risk,3,3.35,0.1131,Natural Vegetation,Peri-Urban / Sparse,0.3541,0.0076,0.7624,0.1000,#FFAA00,22.083820531003933,48.58849901135237
6072,0.3064,Moderate Risk,3,0.87,0.1117,Natural Vegetation,Rural / Scattered,0.3541,0.0020,0.7706,0.1000,#FFAA00,26.389968800191912,48.22915213653411
6073,0.3064,Moderate Risk,3,1.94,0.1122,Natural Vegetation,Peri-Urban / Sparse,0.3541,0.0044,0.7672,0.1000,#FFAA00,22.5846494610922,48.97565583727946
6074,0.3063,Moderate Risk,3,4.12,0.1136,Natural Vegetation,Peri-Urban / Sparse,0.3541,0.0094,0.7593,0.1000,#FFAA00,25.575395242574757,48.781803819670344
6075,0.3062,Moderate Risk,3,7.48,0.1157,Natural Vegetation,Peri-Urban / Sparse,0.3541,0.0170,0.7472,0.1000,#FFAA00,25.644359901983822,48.92773742569436
6076,0.3062,Moderate Risk,3,0.97,0.1118,Natural Vegetation,Rural / Scattered,0.3541,0.0022,0.7697,0.1000,#FFAA00,26.317170038187733,48.227128990379335
6077,0.3061,Moderate Risk,3,4.67,0.1141,Natural Vegetation,Peri-Urban / Sparse,0.3541,0.0106,0.7565,0.1000,#FFAA00,25.283104522505436,48.82045675187643
6078,0.3061,Moderate Risk,3,2.69,0.1129,Natural Vegetation,Peri-Urban / Sparse,0.3541,0.0061,0.7631,0.1000,#FFAA00,26.242174079682563,48.32141876802216
6079,0.3060,Moderate Risk,3,0.85,0.1119,Natural Vegetation,Rural / Scattered,0.3541,0.0019,0.7690,0.1000,#FFAA00,26.462766676929423,48.23118301526966
6080,0.3059,Moderate Risk,3,1.88,0.1126,Natural Vegetation,Peri-Urban / Sparse,0.3541,0.0043,0.7650,0.1000,#FFAA00,22.510712823731616,49.02028978260745
6081,0.3059,Moderate Risk,3,2.42,0.1129,Natural Vegetation,Peri-Urban / Sparse,0.3541,0.0055,0.7631,0.1000,#FFAA00,24.305951532963338,49.880357908202534
6082,0.3055,Moderate Risk,3,1.73,0.1129,Natural Vegetation,Peri-Urban / Sparse,0.3541,0.0039,0.7632,0.1000,#FFAA00,26.243280283816016,48.27326755051904
6083,0.3054,Moderate Risk,3,0.75,0.1124,Natural Vegetation,Rural / Scattered,0.3541,0.0017,0.7661,0.1000,#FFAA00,26.318247477128363,48.17894228969144
6084,0.3047,Moderate Risk,3,4.35,0.1151,Natural Vegetation,Peri-Urban / Sparse,0.3541,0.0099,0.7506,0.1000,#FFAA00,25.106828638311868,49.8640838658689
6085,0.3045,Moderate Risk,3,3.10,0.1145,Natural Vegetation,Peri-Urban / Sparse,0.3541,0.0071,0.7538,0.1000,#FFAA00,23.82766733620965,48.776547733373725
6086,0.3044,Moderate Risk,3,1.90,0.1140,Natural Vegetation,Peri-Urban / Sparse,0.3541,0.0043,0.7572,0.1000,#FFAA00,22.58806460976476,48.835400070210994
6087,0.3043,Moderate Risk,3,1.83,0.1140,Natural Vegetation,Peri-Urban / Sparse,0.3541,0.0042,0.7570,0.1000,#FFAA00,22.95312076898911,48.798714965775304
6088,0.3042,Moderate Risk,3,5.15,0.1160,Natural Vegetation,Peri-Urban / Sparse,0.3541,0.0117,0.7454,0.1000,#FFAA00,23.680947363774976,48.81948417172254
6089,0.3042,Moderate Risk,3,18.39,,Unknown,Low Density Urban,0.3541,0.0419,0.5000,0.5000,#FFAA00,24.280404887102694,48.07875636761201
6090,0.3042,Moderate Risk,3,0.74,0.1134,Natural Vegetation,Rural / Scattered,0.3541,0.0017,0.7605,0.1000,#FFAA00,26.32138286011819,48.034366131291584
6091,0.3042,Moderate Risk,3,7.61,0.1174,Natural Vegetation,Peri-Urban / Sparse,0.3541,0.0173,0.7370,0.1000,#FFAA00,25.79855766150778,48.59691583789634
6092,0.3042,Moderate Risk,3,2.60,0.1145,Natural Vegetation,Peri-Urban / Sparse,0.3541,0.0059,0.7537,0.1000,#FFAA00,24.81922522605761,49.757653285683304
6093,0.3042,Moderate Risk,3,2.09,0.1142,Natural Vegetation,Peri-Urban / Sparse,0.3541,0.0048,0.7558,0.1000,#FFAA00,23.781648948891117,50.332061475928654
6094,0.3041,Moderate Risk,3,2.54,0.1146,Natural Vegetation,Peri-Urban / Sparse,0.3541,0.0058,0.7537,0.1000,#FFAA00,23.462608331726962,48.81316525228354
6095,0.3039,Moderate Risk,3,13.67,0.1213,Natural Vegetation,Low Density Urban,0.3541,0.0312,0.7147,0.1000,#FFAA00,23.378923478492467,49.23426144589017
6096,0.3039,Moderate Risk,3,1.78,0.1143,Natural Vegetation,Peri-Urban / Sparse,0.3541,0.0041,0.7554,0.1000,#FFAA00,21.99175919053363,49.378064241473446
6097,0.3038,Moderate Risk,3,3.74,0.1155,Natural Vegetation,Peri-Urban / Sparse,0.3541,0.0085,0.7480,0.1000,#FFAA00,23.609321522565846,48.77025612291836
6098,0.3038,Moderate Risk,3,5.16,0.1163,Natural Vegetation,Peri-Urban / Sparse,0.3541,0.0118,0.7434,0.1000,#FFAA00,25.04471314975211,49.528082834043374
6099,0.3038,Moderate Risk,3,1.70,0.1144,Natural Vegetation,Peri-Urban / Sparse,0.3541,0.0039,0.7548,0.1000,#FFAA00,22.36632099958974,48.96941892305079
6100,0.3037,Moderate Risk,3,6.16,0.1170,Natural Vegetation,Peri-Urban / Sparse,0.3541,0.0140,0.7394,0.1000,#FFAA00,25.944108432636558,48.601331615497166
6101,0.3037,Moderate Risk,3,2.35,0.1148,Natural Vegetation,Peri-Urban / Sparse,0.3541,0.0054,0.7521,0.1000,#FFAA00,24.4497475195687,49.933304348067715
6102,0.3036,Moderate Risk,3,2.94,0.1153,Natural Vegetation,Peri-Urban / Sparse,0.3541,0.0067,0.7495,0.1000,#FFAA00,24.988312089930666,48.954260576586584
6103,0.3036,Moderate Risk,3,2.23,0.1148,Natural Vegetation,Peri-Urban / Sparse,0.3541,0.0051,0.7520,0.1000,#FFAA00,23.92689308316734,50.33802567207821
6104,0.3035,Moderate Risk,3,4.04,0.1160,Natural Vegetation,Peri-Urban / Sparse,0.3541,0.0092,0.7455,0.1000,#FFAA00,23.68210431943691,48.77234493853142
6105,0.3033,Moderate Risk,3,2.45,0.1152,Natural Vegetation,Peri-Urban / Sparse,0.3541,0.0056,0.7498,0.1000,#FFAA00,24.302875230869464,49.97494782822363
6106,0.3033,Moderate Risk,3,13.00,0.1214,Natural Vegetation,Low Density Urban,0.3541,0.0296,0.7140,0.1000,#FFAA00,25.27406234163857,49.154546144938095
6107,0.3031,Moderate Risk,3,1.80,0.1150,Natural Vegetation,Peri-Urban / Sparse,0.3541,0.0041,0.7510,0.1000,#FFAA00,22.880333458686756,48.79668392741542
6108,0.3030,Moderate Risk,3,5.52,0.1173,Natural Vegetation,Peri-Urban / Sparse,0.3541,0.0126,0.7377,0.1000,#FFAA00,24.412234286183946,48.69887941554444
6109,0.3030,Moderate Risk,3,2.81,0.1157,Natural Vegetation,Peri-Urban / Sparse,0.3541,0.0064,0.7471,0.1000,#FFAA00,23.389826940666165,48.811075819100864
6110,0.3029,Moderate Risk,3,0.86,0.1146,Natural Vegetation,Rural / Scattered,0.3541,0.0020,0.7535,0.1000,#FFAA00,26.244370392977338,48.225113555890594
6111,0.3029,Moderate Risk,3,2.19,0.1154,Natural Vegetation,Peri-Urban / Sparse,0.3541,0.0050,0.7488,0.1000,#FFAA00,23.337732044433906,50.54900076990785
6112,0.3028,Moderate Risk,3,3.97,0.1165,Natural Vegetation,Peri-Urban / Sparse,0.3541,0.0090,0.7423,0.1000,#FFAA00,25.426105493211704,48.92062389192096
6113,0.3028,Moderate Risk,3,2.77,0.1158,Natural Vegetation,Peri-Urban / Sparse,0.3541,0.0063,0.7465,0.1000,#FFAA00,23.82881786836747,48.72935329537097
6114,0.3026,Moderate Risk,3,5.78,0.1177,Natural Vegetation,Peri-Urban / Sparse,0.3541,0.0132,0.7351,0.1000,#FFAA00,25.35461729399948,48.870508971210185
6115,0.3024,Moderate Risk,3,2.27,0.1159,Natural Vegetation,Peri-Urban / Sparse,0.3541,0.0052,0.7461,0.1000,#FFAA00,23.53767267481354,48.721085259669366
6116,0.3024,Moderate Risk,3,2.10,0.1158,Natural Vegetation,Peri-Urban / Sparse,0.3541,0.0048,0.7465,0.1000,#FFAA00,24.666158620198118,49.98929036045559
6117,0.3023,Moderate Risk,3,1.04,0.1153,Natural Vegetation,Peri-Urban / Sparse,0.3541,0.0024,0.7495,0.1000,#FFAA00,26.176762257803613,47.98244495204011
6118,0.3021,Moderate Risk,3,3.16,0.1166,Natural Vegetation,Peri-Urban / Sparse,0.3541,0.0072,0.7417,0.1000,#FFAA00,25.2090996262552,48.86588715532117
6119,0.3018,Moderate Risk,3,4.14,0.1175,Natural Vegetation,Peri-Urban / Sparse,0.3541,0.0094,0.7365,0.1000,#FFAA00,22.15559775564434,48.63696904913129
6120,0.3018,Moderate Risk,3,3.78,0.1173,Natural Vegetation,Peri-Urban / Sparse,0.3541,0.0086,0.7378,0.1000,#FFAA00,24.485015416805098,48.70100734129868
6121,0.3017,Moderate Risk,3,2.82,0.1168,Natural Vegetation,Peri-Urban / Sparse,0.3541,0.0064,0.7408,0.1000,#FFAA00,25.13508668277749,48.91126685307376
6122,0.3017,Moderate Risk,3,1.72,0.1162,Natural Vegetation,Peri-Urban / Sparse,0.3541,0.0039,0.7442,0.1000,#FFAA00,22.6619665218216,48.790640309543534
6123,0.3015,Moderate Risk,3,2.61,0.1169,Natural Vegetation,Peri-Urban / Sparse,0.3541,0.0059,0.7403,0.1000,#FFAA00,24.08642296845934,49.91926381738377
6124,0.3013,Moderate Risk,3,2.58,0.1170,Natural Vegetation,Peri-Urban / Sparse,0.3541,0.0059,0.7394,0.1000,#FFAA00,23.61046025298467,48.72313986302544
6125,0.3013,Moderate Risk,3,5.52,0.1187,Natural Vegetation,Peri-Urban / Sparse,0.3541,0.0126,0.7296,0.1000,#FFAA00,25.496264493813207,49.018614401123294
6126,0.3012,Moderate Risk,3,2.88,0.1172,Natural Vegetation,Peri-Urban / Sparse,0.3541,0.0066,0.7382,0.1000,#FFAA00,23.754886258112233,48.77444213514829
6127,0.3012,Moderate Risk,3,4.01,0.1179,Natural Vegetation,Peri-Urban / Sparse,0.3541,0.0091,0.7343,0.1000,#FFAA00,24.47131510597376,49.22264891114065
6128,0.3010,Moderate Risk,3,13.67,,Unknown,Low Density Urban,0.3541,0.0312,0.5000,0.5000,#FFAA00,25.632121606838005,49.35847578621552
6129,0.3010,Moderate Risk,3,13.71,,Unknown,Low Density Urban,0.3541,0.0313,0.5000,0.5000,#FFAA00,25.163534949692394,47.622982546409965
6130,0.3010,Moderate Risk,3,3.50,0.1178,Natural Vegetation,Peri-Urban / Sparse,0.3541,0.0080,0.7347,0.1000,#FFAA00,24.896393656895164,49.617839259327454
6131,0.3010,Moderate Risk,3,6.36,0.1195,Natural Vegetation,Peri-Urban / Sparse,0.3541,0.0145,0.7249,0.1000,#FFAA00,23.679776116215855,48.86662038586684
6132,0.3009,Moderate Risk,3,3.32,0.1178,Natural Vegetation,Peri-Urban / Sparse,0.3541,0.0076,0.7349,0.1000,#FFAA00,25.21034115375535,48.81817862237764
6133,0.3006,Moderate Risk,3,3.69,0.1182,Natural Vegetation,Peri-Urban / Sparse,0.3541,0.0084,0.7324,0.1000,#FFAA00,25.87251707320867,48.55113361491035
6134,0.3005,Moderate Risk,3,1.68,0.1171,Natural Vegetation,Peri-Urban / Sparse,0.3541,0.0038,0.7386,0.1000,#FFAA00,22.365167981192773,49.01609192802663
6135,0.3004,Moderate Risk,3,2.03,0.1175,Natural Vegetation,Peri-Urban / Sparse,0.3541,0.0046,0.7367,0.1000,#FFAA00,23.17260685283934,48.75789809007232
6136,0.3003,Moderate Risk,3,3.20,0.1182,Natural Vegetation,Peri-Urban / Sparse,0.3541,0.0073,0.7325,0.1000,#FFAA00,22.15455004073495,48.683590442547384
6137,0.3001,Moderate Risk,3,1.82,0.1176,Natural Vegetation,Peri-Urban / Sparse,0.3541,0.0041,0.7362,0.1000,#FFAA00,22.658579981901003,48.93097854572059
6138,0.3001,Moderate Risk,3,2.23,0.1178,Natural Vegetation,Peri-Urban / Sparse,0.3541,0.0051,0.7348,0.1000,#FFAA00,23.463753363773463,48.76610355282724
6139,0.3001,Moderate Risk,3,12.42,,Unknown,Low Density Urban,0.3541,0.0283,0.5000,0.5000,#FFAA00,25.69746266961755,49.600443574436746
6140,0.3000,Moderate Risk,3,6.94,0.1206,Natural Vegetation,Peri-Urban / Sparse,0.3541,0.0158,0.7182,0.1000,#FFAA00,24.482657920827187,48.79587964402288
6141,0.3000,Low Risk,2,2.91,0.1183,Natural Vegetation,Peri-Urban / Sparse,0.3541,0.0066,0.7317,0.1000,#FFDD88,23.53538886753615,48.81526310841037
6142,0.3000,Low Risk,2,0.77,0.1171,Natural Vegetation,Rural / Scattered,0.3541,0.0017,0.7391,0.1000,#FFDD88,26.246502312261082,48.12879739765541
6143,0.2995,Low Risk,2,1.62,0.1180,Natural Vegetation,Peri-Urban / Sparse,0.3541,0.0037,0.7339,0.1000,#FFDD88,22.370799015933343,48.782696921891706
6144,0.2990,Low Risk,2,10.69,,Unknown,Low Density Urban,0.3541,0.0244,0.5000,0.5000,#FFDD88,25.901128872381328,50.04020024580665
6145,0.2990,Low Risk,2,2.25,0.1188,Natural Vegetation,Peri-Urban / Sparse,0.3541,0.0051,0.7289,0.1000,#FFDD88,23.24539474876637,48.75993704631711
6146,0.2987,Low Risk,2,1.72,0.1187,Natural Vegetation,Peri-Urban / Sparse,0.3541,0.0039,0.7296,0.1000,#FFDD88,26.099835627673684,48.17300860461285
6147,0.2986,Low Risk,2,0.86,0.1183,Natural Vegetation,Rural / Scattered,0.3541,0.0020,0.7321,0.1000,#FFDD88,26.177752556903414,47.934305038240545
6148,0.2985,Low Risk,2,1.81,0.1190,Natural Vegetation,Peri-Urban / Sparse,0.3541,0.0041,0.7279,0.1000,#FFDD88,22.226288505350528,48.73213439343459
6149,0.2982,Low Risk,2,4.24,0.1206,Natural Vegetation,Peri-Urban / Sparse,0.3541,0.0097,0.7185,0.1000,#FFDD88,25.114464268497407,49.626017074521066
6150,0.2981,Low Risk,2,2.18,0.1195,Natural Vegetation,Peri-Urban / Sparse,0.3541,0.0050,0.7249,0.1000,#FFDD88,22.22735334796094,48.6854918729831
6151,0.2978,Low Risk,2,1.65,0.1194,Natural Vegetation,Peri-Urban / Sparse,0.3541,0.0038,0.7253,0.1000,#FFDD88,22.299087153095694,48.73406774353267
6152,0.2976,Low Risk,2,1.70,0.1197,Natural Vegetation,Peri-Urban / Sparse,0.3541,0.0039,0.7240,0.1000,#FFDD88,22.225210339526807,48.7787740705505
6153,0.2973,Low Risk,2,2.82,0.1206,Natural Vegetation,Peri-Urban / Sparse,0.3541,0.0064,0.7185,0.1000,#FFDD88,22.51415629296221,48.88011624892499
6154,0.2972,Low Risk,2,2.15,0.1202,Natural Vegetation,Peri-Urban / Sparse,0.3541,0.0049,0.7205,0.1000,#FFDD88,22.153489047407874,48.73020903436861
6155,0.2972,Low Risk,2,3.09,0.1208,Natural Vegetation,Peri-Urban / Sparse,0.3541,0.0070,0.7173,0.1000,#FFDD88,24.55662041351978,48.75060855886644
6156,0.2964,Low Risk,2,1.62,0.1206,Natural Vegetation,Peri-Urban / Sparse,0.3541,0.0037,0.7182,0.1000,#FFDD88,22.444682008329966,48.73795849104165
6157,0.2964,Low Risk,2,1.65,0.1207,Natural Vegetation,Peri-Urban / Sparse,0.3541,0.0037,0.7180,0.1000,#FFDD88,22.2241188538537,48.82541086907998
6158,0.2964,Low Risk,2,6.74,0.1237,Natural Vegetation,Peri-Urban / Sparse,0.3541,0.0154,0.7006,0.1000,#FFDD88,24.616782718659827,49.227529273549955
6159,0.2963,Low Risk,2,1.93,0.1209,Natural Vegetation,Peri-Urban / Sparse,0.3541,0.0044,0.7167,0.1000,#FFDD88,22.442488781100078,48.831379669659704
6160,0.2961,Low Risk,2,6.53,,Unknown,Peri-Urban / Sparse,0.3541,0.0149,0.5000,0.5000,#FFDD88,25.090684414248525,47.62142631208612
6161,0.2961,Low Risk,2,1.67,0.1209,Natural Vegetation,Peri-Urban / Sparse,0.3541,0.0038,0.7165,0.1000,#FFDD88,22.300155848834162,48.68740119534532
6162,0.2960,Low Risk,2,10.22,0.1946,Minepits/Industry,Low Density Urban,0.3541,0.0233,0.2869,0.9000,#FFDD88,23.45788679222661,49.00138171328594
6163,0.2958,Low Risk,2,1.64,0.1212,Natural Vegetation,Peri-Urban / Sparse,0.3541,0.0037,0.7152,0.1000,#FFDD88,22.298005085992212,48.78073144179142
6164,0.2957,Low Risk,2,1.68,0.1213,Natural Vegetation,Peri-Urban / Sparse,0.3541,0.0038,0.7144,0.1000,#FFDD88,22.517478210991673,48.73991592580909
6165,0.2953,Low Risk,2,5.33,,Unknown,Peri-Urban / Sparse,0.3541,0.0122,0.5000,0.5000,#FFDD88,25.235527692737758,47.67232027797665
6166,0.2947,Low Risk,2,4.50,,Unknown,Peri-Urban / Sparse,0.3541,0.0102,0.5000,0.5000,#FFDD88,25.76075943886868,49.89047630404293
6167,0.2941,Low Risk,2,3.66,,Unknown,Peri-Urban / Sparse,0.3541,0.0083,0.5000,0.5000,#FFDD88,19.47828112247244,47.56455794120723
6168,0.2940,Low Risk,2,3.51,,Unknown,Peri-Urban / Sparse,0.3541,0.0080,0.5000,0.5000,#FFDD88,26.600263653518358,48.57334216525058
6169,0.2939,Low Risk,2,3.28,,Unknown,Peri-Urban / Sparse,0.3541,0.0075,0.5000,0.5000,#FFDD88,26.154898370404016,48.89657710832861
6170,0.2936,Low Risk,2,2.80,,Unknown,Peri-Urban / Sparse,0.3541,0.0064,0.5000,0.5000,#FFDD88,23.915294265362526,48.117315451417355
6171,0.2935,Low Risk,2,2.73,,Unknown,Peri-Urban / Sparse,0.3541,0.0062,0.5000,0.5000,#FFDD88,24.955159329285646,50.04850237257636
6172,0.2934,Low Risk,2,2.55,,Unknown,Peri-Urban / Sparse,0.3541,0.0058,0.5000,0.5000,#FFDD88,25.831788495296486,49.94135201550395
6173,0.2933,Low Risk,2,2.41,,Unknown,Peri-Urban / Sparse,0.3541,0.0055,0.5000,0.5000,#FFDD88,23.923581126195906,50.432269082046844
6174,0.2933,Low Risk,2,2.36,,Unknown,Peri-Urban / Sparse,0.3541,0.0054,0.5000,0.5000,#FFDD88,25.600621144747485,47.63244803540797
6175,0.2932,Low Risk,2,2.21,,Unknown,Peri-Urban / Sparse,0.3541,0.0050,0.5000,0.5000,#FFDD88,26.60146926001889,48.525054720090814
6176,0.2932,Low Risk,2,2.31,,Unknown,Peri-Urban / Sparse,0.3541,0.0053,0.5000,0.5000,#FFDD88,22.359336151309265,51.44137652853533
6177,0.2932,Low Risk,2,2.22,,Unknown,Peri-Urban / Sparse,0.3541,0.0051,0.5000,0.5000,#FFDD88,23.84246334513853,48.11556981332229
6178,0.2932,Low Risk,2,2.34,,Unknown,Peri-Urban / Sparse,0.3541,0.0053,0.5000,0.5000,#FFDD88,23.999513593478234,50.34102560741573
6179,0.2932,Low Risk,2,2.30,,Unknown,Peri-Urban / Sparse,0.3541,0.0052,0.5000,0.5000,#FFDD88,22.357472305710925,51.48786225497163
6180,0.2932,Low Risk,2,2.32,,Unknown,Peri-Urban / Sparse,0.3541,0.0053,0.5000,0.5000,#FFDD88,26.00272962401949,49.13183432587803
6181,0.2931,Low Risk,2,2.20,,Unknown,Peri-Urban / Sparse,0.3541,0.0050,0.5000,0.5000,#FFDD88,26.453507424167636,48.61705612760024
6182,0.2931,Low Risk,2,2.08,,Unknown,Peri-Urban / Sparse,0.3541,0.0048,0.5000,0.5000,#FFDD88,23.769631616771203,48.11383113259988
6183,0.2931,Low Risk,2,2.20,,Unknown,Peri-Urban / Sparse,0.3541,0.0050,0.5000,0.5000,#FFDD88,23.76988690896492,50.66147358541933
6184,0.2931,Low Risk,2,2.10,,Unknown,Peri-Urban / Sparse,0.3541,0.0048,0.5000,0.5000,#FFDD88,24.79757880337604,47.71047346739002
6185,0.2931,Low Risk,2,2.14,,Unknown,Peri-Urban / Sparse,0.3541,0.0049,0.5000,0.5000,#FFDD88,25.745433250474274,47.68362941017787
6186,0.2930,Low Risk,2,2.02,,Unknown,Peri-Urban / Sparse,0.3541,0.0046,0.5000,0.5000,#FFDD88,23.623965744126778,48.110374574811104
6187,0.2930,Low Risk,2,1.99,,Unknown,Peri-Urban / Sparse,0.3541,0.0045,0.5000,0.5000,#FFDD88,25.818273613973407,47.68527012365739
6188,0.2930,Low Risk,2,1.92,,Unknown,Peri-Urban / Sparse,0.3541,0.0044,0.5000,0.5000,#FFDD88,23.332624394984077,48.10354419966159
6189,0.2930,Low Risk,2,2.02,,Unknown,Peri-Urban / Sparse,0.3541,0.0046,0.5000,0.5000,#FFDD88,23.551131604116204,48.108656663739325
6190,0.2929,Low Risk,2,1.79,,Unknown,Peri-Urban / Sparse,0.3541,0.0041,0.5000,0.5000,#FFDD88,19.55052729965609,47.611581257635336
6191,0.2929,Low Risk,2,3.57,0.1248,Natural Vegetation,Peri-Urban / Sparse,0.3541,0.0081,0.6941,0.1000,#FFDD88,24.469980723465824,49.27005119316353
6192,0.2926,Low Risk,2,1.45,,Unknown,Peri-Urban / Sparse,0.3541,0.0033,0.5000,0.5000,#FFDD88,20.635478735799225,48.13775847315828
6193,0.2926,Low Risk,2,1.47,,Unknown,Peri-Urban / Sparse,0.3541,0.0034,0.5000,0.5000,#FFDD88,19.985107730007687,47.80269064436099
6194,0.2926,Low Risk,2,1.35,,Unknown,Peri-Urban / Sparse,0.3541,0.0031,0.5000,0.5000,#FFDD88,23.25978706938072,48.10185374571268
6195,0.2926,Low Risk,2,1.47,,Unknown,Peri-Urban / Sparse,0.3541,0.0034,0.5000,0.5000,#FFDD88,20.27437521768414,47.94610913846918
6196,0.2926,Low Risk,2,1.45,,Unknown,Peri-Urban / Sparse,0.3541,0.0033,0.5000,0.5000,#FFDD88,20.12938809000044,47.89734051359224
6197,0.2926,Low Risk,2,1.46,,Unknown,Peri-Urban / Sparse,0.3541,0.0033,0.5000,0.5000,#FFDD88,20.56345023367248,48.09011984432225
6198,0.2925,Low Risk,2,1.71,0.1241,Natural Vegetation,Peri-Urban / Sparse,0.3541,0.0039,0.6983,0.1000,#FFDD88,22.369699627467956,48.82938184862119
6199,0.2925,Low Risk,2,6.07,0.1266,Natural Vegetation,Peri-Urban / Sparse,0.3541,0.0138,0.6837,0.1000,#FFDD88,23.3886717788229,48.85810889077068
6200,0.2924,Low Risk,2,1.11,,Unknown,Peri-Urban / Sparse,0.3541,0.0025,0.5000,0.5000,#FFDD88,26.53556366634215,48.23322164761094
6201,0.2924,Low Risk,2,1.09,,Unknown,Peri-Urban / Sparse,0.3541,0.0025,0.5000,0.5000,#FFDD88,26.463850984980102,48.18293603189941
6202,0.2923,Low Risk,2,1.00,,Unknown,Rural / Scattered,0.3541,0.0023,0.5000,0.5000,#FFDD88,19.84005006854566,47.75417414510365
6203,0.2922,Low Risk,2,0.78,,Unknown,Rural / Scattered,0.3541,0.0018,0.5000,0.5000,#FFDD88,26.327217123617324,47.74514522958276
6204,0.2922,Low Risk,2,13.08,0.1309,Natural Vegetation,Low Density Urban,0.3541,0.0298,0.6582,0.1000,#FFDD88,24.25178576555609,49.26272160958867
6205,0.2922,Low Risk,2,0.86,,Unknown,Rural / Scattered,0.3541,0.0020,0.5000,0.5000,#FFDD88,26.534459613256654,48.28149617837604
6206,0.2921,Low Risk,2,0.63,,Unknown,Rural / Scattered,0.3541,0.0014,0.5000,0.5000,#FFDD88,22.3162747845574,47.89366813199357
6207,0.2921,Low Risk,2,0.61,,Unknown,Rural / Scattered,0.3541,0.0014,0.5000,0.5000,#FFDD88,22.1713743040939,47.84401086630656
6208,0.2921,Low Risk,2,0.65,,Unknown,Rural / Scattered,0.3541,0.0015,0.5000,0.5000,#FFDD88,22.46028629947149,47.99020064834058
6209,0.2921,Low Risk,2,0.72,,Unknown,Rural / Scattered,0.3541,0.0016,0.5000,0.5000,#FFDD88,26.326285184719527,47.7933547917135
6210,0.2921,Low Risk,2,0.64,,Unknown,Rural / Scattered,0.3541,0.0015,0.5000,0.5000,#FFDD88,22.750804059955875,48.0433611886901
6211,0.2921,Low Risk,2,0.64,,Unknown,Rural / Scattered,0.3541,0.0015,0.5000,0.5000,#FFDD88,22.677957269430557,48.04174957550166
6212,0.2920,Low Risk,2,0.53,,Unknown,Rural / Scattered,0.3541,0.0012,0.5000,0.5000,#FFDD88,26.397194480857518,47.89157915243644
6213,0.2920,Low Risk,2,0.47,,Unknown,Rural / Scattered,0.3541,0.0011,0.5000,0.5000,#FFDD88,26.11139272413609,47.59564540708887
6214,0.2920,Low Risk,2,0.46,,Unknown,Rural / Scattered,0.3541,0.0011,0.5000,0.5000,#FFDD88,21.515561936394743,47.83105600491096
6215,0.2920,Low Risk,2,0.52,,Unknown,Rural / Scattered,0.3541,0.0012,0.5000,0.5000,#FFDD88,26.330783024192208,47.55228402805493
6216,0.2920,Low Risk,2,0.48,,Unknown,Rural / Scattered,0.3541,0.0011,0.5000,0.5000,#FFDD88,21.73255223197151,47.92836096688446
6217,0.2920,Low Risk,2,0.53,,Unknown,Rural / Scattered,0.3541,0.0012,0.5000,0.5000,#FFDD88,26.396210888882063,47.93981158746355
6218,0.2920,Low Risk,2,0.58,,Unknown,Rural / Scattered,0.3541,0.0013,0.5000,0.5000,#FFDD88,22.026445697783604,47.794471730905144
6219,0.2920,Low Risk,2,0.47,,Unknown,Rural / Scattered,0.3541,0.0011,0.5000,0.5000,#FFDD88,21.442690246926446,47.82964658085848
6220,0.2920,Low Risk,2,0.46,,Unknown,Rural / Scattered,0.3541,0.0011,0.5000,0.5000,#FFDD88,21.22328783008264,47.87181413044216
6221,0.2920,Low Risk,2,0.46,,Unknown,Rural / Scattered,0.3541,0.0011,0.5000,0.5000,#FFDD88,21.15041620675021,47.870405771673106
6222,0.2919,Low Risk,2,0.41,,Unknown,Rural / Scattered,0.3541,0.0009,0.5000,0.5000,#FFDD88,19.622755849991695,47.658649083278554
6223,0.2919,Low Risk,2,0.43,,Unknown,Rural / Scattered,0.3541,0.0010,0.5000,0.5000,#FFDD88,19.767860678038524,47.706990220113035
6224,0.2904,Low Risk,2,1.82,0.1259,Natural Vegetation,Peri-Urban / Sparse,0.3541,0.0042,0.6875,0.1000,#FFDD88,22.30628704062542,48.40734403786164
6225,0.2882,Low Risk,2,10.92,0.1846,Bare Land,Low Density Urban,0.3541,0.0249,0.3453,0.7000,#FFDD88,24.465888800848912,49.4122372245061
6226,0.2854,Low Risk,2,7.74,0.2023,Minepits/Industry,Peri-Urban / Sparse,0.3541,0.0176,0.2425,0.9000,#FFDD88,23.381445001213457,49.14024248826264
6227,0.2792,Low Risk,2,10.84,0.2094,Minepits/Industry,Low Density Urban,0.3541,0.0247,0.2007,0.9000,#FFDD88,23.529431023095604,49.05065451156693
6228,0.2783,Low Risk,2,7.17,0.1395,Natural Vegetation,Peri-Urban / Sparse,0.3541,0.0163,0.6086,0.1000,#FFDD88,23.235937834148256,49.135732448387486
6229,0.2773,Low Risk,2,7.75,0.2092,Minepits/Industry,Peri-Urban / Sparse,0.3541,0.0177,0.2020,0.9000,#FFDD88,23.456671073139727,49.048428061072215
6230,0.2733,Low Risk,2,10.89,0.1458,Natural Vegetation,Low Density Urban,0.3541,0.0248,0.5713,0.1000,#FFDD88,23.459088381396214,48.954332221876285
6231,0.2674,Low Risk,2,15.80,0.2225,Minepits/Industry,Low Density Urban,0.3541,0.0360,0.1247,0.9000,#FFDD88,23.53065095721519,49.00358246004658
6232,0.2661,Low Risk,2,7.15,0.2185,Minepits/Industry,Peri-Urban / Sparse,0.3541,0.0163,0.1479,0.9000,#FFDD88,23.454197260592007,49.14251117932442
6233,0.2585,Low Risk,2,8.38,0.2257,Minepits/Industry,Peri-Urban / Sparse,0.3541,0.0191,0.1058,0.9000,#FFDD88,23.383910246102882,49.046210548459506
6234,0.2554,Low Risk,2,6.87,0.1589,Natural Vegetation,Peri-Urban / Sparse,0.3541,0.0157,0.4952,0.1000,#FFDD88,23.30992721365057,49.09099403599852
6235,0.2543,Low Risk,2,3.88,,Natural Vegetation,Peri-Urban / Sparse,0.3541,0.0088,0.5000,0.1000,#FFDD88,26.235199065443783,48.610265481826396
6236,0.2537,Low Risk,2,23.47,0.2216,Bare Land,Low Density Urban,0.3541,0.0535,0.1300,0.7000,#FFDD88,24.393171793250648,49.40970334347561
6237,0.2536,Low Risk,2,2.90,,Natural Vegetation,Peri-Urban / Sparse,0.3541,0.0066,0.5000,0.1000,#FFDD88,26.309175972978284,48.56435678661434
6238,0.2510,Low Risk,2,9.44,0.2157,Bare Land,Peri-Urban / Sparse,0.3541,0.0215,0.1643,0.7000,#FFDD88,24.10229434644698,49.399667294097384
6239,0.2398,Low Risk,2,14.01,0.1765,Natural Vegetation,Low Density Urban,0.3541,0.0319,0.3927,0.1000,#FFDD88,23.531856712502133,48.956507257244816
6240,0.2392,Low Risk,2,4.72,0.1715,Natural Vegetation,Peri-Urban / Sparse,0.3541,0.0108,0.4218,0.1000,#FFDD88,23.46144915486975,48.860223954723295
6241,0.2365,Low Risk,2,7.06,0.2438,Minepits/Industry,Peri-Urban / Sparse,0.3541,0.0161,0.0000,0.9000,#FFDD88,23.528196913992783,49.097723375101516
